video_id,label,split
St8vFW9Kg-c,1,test
aVHDjmvrXfc,1,train
-XjXTVJhFLM,0,train
JI1kq6CA_38,0,test
7s5DoGy1Bfo,1,train
E2kUsRIj4tM,0,train
Bi6pcwUbTB4,1,train
W1_mXRfrNbQ,1,train
dsyyq62uJ60,1,train
yDtSgSZVxLs,1,test
BIAyb-1uwTg,0,train
-_wfFCLaFWk,0,test
3sXczWhu6wg,1,test
qMPTitxLhKo,1,train
sZG20Mq3Mew,1,train
Z5CigvO3MOw,1,train
OdJnRxYjOmI,1,train
iyQxa9MHJdA,1,train
uI8hzNEHku8,0,train
HlKFVcuIHg8,0,train
hAeTOUCmK_8,1,train
C9u2rNVnZWQ,1,train
T1zzyGhA4-g,0,train
tnazs2t5Brg,0,train
MSx_rMsPy08,1,train
JkDS7bRO7TQ,1,train
n1NvtUwfRJc,0,train
tft1sD5NX_k,1,train
OttRV5ykP7A,0,train
spkfIpPmPgs,0,test
Sl7mO6Z5vWg,1,test
WRmhToZfoHs,0,train
VxhPCJZXhfk,1,train
WlWEpRdcVCY,1,train
YgVBG8uuxx0,1,test
VSrEEDQgFc8,0,train
YVp6q68lvYI,1,train
JzR0MiObqzw,1,train
1RWOpQXTltA,0,train
S9d2QkCncuE,1,train
tg803wPzFEE,1,train
iDJjq0Pd0RM,0,train
s3jjdHuOUFI,1,train
WdT4DPFXIkM,0,test
iCRyq-UAOBY,1,train
SDaWVYXBxZg,1,train
ShjRCYXU-xM,1,train
3ib6ST5S_Ok,0,train
qTQaIbIu8q8,0,train
JRrl7SjUjD8,0,test
C6X3qkWoXv8,0,train
N24EfTHdJX8,1,train
qNUmCtCV_so,1,train
vgA2gxUwEfg,1,train
kR-BPVSqZqk,0,test
XdXWpEFGEUE,1,train
omcQ4Cb0Hx8,1,train
i5temwLLRy8,1,train
a7efEqgpIrE,1,train
sD3FOFZKKiY,0,train
wLHd91tAI5s,1,train
0RDtwoAt1do,1,train
Tck3jgaZlhE,0,train
rT1nGjGM2p8,0,train
WS9MgI6Jv9Q,1,test
48--pjS2sLU,1,test
0dC_4IqXgTs,1,train
6KSjznyrAo8,1,train
H-EtOKn6qXs,1,train
oqU_pqD6OCA,1,train
apmDI1iZUm4,0,train
H6i9PiKyuas,1,train
Fq6bluwMCLs,1,train
9nuT_ZxWwb0,1,train
jGISQHZWvlI,0,train
fjIbLTaLaoA,1,test
1kly25zVbco,0,train
oA53ZanVNgc,0,train
eQvdOLxkGc0,0,train
doUdRCrK80E,0,train
m7mP1qyBQiw,0,train
SJLENbI12-A,1,train
tT3cPwV4uTk,0,train
Vg7dWjieF2Y,0,train
-RNI9o06vqo,0,test
qk7ChII_Up0,0,test
kArC6ZlwetQ,1,train
SNYpl1hCu3w,0,test
HVyUkKthTuA,1,train
_cVlSAD2mRU,0,train
EwzD8U4u76k,0,test
hI46Wvjgo_0,0,train
5P2jzgIDrPo,1,train
heWJYtdZcPY,0,train
N7hlIbJkvUQ,0,train
KDHuWxy53uM,0,train
Nm7U_ZZaOAc,0,train
BFGEGksIm28,0,train
JdKV1L1DJHc,0,train
SJMlzIwzyQE,1,train
PBwS7svfqkI,1,train
yJ6qaml8U9w,1,train
YzA-HMq0rUA,1,train
PU06GuQ7svA,1,train
GsUSEwafFIE,0,test
OAaLyhs9kQw,1,test
N5gG8eUm3gQ,1,train
cgTE_09hEDU,1,train
URqSPBaxV7Y,1,train
-JuqoWtI2Wg,1,train
NTuu2Gx_4H4,1,train
0mccdi3V5HE,1,train
xIbyQ92vijE,0,train
pz6WcZlwX_o,1,train
EgZI5ZY3dmU,0,train
N05FSw-va0M,1,train
6XZeIovgjIQ,1,test
QDkLaDDJhG8,0,train
rxICmJthL4Y,1,train
flY7yG9me0w,0,test
8nz2dtv--ok,0,train
9ezzpuOqkX4,0,train
vp12ENCwrbQ,0,train
hoKc0z_YkiI,0,train
axI5Luw0Eos,0,train
yAXeLLddRkc,0,train
POEjtktj-1k,1,train
jE2HOuhEwIg,1,train
GlBYewv-VIo,1,train
BmFEoCFDi-w,0,train
NaILbbTdilk,0,train
MzaBSb7DBD0,1,train
HjlmIREzkm0,0,train
Y_TF9N2XlAs,1,train
LBINn20LUes,1,train
ey6H4fRjAKg,0,train
YdVamEfoHkU,1,train
Usgp1mgwOio,1,test
Y2OLRrocn3s,0,train
1TxzkOEaSA8,1,train
3Ka7B3hCg08,1,train
QUMmXFB-QOk,1,train
M2Jxs7lR8ZI,0,train
8XJHEe1hhPY,1,train
mOcVhNaPQTA,0,train
JvHU-UOPrGs,1,test
LMyyu1bydFI,0,test
acNfwJE0bU8,1,test
gLv6tsTdpgM,1,train
iHi2OermTEc,1,train
JWECaawgzi0,1,train
eGoT_VqIVKY,1,train
ssTdkqVW8xQ,1,train
cNI-LIVs-to,0,train
edamnPJRCpA,0,train
gOngJUc5ZtE,1,train
cpk_c7WsyPg,0,train
_K0Ka7Mkqus,1,train
ySwgm9MMJco,1,train
Rh1pXkFczSg,1,train
YzyeAh8Y7Xc,1,train
cVKoHSdhA1o,1,train
Ot75SS-c4Ic,0,train
7HfD4cvY3ww,1,train
vQJ8_ftaHi0,0,train
4CyLWOWz5uc,0,train
e01GIoFak2s,1,train
UPku0k7w6rQ,1,train
A0YSmiV_KCs,1,train
h62tcdxa4Ag,1,train
e2cMS2SuWm0,1,train
T5c6O3efej0,0,train
cIgVjbcKRM0,1,train
JIYuOQscL6A,1,train
wmv0UwkbsZY,1,train
ACplPj5CC-k,0,train
szsITKAs5B0,1,train
fRaX2jbxUjw,1,test
Q1yRQ2A078g,1,train
BN2II_ZH--c,1,train
TXvBkHlwDgA,0,train
yLpAZJXFrEo,0,train
00mdcc9o28A,0,test
tugFFhML7VY,0,train
-y44hPaZqUM,0,train
UYMIgnw2FPU,0,train
mww5BL096CQ,1,train
ST0c3xuWx0Q,1,train
-7WGI3JoxAg,1,train
yeuBPPhx4K0,0,train
-CAmTENXSok,0,train
lhTQgIwKhoo,1,train
RnsEf5URYf0,0,train
wDOvjrlym3E,1,train
Hn44wy93smw,1,train
Xz6yBbBRr8Y,1,train
-xe5zuhc7a4,0,train
YkiR1KjIw7k,0,train
orr8JffO7a0,0,train
DtJ28qOEG1g,0,train
IGyx5UEwgtA,0,train
JGEShR6-Uao,1,train
m72SF3G4RA4,1,test
zAuWt3DFbv0,1,train
3AVmLf3jSsQ,1,train
-fjXflOeRP8,1,train
TUmyygCMMGA,0,train
SKV6h_5XFbk,0,train
OgMj7upTTMg,0,test
xlnud-AsrnE,1,train
NKmGVE85GUU,0,test
rGlsxVfCSyQ,0,train
kWplTlAWdU0,1,train
xs3_hNYAVRw,0,train
EpUab4NG7rc,1,train
vqwKWN_CdcY,0,train
tQzti9knx_Y,0,train
Saip_BCBW3o,1,train
cw7W4f2dIw0,1,test
7E5cQwhCuWM,0,test
CRioIAZ6TmI,0,train
6rjYXEYpuDo,0,train
0t2VPBF6Kp4,0,test
oKc1n8viMD4,0,train
DYetyYSJ05k,1,train
ixZY53z4i1Y,0,train
IRlf3OGCJXU,1,test
Fx-KrvuiafE,0,train
CTuts6Ns_SU,0,train
2FM_8Q7EIiI,1,train
Gg60lml6o7k,1,train
HGEMscZE5dY,0,test
cgg9byUy-V4,0,train
TImO_RquoW8,0,train
sgIbXwoSv-s,1,train
WolVEMFbUcs,0,train
VFOIVrL66UY,0,train
l7A9q0gKElQ,0,train
fgzPeVe5P0Q,0,train
Wd7NJWlKii4,1,train
NwXVKKCGnlw,0,train
EWe6ER1_UEk,1,train
mt2z3fvyIGU,0,train
2HjOAuDDvlc,1,test
nGXP4ot1OdE,1,train
q_7KUC6CY6Q,1,train
MO5Fd54Ap_k,0,train
80T1gkb_iaE,0,train
cOTK8-s30No,0,test
dgC1wMSAQ9Q,1,train
0YQJftzuCaw,1,train
XIz26m-5N3s,1,train
gqskRfwr95g,0,train
N2z5dSRkv_I,1,train
APi-5QcLQHU,1,test
9iOXBfcDYv4,1,train
3bi0qfFwKRQ,0,test
Wcp5-6vWpAU,0,train
0hHFLBKR3y4,1,train
TYTirwx3FkU,0,train
LT6xUAmG5z8,1,test
E7HwKKyUecs,0,test
E6_KUdKj4WQ,1,train
aQaCY7wlQEc,0,train
R5P6O0pDyMU,0,train
cfZ5lExKMQs,1,train
RWQ-PuHbM3w,0,test
pP-C_B8nSmw,0,train
-_7Dqs5unqs,1,train
A60kWg9IRSA,1,train
VYuwhwdzM3A,1,train
u9C8Pp1sS9E,1,train
hz-iqA2wKgI,1,train
hzAWq6btY2w,1,train
nb0YoRMXIY0,0,train
uRVhYrl-iYA,0,train
DXt2RmwW9sI,0,train
ANbgKuGrgGo,1,train
SIzEJfDcZpQ,1,train
wIt7JYJgt4c,0,test
rjfST1fGMOs,0,train
ZNyiEnKBocs,0,train
cBQiLh9N6kg,0,test
Mvuj5fCmLVU,1,train
leQaHImtVrA,0,train
0_aIJRnX_9c,0,train
ZcDneXm1ZMM,0,test
U5SxvTFZ6lY,0,train
M5pfng5S8tQ,0,train
g7Xn2JqH5ng,0,train
aXj-ZjxUIDw,1,test
mjpaPLnpzlo,1,train
EeWjx98A0Yg,0,train
Kd1CGQ36tTU,0,train
-t0jPT9c-qI,1,test
vKCXetiCYn0,0,train
QrbE-2M-aNE,0,train
w5LICH9PiIU,1,train
WUnDsNL_5nk,0,train
GCUrSA-KTas,0,train
z4VT4gik54w,0,test
1wkPMUZ9vX4,0,train
_8Nb_zgWZZ4,0,train
RyCqbivfz08,1,train
Lk1uBMZOaXc,0,test
LD0x7ho_IYc,0,train
z_qQaMc4HTI,1,train
n5XDBHDK9bU,1,train
Li4LAxoHVoM,1,train
qI7MsmJlinY,1,train
JR9QBiyRRgA,1,test
LpcDFmfmRkU,0,train
Ko-27mN7Z2Y,0,train
khVJLkvx60k,1,train
DdFKKZe73Pk,0,train
QiwtLBQrjG0,1,test
jLw4Eq90wNk,1,train
EgQ7uLt-DwI,0,train
Mx7KM-k2MMo,0,train
k3ofpyDTVzY,1,train
ZGCcs_5vdbM,0,test
wP0G3Vwe1bw,0,test
WdC1sq8h4Cg,1,train
gHJ6gZ7Q554,1,train
lwZzRtxFdvY,0,train
GA5cmKI6_A4,0,train
xwi_uXHZkEw,0,train
7NnvE0n0NSc,1,train
roRGPI1PwNQ,0,train
cMiXSBkDZ7k,1,train
2cLMgClppLM,1,train
iUNi6NQPi3Y,0,train
c8erpQwQLpI,1,train
nkmx_k9wVs0,0,test
4BMd8XVqusY,1,test
BN_Uwo4qQTM,0,test
nATapY005XY,0,train
nJMHHKrAAtM,1,train
98I3cGOwkwE,1,train
nt6ab7BTlgE,0,train
r7j9cBnpfx8,1,train
p3xmqbNsRSk,0,train
vI15rtezCB4,0,train
A5BnuuqptOk,1,train
3x1zcnKtDHg,0,train
LomxrQz-E3M,1,test
CVXyS5sx_SI,1,train
BBdUlJkqILQ,1,train
VfsFV7VGBzI,0,train
Rz6jHTpi6zw,0,train
eDDMSULnTdE,1,train
6DogXzVzcQA,1,test
vJazpys1z6E,0,train
V7bkSjaaX00,0,train
kI9EtkHy4d8,0,train
7p_nPxfqNFo,1,train
qnxcKRJJwcA,0,test
efiW2K8gASM,0,train
jZBAPmDkqd0,1,train
QsQV4nDG7u8,1,train
iI4e_F7Yy1g,1,train
vsEPE3Jh_y0,1,train
dtn579DvHa8,1,train
0qmYtrqSg-Y,0,train
m8HVoN1uTtM,0,train
ZnX1IbIFUaI,1,test
c-TLJS8cdTU,1,train
j6WX5SR7zxA,0,train
ZX6kfY4428w,1,train
ch-la5pHwdU,0,train
xaz5ftvZCyI,0,train
oBSlllgy7-s,1,train
tE9aSULUqVY,0,train
9sn5iYFKySQ,1,test
ZJu8Kh2fzu0,1,train
5wosC9QLQTM,1,train
UbuvFMvytu4,0,test
NWiv_JdjvyY,1,train
lDVUBG3PI0w,1,train
CUdnMkFXI2I,1,train
b37iKMzC1C8,1,train
6mNcHDrIMQc,0,train
vG-QZOTc5_Q,0,train
yiC4w7Erz8I,0,train
K45mFsyZxtU,0,train
zjzsdvG6Fm0,1,train
Hxo4Zo4awmY,0,train
4oPPkKsskbQ,0,test
xtXbnLe64jw,0,train
9D0XuUC5bMs,0,train
I_7zAlNreH4,0,test
Dm09LvHlAmA,1,test
sNhhvQGsMEc,0,test
Yy60Ttd6ujQ,0,train
0eKdNcP4xrM,0,train
SRMw1AQRLQc,1,train
QtMmgzGYih0,1,train
1HWVFfLdTT8,1,train
XQLS0UiLOgA,0,train
ziq-2JifkjI,1,train
pIs_PniE4lQ,0,train
Bs8zdytkhZ0,0,train
dCFu4H_RD9E,1,train
WCiTX32O-Bg,1,train
oXCAdGdvh7E,1,train
CdzB3dWSv9c,0,train
ZJqZ6RUZkpw,0,test
sN_b1IEokkI,1,test
s9ixts1s6LE,1,train
8CZWfo4MGTA,1,train
QbpEz3AxnVY,1,train
eXTiiz99p9o,0,train
W-m4gfVRc9Q,0,train
XrJr1HToN2k,1,train
MHsxq45a84c,0,test
7lukoNrS1ZQ,0,test
vbBzXPQ4CFk,0,test
8AlvNCEd9wA,0,train
y3TAfaKxexY,1,train
hTONQA3MePg,1,train
U95NoBQ18Qw,0,train
V5PzDHbAtO4,0,train
-G16EX6b8Xg,1,train
Oa1rMuhv2jU,0,test
P1m-MThFJ0I,1,train
KVtaUf05sn4,1,train
iHSKFgPYySM,1,train
Hvcps5dFzfc,0,train
hkxlU-Kbt0A,0,train
x2ZkVPkpjJA,1,train
JC82Il2cjqA,0,train
wtAN1JH7sos,0,train
Yi6yqintlH8,1,train
4jXHbh0BKV4,1,test
dSeB32NBVUU,1,train
TL2p9E1yd4o,1,train
yYPuBDP1xdc,1,train
xn_aBXN1Jlc,1,test
mHC15HYwJ5Q,0,train
3PkP5U6giiE,0,train
nKdXSRnyTiQ,0,train
D342wdr9GQs,1,train
dfOVNptkgPA,0,train
TCCYCSACA2Y,0,train
NdHRAI9VdXI,1,train
nR5AIdM23h4,1,train
Q1bHT2k0XEw,1,train
1w8Z0UOXVaY,0,test
pJBRQQkT85s,1,train
XEdkXabqLM0,0,train
xGzVjJrcM20,0,train
b102UGOUmeg,0,train
NtIhhuPOVDY,0,train
vTl6UNMKjLc,0,train
6brM44delco,0,train
c0UdIUC-Gfg,1,train
0w8Va2joeFc,0,train
wGWFkvMyWF4,1,train
4HQgulh7-T8,0,train
9NgfAsg0CsM,1,train
hXP1Gv9IMBo,0,test
1Se35LYYDJQ,0,train
fzxYR8sdAUg,1,train
ako96rxKFp0,1,train
qRMSvFO7org,0,train
Uv6lPaGp7vE,1,train
WVB2GSlyrSk,1,train
ZnhnmSlFJeI,1,train
nUTtPoNUfYg,1,train
Vt9ROJ4H82g,0,train
v66I6Et38yE,0,train
KIDz7Oc1nnw,1,train
vJvAW-KDV9w,0,train
mHBXRHupdr4,1,train
LZvGRxHGhaU,1,train
qT22LiVF3CU,1,test
eDijKSMoVwg,0,train
jsUuHKnOPTI,1,train
Insk0blNs3Y,1,test
DkZ7BJQupVA,0,train
KiW7zE77dz0,0,train
8jKB0dRWkQM,1,train
5hqaqQ4Mb38,1,train
FezkyApo8Ro,1,train
g18pXHwRWCQ,1,train
wblW_M_HVQ8,0,test
SSOnqgsfAlo,1,train
l_PTOY_SA-U,1,train
oney3Y3RUFs,1,train
Z8SQeprQe6M,1,train
QXT4OVM4vXI,0,train
irqb1Sk7uKU,0,train
MmxbY3HVaW4,0,train
L0TabnDseT4,1,train
ePTTUtuD_d4,0,train
2Vv2K4bFOqo,0,train
COJr7OB23Hw,0,train
jM2CD9x9jOM,1,train
Z-qDr_IXO38,0,test
G7kiczPFf2w,1,train
aCW3Yz_xM3Y,1,test
yxdRTaAp5Fw,1,train
VdHGqX0nuPQ,1,train
DUXvnuR8qAg,1,test
RzeESd91lfs,1,train
Bk-36FZEtH8,1,train
o_W280R_Jt8,0,train
j-N7tm8mvZ8,0,train
aknKsPD9MKc,1,test
wuLzlIjmuEQ,1,train
XpXSsJ5oDco,1,test
C6gkAQ-CWDg,0,train
hVcz93FLVt0,0,test
XUrL785fX2U,1,test
LWxqsbr3sc4,1,test
Rmg5fLRBkZo,0,train
55cJ9F9rf08,0,train
PCKu-sY5y3U,1,test
jT8eRkC6FSY,1,train
L3kE4199ViY,1,train
nDh7xG2_Eio,1,train
p0RgVLQYZSQ,0,train
ZKAQvRPME0Y,1,train
M3OeVz7Imm0,1,train
i57sjfsdfBo,0,train
MRXxYL2MNQU,1,train
ym9E1YG3_QQ,0,train
xpc62ygz3HU,1,test
UgolB_YLQGs,0,train
vvBl3YUBUyY,0,train
qK8vKyYy8kc,1,train
yBgYPkfpsFY,1,train
4JbIMf7Y7tY,1,train
jDqFzw4AQa4,1,test
O5sBXKS8i2A,1,train
aUqLjGB_kyI,1,test
S0GQaeMSOeY,1,train
nxXRObxAiOg,1,train
Sf872ObD7Tg,0,test
UnHohdIkEQs,1,test
4p22E_TBm50,0,train
Phbe8mEDMe4,0,train
1m9p9iubMLU,0,train
EVbdbVhzcM4,0,train
ppILwXwsMng,0,train
Mr5Pl93L4yY,1,train
vX-OOfbnD9w,1,train
UtsfUAHkyWQ,0,train
JPXyHVukMWE,1,test
AC48ZVFakWE,0,train
fXNV3Ad0qQ0,0,train
V1neQzgKL38,1,train
TlvNMlIMWhw,0,test
VKkbjXYzxXA,0,train
yGNlGh-bxKY,1,train
sovMpY2QH-I,0,test
tEbF9Jpp7E0,1,train
COrifv5ENLY,1,train
8Su0t-0KCw4,1,train
N8JD_P2J24g,0,train
eJJPC323_f4,1,train
JBPD7Xwnbuk,1,train
Oqq5tgday_w,1,train
-dCh9ynZ6Qc,1,train
1nSvuSQH9h4,0,train
Ssphf4UcQdo,0,train
JKXlkPyQ2HM,0,test
R6gsrO8QWnQ,1,train
oGh1Yibm0uI,1,test
8ri4f41VB28,0,train
4LJzbmtTtes,1,train
QMJY29QMewQ,0,train
qGJKjFHzuqo,1,train
uxEZiXrTnnQ,0,train
BicD0RF_H4g,1,train
FNLqPQ3vCt0,1,train
ll7nM_e74lU,1,train
WnlYITW8Ohw,1,train
RVKZ-YW3aLU,0,train
w3BhzYI6zXU,0,train
WiX_O7hBTGw,1,test
oN2mXJlgDQI,1,train
lX_m_t3cAR0,1,train
c8wM6fjPj-0,0,train
-FtlH4svqx4,0,train
sohXPx_XZ6Y,0,train
ktddFSm3nTg,1,train
ioGb9wUY1y4,0,train
v7TdTk-7KoU,0,train
qeZl_b1SDfo,0,train
nFpk8jvG9Ww,0,train
S4Rgu7WYH0g,1,train
ULcqFUa2qGc,1,train
FXwix8yKyh8,1,train
QsBT5EQt348,0,train
c3SXahnwMVk,1,train
9zJlI5VzAvQ,1,train
gE6MDvvUERA,1,train
tECHHXEnC0I,1,train
wxRPNLUaK8w,0,train
u42COg-qCMI,1,test
dmX1W5umC1c,0,train
ydnxRLaYphk,0,test
jnDyj7Gb8cw,1,train
xxv42CCHrhY,1,train
P4tNeWmSESA,1,train
5ueSUnUL3ek,1,train
SD2LTwgBd2Y,0,train
E3a88_SjJR0,0,train
jNN6FI1Gcr8,0,train
Hxsbi2IWlRo,1,train
YN1bUAFc7bs,1,train
lP2Sm2nOmyM,1,train
Dg_h91bC8pY,1,train
-KtqpIMGhyc,1,train
BWo_tYF0nAc,1,train
QK1jlPgn9Ck,1,train
oufGY-I7j0k,0,train
hnKiPEy4tW0,1,train
Twvt-Vhli9Y,0,train
rufj8ldbQLg,1,train
f-gX0spJpa0,0,train
ZO1xRXSTF1A,1,test
j71ggLVEsU8,0,train
uGqpKSbbMmM,1,train
-iS_Hg8ygBE,1,train
DkzQxw16G9w,0,train
__PJO9Xid50,1,train
5SVTOBWEqOA,1,train
DvCP3Gmxd8Y,1,train
bSaFSIh65dI,0,test
esgs5XqLW2Q,1,test
2Wcwc2h-eKI,0,train
wOQe1hWvX_c,0,train
umfgvffJ6M0,0,train
N2XVVt4ryWY,0,train
TbG_SMvslYk,0,train
zE0qp3Yje6Q,0,train
ZuaseSovWDY,0,train
MglmeOowhYo,1,train
nCmXFmRkB28,1,train
md8PRvrbt6g,0,test
RcqEiI9bpCg,1,test
UqvXc4q0NyM,0,train
vJiUQ80ro5c,1,train
a4d5CbK0b3A,0,train
SPSz7T1c80I,1,test
uE6morUlDHo,1,train
-YbxjN53TDM,1,train
U-16eckVOZk,0,train
vMr1p7w5F9I,0,train
vYkwNZJJc4s,0,train
MxCRgtdAuBo,0,train
hzffWi3Faao,1,train
4WcdkItFjbY,1,train
feJ7Wj0yYVw,1,train
C-7fzHy3aG0,0,train
EiUeQOTQSnM,0,train
p6TFYR60fqA,0,train
D6wmz6HQBWc,1,train
ItznKylqptQ,1,train
711kXYm5L10,1,train
qkc8oAr7pIE,1,train
8TDnEs3dqP0,0,train
6Nr_xHolP1Q,0,train
wDJp6ho7fDY,1,train
q_aM4KXTYPk,1,train
tEq45ul1aEw,0,train
myba3XPYlpQ,1,train
SDUWutN67f8,1,train
BMqzm7m4uOk,1,train
LsoYmWsAsbI,1,train
HDv5bUR_Plo,0,train
ABtt5y-maO4,0,train
6UCjUdTyr1w,1,test
dHfQYGGUS4U,0,train
wplX6t4S7p4,0,test
yuWtVYxZIzY,1,test
NN1d6_h9skc,0,train
ydCgf5FILUY,1,train
ibVKeM7BbVk,0,train
qZxU_sJZqO0,1,test
Paf-iSf2Mr4,1,test
KnIN5I2tfGI,1,train
W0uT01T1hRI,1,test
JNnRbYj6Rnc,0,train
_o1Gz9pNHc0,1,train
xD3x_7yNGLM,0,train
HLVCubFinpc,1,train
fmDz9mF109Y,0,train
afzHsxXOJGM,1,train
X1PsuaqmJjA,1,train
Osd16ILchHs,0,train
EaBOPZBSNCc,1,train
Je9fziS354Q,1,train
KjAx5VAPOUM,1,train
s7gDXtRS0jo,0,train
2PD55fyRBxI,1,train
qVQQKbbO1EE,0,train
0f_xpcMhCNA,1,train
09nKFCUpHFs,0,train
U6_cSjQo8gE,0,train
V_mXR_Kol4Q,0,train
sEjf0d38JK4,0,train
twyoQ8LWatU,0,test
x3gq1p_CwCE,1,test
7lylpi32ibE,1,train
MRFCVG85X_s,0,train
BwPj6O-afX0,1,train
54acHHUqObM,0,train
9ry8hyOfEGY,1,train
zpnMb5wziVs,0,train
c2gKsnRzSHw,1,train
bPFnQ_PVKNY,1,train
Bg_tJvCA8zw,0,train
ZN41d7Txcq0,0,test
ZvXgHiS9-zQ,1,train
-WOFikAp_Mo,1,train
yarsCzySIC4,1,test
XMIc4uTAMh0,0,train
C7oSFNKIlaM,0,test
rbK8z3BhX30,1,train
E3f9qWTkrRU,0,train
x2l75JEuxcA,1,train
dKJlUiGkYtY,1,train
xe6fqasFBUY,0,train
KRv0gqlXNd8,1,test
KBpGxb_unmc,1,train
KBgB0VMcRYQ,1,train
oUhWx-Pz70s,0,train
h5_s6BS2_YY,0,train
fnC5VkfBLN8,0,train
R4wKm8OiEWw,0,train
bEV0MCO18B8,1,train
LzefVqRNiqA,1,train
wUNLGdqm_-0,1,train
tEG1Eo7OexY,0,train
5S4dDGr1VYU,1,test
L6lq_gm7Zmg,0,train
gfME4arLPpk,1,train
A3Yj3q0QRLM,0,train
hmMlspNoZMs,0,train
F815eqx6BMI,1,train
kWE2_-jiDS8,1,train
lfJvhI9j1tI,0,train
bYXAnHUm8TY,1,test
yxXjPy9m20Q,1,test
HaKX_pz3C-w,0,train
r61vQDbCBLM,1,test
lVU8Hd2P8Ao,1,train
x01l_jMhjVM,0,train
iK0-76FChfk,0,train
l6iX_nozv2M,0,train
Xo8KqrV8v6U,0,train
Q-jDzZYMn6w,1,train
PXTAhwqqAmY,1,train
48WdyjnaSp8,0,train
TymTs09IvB0,1,train
-93Ij5WIcok,0,train
nM9Uy4j4ePk,1,test
fRfPupikHT4,0,test
zN007md9h8Q,1,train
N4vf8N6GpdM,0,train
BRUvbiWLwFI,0,train
_QKdnGgnerg,1,test
L161lrzksHA,1,train
spPMvChCFWQ,0,train
uMN0cGnzgNk,1,train
yy0XNyOsikE,1,train
DolduIxtx5U,1,train
eXJFbsQBvLw,0,train
ggR_SPwP6cw,0,train
JYnaNvXZhoY,1,train
rAhtREmnjzI,1,train
5-idSP5Ztaw,0,train
WgKC4NozEpk,1,train
0azEQxM1chg,1,train
s8qnYmUarNE,1,train
eCQLWGs0qQA,1,train
bvYUq6Ox0Hc,0,train
IUKEzK64kug,1,train
A5DcOEzW1wA,0,train
K25fl-kvr1A,1,train
JmST4vGXPX0,0,train
Kk3w7dr8KCg,0,train
hx5RM9LUD6A,1,train
riJ7Ry9ikdo,1,test
gm091w0sSKk,1,train
0YwlBl8WLb0,1,train
VZ3NPWUB_5A,1,train
fjFjv8iXio8,1,test
YN10zSFennw,1,train
9jBXGmWIj34,1,train
L3GJiAprbRQ,1,train
Pmw9f9eY6LI,1,train
ekqp90s2F7Y,1,train
LxNlxrQXoQw,1,train
yZb3qsnr1Bw,1,train
vKCFkFaIwU0,0,train
kmvAdRntWH8,0,train
JeiFgGZL4rY,1,train
OWVTtuxW6Fg,0,test
BjObSaEAg-8,0,train
b_yyRHdbIJ4,1,train
voNsus-FOSg,1,train
xqpNZQTi0Ls,1,train
JGXi_9A__Vc,0,train
-mqMDOJGnnM,1,train
-dAtfh79ZkQ,1,train
VtF6Lis1ML4,1,train
IBbQByoFa2M,1,train
h8xuGS-vPA8,1,train
u1bpI-49BzY,1,test
-SWZjpAgfJg,0,train
YzmNsWHvV2c,0,train
Hh0wW41a4WE,1,test
e2E_N8uBlyE,1,test
uVxSZnJv2gs,1,train
NcUchJEPd6k,1,train
6x9g4JzrRpo,1,train
7rhDHSoxV_4,1,test
6muw6pqzk_c,0,train
EFQZxxAql64,0,train
63hcuBJU924,1,train
e1ksqQQ51h0,0,train
dmYEOZq8aZc,1,train
BlLFR5LlfnQ,0,train
rbeoFRnYQzI,1,train
3zVBoaHOeXo,0,test
WfLHhO-bCFE,0,test
HOwuFJ_09vA,0,train
iC_Pjvu0auU,1,train
zZetA8aEigo,0,train
aGJLOXqZEmI,1,train
VvqbjUtt3mM,0,train
znkVb9ch_MA,0,train
dQ591CfNbgI,1,train
AmznnltVlmI,0,train
0btbPc21N7g,0,train
sPp6gafspTM,1,train
Qm2r49yIr3s,0,train
XGTDx8aZ8jc,1,train
w7yp8sQekrU,0,train
9tXEr1cps4Y,1,test
prWMXGN1E3E,1,train
etifRufySPE,1,train
HSQFyNGAA0s,1,train
Q8-NgZsUp4Q,1,test
joHP5kYVR24,1,train
a7nMhCOEptg,1,train
Fxeb3Pc4PA4,0,train
t-O-Qdh7VvQ,0,train
pSg_Sd94Y8k,0,train
Fiy8c7PWGm8,1,train
3kDcjx7J0kI,1,train
t3i-CTKQyIo,0,test
KV8z3vE59O8,1,train
fdbNq-4c6Uk,0,test
vobbh2Ah7Es,1,train
g1QONg2b2JQ,0,train
crytzKqIXOQ,0,train
y6Rmpw87QwI,1,train
wcDHKnnfZM4,1,test
GQNmX0K48i0,0,test
qTENT9gQxCE,0,test
oQdNqqbmaIk,1,train
1t24XAntNCY,0,test
kr5PoOpsnjg,0,train
33JzTRfdguk,1,train
2tmpOjLDcvg,0,test
T8fbNsj2dyo,1,train
Gz5_9MB0e-0,1,train
e3oMDGE8PrU,0,test
FgBixSFoi8Y,1,train
j6dWirO1WQg,1,train
c_efBMq-LqQ,1,train
Ogw1EgEdV9g,0,train
T2BlqlR4a7A,0,train
9CZfG3r5JBE,0,test
taNCapxvdbc,1,test
-0n2kxkdJgM,0,train
EEBt1UQxNyM,1,train
tmM9a6vNDYo,0,train
mjQwedC1WzI,0,train
gUajFAl9vDY,0,train
qCnwXYuzoco,1,train
7Qpwe2cIWFA,0,train
y-dqb45bzXA,0,train
i9rnOr628qM,1,train
QB8OXhvtOMY,1,train
2bNEjWsL7Mw,0,train
IvdohUPWg-0,1,train
kG5I3N99BmM,0,train
gasI6cyjkvM,0,test
hD_4AYx74L4,1,test
-HWUNjO-Lvo,1,test
oNH3akWXaV8,0,train
VHvBYG5-DDE,0,train
UaXjcIl-6q8,0,train
cyOrx2o8IC0,0,train
rKXhSZjMYIk,0,test
XrV5oR-5iLY,0,test
gSSffWM2zdc,0,train
d4yjrDSvze0,0,train
WaUzu-iksi8,0,train
m1ewbghHOP0,0,train
r9Iwph3aU2U,0,train
RMMd2mrJnVM,1,train
7Vd1dTBVbFg,0,train
UmlJbxeLiK4,0,train
YxEjb5gQGPs,0,train
VTYoxHfXKeE,0,train
REs9lYQlN2g,0,train
8HHGRq518eE,1,test
_q6CPOXJtgU,0,train
pSmFd_I6B94,1,train
FlXY_w4wZ4E,0,train
WZsJ6BtOh60,1,train
TALwNlM6gFI,0,train
0UFav6JzYY8,0,train
0o3ENJLcVh0,1,train
X25OnF3TQys,1,train
I8EQAnKntLs,0,train
TFlVWf8JX4A,0,train
O7wcuzs1A_w,0,train
5QyPYq-LNBk,1,train
CYh_0QYQ-CE,0,train
LX07w8_uNtk,0,train
h1plQgwxf9o,1,train
6o3suuYv0mw,1,train
e7tGkJp2HfU,1,train
hiduiTq1ei8,0,train
hzEhD198T30,1,test
y4x8MRWULt0,1,train
bKpQquYRw5E,0,train
v4rNOLZgKF4,1,train
TtMQVrfGmtk,1,train
EXQbKJFmPXo,1,train
ylWORyToTo4,0,train
9HtJkzCIK2k,0,train
f17lyOPBQ-I,1,train
V4lOjZvtVO8,1,train
x_-x4Dwz-rU,0,train
ZRmrSWb_9rY,1,test
Ul9ysDvkuLA,0,train
DLFWO_Cmrl8,0,train
dfnmioamaX0,0,train
ODLAF85hI5o,1,train
5pIK_oiRVi4,0,train
vSa4x57IV7U,1,train
tEYCjJqr21A,0,train
Rlth9TUWaQg,1,train
qUqSexDQlyk,1,test
w7VgmPr8Iu4,0,train
d5mFe7GIt9k,0,train
xPxkUHdznQM,1,train
qqWWHKjyMu4,1,train
WKt9EqC_jdw,1,train
t5MkOw1gqQ8,1,train
OWWUdxYFu2E,0,train
cdzUh0AypK8,1,train
Ha3JdNofoy8,0,train
GGm0FQ6i74U,0,test
uhTlvBzjQFY,1,train
5UTdqxEktX4,0,train
auJ_yTdfJ1U,1,train
5NRapD1_jus,1,train
xJU3h34DuFg,0,train
s_a7AZbJGNM,0,test
cp3Jr6HtQDE,0,train
NN4PegHL8dc,1,train
lzEvGGINE20,0,train
754gPbt9SDU,1,train
iVbopWyBR5Y,1,train
hgMNgarvg8Q,1,train
5HTzpavCRRY,1,train
RBaVeVBhRhI,1,train
jEmLaGA94fY,0,train
JMrGNOmza64,1,test
Z-AE3guPGBE,1,train
znebYZMlPOw,1,train
omTELPJJ3ms,1,train
JQVmkDUkZT4,0,test
FSu19nz7NlE,1,train
FojpfgBg0WE,1,train
JlsjRLPAdX4,1,train
eoganOAP_rA,0,train
NPupE49Wxdg,1,test
6BacbW7FG4I,0,train
JYy3QSWjOio,0,train
bYLEUfJtf80,1,train
HjQHP95rzrA,1,train
0HDZrYdqaQ0,1,train
IxI97BS_gS8,0,train
FNa1In1D1xQ,0,train
DY4PJ55kZJc,1,train
0rATAh4kIpo,0,train
sn1sJbjZqx8,1,train
uv8mfsCZXRw,0,test
2rAbXozcDk0,0,train
KJVuqYkI2jQ,0,train
EkZv1DmDXVc,1,test
voNBzuI7IJ4,1,train
dK9SSu3uZ2Q,0,test
u9CtzalboVg,1,train
5HOijUtExiM,0,train
E-8e0cqUGTw,0,train
kz-UV6l_lRc,0,train
FSvxuekIVuk,1,train
Z2ttpo7c95s,0,train
cuIsNp6UFFU,1,train
4juWQC8rGUk,1,train
1kgvd7Sz2iw,0,test
cw41l3SyiEE,1,train
Z4M_ARhvODE,1,train
zRxtE6ovkfA,1,train
OEjuZwVVEpk,1,test
2daR-0XU8-o,1,train
MlAlOZIkm2M,0,train
RuPiETBbRoE,1,train
3XxLV2TAXeM,1,train
8fxbUQhx0Hk,0,train
UlgbwGHF8GQ,1,train
sH4bi60alZU,0,train
p8to55HOxas,1,train
JaS7n6qKQe4,0,train
XXhmblzSAeU,0,train
Bc9bhLk_AhI,0,train
WtVQLkkDNio,1,train
dLqOGq9tQKQ,1,train
YUefSKCjP8w,0,train
qwIU2MdXZJM,0,train
5CVryVEBmjU,1,train
qZ2B6P_lEI4,1,test
rpMxOjUjweA,0,train
ktT1mclBPn0,0,train
gLflhddUiu8,1,train
RrSP2KsU7Kc,1,test
s94suB5uLWw,0,train
ullt3Ziqcgc,1,train
916J0I2yrlQ,0,train
6XV71wBqfB0,1,test
tWf0SOPXWIk,0,test
hFMFDCAEM9w,1,train
2jG-sH6p_pQ,0,test
zf8UU9Us5KU,1,test
IxndOd3kmSs,0,train
JL9TOipHrIA,1,test
RRCW1acFsxs,1,test
Pq_lmSRcBSY,0,train
Nfh2870B3Gs,1,train
TTHLdNxbIEE,0,train
RpWyfSNtg5I,0,test
RkwbEYMiMx0,0,train
epAmqhvKQ08,0,train
eQ9eY0_DoEk,0,train
aFlJhW6SmXM,1,train
HlUIS77Q_7A,0,test
zXmdYaxHO78,1,train
bt90VCye6Vk,0,train
wESuMyTv8sQ,1,test
B9FO77vlqto,0,train
26aMc-bAsa4,0,test
vin2CjR7viI,1,train
PZ-q0BIfvbA,1,train
Ytbneh1gPh0,1,train
Es4q6NOtuhc,0,train
E3WSlN6O1KQ,0,train
SToObKgr4cI,0,test
o-e5eWVCzx8,0,train
o63Tz0UPwjQ,0,test
AORABZEP3V0,1,train
XpMNW5aUIbI,1,train
8pK5FuptsSQ,0,train
XQ1_u-z2UWI,1,train
8dLAaZa9JJY,1,train
TdrHYPeWxwc,0,train
5n38XDmdm_A,1,train
26UfiKtOtrE,1,train
wGYf8J3m0dQ,0,train
03Ge6L0Bbis,1,train
poq6AoHn4HM,1,test
pnDZsXK1X9Y,0,train
jlZlewNcWp0,1,test
JrzenOfcmBo,0,train
WLFCYdgtzUU,0,test
JZKyqt_RKOE,1,test
tXdIVk77PL8,0,train
noF0OvsJugg,1,train
iMNOLFPU1L4,0,test
3FYRwfKNHxw,0,train
kvlCFyufaJ8,0,train
-MIW5I7TlPQ,0,test
_TT_q9lW2n8,0,train
XOCgs_nMxDc,0,train
vVQTdoHgsVc,1,train
0feDvVEz3Qc,0,train
gODZzSOelss,0,train
F4gJsKZvqE4,0,train
wZ0Z18M5G50,1,test
i7gHuDT1-xU,0,train
PCxtsYfEtLc,0,train
EUvq3iwJGTM,0,train
fNgHZ7IIGv4,1,train
RlmbBuMl1KU,1,train
M1EGPPhGfZk,0,test
juGNz1DJ4xw,0,train
4vm92JSfkOM,1,test
OUNq6xVBnI4,0,train
Fn2TGi57XNs,1,train
GR-vYp6pXLg,1,test
xWoTAEcQi7k,1,train
qejzWssRjA8,0,train
hdpqABS9_Ko,1,train
rhMfYKzaY4U,0,train
mtfuo7yl3gg,1,train
PimSVfMgplQ,0,train
Ws4Doah0zw8,1,test
r2P_1M8ImGo,0,train
HIPJrrQlxzY,0,train
ds5ddHws3_E,0,train
3upCBO27Wqw,1,train
E0tiP3GcRF0,1,train
G3EeGUn4b7Y,0,train
LgKfXZ2kARM,1,train
TkWmK-cplV4,0,train
FqsIQk0pT0M,0,train
ljiWOrULppk,0,train
neAFEvNsiqw,0,test
HqeRNQo-mh0,0,train
6HEUcCj5cLU,0,train
-FL9kKqOQxI,0,test
-TSX_0rwPNc,0,train
e9L9A1IMTQo,0,train
uayCJxVy7rU,0,train
0JUP9z5qjbg,1,train
5NxwD_NhIZ8,0,train
shCN0y3119k,0,train
h76cs45ZwcU,0,test
wSzxKur2b20,1,train
tclEFBLGgw0,1,test
OuM0XS4Gtes,1,train
6f9cFLYW6ZY,0,train
9bza8Uzoh9Y,1,test
DjUhK8rYJYM,0,train
MsRh-PTeXzw,0,train
X45VihfG-QE,1,train
XUBjho-x2hI,1,train
_pJ3WzHH3Mg,1,train
RBftKSN2ey0,1,train
y0923ck6JcE,1,train
H-qOgfRGQ3k,0,test
JeoBUUgh6BA,0,train
LTk3YkJd_o8,1,test
dY_4ZpDxr0w,1,train
AHFMoe9VXMI,0,train
M27_S6PpzvY,1,test
pvs_QscDsWQ,1,train
VjO55pKuBo4,0,train
Dk43ntUCX-w,1,train
35lhqO_1Alk,1,train
e6XeP9gQPmg,0,train
jy-tpTD5JuY,0,train
eia-k1vxDO8,0,train
3pGo-IKX7_0,0,train
w6aUlX5-ow8,1,train
v0EmmxOLjHo,1,train
YlzFu6Y_h4Y,0,train
JLV9mW1P0m4,1,train
K_XDh-GVoPw,1,train
7tzaWOdvGMw,0,test
a9RZFbn8PXU,1,train
1Ds9fVKCEs0,1,test
ad759EpRjPM,1,train
dxauA6KIYIM,1,train
JPXjycw-A0g,1,train
JWZoNiwGqFg,1,train
ZvpKpUeUk8k,0,train
PGbsmsDQxe4,1,train
b79FTeeEemk,0,train
akGGkTNuZ10,0,test
_riIY-v2Ym8,0,test
2nMDmCRcuEE,0,train
mWENaab1-UI,0,train
2CzHFhZFk3g,0,train
j9ZPMlVHJVs,0,train
Rc711jTrKL8,1,train
2z3wUD3AZg4,0,train
_Ik4hwi1cJo,0,test
UkCAvIDYZUo,0,train
WA8qkFtrpUg,1,train
chcun4_DdGQ,1,train
2Gpa_uJh5DU,1,train
e7K8oUPs8Qc,1,train
h9QxAdKcDSE,0,train
IBO9pdb3q4w,0,train
sbh3yMroOb4,1,train
x5YB3m1uz74,0,train
8c2DVPORDQA,0,test
6oPcK9xYSF0,1,train
swhftRwwnA4,1,train
KmwxpFzEx6g,1,train
UytSNlHw8J8,0,train
3BJU2drrtCM,0,train
VX_qI9e95_s,1,train
o7xnZb221YU,1,test
mnV0BaqBWxo,1,train
Sj-VzFlJ14o,0,train
IyBFfouLzhI,1,train
n5BWseBIu80,0,train
33qdRXqUCJA,1,train
6K9eXRlO_UE,1,test
WwaLOSHHUiQ,1,train
PZjx5ao7alw,0,train
8ZcoI4vt-QI,0,test
wPnmqg3HD5s,1,train
5Wallpu_h-c,1,train
jffVm6tNBDg,0,train
TxaAk7kDTiY,1,train
WM0XViFp1M0,0,train
oKW2WvSUHQI,0,train
SDIsHJxEvjw,1,train
JT9yYXKY-i0,1,train
DmkVmEb5TwQ,1,test
NtFe5PM87BU,0,train
-e3T3VHmEkg,0,train
R7WPEYGr1Vs,0,test
dFd7FBp97gc,0,train
Wc5zUK2MKNY,0,train
A3SyKtmr7bs,0,train
n9PqH0sH69I,0,train
kO6SUiUbdOc,0,train
33zPlnhymCU,0,train
--mc5lTTIQk,1,train
BLMKNIateO0,1,train
XgY-seKGm3U,0,train
yNLdblFQqsw,0,train
yjYm78K6aNI,0,test
O2DgcoiD1mo,1,train
UIxRrkNFiN4,0,train
ygiDcofmxjc,1,train
mh9Z3Cd0Aq8,1,train
f5uU0igHmyw,1,test
dAB7r3DA0w4,1,train
tC90kKbPuEU,1,train
UXl8F-eIoiM,0,train
NaA9Mwo9fyg,1,train
CSoP-ezfRfk,1,train
lcawK3l7cew,1,train
8pR0o2fGyHg,0,train
0UdarIjbq88,1,train
ZbEdcNAOicU,1,train
vADCp9L7uJ4,1,train
NAJ1Z4kOyHA,1,train
oThh3_Srxtc,0,train
bAkEd8r7Nnw,0,test
9g23BtPMcrw,1,train
ik158i0SpX8,1,test
K9PkToULL1c,0,train
ND_5FiL0Btc,0,train
m6dCxo7t_aE,0,train
63PWdao1TOg,1,train
Gpu_st4ynLc,0,train
ES6BGxpBD-4,1,test
oUsIMpm3SxI,1,train
SAhB93qLDXU,0,train
V4Ei7rSsqLU,0,test
xJWLxxD0Hp8,1,test
3UfNg5-046A,1,test
MRS68CDu7VQ,0,train
JU-dODmBYqY,1,train
ddOGCYRK_ok,0,test
IoZseQRJpAs,1,train
oIoXdKwrt8w,1,train
6BsXLnLn9ok,0,train
A7oSwX-mi60,1,test
csrYDgBF2nI,0,train
J-ek8drxFJA,1,train
Q_49iWYE37c,0,train
RWpYVOsdaho,1,train
DGfQaU_pgY0,1,train
LD2LGkUycQg,0,train
yezGH6Q-0fQ,1,test
Vk7StnSNEJI,0,train
bPvnwkqOZ_M,0,train
GAsdj-YaZaA,1,train
E7CwqNHn_Ns,0,train
x_uWxkFRPII,1,train
thz6RC4VdCg,1,train
PNG75B-EwDE,1,train
gbaz9_b4skU,1,train
LUb_mBBBNgc,0,test
CAUO3YGvqnU,0,train
bwQR4WnTYdQ,0,train
DnuXHj_zRbM,1,train
Ib5ClFrYaXo,1,train
YGBzEN6_t6c,1,train
fKnAJCSGSdk,0,train
7p6DMevgbyw,0,train
3312poOhXUc,1,test
sXT6uHVeAfU,1,train
um_4I5OtSRQ,1,train
1E5nu50n8Dc,1,train
RHhXZ3DUED8,1,test
sfk4Zul_Gd0,0,train
jEYMh_IUdVA,0,train
1rodyk_PvbE,1,train
6RlxySFrkIM,0,test
YXQ11lY6v7E,0,train
REuNRW5bTjY,1,train
g0fP7QLRr5k,0,test
N-f_dRIFPqc,0,train
7tKZB2k14iY,0,test
95OWfZ1pXIc,0,train
MjV2kd3wRJo,0,train
FOYMXjfqUos,1,train
hPaMZKI5DA8,0,train
hd7aujL0XC0,0,train
w-A-4ckmFJo,0,train
p_xCQUwIfXU,0,test
kQxTHQdAYaA,1,train
6PU2DjCwuOo,1,test
mwoUnNnH6L4,1,train
JDB49WvRbKM,1,train
0Oq8LEzXkjA,1,train
MqdpfgjMiXI,1,train
RVyIMGru-Ow,1,train
ZK4lXJDevYQ,1,train
xtcXJX7LfqY,1,test
3NlaOS3Vxrg,0,train
oqvghou5m3U,0,test
XLjAHJaLJKk,1,test
gDJZmiX5GU4,0,train
poga7b3M8V4,0,train
a-apdGwBPz4,0,train
UXb_C-3bdCc,1,train
YyY3bZ1W6qA,1,train
1nZ5p7lUsyg,1,train
5idaQec5hoA,1,train
2bha4Dhiprk,1,test
tG7FiTjn9eQ,1,train
-eEe_NJQOfI,1,train
gSJL8tEpQ28,0,test
pBUW-jKfY7E,0,test
Kp8u_BX3gUA,1,test
2iVgPEZHx1o,0,test
LxK_MAjzs40,0,train
eCtb_ylVDvU,0,train
FcJE04mh39s,1,train
amBbZ7PcJGk,1,train
Df1M5mJR0Qg,1,train
VTkoOGcvFZ8,0,train
0otAdagZVz8,1,train
gsAKFIbpC1A,0,train
RKMtbcw9ZwE,1,train
NiSVs7kyqko,0,test
QJ3WV8N92Hs,0,train
1t0A_tZGrYw,0,test
PxhJZcrh74I,0,train
d_1REHxLoqM,0,train
HepWgbh4GhY,0,train
9ZAr3zwTIh8,1,train
nQqRMBaohbc,0,test
vJ4SVSm1ARQ,0,train
fzw11U3JnN0,0,train
lbzTfDfljoU,1,train
AdzXFri-Kbk,1,train
rmRouEds_2A,0,train
eMomTUf4VXM,1,train
Fvi9A_tEmXQ,0,test
rD8XRjYBwrA,0,train
8hsm2QIEBkY,1,train
NOdULCFV1ZM,1,test
p0xyhCn0Eow,0,test
x4vYfzrYB7o,0,test
3PF5NLTjUGc,1,train
LYa9VPVAJI8,0,train
gqsNHdfSERQ,1,train
U60obmWODLQ,0,train
QRoWiTcO7dk,0,train
5eLQkh-4wXM,1,train
PcAhCwwrFhc,1,train
904dG5l5AB8,0,test
doSR9Mq_taw,0,train
VOoeQE4H2F0,1,train
q_5n7URd2Gk,1,train
V2JbfugMGP4,0,train
F8UFGu2M2gM,0,train
VdjYl1j9Re8,1,train
Kt8RupLIkBQ,1,train
9rqIJcY9hMc,0,train
eO1Jm4N4rlA,0,train
U4PL_1h2jDk,1,test
SaP18QTNdyo,1,train
5CtnrK3qx_Y,0,train
4zudc0WAQQw,0,train
pbJdS0hGoEQ,0,train
k9muFAEq_-c,0,train
J59sVVadk-4,1,train
KyD8jt6tSCc,1,test
JopNqvzMIqE,1,test
pwIiREBs2O8,1,train
6vVla7hO8Mg,1,test
cFy0aIGSGTM,0,train
tBS2vZ9fwao,1,train
V_DtccNhLTs,0,train
5a_Qron1EFE,1,train
95-uiTX1qWU,0,test
NyQcxZTMisw,1,train
Iz_yM8-fvxA,1,train
N8TzqrRbPlY,0,train
ziUMJB3id8I,0,train
lRfri5r1lCE,1,train
6blHNJwEP1I,1,train
ms1AzNr0wVc,1,train
roNmeOOJCDY,0,train
xRAqq1reiqc,1,train
8wvwOKT3h7I,1,train
fN2AQkaZGzk,1,train
rMWXg14gpV8,0,train
xtAOmpnSwvg,1,train
OKGX7gQnxpc,1,train
icFMdguQQWg,1,train
-64U7WoBrqM,0,train
gP-Ztcujztw,1,train
HsxBw6ls7Z0,0,test
4MvyKBXw9KA,0,train
0o81YZrNiqs,1,train
wQvoXaysyd8,0,test
8raaT7SRx18,0,test
3uR7Me4s_rY,1,train
BhtgINeaJWg,0,train
pnQMdt91X18,0,train
hw0W6XX5NUA,0,train
HA1LCLBLZ-w,1,train
kqhoLNUTS8I,0,train
zSt722U7tzk,1,train
nnfMwwoLAKg,1,train
DDTlhnBeR7Y,1,train
Xy2qVIhTtG8,0,train
irstMfbm7Xs,1,train
ZdJ6m63twio,1,train
W3Vz25q_a9w,0,train
qPhVZExcGXg,1,train
kKXHcySbawo,1,train
znud7Vh5N84,1,train
eGqabNGrOCU,1,train
0XrH2WO1Mzs,0,train
mU43MoVuz-k,1,train
f1qvvD8N17c,1,train
ub9byY2pgyI,0,train
I-UHy7RBJFU,1,train
a9swmbESgwM,0,train
2WBgxCktEIs,1,train
IElQwOB32XE,0,train
mJsvmscPY9w,0,train
4IlBNJbCzfk,0,train
YslQz6wH_Wo,1,train
bRJefohqsP0,0,train
LzyLw8EtKtU,1,test
B1atY5yr7NE,0,test
zmJEKmg6zFA,1,train
NilGrhbmhtE,1,train
AmEEYTtIfMU,0,test
oz-XiYNCo7o,0,train
dtglJ5kqr6A,0,train
mT1aQlwB8Zg,0,test
Ie2LChcpToI,0,test
AmLwO8u0TVY,1,train
w6prPFcFEbE,1,train
HlX6abSrZaI,1,train
Ho39QqK_7-o,1,train
W6dy7xQ8NeE,0,train
8ywolhltzVA,1,train
KtT_cgMzHx8,0,train
SwTSvzn9yHQ,1,train
tjnhu2UFHWg,1,test
hJz-J5yU0w4,1,test
8Qou-MDcYKA,0,train
VvFsMe8_NIM,0,train
a8XLsqmeMUE,1,train
qgxJkU33DhU,0,train
5BAKzzV8Pw4,0,test
J4mExd_0CQw,1,test
Bbwls8imO5Y,1,train
w_01MdECgfw,0,train
h2BNLiuh_F0,1,train
GTV8-5U7yxE,0,train
9-uwrtTzYOU,1,train
XhSd2JntwuM,1,train
jPnua-wFYuE,1,test
YvNxgHTWIlo,0,train
oCEKMEeZXug,0,test
gj7BRMuB-n4,0,train
YLZV3hbSLos,0,train
-1GPvt7FRt4,1,test
pPXxhgdtcXs,0,train
hBkCrBlDHus,0,test
Ukg3gemPPUc,1,train
8aMJzV8dNeY,1,train
dgT66qE-CfE,0,train
tuAQC7w5nmc,0,train
Ch-r17n3J14,0,train
XQj44QzV1lI,0,train
TIiVB3WI8uM,1,train
ReXeEKQyCKE,1,train
4ugGcBTUXrY,0,train
MUKJTbOD-pc,0,train
UtYwGZqOH7w,1,train
1-CfD0iBjKA,1,test
7nOWBS1WoS0,0,train
QYBxGRgyDUc,1,test
N3jL1GxZh5g,1,train
3t7o0mHRt2A,1,train
ltTBH5driHw,1,train
VTAoTeUpKnI,0,train
OFqkX8p4xEg,0,train
N9BpfLqe0ws,0,train
Tpyyr9e169Q,0,test
ecdJuWcZuR0,0,train
F8zvYRT8hxg,1,train
ukPa8xMWkkE,0,train
ZlIs5JIAcog,1,train
y5WxSEusgOs,0,train
LMJaX6DLgCY,1,train
Xwy10b_WJeE,1,train
3eYZf4dXSDU,0,test
-Zaxgf3D6dA,0,train
Uzl0GPU0vLE,0,train
2u7PIggyVSs,0,train
Bv9pw85mJEI,0,train
-wYHDjU6uuE,1,train
ACpxIfa6eEA,1,train
khzs6Jp_wTw,1,test
_OlOGX5WVw4,1,train
vxopfjXkArM,0,train
zwxEvRxWT4A,1,train
AVAPcIIKrl4,1,train
dX72axAvIGc,0,train
wnQoxT2iMkQ,0,train
IeOxo7o9T8Q,0,test
dBDzczSqEk4,0,train
3txs0LDQtCo,0,train
3XtTRfkkqqQ,1,train
Ej59-ljxhoU,0,train
PX9O-AkgBRg,0,train
YTyQgwVvYyc,0,train
1T9JvRXE13M,0,train
Xqi4Wcm2OOA,1,train
3_4v8jni2Ik,0,test
dzIPjLwNgmo,1,train
b5szk03nhrI,0,train
CEpMnzW9mOc,0,train
gidVYJsVwdU,1,train
4kjjT9-fSIo,1,train
LLuLYBmUyW8,1,train
t_Sp2MozCiI,0,test
pm8_qBd1vvY,0,train
js3BYcHmBhE,0,train
6aU7MV3mRxA,0,test
smhnPYNdL2E,1,train
_E3SQ7obrdE,1,train
jfeFDNGkj2Y,0,train
_o-Vd3kqnIQ,1,train
jRDY5sezLKo,1,train
1KDkVe0BiaE,1,train
kMz44HzHcjw,1,train
y_DweTAEYWk,0,train
0Z7h6L4vBCU,0,train
NC-TF0SPzzM,0,train
p47tZLJbdag,0,train
dpnuJ7Bo4fg,1,train
ye0Xblp_Nb0,0,train
0jhkWG7Jnr8,1,train
tJDXhik0iYs,0,train
ZefgUVg3qx0,0,train
MpbSvJLy2wY,1,train
2Dtu16Nct6c,0,train
aDhOdSjEVPo,0,test
-r3SEz2rd4M,1,train
UY-u6E_gaNA,1,test
UUCEeC4f6ts,0,train
H6tgJRRZurk,0,train
-Eeklq1IAvQ,0,test
tiKQXuZsJxI,1,train
nTbsOTHtJGo,1,train
PabR3d9LORo,1,test
yWIe2bEmpPc,1,test
gUmNROSYGjQ,1,train
j4vS48NykgY,0,train
pO3FMPFFg9g,1,train
0ZTuQog6Xgc,1,train
CVaMNRDMP0o,0,train
QKoXwdwM4Uo,1,train
aQKjNSK1eRE,0,test
qusyr5O4mlU,1,train
s_FHwR_dY04,1,train
GdiwwEPs--0,0,train
Him2AmTLgEU,0,train
TlK-pp8p8sw,1,train
k5MORochIDw,0,train
Z52Oj7q0Fvs,0,test
zvrTVifZ7ZU,1,train
zFH1q6xGSEw,1,train
-bG_LuUKbMQ,1,train
3-Mg75awALA,0,train
W8K3jRvOowA,0,test
ndIw2X9ilrw,1,train
_9-NilOpQUk,1,test
GG2ucUo5gR0,1,train
fjBr8NUHJtk,1,train
3QUK8gN1oSY,0,train
EhFPMTWSsso,1,test
40f7_93NIgA,0,train
WiTgn5QH_HU,0,train
MH5x4Om_7so,0,test
QIxzvtmF0t4,1,train
HJisXI9SS0k,1,train
BjXTmh0YFhE,1,train
9Y4GaoKIvaY,0,train
G7u4xK7_jZs,0,train
G1XOA1GqbNE,1,test
0Sh6rBEExH8,0,train
b8O32J4_ODk,1,train
ZOqySJdBGgQ,0,train
GqqQ4fXO24E,1,train
3DP-MYEMwPs,1,train
3KAg0S3jXfQ,0,test
lnFxzrhiBVM,1,train
-VbbJqg7CH0,0,train
weItytharbY,1,test
cKe4DhsIcsw,0,train
P-EzMyJKALA,0,train
pU4RaPC3Rgg,0,train
0tfvm5ISrBA,1,train
RVMZxH1TIIQ,0,train
LU83cvEaMpM,1,train
YsVJQz5gosg,0,train
InJkqGuAkyQ,1,test
K_Co_ktxqaM,0,test
Pry3-83Pq24,1,train
MZm037jPNgc,0,train
8-zzgV-kfGw,1,train
gZOTWh145Dw,0,train
MGtNtCjnGNI,0,train
mQ0hS7l9ckY,0,test
Jh6QiH9ZVSk,1,train
Q5PkEqzQdlw,1,train
d88APYIGkjk,0,train
pcnzIAObSQY,0,test
WwoQfpm9hAE,0,train
t9bWXjzedPc,0,train
RlJvJSgIFZM,0,train
NnBHG1SmI-Q,0,train
3WO2MMflNA8,1,train
pnjjEaJBF88,0,train
VRpBybVl5qY,0,train
FU6y1XIADdg,0,test
G-6UNE09kW0,0,train
--JYHaQbBlc,1,train
cdLl1GVjOrc,0,train
yRUAzGQ3nSY,0,train
2ocHBYgQBh8,0,train
LU6r78pDLDw,0,train
L6S5amkCoyc,0,train
5-sM2HqQ_2A,0,train
lRfmojPQ0s8,1,test
QI1Y9s_Lh-I,0,train
job1XCk3PIY,1,test
kaKpA_l4WoE,1,train
VBYBTY2kFWU,0,train
FXWBejTVh-U,1,train
j8XvRET1-xE,0,train
ve6OexuRAzc,0,test
tEuVLpBItZ4,0,train
XJNm0PP_WrA,1,test
rsda9zcnEZE,1,train
U28JHwyySYs,1,train
UM8_dL1iSyk,1,train
0QjF6A3Zwkk,0,train
Roq20IV4yP0,0,train
sUmFdbfeOkE,1,train
So9iCqdfUF4,1,test
DvYs1HILq1g,0,train
ROS6-ZKmdnE,0,train
JIJw3OLB9sI,0,train
_u86npjGe7w,0,train
4mvWuky1g0g,0,test
WZmVAfiMdnI,1,train
w9_skJ-LopM,0,train
bfgV2zHME2Y,0,test
4EZBbP6efGM,1,train
nx5HEciiKnQ,1,test
rXi1vzRIePo,0,train
J9p3vMcPVrE,0,train
dpFceizsq-w,1,train
i4Tt_pE1XPM,1,train
ZDCL-Dm3EP0,0,test
fLoVSKAQjZA,1,train
VOJTIsGVSpc,1,train
p_AdAkhQ-e8,1,train
3h4uVVFCvVg,0,train
sM0flzYWjcs,0,test
4kUM3RRW8H4,1,train
KYHN8m2d0l8,1,train
S-zznFxADUo,0,train
jPtcoKswYDk,1,train
OT5SWXebDww,1,train
TguamcqrQjI,0,train
Qqs8uRBD56A,0,test
ejJlSE3psns,0,train
e7S8jWh6AEs,0,test
vhPHE8j_LWc,0,train
NRD60VaEHQU,1,train
xPxbrHMHgNE,0,test
OgyaEWIHLIA,1,train
lUaNo_L7AKU,1,train
VUOyEYZDz6M,1,train
MA5tWWwWYw8,0,train
ugiZVox3Y1k,1,test
mCNuhoUvkFc,1,train
3vwoWXjB6wg,0,train
py9lrUq7cOU,0,train
y5KuzI0GeZo,1,test
uE1lT8kCVGE,0,train
0m1hAfpOzbU,0,train
JuKmtYvuDlk,1,train
NC2vn6Xg7s4,1,train
zswlntbbyWk,1,train
GeQqBYX2or4,0,train
UpRUdylMl-c,1,train
x0ndJqZ8Ags,0,train
KAzSEZqrbO0,1,train
GHSqIptANXE,0,train
zhrmXPxH7E8,1,train
k5mF56PO6vE,0,train
VHAg_91sqmI,1,train
Z1n7PNyxSvE,1,train
h0GohGRRmD8,1,test
0KP15lwyZYo,1,train
NFeK8JLkOCo,1,train
DSTONenerUw,1,train
SNRZMpA9_mI,1,test
uAkwLM0SC50,1,train
fUmkNKikPUQ,0,train
QHW5QlcZ38o,1,train
xZFqU8eymaM,0,train
834VIlWRWEE,1,train
iDsITyAJzTo,0,train
k29J8rwjBCA,0,test
34fAv_buRw4,1,train
rlO3HhCBb_U,1,train
2tefoNsmgEA,1,train
BDqqf5j5cFA,0,test
DcwDraePaIU,1,test
xafrwqf6VGU,1,train
24QTajuS62s,1,test
AwDw7j7dEEw,0,train
LTurDWdE1dw,1,train
j2MtJxiMKUw,1,test
6cRV87SyBCs,1,train
OW70LTaPH9Q,1,test
utK9mhiN56M,0,test
h_u1FGxphUc,1,test
b1BYE0s_7Xg,0,test
oTfgfoVb6io,0,train
JQC65dyEEIs,1,test
X8RlqcMZqgU,1,train
9Gt_-yO72LI,1,train
zCNX_LEQ2hw,0,train
kecGu2X0cbc,0,train
G2tLyqfJd54,0,train
97g6fGKxbLs,1,test
9ncC1R2klvE,1,train
EDRZCJxGoIo,1,train
3kztpCoQkWc,1,train
zsC61g36EqM,0,train
fZgvqE89KvQ,0,test
iPcx7GLLPWs,1,train
V1HyH4dsHMM,1,train
NnO4GQbueaE,1,train
sghLvB201Sk,0,train
mZSsmxUuMfI,1,train
ZJb51E3P5G8,1,train
HIEDoaCZ__Q,1,train
RSBiXhgBl9E,0,train
bSkkE4hpLUI,1,test
ZV7wrTbudOs,1,train
bArHLo85T2U,0,test
TQty849xOBM,1,train
LsS-8pSGBjQ,0,train
TpIVf1dXrbU,0,train
QuheVlfZMpQ,1,train
sHLTzzZ38AA,0,train
BVQSr8NpjrU,0,train
dzDaq0UZNt0,1,train
DTGZ6tUh9OU,0,train
Clw7KrLPmwk,1,train
7ziekx7f2xw,1,test
pIAYlrsU958,1,test
zwoZ-hKSiCs,1,train
-bKVA2RMk1g,1,train
FfsmLgD2ZFM,1,test
D1ip387XBPI,1,train
hR0PqJ3hp04,1,test
wvVYBNCrhrU,0,train
b2obQ4kTNcc,0,test
CxVIvXDeBNc,0,train
E_7EhU5Y59M,0,test
vuLjLwEcPkQ,1,train
0OsrAUdys3Y,0,train
UP1BuHpGTjc,1,train
Jjk7GT9GkuY,0,train
UqYGOtK4q8M,0,train
Zfcx1oSakyk,0,test
XOm1bqRxCV8,1,train
cUuYu8d0CsU,1,train
cK6EnFu3NHc,0,test
QrLvpUfO6lk,0,test
GfgnsnDfaJw,1,train
vWlsNOaj1sQ,1,train
2L6bKkAUIfw,1,test
sx8xsyLxuBo,0,train
-VUgDcoJFjY,1,train
JFpanWNgfQY,0,test
IJHPrPCAEXA,1,train
K11IeKCIu6M,1,train
TeCkm-BEZ-8,0,train
IN333L7RMFI,1,test
z_rC0vHl6HE,0,train
iwFnhim7SG0,1,train
gSTs3Qklmr4,1,test
BuW99v6ZwQM,1,train
uX207XCIOuw,0,train
xBGoJUxxRqU,0,test
JXFi82DSMQs,1,train
fSN4w3OmS0Q,1,train
EzUe_kHw_3c,1,train
SCNJiXnYBVI,0,train
Rbo96dYm47w,1,train
YjZd9VwJ_FY,0,train
0g0BSgvKF2o,0,train
QOrsGtg9QoE,1,train
qFjw6Lc6J2g,0,train
3CbQaTrBTIE,1,train
4mztdQ_yUEU,0,train
54fLSvIPTI0,1,train
zaK6vYyTW9A,1,train
3_dEsw1Ff1U,0,train
YnzQCSUisqA,1,test
pVrLURF7Spk,0,train
X_MU85-Yzjc,1,train
5PZfFyWcYEM,0,train
6GhSM3Gu9VU,0,train
v8bZBn2dCYU,0,test
BFi3Lleh5s4,0,test
fx2BsbaYPUE,0,test
JvggLw9zmrU,0,train
17gCRKvA7dk,1,train
uiYdieEIa2s,1,train
_JMIBCTmOb4,1,train
tKdmb7bdw40,1,train
Zsfk3CedTTE,1,train
xoxuONCg3qc,1,train
S9KBrj8JcKk,1,train
tVoQ8pGWqR8,0,train
pfbuDv1371w,1,test
vVR0Wf51vuM,1,train
1nHwQKT_muc,0,train
-sCHKdsRlzQ,1,train
eDakJMunNI8,1,train
t7oQjE6DBmw,1,train
LcZ2AuvxXNA,0,train
jhVsrnrNh9Y,0,train
bXhDOQhOwjo,1,train
XRO5bWp0OY0,0,train
KYX2btbXPpI,0,train
mrra4A3ARUA,1,train
1260vejJyfQ,1,train
j_k_k-bHigM,0,train
qbCZbP6_j48,0,train
DZqOhS2M-DU,0,train
APoFRoebzhM,1,train
_lDb3MzDZEM,0,train
0YxPDmMO_CE,0,train
1XM2-pkxJ5c,1,test
sONLWHuYo7w,1,train
C7qXj4i_Vfk,0,train
hYf6av21x5c,0,train
fcfQkxwz4Oo,0,train
O9E4xb-pxyA,1,train
OIlveC1Z5ow,1,test
_m-b1a6EnX4,1,test
2ceo3e-BsYM,1,test
RhT-cGWQJbk,1,train
1o6eXOEiH3c,1,train
939NGDTTNcg,0,train
ag1Fk5erUsc,1,train
TCJG_7fc3XQ,0,train
L3ymBk6Vb04,0,train
M7Dp0zLRwQ0,0,train
-VRnBKfPOvw,0,train
TjOdENdBXic,0,train
aXl4Bpw30wI,1,test
z5qLgL-E7uY,0,train
iSJHW17xAkQ,1,train
b6xf7zyWSF8,1,test
mKc08iYhW9A,0,train
2iQnom_VSPQ,1,train
oDcA9BIB_NQ,0,test
Z00z6Aq-Jdk,1,test
Aj6-U7GVDt8,0,train
FRBX9rluO_Y,1,train
m7vYAvznp7k,1,train
IN_kywkEyhc,1,train
wwjtdOqTmrA,0,train
xn8JSRAScmc,1,train
uAfNS34hJqM,1,train
NPmN0ughilo,0,train
rQnYi3z56RE,0,train
ARH8Yt2fpvI,1,test
pR85CgoP7VI,1,train
fgSHlqSsGMs,1,test
gdvRELkXOfk,1,test
VjuYAAGFsvc,1,train
aiw3QftXOJc,0,train
2Ww6aljZEf8,0,train
ZKBz3iGP124,0,train
TmORMKTHuOs,1,train
FqAFHPeGq2c,0,test
4fEzWMtokXU,0,train
nNBTLbw1_2Q,0,train
T07oFtADeuA,1,train
LGsxCSq6Az8,1,train
SM8WZ0ztMuc,0,train
nd4cLL_MP7M,0,train
d7hzcLZ7uRc,0,test
UKzfwEyPBIM,1,test
AMuhZLrQzjE,1,train
UsE-X4Eqtx0,0,train
xR3zhlmSrrc,1,train
Ht_X02Oc6nc,1,train
YrY3v1eDmQY,0,train
S9zmQC-87_w,0,train
6GmgwKGsgtY,0,train
ddIz-ydl6Yk,0,train
ziwE4WIBjN4,1,train
pgtWGSQm15w,1,train
kQnNW4576us,1,train
yooWRoX4O9s,1,train
pXCCBeuMWLo,0,train
z1m5aRT_abw,1,test
wk4mVzmdGq0,0,train
0cZq0obHo6U,1,test
mYyaElmd4vc,0,train
_nDQSHN5ztk,1,train
Lbz9VVfVnhw,1,test
SmobkT8IuxM,0,train
th_9ZR2I0_w,0,train
YxSMCOQLSLw,0,train
cDQ5_mkYlFM,0,train
hz6GiJcH9Lo,1,train
amI67JUsbV4,0,train
AP1wWGqRAmg,1,train
HgWSbChPthg,1,test
MKZi1V2WXR8,0,train
uRfOsl0nSnc,0,train
dHMdXU6goWU,0,train
M4h6VESyP3s,1,train
zV_FHJ5YMd0,0,train
jnl6i-AEkhc,1,train
2htVMOC8rsA,1,train
jmebAjdMrLs,0,train
wqTlWceqbaI,1,train
rj3dp83xKuY,0,train
vOwLCI5kqdw,1,train
6mJMS2YDMnk,0,test
idg6vW3vXtE,0,test
X85Uj4d8-hk,1,train
tHdv5ZrSgYg,1,train
a8QlMD-J0B0,0,test
R_hBqcZXF2U,0,test
fmrdsRdYZlg,0,test
Z2_f9BO041s,0,train
Y2_ZP-APEDo,1,train
jCnWPbn-ZKo,0,test
WyNGmDO4Ayo,0,test
bAOoFGCh1eY,0,train
FvhOwpip0K8,0,train
bWq7SnKY05M,1,train
YFNpff9W-BE,1,train
G4BxOhJOmUw,0,train
Ll5SRh7ANvk,0,train
e6rglsLy1Ys,0,train
5cuxPmmrlv4,0,train
qV-ztVH9glY,1,train
3c1BWmw2ly0,1,train
N7HFXgyTya0,0,train
QfviLG23lUU,0,train
MrGgnpmWCOQ,1,train
xGnw0PIq36M,0,train
wzx96gYA8ek,0,train
Z6BI1vnmsdE,1,test
az77mUdsRr4,0,test
c-UDERlkZ9k,0,test
q9L6PzX-NL8,1,train
bcJlmhoYNfI,0,train
zTSVug_5Iwo,1,train
7fgKBJDMO54,0,train
9HYHg5TCg-o,1,train
ibe-XvERtH4,1,train
ihsTONOFVic,1,test
85BCi_1DxJ4,0,test
gIoQGs8lvxk,0,train
eX_iASz1Si8,0,test
lrlIhRea8u8,0,train
GLvNgmJoTQ0,0,train
M-AFo0mjV_E,0,test
3W7nXg55mWw,0,train
sWyym9bO1fU,1,train
sPoJFOn04g8,1,train
Ml5AAM_O6lE,0,train
9vhMY1u57fk,0,train
MQRPS2d9AqU,0,train
ILU2aiRaugg,1,train
fb3pDrf80E0,1,train
1GaKaGwch0U,0,train
P6J-rYjG6X4,0,train
TCZ8MSg9FrI,0,train
FCvAXgnbFeE,0,train
TVe5XPU10Zc,0,train
bqzUkvHlQ88,1,train
4_aOIA-vyBo,0,train
S-4rhjO6xYg,0,test
pfzjcCzdtCk,0,test
rrhj0m5_cgk,1,train
2rVvXF3S0S8,0,train
QH091zFHdQ0,0,train
6vm2CR2W6Iw,1,test
JVwYB0PY37k,0,test
w5LDRkj_VkE,1,train
LlGXq8xjUMY,0,test
aOwaNtVMQsk,0,train
f6mJ7e5YmnE,0,train
pxeULtuN23A,1,train
2oY4JgIU0XI,1,train
NFZY_o0QoJk,0,train
GRy43ljtqXE,0,train
x11dJ96CINo,0,train
Fp8XKeEXEmw,0,train
H1FeZBKD7lE,1,train
9qdDvFpMg1g,1,train
1StzvGFX4_c,0,train
BqQAOv7dB3M,0,train
K7ypLNknbeU,1,train
P9YTKb5PgR0,0,train
NsRSRPsDGCs,1,train
BjFPdBujnvw,0,train
RnhuY17O2vU,0,train
lhQUxd9et4I,1,train
RWmdKFyON5s,1,train
0xJ1hJ5XIyE,1,test
EgtL5Neb9yU,0,test
PKp8FuQ52eA,1,test
ovKMWQC8hy8,0,train
dR_BFmDMRaI,0,train
b-KEGTo4yPM,1,train
4VWb3ZZ1U3o,1,train
KkyXfpebihk,0,train
_85oBHflGcU,0,test
viDu9SLvF_E,0,train
yMnn6_oBu1A,1,train
ykv23HpruCo,0,train
aPL0p-Uo5bY,0,test
atuad2GUtIA,1,test
a-5uEbrQR3s,0,test
NTUaW4pEzN8,1,train
AJUiQU8-w8E,0,train
KB43fM_ozKQ,0,train
3pmu-cTT-Ak,1,train
pRKYWlXe-gA,1,train
-cSk9stRzRg,1,train
-p6WWRarjNs,0,train
Fzz2LPtQs4o,1,train
gPduSGytMlA,0,test
9LmJ6YBmOKE,1,test
B4gVdTr8klc,0,test
G3v28unsj0s,0,train
UdbOhvjIJxI,0,train
flCDCPsMKoM,1,train
6FlC9kjDKdU,0,train
UU3Zct_Z6Sw,0,train
IUPTwbjQJdw,1,train
k4kDT82hxF4,1,test
-w-VTw0tQlE,0,train
UxlJQ2ZLMIs,0,train
IRs22MbhC1Q,0,test
kOimn6K0DG0,1,train
oPzQZFI_HIM,1,train
jWQRDwaHRfQ,0,train
b4zUQ33ovUM,1,test
uiLnuPcd-aE,1,train
OTRmyXX6ipU,0,train
rKatNrDfR_I,1,train
pwhpLjsWaiw,0,train
roU7-JmrSnY,1,train
l_nQ9Ug0X-4,1,train
EO-0qOGOsO8,0,train
vvsI2pERsas,0,train
Lj57yB-BYQ0,1,train
Xycfr1f9MBA,1,train
bK75CblneeQ,1,train
4yAyonec3oI,1,train
MA6qX_Fa-W0,1,train
DDo4CA13LbY,0,train
YgEX0Wp76pA,1,train
7rR-x6WoKFE,1,train
uz9PCsdUjN0,0,train
S3DGvtvCdTA,1,train
tGX1T4zh2uI,0,train
NYuu0NNryS8,1,train
Pq08trKEufo,1,train
glsOzrSvh2E,1,test
jto8n1dBtS4,1,train
3Hr6Mxux8T8,0,train
64zr0Gia4uA,0,test
qxPBrWZY75U,0,train
93m-ZGWbXls,0,train
KQFpHXJZvZo,0,train
CorSPPUHG8w,1,train
Zag_tB4fgJw,0,train
IlnZKSR73S0,0,train
L4hhRZJnOwA,1,train
fL_xT1nzBgU,1,test
4bIPhtK506w,1,train
gykbz5ZXovc,1,train
S1L0jpv8hOY,1,train
wvY31L_LXqA,1,train
k9G_jNf0Xkw,1,train
gA8Gru79DcE,0,train
7V3FpP_001Q,1,train
kACwbzotkAs,1,train
tRlBBiCflmU,1,train
L1dEtSyn6s8,1,test
6ZK2QoCCccs,1,train
meWZBNSst0I,1,train
L5cAnxNVWkw,0,test
52Jy0-ImqXw,1,train
H5IuDl1dUmo,0,train
5rrM3zl4J_g,0,train
93TRQD-QEDg,1,train
5JB1NY2xut8,0,train
4P50c_WRWqs,0,train
YDRWr87yTlM,1,train
pMaKr4VVL2M,1,test
_yVIjw_wouU,1,train
D06PL6qh6X8,0,train
TenEUk4oFDI,1,train
MtxJQ3LqM5w,1,test
9jbu8nhaL84,0,test
aoLVqA1YW1s,1,train
VN-cxU95C1A,1,train
BKwGi6UtKeE,0,train
KB_15Xt5T-M,1,test
zjaU5ZHQTrU,1,train
eXuT_83QI6g,1,train
LbwK_9_dzzA,1,train
Cn0pCvp0CPk,1,train
STsjV5_ZqWw,0,train
425USN9WyrE,1,train
CARrs4cMp1k,1,train
OFJrow7yaec,0,train
gKq2BtgCR0Y,0,train
H2UDMCejxxY,0,train
3dPFDzxwvDw,0,train
27mUWs2wjPs,0,train
Vjbqe7agCz0,0,test
XjwO9InuFJk,0,test
MeDb2nU9jKU,0,train
W1aMtOAk4LI,0,test
oFadopWxKjw,0,train
pMDKpPn8Ftk,1,train
2T_jCX8J_I0,0,train
pTftzGy3_nc,1,train
m7zESelVZzQ,1,train
Gb1Oxj8qRkY,0,test
f7DqQ5lOlaU,0,test
jDy0h9tkrsg,1,train
u6ZLrxmHR-U,1,train
yg-enhH9iqQ,1,train
Svg_fIoHij8,0,train
4M82H4j7i3Y,0,train
jWNebDDmuXc,0,test
By-KcYGVTCc,1,train
-KMZW_zwRfc,0,train
CJ-2NKO5Ixk,1,train
TQwDIO097VQ,1,test
qtFXCt-7haU,0,train
1ZGjZJTPvD0,1,train
pz1eY9MSWYM,1,test
BagYRDEFvy0,0,train
LSMbwzuppWQ,0,train
pM7xo_VWJis,1,train
hojPHhLUuJ4,1,train
FywCjNL9rI0,0,train
1QDm3eVVSAM,1,test
VfOR1XCMf7A,0,train
1OhRb3NcJCs,1,train
53Gw0DrQ7nw,0,test
Zx7RnwitTB4,0,test
AmNid7KxUhU,0,train
uQyLTdRW21k,1,test
z069ldsumxA,0,train
06JwbwL3yEk,1,train
HGTZzS1bZDE,0,train
BorZc59aqAg,0,test
JMhXXr6gddc,1,test
H0CTHVCkm90,0,test
sfR9fdQJsa4,0,train
lAbEtLmGFII,0,train
gOG1I0RB26w,0,train
3oaycSfG1jw,1,train
aboV1HnpqIU,1,test
XT8EJTmHbSA,1,test
cbnVFvnixKs,1,test
aKXLQN1l7mQ,1,train
UClamQuy_d8,0,train
IHBLbGvwO6I,0,train
L0X4dM1ve4g,1,test
CI_Y6RLRtis,1,test
Z_bL6rq5UGA,0,train
wwLH2de3FfM,1,train
cjY-afkdMOI,0,train
_7I8C1ynVco,1,test
9D420SOmL6U,0,train
WeSFqheNSYo,1,train
VbB33IRYs5c,1,train
ahGo8NQ22Xo,1,train
iKRpMjVJKZc,0,train
_GfrmVnmIwc,0,test
KXYfxFiM030,1,train
johyMpuo1gk,0,train
TwJqr5mWUmA,1,train
taVvS-dCG2A,1,train
tUbwnzNY54w,0,train
M5_4kHZsdyc,0,test
8kQDAbE7Gx8,0,train
_bAnbHsDWa0,1,test
S_kq5a-bu4w,0,train
4tmEoQ_QDFE,1,train
Hja0SLs2kus,0,train
0-VLNiEbDRo,1,test
dnUTNU9f7CE,1,train
rc5dFhhkALI,1,test
aTRVfKqG59M,0,train
o5fVVdTFp6Q,0,train
KuwyR0OW-nc,0,train
mHHcyfbxR3s,0,train
4YB2jJWw8X4,0,train
i65V9mTMgFI,1,train
mG8wjnBKBPA,1,train
oDvMqM35Hdg,1,train
Z3f90BIYU7U,1,train
5FK9tWT5pA4,0,train
QGiku0fmlNM,1,test
BAQlFTGXJ-8,0,train
D_dGF42MhTM,1,train
FvOM9_tRu2M,1,train
uSBnvoWkBdU,1,train
ITdWN4O2aMk,0,train
diWNqw0ZOA4,1,train
yDupmynj8V4,1,train
q4LI3I7PIoM,0,train
bsNl-Nn077g,1,train
dFcI76D_kXc,1,train
ns-lKaXx-BU,0,train
z9vGoj449s4,0,train
EDmK5Y6SnNE,1,train
lUzZIOq7u40,1,train
bql89QMBCr4,1,train
y3cRbMJHc6Q,1,train
gH5HfvJWdf8,1,train
6jn8Ji0g5Rs,0,train
mAQhmUi-ygk,1,train
VT0floYMpDc,0,train
wsEF9ExxzVU,1,train
S2eZawMm-go,1,train
h2HE1qOLdE0,1,train
Owjm9AKn4bg,1,train
O2jkV4BsN6U,0,train
uM1AObAZATI,0,train
UlGeHPncTe0,1,train
7XsviBxbLvI,0,train
LM2iVXAA770,0,test
okOsyezoR7s,0,train
xOr8drMMD88,1,test
c8K7ItJuprw,1,test
Y-eez71F18E,1,train
SPZFN6VFFow,0,train
S1t5_iGN0xE,0,train
KTLhU2rI130,0,test
UI1t6YaO9JA,0,train
6oc8KRNkW_Q,0,train
rBVgbxTkEuo,0,test
1XhrA5oAoYE,1,train
TAVkKfU6q6k,1,train
4kGJTWzPABA,0,train
k3J1oGzY5Qc,0,train
LBf1bxP2Pro,1,train
4lvobQDIzBo,1,train
GvTAT55dYZE,1,test
Pw0IZg7_4mo,0,train
r6Fx-tuCdIY,0,test
peLH-gAC1PA,1,train
DiaDblUd-lw,0,train
FqUmnRKw284,0,train
Tx2r3U9wFvA,1,train
IjvuUUlfrCE,0,test
BE18znhORU4,1,train
7jE61BzKmgQ,0,test
AR160wbv9VM,0,train
7tuvVk3DqK8,0,train
LNog172H20Y,1,train
RzF7pXAoi4o,1,train
iDCegwpnlbM,0,train
mSmMu26GN-k,0,train
CVVAz1RZtHU,1,train
tFMFYQ4Nj4Y,1,train
UFGnBgwfXHA,0,train
uns8vUQNxpc,0,test
fX0SD0NIWM4,1,train
dD-yN2G5BY0,0,train
JQsOHSA29pY,0,train
z3LBshsGJsU,1,train
RQOJgEA5e1k,0,test
81H5PT7ANjc,0,test
CMbx9tW1b7I,0,test
xZ2OTrpgv5I,1,train
cRQanPU2Fk8,1,train
auaRQCcBnr4,0,train
dOMCouqr3eA,1,train
ZfDCRCPoV3Y,1,train
JwtBA6hnbyo,1,train
zAwAsGbTcHQ,1,train
oJ5f51yZg8I,0,train
R5uZQxEUyMc,0,train
uisXEJabmZw,0,train
7pg8hZkCOzI,0,train
z4LpBP5pAuQ,1,test
-XtReMW4jXM,1,train
R01dVqnzEV8,0,test
I4X0CEdBiTc,0,test
RP7VPoxgL4A,0,train
Yy6b9BGxxzI,1,train
tw7Os-_BJMo,0,test
s6omnoqEhMg,1,train
zI4dgXTd2ys,1,train
MWVpKCnRCvY,0,train
wOc03MFmy4A,1,train
6OFxNu2BXpE,1,test
8AnCBDIwHsE,1,train
A9Yb5szZOeA,1,train
RO05ZgNF2SE,1,train
Ts44hYDhsJQ,1,train
xDJrSz0b_TQ,1,train
OxSZBk7D0hU,1,test
jPZ0ofY_2-U,1,train
dirfQ6sPaVM,0,test
Nkz6fubz4Vs,1,train
-99epVQuAKk,0,test
8rSjlqBYba4,0,test
30_7Q3zLsj0,1,train
Lz7S4tCQhvo,0,test
kFox5Q1OTf0,1,train
Iv6wSneHKB8,1,train
HDhAjW6tq9o,0,test
34op_kWt9Vc,1,train
UlhFEzmmSlM,0,train
BJhlqF263GE,0,test
IEzjvhdJLaM,0,train
HCByhdrdWcM,0,train
qev-xnvFcyE,1,train
IA61yjyy5M8,0,train
NF4nBCwO7Ng,1,train
wi-Zc6NTlDA,1,train
TynxxmS44TM,1,train
I9LbG3Y0_9M,0,test
Z8U-Sya0jZE,0,train
SqHL1puhq64,1,train
Pr3uI6oami4,0,train
8tUq2ATGXZc,1,train
uFfMvSv4M_c,1,test
H174j8HgkYY,0,train
q9Oh2OnG51E,0,test
Ktv-CaOt6UQ,0,test
KnWpHhEU-T8,0,train
SeQeYVJZ2gE,0,train
a7KCXycNgUw,1,test
LVmFU6hwRqU,1,train
hSTywVwZCjw,0,train
fQyglu53_rE,1,train
6phdJWRi_vw,0,train
pmtmeXYW2o4,1,train
ZMuMIcQx9Qc,0,train
fgUqgM3euC8,0,train
GmSUU2Xd8lQ,1,train
4Y-62Ti5_6s,0,train
2nhxvoukBiM,0,train
KLjJykkJTJQ,1,train
Lpb3Zms1_eM,0,train
GhNA-OoQwVo,1,test
BKjn2_Ina5o,0,train
WlWmwWQaUws,0,train
NBEmJbvVIQQ,1,train
BgWpMAisUow,1,train
thD6TNUoyIk,0,train
s4ePynJoHLA,1,test
ttgxZMHU7MI,1,test
2tg4051fYRs,1,train
ttjn1jVACk8,0,test
nJTDDJgFFb0,1,test
OiVoKKe62qs,0,train
KSAy3WE2fHA,0,train
XfNOQB2PN-A,1,train
_2aWqecTTuE,0,test
RnGu3xO2h74,0,test
apEK0-7oW7A,1,test
ZI8QZ2WN-Xo,0,train
ep_mf6ZE9U0,0,train
BHvPQu2QczM,0,train
i-hIT01Onfw,0,train
ABuQruo2BHU,1,train
xOlKDKUQsKE,1,train
vB4099CsDpU,1,train
eTfm03T3VAE,0,train
qJabm5GuLgM,0,train
WfNiQBXmPw8,0,test
Z0m7xhxu4dQ,0,train
ggDQXlinbME,0,train
CCQysh2Ci0c,0,train
AoPJW6WNFjQ,1,train
l16YFF8ORus,0,train
KNHrqoUjtzI,1,train
J0wiUWg38BM,1,train
576HwhU6PMM,0,train
Mve9HbpfjzY,1,train
JuNhPaTJFRE,0,test
HcvqW7e9CRc,1,test
dFiCjh8iHVg,0,train
skqCqWkZigo,0,train
Fisr4YY_2L8,1,train
8cKMJ7_pAAg,1,test
onJZpbC4KqU,1,train
cJipa07DoHs,0,train
yb5exLePooU,0,train
PT5YY-OtuiE,0,train
dacojrlGM7Q,0,train
cC7mHyLwvF4,1,train
juM2ROSLWfw,0,train
_pjzQgq6BzM,1,train
INgwKE5xejQ,1,train
7n7wDN60iZk,1,train
TSSPDwAQLXs,0,test
OiN0Nm2enpI,0,train
xJx85diM3IE,0,train
Ly5hFMplfOQ,1,test
lnKnxlziPkA,1,train
uh8phgFP0Cc,1,train
GcS4kdmSAFQ,1,train
CRXC7pRNh6g,0,train
N4wi58Ge-08,1,train
uInTCD-aqeA,1,train
MR29wbOnMSc,1,train
6I3ALtvCmyE,0,test
t4TYLD4IJRQ,0,train
lOl-jySoseI,0,train
v5Xixm0mmJU,1,train
jWIsugPCRNY,0,test
ZS5v2XnFbjs,1,train
xl_j5vCOR74,1,train
LS5fGI2O-PM,1,train
GbMLzSMJ12U,0,train
UsjdRsrR6cs,0,test
Z2VKUMB4JMc,1,train
F8Z-ayQkK2A,0,test
jl_iAHHfUdw,0,train
OlZY1dUbLmI,1,train
-3c-V5K2p88,1,train
wZdYJscU4b0,1,train
xFyBgkdwt1E,1,train
cCL6tWv_7FM,0,test
9Yvec0XYfp0,0,test
xwUIgS8Bu04,1,train
2ITzU55PzOs,1,train
jEfv-iN1j4w,1,train
2KaEZeFPKMI,0,test
rdNWP6sBgCk,0,train
hY7dQnVnqmQ,0,train
U3FirEjT8Hs,0,train
qcgtVLNCqAU,0,train
UWrSzgkWD_k,1,train
IVACjnYXf18,1,test
bAxyxlkD_g0,0,train
qBdCEygLdRo,1,test
KTViaGA1cqA,1,train
QQ1Xr4Vzam8,1,train
p3p2GrSO6JI,0,train
iJXkDDj3P6I,0,train
5oQCkcot9K4,0,test
Em9EI37Yy9g,0,train
tea5OrZOuwk,1,train
MAEfOg5r2r4,0,train
i5ZM0-f5_CU,0,train
rvLQgngPdEI,1,train
2auQ27XuPwY,0,train
LDQYzEd1Dns,0,train
imDoT5zBvsA,0,train
zkIe78RdDsI,1,test
E_XVuVqo1fA,1,train
mSwUNarKjnM,1,train
tqng6HwVgPk,0,train
FnRHJ_nhgjU,0,train
KlWpFLfLFBI,0,train
Ib9wJOgH5Z0,1,train
w7zWGOGjLxs,0,train
4umiOnu3wuk,0,test
jQEci13iQEo,1,train
OwWINnGPa8E,0,train
rqASCatJhcQ,0,train
YojBpilJB00,1,train
NZLvoeyLUTA,1,test
YndyFgCJfU4,0,train
_kbN9m-GlkM,1,train
hm8yNXppPpc,1,train
W77uk1ejcpY,0,train
AdW7C_3HVjA,0,test
eT4shwU4Yc4,0,train
b5EYU3QsFGo,0,train
C8_3jS9wd9w,0,train
yKTjM5gmTy0,0,train
X_7_ZAf2cLE,0,train
kD9_7nRo3XQ,0,train
sRv19gkZ4E0,0,train
fBo74f49d3w,0,train
cMXTVY5VLy4,1,train
GJjh1eq5aQA,1,train
nltJ0uSlUhs,1,train
wu36VdRyogE,0,train
7iiEGZ2kpFk,1,train
uL3cerzKrOQ,0,train
Cioj_KYMVP8,0,train
htOroIbxiFY,1,train
eqe8XmbWwZY,0,train
0ov9-WKINhc,0,train
Rxkz_ygndLU,0,test
oF1saSpUTcM,1,train
SLSviqKGxSA,0,train
mW_t_nKqqaQ,1,test
11QSHr4UByY,1,test
FSXYyNw6rko,1,train
6ULGW22gBKM,1,test
pt70U8D1OWM,1,train
UZifn-n8YKA,0,train
Bj23JhwiNfY,0,train
v0ylg-sS3aM,1,test
O0BjbDNxvt4,1,train
5UgL_UIYvI0,1,train
Lo8NmoDL9T8,0,train
-SzoHL7j-SU,0,train
ntZ_PHhKllY,1,train
RaoSpLcVAlc,1,test
lMFLORlboGI,1,train
CACAmH4r1fw,0,train
o_gACZHOXAk,0,train
6M-fXCtrv9A,1,train
K5PQz03nuNo,1,train
El9y7HWySJg,1,train
KZVd-MvFbO8,1,train
bokKzyq8QEA,1,train
MP4aknbqDac,1,test
iifvQHNrgKc,1,train
NC0zIJrX4sk,1,train
TKDY7mfhq0A,1,train
hzNP6Inb24M,1,train
uTzEMW9OgBw,0,train
XwAjpmBzZJs,1,train
LBfU-z1G0fw,1,test
J1siZJ3yN8c,1,train
zCjJKLyRcAc,0,train
pc_U7tQwg8g,0,test
gyq6A4-hPcU,0,train
BHdSY5oxe5A,1,train
b9wDlZw34rI,0,train
ADLPNnld_nk,0,train
Ks8WH3xUo_E,0,train
NGBGN98b70U,1,train
XWmv_Ox44WA,1,train
4Qq8hzfEmwg,1,test
V1Q1FFTga8k,0,train
yR5604eIPUY,1,train
jc2mU_q6jH8,0,train
-sjSwqKavQ8,1,test
quxJy4t7_3s,0,train
oy4f7oVFQwE,1,train
eFTEsM5vhjM,0,test
K8ws82DTJX0,1,train
uUMg1eiTvSU,1,train
YlFujEBi40E,0,train
voPPlUD6R3g,1,train
pTZQOspwX7k,1,train
6F7quI-MbzY,0,train
KZEgUpAnuZE,1,train
xbuvcQrAOSk,0,train
CeEiq_C6j3c,0,train
6BNbo2pomd0,1,train
4aS45u_K_T8,0,train
Qo0ozW-prcA,0,train
dykcSJdpQG8,1,train
dh8r8xvJIDs,1,test
DC1S0NZsGbU,0,test
3o_kIMzyhUc,0,train
za6QuSeiGE8,0,train
9sQ9CzwMmk4,1,test
fV1o_g6uzuI,0,train
Lmfutzd0Y-Y,1,train
BfKtlsUU0D0,0,train
KnC_qb1RH9k,0,train
9HCyvFCIgF4,1,train
X0zudTQelzI,0,train
o90yH5_fMbY,1,train
fe8C2eMO6ss,1,train
STOJftffOqs,0,train
OlYDfkfJbhQ,1,train
_CACoKwOk3E,1,train
8GDPZDxGr18,0,train
HkppWEK-xh8,0,test
A9_mFX_-wak,1,train
aHtjhCxRIa4,0,train
RYNUG3-KGIY,1,train
2BYirI_dfkA,1,test
Z5Zoj6bmf7A,0,train
YW6GBciRHLg,0,test
CiYnCqMH80s,1,test
RddIiS4tSr0,1,test
N40uY51s5Z0,0,train
aEnghaPCQPU,0,test
jEh0_uBmJe8,1,train
y18mewmFNOQ,0,test
GrXe8YDbzYs,0,train
AUjf16JdqyM,1,train
UDtlvZGmHYk,0,train
WcCs6tRuTCw,0,test
C4YNcqNF4hg,0,train
36NjBO_jkCw,1,train
2Qi54PVRdDg,1,train
BejXCSIa9Zs,0,train
qtXLBcplNJ0,0,train
UddlsDsoIWs,0,train
AQa7qn0bxsQ,1,train
0NpuyvsUVHo,1,train
PIFZQ3nkGio,1,train
9UFvlJ-Y9rw,1,test
koOhht3ARTc,1,train
YWfzYPFKOyY,1,train
Pe_MAYfj2AE,0,train
NLp3welRSNw,1,train
ECDrYfNvj_o,0,test
rKdB2HnWBDA,0,train
UtlHIgAZejo,0,train
dvsHQldA6fs,0,train
BYG1qf3XJNM,0,train
GAH-mSODLhg,0,train
y4lmSfA1Xk8,1,train
GD3dgiDreGc,0,test
ujNBLk2IMLI,1,train
LqUmbYcxBS0,0,train
z7Sh6yc3FHk,1,train
9UJzVLXmBG4,0,train
iGOMdo2lC6o,1,train
993Mg5-a4TQ,0,train
r2SNEdn8jbw,1,train
NW67c6igkOs,1,train
zidH402zXnM,0,train
cO90rUcu0w8,1,test
w8KqDIPdCOg,0,train
822yxGSEK84,1,test
5K33YblO8Vo,1,train
os1kwb2a4wk,0,train
O5nskjZ_GoI,0,train
XnFgoeekL0s,1,train
I5M8_0Z7o1Q,1,train
zh0WpPx-AwM,1,train
NrIfVaWzlnQ,1,train
UYWBLX7aexI,0,train
5IIuuo7Kp8M,1,train
YvKWGjmPKoc,0,train
xuXiiM2y3-s,1,train
6uIK3o32hig,0,train
ipoy0oPMgfQ,1,train
0_HqTWe3rIU,1,train
rXyScwNPyXg,0,train
6giEeB3fMBs,0,test
iYLJjDZwtIY,1,test
ydQo_KGixBw,0,train
IdBtRTw_jyw,1,train
_k9cZHvJAZM,0,train
QP1Z4OWjTuA,0,test
0J4u1FD87FM,0,train
4ikGvLUbOuU,0,train
SVcZiuBsZwU,1,train
Su_D_EfHryQ,1,test
kMANwvYtx8s,1,train
eDOwTXobJ3k,0,train
LdIFn98zLcA,1,train
RIwl8Jz2KU0,0,train
wYxiffT7izY,0,train
92ZAQL7JGzk,1,train
Nr0xVQ8uDDA,1,test
OSdHCRDM9Ec,0,train
ILqKdIdDqDI,0,train
R3unPcJDbCc,0,train
3ksXeqRm3Cc,1,train
QK6TNJYpRCo,1,test
_wUs_ywD2_Q,0,train
jU7rhVub0rU,0,train
u9B0qIuCfrw,1,test
0NeuAFz7NFk,0,train
rC5Q8jYWN2U,1,train
EkVVl_2yo6E,0,train
DUkO1Znikuw,1,train
sDNAnPMX564,1,train
AAmqeHCFq_8,0,train
2yXNrLTddME,0,train
f_Qf2yfFY14,0,train
W-AMk57gxqQ,0,train
PRDhPJSFlbQ,0,train
hglseVMaoq4,0,train
5eIj1nDUs9g,0,test
PbYa34-7HhU,0,train
S-dFb9HQd7I,1,train
e735orB3QHc,1,train
Zx2YyvbxTkc,0,test
5cK0aWxJg3w,0,train
NwR6xKkHOyM,0,train
W3TiLnePV7g,1,train
9m3dQC6IfwY,0,train
tx2Ws1n7BMc,0,train
LD1RxJvkxIM,0,train
D-mAtH4ydQo,0,test
mSp1RBZeI4k,0,train
eh85Le1tCIY,1,train
at_f98qOGY0,0,train
YKGSgPSZ-4k,0,train
Nl_LrIFMkXg,0,train
Ecg7aEpD490,0,train
siKyQIWquag,1,test
8pkQM_BQVSo,0,train
uy8F1Nh83_E,0,train
scIizw2asro,0,train
q47sFg_WFus,0,test
mNiqpBNE9ik,0,train
noZAqbn92gM,0,test
NbuUW9i-mHs,0,train
FaBcKI8syhQ,0,test
Xm-X2GEUrOQ,1,train
qc4Anl-rN2k,1,train
0vF8GvyjMP8,1,test
CEZ_zD1cdXQ,1,test
56KE9-Tdhok,0,train
bcxjQTAb6NY,1,train
47GyO3DsohA,1,train
bQz5RmKFdeE,0,test
92ISlO9U-84,0,train
tkRSIaf-VJs,1,test
XAcUd0FESsI,1,test
ZNz2qF6r3Kc,0,train
Pzhbd0Uu8Yc,1,train
DtmwNfcKcRI,1,train
w-o84C8NwaA,1,train
eBlYqjKeL9Y,0,train
_5FQ5XDA6zw,0,train
8dcBsClRv8k,1,train
Hg18-VPZjCc,0,train
DPF0zB1hDKY,1,train
Uy0TBu-1-38,1,train
GdP1NnbtkAc,0,train
3HzXjf8s9zs,1,train
1yv_MXNYbAo,0,train
xMQDn0g10ps,1,train
zz5lGkDdk78,0,train
wR0mnlqlOR0,0,train
P6NhDB3yXFY,1,train
OHwy6cChTR0,1,train
QsSRy3ULrBE,0,train
fwFxMW5NmiI,1,train
jgu4XTvZ0AA,1,test
nkFhylZ5ZeY,1,train
8JoOpx6VwHk,0,train
ft3vTaYbkdE,0,train
AEB8fUopN2c,1,train
28WfafDEsjU,1,test
BWAyNbwiMPU,0,train
ofvVORLujuI,1,train
sv9X6pNURYc,1,train
AMeDBH6TccI,1,train
h3uxs7GBbt4,1,train
IKj8zlhWB_w,1,train
i3tiuGVDDkk,0,train
a2-6F2zOk30,1,train
DXBAq5taLs0,1,train
-eaoYMqPHdE,1,train
IETbROVCYJ4,0,test
HHS5Czz29QA,0,train
nf4EIX8eNlo,0,train
BP4M6G8AqXw,1,train
3NLUI-OmQKI,1,train
i1dAnpSFbyI,0,train
t9O4usHigKg,1,test
CYD8zRDaE1I,1,train
JtRK-BeejsY,1,test
hT6lY31kDkE,1,train
QZuMJMj7SVU,1,train
0L-W_MmgxGU,1,train
6a2j9YSlVys,1,train
BFNH5rBYwjw,0,test
JKcNU6IJmUE,1,train
3ubxQ5t0ckA,1,train
-KyIPwJcFZg,1,train
CmjeCchGRQo,0,train
NwJQ312wc6M,0,test
azFsk42kb5E,0,train
V9_PjdU3Mpo,0,train
N-xwypKbcio,1,test
YUMv1-pgs0g,1,test
rl0lImsnC7A,1,train
WbwWn0m03lM,1,test
HHgyRNK1PVc,1,train
fPY6Dgj3jcE,1,train
8xr-FCxYxz4,1,train
Qm2JaN6zRh4,1,train
e57V9FANrAA,1,test
IRsFc2gguEg,0,train
7TcUMeeBjD4,0,train
63TwGcjN6y4,1,train
YSxiF5_jE3o,1,test
FVTMZfTom80,1,test
8OCjwBkMJ_E,0,train
NpGt9qYEC1c,1,train
hcoKr4E3mJ0,1,train
Q2ezpExQ_k0,0,train
Uw30gWESpTw,1,train
Q1XspJW5Z9g,1,train
p4sDjT-q7z4,1,test
WoGBoHUCeTo,0,train
Vht7ngKZrsI,1,train
9XdpZ_2i_Wk,1,test
dGiQaabX3_o,0,train
_a1lp_ygGB4,0,train
sBd3LcvQ-Gg,1,train
rfKQXaT2ACY,0,test
_oXLUqE4Sf0,0,train
rOA9mPf7GnY,1,train
ULOZHqmShXM,0,train
YBWTq9oPO58,1,test
LSRwbKp4qb4,0,train
bUhuuUfmlt8,0,train
HNM6wUfxejo,1,test
tODIvUmH6cs,0,train
c50NBJ-lLYI,1,train
D0ZUDvoJFzY,0,train
3i7qlFz4-1Q,0,train
aec8zOfKPjA,0,test
yKbJKJ_whHY,0,test
_JzGB_Dh018,1,test
9CwRjQaoTlE,1,train
NsBgzwgXjrA,1,train
bjYrYEjoWYg,1,test
6s5PwEl1Ygs,0,train
hYirFqEc8Tg,0,train
dpOdVgnNkXo,1,train
W-6p8BqkPEM,0,train
J4LI_EqnJq8,0,train
ZeLcCEVYCJo,1,train
aUlimrFs6hM,1,train
SWDY7FKEBQU,1,train
VmBDBfBhGII,0,train
8lh-UTkiM4k,1,train
g7Nuwo0LLGk,1,train
07BiGlUW0mY,0,test
wDaogBStdZ4,0,test
WLukCE3vwwA,0,train
4JfaXMcnRAM,0,train
JHe_GJkiCnE,1,test
_9CD2PleHmU,1,test
wGSvhaCy3_g,0,train
B9gs6Y_lnAQ,1,train
1juc7_7gnB0,1,train
tyHHTjYxRKA,1,train
94kGGQxvDhc,0,train
Liom-xUzvK0,0,train
Qwd25JV-jnU,0,train
v0n2wEAiOcg,1,test
oC4VXwFibWY,0,train
kgFuqgnNZeY,1,train
m-jcBqZf5M8,0,train
7uITRS50eu0,0,train
zSIWjXlBylA,1,train
xW8kY6ECAdE,0,train
NC8p8ez-tCM,0,train
rC17twr50WU,0,train
we4maOly4UQ,1,train
TJ5CtSxQ0_4,0,train
zSwSuvHBxL4,1,train
zbb76wxJ1vk,0,train
Z_tDyL5w36Y,1,train
Cu1tijlB8k0,1,train
_KeWSPQ4tcw,1,train
vvw0WFw8nO4,1,train
3Sjd4BVHdc8,0,train
W2ov5tvBD78,0,train
fbhz3XcNzGU,0,train
aaX3js5sBFo,1,train
DQkKJBKGAwA,0,test
G-vIuwqUO5M,1,train
Hfz1bwK5C4o,0,train
0lbseqh9fsg,1,train
prb0ZLJwRGs,1,test
B1AXbpYndGc,0,train
BAkfazw0aAo,0,train
f0F-wxDjfIo,0,test
GIyuXxs6KMw,1,train
2JZu_F2TU2s,0,test
9sfeM2oSPY0,0,test
_IYtTJMVKI8,1,test
AApUkE-cv1g,0,train
imEZxmxSDvA,0,train
zWZrJwyWwTM,1,train
v_VTaI7VHdU,1,train
IkV5VpEROW0,0,test
9hqIy3K5nUg,0,train
VzVyf0hTjW8,0,test
3ty6GAWj9QY,1,train
wOYpd4X0gwM,1,train
3u40KEhfBI8,1,train
AhqQr-lJd1U,1,train
PMP_M39rpkw,0,train
MVplktX88hs,0,train
eFOi3B_r4qs,1,train
o_a_WxPJRN4,0,train
lN2YRBTP-aY,1,train
UYZ-Xd0-cjY,0,train
3L2mijdPoos,1,train
DE1ciffkBc0,1,test
Wvp6J-re4cM,1,train
Q8q5h_0PiRU,1,train
2JfClOxmMAc,1,train
bM0-Di3Pdik,1,train
7h2iXRDXHYo,0,train
WGZs-ixh1Vs,1,train
27RN00r_Li4,1,train
V602GMSSo0Y,0,train
GJvWP7wBkFs,0,train
F6g7S2W27Kc,0,train
mUELAiHbCxc,0,train
sfwnXVKdCAo,1,train
GL0aHhDuBBs,1,test
CmXEScn2A_U,1,train
xMDiQZwvZ78,0,train
TIs37TiZY-Q,1,train
QhUrc4BnPgg,0,train
9gHDmXYNJ0c,0,train
akO6D_tc0lo,0,train
wmut4HiZB24,0,train
TkmerqUzExE,0,train
vlNBVHWq6Aw,0,train
8fD3dCh5-a8,0,train
OcLar-n8eig,1,train
lUgosf8LufQ,1,train
nK5bj8iJsvs,1,test
eQzjUISCrQs,0,train
xNx0q3Mb9fI,1,train
J0yerao7FvE,0,train
ANZU0_nm7xI,0,train
sZUU7HrLank,0,train
RLHVZ2elQqY,1,test
7ezElsnQINE,0,train
w6JFRi0Qm_s,0,train
c0kgOAlwDd8,1,train
HxTnqKuNygE,0,train
Zce-QT7MGSE,0,test
hFTnTPl_9G0,1,train
1C3oTE0Px90,0,train
im7DzMr8Ygs,0,train
JRUTSGBX9sg,1,train
yro2jLBfyDQ,0,train
vBjN1g_siDM,1,train
AF-J-e_nZHE,1,test
Pfpd2YuSySU,1,test
ylAO6Bg3E8w,1,train
Dzr7SPXX-54,1,train
6SP0DweBVXw,1,train
SDzB2cQ2gmY,1,train
FnHw-0bUvAQ,1,test
CUhN7Qcj_yU,1,test
04pAmVYXQBM,1,test
7oFtLoXgJd0,1,test
nTFuzk3vKlw,1,train
5hpuoMilm_4,0,train
cA06WONF7lI,1,train
mxhxL1LzKww,0,train
Yht78LcTycw,0,train
BASELWRpRks,0,train
GhlZGtcRdUo,0,test
4bpqXBbnhms,1,train
0jKSQWhzT7E,1,train
ynfmMH2Ph78,1,train
BBCYW3tnkzM,0,test
lmv-xLyKM4U,0,train
1KEe_615yUE,0,train
8KDBwyU2kto,1,train
DUkICPS0zQE,0,test
HIr1W601U7w,0,train
nvwlPgk8viY,0,test
MOOlw0qcUNs,1,train
cOL8PJhNUdY,1,train
UPxqDm_T2Zo,0,test
0Z4JjgGquA4,1,train
zgIib_Uj1T4,0,train
2Vv-BfVoq4g,0,train
8kZVlD-qSYA,0,train
eZ2RGKYA3sM,1,train
IT4DzZWj78g,0,train
bzQ-ciKQEkM,1,train
0NPjDGgRXBA,1,train
Zskrp5C2kh0,1,train
MjUcBWYVF9s,0,train
lv1Ut9XqVyg,1,train
BUjl4EWjDTA,1,train
OlbaYbWuPCU,0,train
GMFVQwdS21Q,1,test
oRqOohdLrJE,0,test
7k85eD_tQZo,0,train
xT5YXIiHN40,1,train
3HmP-fq6r9M,0,train
NSxa5cVT3Ok,0,test
05XOhz67jGA,0,test
7DsqljgfxQI,1,train
cd1qB5vPSIE,1,train
g_FB4Bw99KU,0,train
lW4Uq_2VPhE,0,train
EYpXLjdY8Fw,1,train
kjaHhduqS5o,0,train
LWDFU-Dd30w,1,train
-dLJ4UQhb2w,1,train
lymdcMcnH0c,1,train
xVr0kB6SqEE,1,train
aH5xcqm4ga8,1,test
bvM8ToIVSmg,1,train
nMaMjLT_DdQ,0,test
Fggm4ZyCYtE,0,train
jQZtk-fCWQ4,1,train
PX9reO3QnUA,0,train
1Za8BtLgKv8,0,train
eXT2F5ps91Q,1,train
TfYCnOvNnFU,0,test
lKWhEYyqlaI,1,test
NOxteh5sPRo,0,train
lbQTg107tmE,0,train
anoHSL0lXFc,0,train
Id0ud_UfIK8,1,train
3R2uvJqWeVg,0,train
2XkV6IpV2Y0,0,train
6ObjCzedRs0,1,train
uzkc-qNVoOk,0,train
WLbhDNBcBQU,0,train
OgNehTfe0cc,0,train
1l26UFQ06eQ,0,train
1pJvs-wpJwc,1,test
NJ4HRVxVOvM,0,train
13oqcMyGbkU,1,train
QR_RN8USCYc,1,test
7lKB2uaMOto,1,train
uldqs2kW25g,0,test
3-PZ4gE5o14,0,test
43n9c-Ui_ds,1,train
uq7mztW1knU,1,train
vxsUr2JMp-Q,0,train
CwpdGyIY2fQ,0,train
WYhvnyOPhFo,1,train
GGeBD8S6UyY,0,test
g3IF5MswmVw,1,train
9hdSLiHaJz8,0,test
NLQf-Q8zlG0,1,train
M6V9h_16lso,1,test
ByRHSUVItYg,1,test
l2te453brZ0,1,test
CKzMDT44d4o,0,train
jhH8Q0uAd9g,0,test
vG65DqYgTnI,1,train
8JM-hdLDmPk,1,train
nmDP020rZGQ,1,test
brRyO19I_ms,1,train
m4gWxp68cMY,0,train
BcytdVihY58,0,train
wgVssf01vYo,1,train
20easSWzGRg,1,train
_rt89nW1Wms,0,train
TCF_CvvZzio,0,train
Y85bS1GWlS4,1,train
Ok89QNexM74,0,test
ft2WsStwHhE,1,train
IL76oS6CdiE,0,test
cnYmwc3f9UE,0,test
YPFVXrXLH_4,1,train
2USVSYTjkus,1,train
cJ_boE1nZZ0,1,test
CSf8i8bHIns,0,train
5EOIx3wzH6Q,0,test
Qqv4ZFRDB1g,1,train
UFsV5NrTnlU,1,train
Q6niHFCtO5A,1,train
Dxl8pzV_574,1,train
RgBDdDdSqNE,0,train
VFj8AOqO46Q,0,train
c9OhBLe62M4,1,train
szyrEMfzSuI,0,test
d5dCwHje3MY,0,train
rYgzL28Bbgs,0,train
QPoH78eKqfE,0,train
QH9IvVv3RfM,1,test
8ACSMweq8MU,1,train
i2B96fFyOeU,0,train
O-H_Ybmtu_U,0,train
X1UDuzuuc5k,1,train
4wJWB4CqJIE,1,test
qHMlm07z8ao,1,train
UE-kaxIiNPQ,0,test
T_Xev0-h5iE,0,train
1S1n3HFlZq8,0,test
XBTnrOJKR4o,0,train
U6TZzYdcRV4,1,train
Hlr6HWPUD-0,1,train
uAIdugBsL94,1,train
yQR3OCRZqTk,0,train
VR0Xc6lYBGY,1,train
TPNnU1G8As8,1,train
NyGjHiYi3ZI,1,train
k7ekwJzQEKc,1,test
xHkXjJ2Yff0,1,train
ctaHnYUDIqw,1,train
7XOMkCCl-TE,1,test
m0SFJt_0v28,0,train
HuFR5XBYLfU,0,train
mrjObiRNel8,1,train
CgQfRod_Iv0,0,train
ae0DpMRmuhI,0,test
jN8A8I8N4R8,1,train
f4APKyfYAXk,1,train
o1sf9epCGzY,1,train
3QQZl1t1VxE,1,test
jVTGqTcSUYY,1,train
JWY1bpbmyS4,1,train
dLaBxTeRHV4,0,train
VCzrL7m1WaY,1,train
G41OcYF64lo,1,train
0_d0SFFYW_U,1,train
noarixsaobo,1,train
Q5On3Qzgu1c,1,train
48rlkSRQzSo,0,train
K9EQ2-bUMKU,0,train
KWt3H_jcr3c,1,train
eX2-RCfNpAU,1,train
Il_KGsw2miI,1,train
nt59JjtWFSU,0,train
UHREmBqFe5M,1,test
RbA19h4wtX4,0,train
Im9Pj6FnhlM,1,train
XKroMZN9gEo,0,train
UCgERDCYii8,1,train
Q2DcVRpyA-A,1,train
s8VOM8ET1WU,0,train
aEP346zFHLM,1,train
8l_hFYzJpQI,0,train
oqqWdaaTq7A,0,train
kA6axtIEzs0,0,train
d5i1bumC2Zc,0,train
_fNNQfGGYr4,0,train
s7_L1HGXaSA,0,train
oVQVzCln9yY,0,train
Va7S-Zry5Js,1,train
fn6D-Yjo6DA,1,test
e-c6S6SdkPo,0,train
rVrq92m12lA,0,train
UU-pFYZcs_M,0,train
sf-HOTnKiT8,0,train
N7r_PZP6T3s,0,train
8Zf3zzh1-Qw,0,test
TekvqXzKmtg,1,test
_cz7bE1771c,0,train
nc0g00zqIFs,0,test
7TmcXYp8xu4,0,test
Qskq9WmETGg,1,train
JzD0xJ-pa2M,0,train
RARuzPDMUX0,1,train
9TWoHUO6Ek0,0,train
K-RGVLwvdSg,1,train
gEy6XOR8ejI,1,train
Wg2lFtVc2Yc,1,train
dy41gdo9Jvg,1,train
om9iq4mo9fI,0,train
FaOE_Uwoca4,1,test
kNDapxeu_9Q,1,train
ePK0FbOxY3s,1,train
s3Ehmi4xHe4,1,train
9YUtFpLpGfk,0,train
HWMii3GX18Q,0,train
KbvfsIVYcUM,0,train
ZBrlK_MIfe8,1,train
2H6ejhcBdVA,1,train
s7KnAd9AM1o,0,train
cfWM1kdTuMk,1,train
YHS9g72npqA,0,test
jULJDM0HNAo,0,train
aETKLVBjZkM,1,train
YIfirBuaV_c,1,train
fyNpBZ0F7M0,1,test
Wp9NUrNssv8,0,train
nU2BTwLYXjo,0,train
7cYgPMGDgbk,1,train
-E4OqN9tJnw,0,train
01egdlDn3_g,0,train
CZZHPBqiSjA,1,train
asw97DWtrgE,1,train
7KYTJ8tBoZ8,0,test
szTkeGcrz3c,1,test
0oBodJHX1Vg,0,train
8jfTdH5I4y0,1,test
lGawSo_OQGQ,0,train
_9ywYptCKlg,0,train
JXN5xwMI00I,1,train
-M7TqetHzmE,0,test
CoiAQj1I-nk,1,train
oofo4_-7-lw,0,train
Zt9rvaijpPY,0,train
R9OdAkH165w,0,train
pZqzj1pBfjk,1,train
kE-gd2_IJpU,0,train
Pr11DyYT1s8,1,train
CF3xIHpI8QA,0,train
VFv9O1GK4CE,0,test
-65nRNFagR8,1,train
m7SGKb3TOas,0,train
TEiDNaxMrj4,1,test
YDIVGAStilA,1,train
ujSxEEBNQss,0,test
NHjnAOD0rx8,1,train
k-n_RDM3tns,1,train
rY9zHNOjGrs,0,train
wNK-9CGQ9eM,0,train
IbrYfkajMUE,1,test
W8CsEqYCg68,0,train
DE1cAWlHLhU,1,train
3cy2cEowIrM,1,train
fCRX8yB_tNM,0,train
HPf9JPH4iVg,1,train
HApacB0i7C0,1,train
HclrKUmO4V0,1,train
94x_0wkHSXg,0,train
C06gNJwyUwc,1,train
eUg9E41ImzY,0,test
P3RG_q0N5e0,1,train
sYxeaVeeWvc,0,train
iWZmdoY1aTE,0,train
uH_rIT0juiM,0,train
ZvAw659U1nw,1,train
j4laeNtDyBw,1,train
JE1pJJWwF7Q,1,train
OqFI6pk6fHM,0,train
NrzMnD8_3Ug,1,train
lZ7SKUuZA6g,1,train
ls77_u1ItuY,0,train
_nws2egRR1w,0,train
TvHJXw88d70,0,train
bgiPTUy2RqI,0,train
PIsIE0oHGgo,0,train
8SRFhVksTvc,1,train
wgsYH21Gh0Y,0,train
OLxDnnTpgA0,0,train
wn2jKp37uHg,1,train
3PfJhoeWjYE,0,train
DItNtEGqoYc,1,test
yOP0R4GaoeY,0,train
pY8Qw5Qaves,1,train
PZ6j_VPJ8Ac,0,train
2FbL_KBfe2o,0,train
MQyxG4vTyZ8,0,train
Theih2v9Tc8,1,train
GHzqlw54KqM,0,train
-nSrJwWvGV8,0,train
3OLOn8Uk2Eg,1,test
iMNa3UitnSw,0,train
WJfhB3Vj_G8,0,train
xe-f4gokRBs,0,train
KyrLpnxH8lk,0,test
lOEqzt36JEM,0,train
GxZguda0TAY,0,train
CUI4OeddmEg,1,train
lHLQTB7Byqg,1,train
OdKgMjJL3KA,1,train
jiMUoVjQ5uI,0,train
4YGKYqr6smU,0,train
sENK_HIk12Q,1,test
KINyi6XmPvU,1,test
mV-0nMPpshM,1,test
GhZ3naSgJg4,0,test
fCsSLb11RUQ,0,test
k2eBDhSWF58,0,train
Kwa6Bx1a6rw,0,train
5KmJd02D-6c,1,train
YRfUR9iVPHc,1,train
4GqxfvyIKTo,1,train
z2zywBq15v4,0,test
H19txh2F6II,0,test
KbsnY--LFh0,0,test
9Q0JfdP36kI,0,train
z3RXQi5WU4s,1,train
-I5l64ZmEWY,0,test
ctHL3iuIFRY,1,train
_2xJy8CNsVQ,0,train
tuv0E0zgRY0,0,train
1tEokVJzNIc,1,train
tnqIyZIvqNM,1,train
eN8t0jA5QUQ,1,train
_7B7yVKMTJ0,1,train
Nw_t4b1Z5lU,1,test
Qoo7_9uRDbM,1,train
RdyfuHKb-4Y,0,train
hHv3mHwg6y0,1,train
ygKJxBea6ig,0,train
fu-fjcRCGXo,1,train
05PpTqtGhGU,0,test
OgW7L2uq2VM,0,train
wup4f7XQSxY,1,train
J7Cc4F7Ayno,0,train
t8aPNtKYABk,0,train
dIgGZA4qQoc,0,train
6sfHv-oN8p0,1,test
iEMJ2DVQzrw,0,test
Cu7pi-B2U9E,0,test
sCiJj2H9szk,1,train
T7JLXg7yGx0,0,train
wUvlgMheXTI,1,train
O3Tfgjs4CyA,1,test
4Z-NIwntoWY,1,train
0WW1HN0iG0M,1,train
6SmN-hz_LNo,1,train
7zqp1szDWyA,0,train
lr3au-ZdIOE,1,train
Hbj56TsD2ZA,1,train
gIUPw6xWKJ4,1,train
eageMVdW8RM,0,train
yiElOt9cI8k,0,train
j1VEbGsnr90,1,test
tSom9dr7gX4,1,train
EAGhzuitLXU,0,train
ceMuqu2XAGg,0,train
TrYc0-NSZZg,0,train
kTw05gC2T9Y,0,train
jwu5atqoHFE,1,test
tjrvKA4w9-Y,0,train
ESYVh7_VGew,0,train
0MDHl845tgQ,1,train
5cmAbkMTeZY,1,test
J86Hx7RTnIQ,0,train
R5MoaO_56Go,1,train
gNie7TOut2k,1,test
1wK1Ixr-UmM,0,test
RkBEEiG-wd4,1,test
kSfcj-SrzNI,0,train
NVCmX1YRNyo,0,test
61_cdC5J22I,1,train
qln3csFlSTQ,1,train
atLL2Yzi3bg,0,test
sTExU8XsvOw,0,train
dm3Na4XU3us,0,train
E8KEF-Ilao0,1,train
9SbxPWJH8tU,1,train
yZDaganYSrM,1,train
p4a0F-7LWt4,1,train
kB1ziaDbim8,0,train
1g-a2iB_jyw,1,train
rSBAryA1KMo,1,train
IWQH7MfWTIw,1,test
j9M1mc_L56k,0,train
Ya2D1ao_n2s,0,train
mZt1Gn0R22Q,0,train
Ucx0gv8G_VA,1,train
4M98x-FLp7E,0,train
0OCrs_KEEX4,1,train
SJRAj1Rnu-w,1,test
HHuTrcXNxOk,0,train
xtNsjtgIMI8,0,train
-vIY-bzdcXA,1,train
kWSIFh8ICaA,0,train
WOfud6Wk8VM,0,train
DtYDAcM4Rjs,1,train
Hjg2iUrDkH0,1,train
xKxFkQpUh-Q,1,test
9bZVTxokbrg,1,train
OQl_hVW7lc0,1,train
qvu5Tfo_HTc,1,train
YhSPDqqgO3Y,0,test
bmMWAanb4gY,1,train
Qu3sup928DQ,1,train
WtUKE5HdTms,1,train
-Ib0yGGFcpA,1,train
plyug4_Kabg,1,train
NsUeszNr58c,1,train
n_BCVGGDpnU,0,train
5vhaQIp5PBs,0,test
XCXM1jqX3gI,0,test
ee8kNG64n0A,0,test
2WkDLVu6suA,1,train
qXA4x_uve3g,1,train
rOpU4iuzj4A,0,train
YzunI-n23ec,0,test
4Z0rC1CI7sw,0,test
DwXvLGPaj1k,1,train
YqWZ-k-G1RQ,0,train
n2C2--coChA,1,train
K1GkmsedvAM,1,train
CltOThAhuXI,0,test
X4TsY6KnXD0,0,test
YmooBeT4Ep0,0,test
ciSxJdSpBVI,1,train
BhKemHXgArg,1,train
qtaCIGNhEsE,1,train
TvEpYnAo0Tc,0,train
IKBWFoz_g2Y,0,train
-aUVcej5Dyg,1,test
mvjyzT_tX6M,0,train
XInj3WyRerI,0,train
IrgE_c8XgEM,0,train
vFhoNykgQtc,0,test
YsYuzxj5dLY,0,train
wpPBGKsNjbs,0,test
1ZOzgK0D4Cc,0,test
kSU-wnNzk-I,1,test
A79mQ3AKW9I,0,train
ZUbXnW3ImJU,1,train
RPdgj6yYrGs,1,train
MhBi8_2Lnzs,0,test
AGLWZPQH66Y,1,train
wiKG-bWKl70,1,train
XLVSD9K5kp0,0,train
1-s8hDXFRj8,0,train
yYOIuUdawBc,1,train
QjuWqBzO7qY,0,train
2yHDeKFW8j8,0,train
JJM7nP87jEM,1,train
4B8wvxOdpg4,0,train
E_eL6bmjr_w,1,train
9kWV2XsxzHk,0,test
p1nR5AQ-CRU,1,test
jDHN0AeiUEY,0,test
vjZXcapkFEU,0,train
IirUMcqKEMU,0,test
24UKEXHlbcw,0,train
6_8MGi4Vq5I,0,train
YqnyJcvIMH0,0,train
Ji3VcobCbr0,1,train
COBICZWwkc8,1,train
bbomiNd_EuI,1,train
79rYbkTi4fs,0,train
xmV6TjVNZGM,0,train
E5pljUJ6b1k,0,train
LxHC7JXZaW4,0,train
ZrXrZ5iiR0o,0,test
NVZogi7lSjg,1,test
O9GOecJDiEg,1,train
8bIys6JoEDw,0,train
8kHvE91rH3Q,1,train
8NvzzqduQOE,0,train
Yae1KxRSq0g,0,train
FZNrVYsw4Oc,0,train
7ujVwGjoT2U,0,train
RgxCfrG5hmE,0,train
ckSoDW2-wrc,0,test
f99BP3Td1_M,0,train
QVQEXubPHBQ,1,train
z9gRMUjeMNg,1,train
SvTv-Y8FdIU,1,train
NOUba82PWzM,1,train
qFBSj8xOhU0,1,train
Cn_Mlwouwng,0,train
S0W6WopK6Yo,0,train
HPypBiQz_OM,0,train
XAVqkN1WqzE,1,train
mbGO6WoRFrk,0,train
7ZIBul5CHJE,1,test
EP0rH8IR22c,0,train
-eakj3ZfDLU,0,train
61muWPtLsEs,1,train
HB0-jTeR2Vg,1,train
Giu4UkGbOew,1,test
3kgx2snn30M,0,train
ZL4yYHdDSWs,0,train
r2joQySslZo,1,train
F2-_OQL9fBk,0,train
imFdiy9OyJ4,1,train
7kaGsSsvFlw,1,train
pMPV6PxXpcE,1,train
CZ9WES_6RFw,1,train
K2H8B-sDcAE,1,train
dmo5-S9PPDk,0,test
Ec1-3Fjxy0c,0,test
RLK-IBGfFBE,1,test
zHLju_nwPJc,0,train
L0EPQsOVwQQ,1,train
PS5p9caXS4U,0,train
5ZlOn9V_MmE,1,test
ASixQ1g0M5Q,1,test
bRa8kp_1zvI,0,train
Pa0SY6RYJIo,0,train
mOSrtH9n0sE,1,train
l9Jblh5ssrw,0,train
AUunRtEL5K0,1,train
pZ9BslFqgU0,1,test
YQnaUw5gWsI,0,train
0kx16qo7pl0,0,train
u2nuFRmtBIo,0,train
D8JKXlTY70g,0,train
e6LQq_Qz73k,1,train
sOyMlOba6yA,1,train
dpc_5-TTFNY,0,train
9N4RpohW-hU,0,train
r9wV8FUbbVA,1,test
0UV7niMk8KU,0,train
_gYAPmUf08Y,0,train
0iuRGYB9QLQ,0,train
jbgmHmrsI6c,0,train
bL4YokWfb2w,1,train
HV6iJhz1QKE,1,test
HMyYp9faGvU,0,train
PCJJvR5Jt5Q,0,test
OXiy-JphmV4,0,train
8sWGoNXXyrE,0,train
zP4rgvu4xDE,0,train
_8P5tzURxek,1,test
HN0jNA-RcUI,0,train
LTubr6nCYo8,0,train
A_af256mnTE,0,test
yLxobXeKViM,1,train
Uq_ePJ3taLc,0,test
tWEBbYoDaU8,0,test
eRqOJnOZGV0,1,train
pqMma9h5rn0,1,train
fSYxEAtXnpw,0,train
HbUdCDoK85s,0,train
oG0oxRgOfeI,1,train
iMGdIPA7T64,1,train
hWbZZslsKqc,0,train
XkkJuMGQ37I,1,test
RpnON6Ohx28,1,test
QoI64ZLgqEE,0,train
snCCPwtUFK8,0,train
66NjRlfxr8I,0,train
Ytb62SuXpZY,0,train
F1sd4CRcaE0,0,train
4GfjgRhPmaM,0,test
qxcHWa50WLw,0,train
ccJBwI-jCII,1,train
s-lzZy26q-g,1,train
XEebyt6G5kM,0,train
baPCtCNisas,0,train
fqXfefq9VcQ,1,train
UTJU8snYxMA,1,train
15m-p0gVNE4,1,train
p_8wosB8w_A,1,train
WOBsNIMnVDE,1,train
fuRVAERmE1s,1,train
rs8k01Q1iII,1,train
4Xc3HxLlkqE,0,train
LAWo9_V2qOg,0,test
c4I13WL_ttg,1,test
d16LNHIEJzs,0,train
31pmEibQpFI,0,train
2KJzyB57n7w,1,test
P8vFRGD5g4k,0,train
fz__skGcC8w,0,train
UloIw7dhnlQ,0,train
F981CD-8YEg,0,train
C2bmHCDd-mc,1,test
bu-udH1QRbY,0,train
K8MwhIaQcEQ,1,train
ZZhclrlQ2Eo,1,test
RZllika67LI,1,train
y4V_3w0rKYQ,1,train
RjJR0dVeXR8,1,train
uDP7Pty8Qnw,0,test
weOKOzVi2jE,0,test
itsAKqAdl0Y,1,train
4BLzNbqbgrc,0,train
cm0oxOL1-Ps,1,test
-ygu57NhhQ0,0,train
ZbHVNauutSk,0,test
DLWd1eVVdac,1,train
2MibKZFFRIY,0,train
SETNqySnmgE,1,test
POtV24aOI5s,0,test
OK40bsMztMM,1,train
CTVzdg7B9os,1,test
ugWuTk-A5Fw,0,train
BnEAn6rgOw4,1,train
aXuk41q9WG4,1,train
bre0moeCMFU,0,train
Hb3zbnU8ylw,1,train
54a-NPz0sHY,1,train
d7VvIlen-6g,1,train
geCIXy7nvFY,0,train
QvfR5tDOxyg,1,test
wI3ddzi7JGo,1,test
d4ARyi9Y6dM,1,train
yO-zc3iRNtE,0,train
oPrc8z4VW4w,0,train
zDzIf4G8jkc,0,train
s95OpWV4mt0,0,test
vHbLRf3C9KI,0,train
UsmgoIVDG98,1,train
cVayU1d1u-A,0,test
whV5oQDvVWE,0,train
rqZe-36JCWQ,1,test
-Qv6p6pTz5I,0,train
QjMqiymtY-8,1,train
PjhX22BWET8,0,test
8tjMM67-aao,1,train
lLn30znyaOk,1,train
8vMonR9gfbE,0,train
WhhtTTStsIY,0,train
pN02QeTzdcE,0,test
1vcaPiX6Aw4,1,train
ntGTUIJ3JLg,0,train
6eN6vHRwi3s,1,test
eKL045fZ5A0,1,train
XH1uZXcjRrE,0,train
igN4H58WTl8,1,train
4zJ9LhUgy18,1,test
7ofma5684ds,0,train
6QT0zKjvRfE,0,test
FNeHfj1k0ks,0,train
uKJzojYBeiY,0,train
mVJEi-PkkaY,0,train
EVGaOGNzyx8,0,test
y1OhC9h3flY,0,train
PMerSm2ToFY,0,train
xYSEiSwI5pk,1,test
EB9wnw5SvXs,1,train
dxa0GGJNWtI,1,train
BemsLUldVAo,0,train
2MpEdfGERo0,1,test
q-dwr8nCATI,1,test
hqzHf48CqJg,0,train
s0MmvxvOomU,0,train
LVNr5NsLFoY,0,test
vtDbsogi4F8,1,test
mknStAMia0Q,0,train
t_QK4byQQZs,0,train
GPOv72Awo68,0,test
QNkk-0rgX-E,0,train
eA6uLMsl9w0,0,test
P3d9XxDTIHA,0,train
fdibwIkjVZE,0,test
x5oSzh00ZhY,1,train
tZaOmAuS-eA,0,train
y6abL0JbEI4,1,train
u-LfKbCR0MI,0,train
kw_jK472Y2k,0,train
a-4jHl1MjZ8,1,test
mjMdwlHh2SQ,0,test
qbwFuLTDx14,1,train
qs6rcYnaKvk,1,test
KmqMUJb-E4M,0,train
FyxkIcN-OGs,1,train
COrIjqky6dA,0,train
XtCEe8ssRVc,1,train
Xjilq1MFgCg,1,train
JmdwhSvSlbE,1,test
8ZqHUBkLv4E,0,train
52ZlXsFJULI,0,train
NoaR_ih9Q0M,0,train
pGHshidi0sQ,0,train
IMRBHTkS0M0,0,train
FGXq_OgdHHU,0,train
Fw8dfZJ6thA,0,train
OelHPDBSiJg,0,train
oULkYytYPgs,0,train
duj1cO8J5DQ,0,train
OtYcw1QXKYs,0,train
TnzcwTyr6cE,0,test
xa_vbbWao70,1,train
ASJG1ItPiro,1,train
Pk4z8VHUuwk,0,train
UpyAHLKyVE8,1,train
bziY6o0ipI8,1,train
pbGlmdJ2oXo,1,train
2WRqD9F7G_A,1,train
SALJnjbC3N8,1,test
AKzUxkUAIPQ,1,train
J-m8krIpbm8,0,test
ZG93cyyRWbg,1,train
6jqiR-VBo8g,0,train
nHL3lq7wskU,1,test
Y66mqSOV9js,1,train
d_yLDDRt21o,0,train
x3_dJaZjwHo,1,train
EUN9gTfofsM,0,train
8_fk6ni-0eI,0,train
b-C4xJI5qXs,1,train
s65g3I98b6I,0,train
fTT8Lxjh0Cg,0,train
uetK2ZGhM3k,0,train
hhXeUQOuRaw,0,train
YuJm55F9m2Q,0,train
dC1k4_VU2b4,1,train
otmgFQHbaDo,0,test
TbDy1JheDhg,1,train
X8AJpqp6kks,0,train
9bdsH-TMXE8,1,train
PtF_OylW-PI,1,train
Og5xAdC8EUI,0,train
aDorTBEhEtk,0,test
UMtOEvLQMBM,1,train
fB8ikaj3jR0,0,train
HLgrlcThayI,1,test
LqVgVAnAxPs,0,train
KyJouhIp7os,0,train
M6lfiu9RIBY,1,train
-QwZqbLpVlM,0,train
2-na0vSS5Vs,1,train
BJOBsISlivY,1,train
YFNJ1jMqcbA,1,train
NaXE_LPdiCc,0,train
Vw9healWTcQ,0,train
gr5EwZo_CHQ,0,test
QbLMom6Qt0c,1,train
KssJzGx6JAA,0,train
tO8Kk0wIsrI,0,train
aqV1SkXWTIs,1,train
0Jon60rx7A4,1,train
lm7ROD7CLHw,1,train
zuLLetnvugI,1,train
wbDXmduVR4Y,1,train
8ccFYRuUFJg,1,train
jEzwndXO5Q0,1,train
fHC8DfI13Tw,1,train
uZgttCbLYvQ,1,test
t_SEr0i2awI,1,train
TsW2sSliFng,0,train
gpanyYCXHj0,1,train
wZIfM2kIyp0,1,train
p0Dch1B4c04,0,train
flyW41U7XPw,0,train
jJE_WWpiutg,0,train
7sMPtWzkr9g,0,train
XvYWgdS2QU0,0,train
xiJFp20S0QI,1,train
fR_TvmwNmJc,1,train
AC-hU6-dfzQ,1,train
DM91100gT4c,1,test
Bm5Pc8nJ5Sc,0,train
eg5LZhMPdsA,1,train
9_bgRzQhO8w,1,test
xSYVSREhgqE,1,test
zg7j8W4pQqc,1,test
DcL8gP1w338,1,train
Cb6Wl1GcEts,0,train
yMTtZUTveGM,1,train
4Euc9JAL2sI,1,train
LuBhDsQqQ3M,0,train
ytRtbCQJzXM,0,train
4MUOdUvtf8o,0,train
oMEI5TWbPMA,0,train
T2TqAHkBv2A,1,test
qsTK4CUzPb8,0,train
ORpcyU6f9cs,1,train
_3ZY3T8gE8s,1,train
e4ReKdhb_Gk,1,train
bteF5cPHNUE,0,train
Ui-FGdf932U,1,train
g-hiZ4PDEyg,1,test
T3CIpGQWQNo,1,test
-2TsCVVVbyI,1,train
aqsVgNr84nA,0,train
-elPeLiuEys,1,train
-xqb4H0q_1U,1,train
5f_RJpenvAI,1,train
CemrH5y1zCs,0,test
JyW7hKZWjzQ,1,test
JhHMJCUmq28,0,train
WdEWzqsfeHM,0,train
a2hAhsSRLkg,0,test
gMyKNFqRyQk,0,train
PEVaGVIMRFg,0,train
p_o4aY7xkXg,0,train
PjP1XJxHc08,1,train
9PN3JOGzVJM,1,train
I-7JzVEByMI,1,train
C-h4kjTjV9w,1,train
1hfx6AVDoLY,0,train
4z1s64JVaIA,1,train
wTVQN6D7xd0,1,train
TMQpiigRKTM,1,train
AtXkxsEgrG8,1,train
7GT16s87M-k,1,train
vfIUYDjo8WM,0,train
B_SR_5Kl9NY,1,train
ZTRV5GXWpo0,0,test
bjMEIxuaDUA,1,train
mZ2QT08STRE,0,train
xRF7WIZV4lA,0,test
-yFZGF8FHSg,0,train
iTMmYX7MPGM,1,train
ar7K50LdDfg,1,test
LXDAu8DnALw,0,train
0jBg49dckXU,1,train
2ea_Wg1ZzoQ,1,test
QNDTWU1XH3Q,0,test
8HlkCfYC6f4,1,train
LBVkBJPNsow,0,train
P6_m4h0w4N0,1,test
pZOF9q5fzfs,0,train
wyRqWAQnHBI,1,train
tbTBIV5Dsjc,0,train
jNhXXSGY-6s,0,test
pjagqAGyoS0,0,train
yrLutFhQLgE,0,train
7kvEMyd15Ac,1,train
2-zbRsyyAKM,1,test
FRndydYo9Lo,1,test
qhxcgqUi2jE,1,train
jqkYEe5ffYE,0,train
aq-phmpUJ_E,0,test
BtW7s1WcIjI,0,train
33-0OTJ3h5o,1,train
8qve776r0fE,0,train
gd5yB9Vmd6I,0,test
YJAGNad7FLI,0,train
Uq8CVA_DQow,1,test
9MgctssX5vY,0,train
MOT1dX8eQ6s,0,train
yPoPmdvlyS0,1,train
Yrgh_kXNKxM,1,train
dwa28LEObew,1,train
YdfCucsar9s,0,train
tdxHSX9RPUs,0,train
yJNwJ3qjLBs,1,test
PEMk1WWO3gg,0,train
d2Vyyal_zDY,1,test
Y6U739ndi-M,1,train
eR7yRKBromQ,0,train
nPkannJ4Hpw,0,train
qz4kh996StQ,1,test
mIvxvCPVQyc,1,train
y4V4-50U3As,1,train
lHaX9asEXIo,0,train
JXmHYsyY8bk,1,train
PxEYGXF4kqA,1,train
OH1X8o3QUOQ,1,train
d853h-8rsPQ,0,train
rYWcL76WMRg,0,train
qZQZCMN3D1E,0,train
ZjCXuA3t8kI,1,test
YhINec4cH38,0,test
hyk9dRXKKbg,1,test
ClFQQ0uzst4,0,train
2HfUoWr4KBQ,1,train
mXfahVh7MCs,1,train
SeyxdiFkj64,1,train
DQ7tkcozmjA,0,train
NY43w15joPE,0,train
odzKGZNmmcc,0,test
fe4JKBEr82U,0,train
5B_hr45FtZY,0,train
oKKdCiiF0N8,0,train
mE-yOzL76qQ,0,train
YaesWY1dZoE,0,train
uvMiz0-nPxs,0,train
wrY93yYFhSw,1,train
1VhGa9Tc7QI,1,test
RBDkx_qgxFw,0,test
P-u3o2hvdUg,0,test
KBK8S_ENq5Y,1,train
QC6gsVTlvRo,1,test
Xl1nqcRuuCU,1,train
jOcUFieyoe8,1,train
mH31FYFPy7I,1,train
awR_iel7BEM,0,train
Rjw5R7Sl0mg,1,train
ObHJJYvu3RE,0,train
kE0BbuBKJ7g,1,train
weYuuIZBOss,1,train
5B2dfZnxTk8,1,test
g693z6yy1rw,0,train
PUTQQSxLpEU,0,train
8iHpZHOESf8,0,train
UvQ0tTS8CTo,1,test
p1TpSJ9nLjI,1,train
S5jdwIzkbkU,0,train
jxPsh86cTn0,1,test
dVpF2Wg6Fh8,1,train
NzNrgRtOtnk,0,train
-TyJlHVGeJ0,1,test
U3f1tmYOqpk,1,train
_6xlNyWPpB8,0,train
-3eSDPZxOD8,1,train
kxjwb5cXTI0,0,train
F3QpgXBtDeo,0,train
GHAOPzN-Fpg,0,train
7800MEmZYpI,1,train
IfmSKHpk3tA,1,train
weIbm3m-Xbo,0,train
YVpsDCSqg4c,1,train
7Odakip90YU,0,train
ibko62c47qI,1,train
Q490iOW_-Lg,0,train
EUAVH2od-A0,0,train
QS8sOzo9Ztw,1,train
gErOFu61v-A,0,train
nTOG6eeJzNg,0,train
0O6ivAXdSho,0,train
AZGPf2cQVyg,1,train
eQKkkGEuTJ8,1,train
ivUNXD-lclI,1,test
2AYWcxyNyQI,1,train
wcKcZgRQPbQ,1,train
Fzs8iR3Nyes,1,train
91ak84i7bmE,1,test
UL-mgPq8cAc,0,train
KgU-agclBps,1,train
v9wNVW9Atzw,0,train
eJi7p5GcLxg,0,train
cR6N3g2qJJQ,0,train
AQPlREDW-Ro,0,train
gndDVuExTnM,1,train
zZeyu6ftCmI,0,test
guKf_NDSKqw,1,train
jUfQar9sKoo,1,train
yimOlr65GA8,0,train
RRhjqqe750A,0,train
HfJpaRLJ0VI,1,test
8bqypohrl_4,1,train
ieMF_mjow48,1,train
li5fmOV33hE,0,test
hbURFbm1jlE,1,train
YKKDbFH2TPw,0,test
aPtrc_FtO0Y,0,train
wfLpGcfFO0U,0,train
ckh9ehBQewA,1,train
DiiPka-VkUM,0,train
oWahg8OWtlU,1,test
Qhva041iOFM,1,train
LctF35WM2sk,0,train
LMZLBx-pwRQ,1,test
UKc271fj2ok,1,test
5zL3YJKygd4,0,train
SgjtEx98UII,1,train
VNKo1hoI3po,1,train
EkJ7oSVsYfM,1,train
8CjeXP7BzW4,0,train
KfjRMWgDWok,1,train
L-FuNNZ_mxc,1,train
zl0IhCr8Ya4,0,train
zt9bJtUpEpU,1,train
GInbdM29BAI,0,train
N-SPhta4pr4,1,train
ke1YKF3tNCE,0,train
Wn_eBrIDUuc,0,test
MZNhF0fGu8o,1,test
txdYBo-7M0Y,1,train
XhyWuenuEeY,0,train
5s-Q708g-fE,1,train
pZbdz5uzGms,1,train
VbjC4uKXbvE,0,train
L4eOhuLDfeU,0,train
Q2_AUsjrdSw,1,test
0f6VCgnQ6LU,1,train
oc_t_c8neC4,0,train
cOTemOlvTI0,0,test
izLw-GmkCto,1,train
bSTKQr3xyv8,0,train
DW1CAO5APuo,1,train
NyieotGNX0Y,0,train
q-RzbVL8In0,1,train
g0AwzYIRdMI,1,train
Hq0daN8LVyQ,1,train
F3rp-zuUo8I,1,train
i-igmAff4ZI,1,test
BKNHFIRO9Qs,1,train
BYg74IYVELk,0,train
4i1MUWJoI0U,0,train
tcQ37OfknJA,0,train
VyL6WzvIhUU,1,test
C_pbRK2XtCg,0,train
7BGFmtEROOE,0,test
lKxbgy3n4cA,1,train
GmHGUTNoL-I,0,test
VHWu6JvzrJs,1,train
jREwKDkCC-w,1,train
LNNfxIbbJfE,1,train
hGTq39ZGHy8,1,train
9o7KPoS0HGs,0,train
L4aBqvbP_MM,0,train
rESzyhPOJ7I,0,train
psh_iNG3Csw,1,train
2tIgpBKWRHg,1,train
ucQe-3XLEDE,1,train
qMzt3yQFT-Q,0,test
3g6P0lRXotI,0,train
4O9VweDzThg,0,train
WKWhdahMYrU,1,train
wd_JwfXgFHk,0,train
RdM-iEwNcpM,1,train
TOPoY7jV4f4,0,train
3dORV_XDoYY,1,train
WfhqlWkG3Mg,0,train
2RstiSCRE08,1,train
tOyMPGtWbkc,1,train
YAI_IbIUG3k,0,train
2LQyh_QwwX0,1,train
6_AnYabucKo,1,test
NOX3oF_FJkA,1,test
L9ssq0KufmE,1,train
u70lZSMP9Bo,0,train
9SeINAEJyIA,0,train
TWUfOQp0FQk,0,train
tU1hnE6klVw,0,test
M1AiUxS2kRU,1,train
Wi5OU2R_96s,1,train
G73C-kC1IfM,0,train
o0yzktFZp3g,1,test
8O9JPYsxefI,0,test
A5ughsPP2S4,1,train
A-QoutHCu4o,0,train
8pza2wj7nr4,0,train
yavmYFuAOPE,0,train
uxtWn2lsfYU,1,test
1NhID0fY0C4,1,test
coOo0G7ACYE,0,train
TunbuB_bBb8,0,train
FhhlMSpvCQE,0,train
De_HuG7_F7w,0,train
lBVYJcyCnmg,0,test
jbbNai2HHzI,1,train
GAPqEAWW9lc,0,train
W2DLNkp2IBo,1,test
Ln5JqpP1Ccg,0,train
WQjO1mMCPg4,0,train
OTkBi5wX1QM,0,train
ES5jQYZYE1c,1,train
A4ciJkxxc98,1,test
RpdM7_N50jA,1,train
wb9u2f_pbD0,1,train
S3VZxB_iNoA,0,train
yD8_zH3PUfw,0,train
dnRxQ3dcaQk,0,train
8jF-PnEe8so,1,train
Fz829ayvlKQ,0,train
wfxdOjIvBiI,1,train
W0GpIMNTPYg,0,train
KtA3Wp8eNgA,0,train
Ji_slRovrmk,0,train
1W-mVDuE6Ig,1,train
aRyLYDs3cFk,0,train
yhc0kS0ipJE,0,train
mkJKjdbIuRg,1,train
7JoVjhRFnGk,1,train
7IX3zfnXOkM,0,train
JIfKt49u-tg,1,train
U9Vj_GQFGHQ,0,train
rfrSLD2Q4QU,1,train
Fzz-Pblbvqw,0,train
0n5lrZU_fKg,1,train
DtFhl98XsO8,1,train
v61hfc6u6ew,1,train
a4HCULGOxN8,0,train
FDEZalVUJRc,0,train
7_uvEuNwUj4,0,train
vWWuidYlf84,0,train
KA4Zgy04N4w,1,train
mfZcc1OCXTg,1,train
gi6tZ-6D_fI,1,train
GAa2yh1ZkNc,0,test
qkj2UqvBnzQ,1,train
NRI1rnf46eo,1,train
NipDOZ-7BRQ,1,train
LgKB1vUQZiM,0,train
et4f2xo2-RQ,0,train
ZGl8vrceu1E,1,train
m8RMv0tkwVk,1,train
C2_jMlNyVa8,1,train
UYOQERY8STc,0,train
nANGQ_9wD-0,0,train
cWxBE9V4hS0,0,train
9xeO_o1nmo8,1,test
CGN_xByxGMw,1,train
pHAI4t-G22U,1,train
uWLB23NCJHs,0,train
E9Ij-HaqErk,1,test
-X94qpzUYao,1,train
VEIJnNZX8Dw,1,train
-fsoLs94JIQ,0,train
LhMUR5Y_rIU,0,train
wUsZce2kKgw,1,train
Ly7ToPxy0bM,0,train
gg5PYU2CznY,1,train
I8ktbz585t4,0,train
plUboQZgkng,0,test
YzlNIZyN3TU,1,train
AXcpHtZ1cbo,0,train
zfTd85XtJTQ,0,train
TLS837FaO4Y,0,test
i-lqILYtfoI,1,train
YTjIwtb1oN4,0,train
dxU2HFe7tmY,1,train
82RIfy-gRa4,0,train
9hX4r0yOAb8,1,train
hFV71QPvX2I,0,train
qWgOxp9v_kE,0,train
KbO6-C2Yajg,0,train
PINttscIAEo,0,test
o-A2dc_2daU,1,train
0DKaD_htPPk,1,train
aF5k2V0G2Ig,1,train
OZbWtUe5B3Q,1,train
7rm1iP5CzuE,1,train
AxforGyezHc,1,train
a4YqNoLkmxE,0,train
wPzUAIX_IVE,1,test
xjgAtojvIJ4,0,test
_8sq0BQ3Sc4,1,train
Mq0yEI_xpb8,1,train
cjJgUKwmX3A,1,train
5BEbJKtSLs0,1,train
JSJ_h3eZagU,0,train
SwW5hwX47MY,0,train
5n1YmpM2DZ4,1,train
KRxBLwN4PI0,1,train
G6l_Wby46Xo,1,train
pP1Yg43FREU,0,train
e2QuVrT9V4g,1,test
l8f4moBLpEU,0,train
7yTt9N8_5LY,1,train
-_hbPLsZvvo,0,train
2ssz3YWFOdU,1,train
WpHtn8uay7I,1,train
nsmoGov8bTI,1,train
Ew-b0KTPSy8,1,train
CjHlcRjfB9E,0,train
P4d8QrRJvsE,0,test
5y6v5qcYwHo,1,train
kKgLIZpjnPQ,0,train
kmXrN79zsa0,1,train
q_6r6qnUVfk,1,train
onXrz29hBGk,1,train
Sjr_DuMjioQ,0,train
JxpZwgE9TuA,1,train
zvduo1w8ZiA,1,train
yKeOPsptTwE,0,train
4WsU4417o9U,0,train
ZHrkb5vxIgk,1,train
TYrZ8grFNIE,1,train
bPumdHnW7f4,0,test
nc0R3HQ1axs,1,train
8M4-mBGLPeE,1,test
fmADvG3x7D8,0,test
1XALOZptyyg,1,train
0S3aH-BNf6I,0,train
pZYC6i9AEck,1,test
VxFjio-xfM0,1,train
MMs9FLn0Orc,0,train
mdulzEfQXDE,0,test
Buc-2L29Uig,1,train
Vjl5xGzkNvI,1,train
ey_L_VzPwEI,0,train
s4n6WGRHezA,0,train
PmxevAwOGM0,0,test
aAVVff2U_Ko,0,train
2gDB8r3mBrM,1,train
mTw88PnXfNM,1,train
lpM0aqIjzIQ,0,test
oxgnlSbYLSc,0,train
85gf1oN2uvo,0,train
qf_PtaIdx-M,1,train
8TrW_KUBExg,1,test
ZtlI2Yhiivg,1,train
9gD0K7oH92U,0,train
AMT81RBJihc,0,test
fJF9sT_kL-c,1,test
jeNTCi2ntdE,0,train
J4DCp1w6kPY,1,test
J3D0NvIINVM,0,test
IfFfevlkWCE,0,train
hf156IK8y_I,1,train
4o0cU2-IlCE,0,train
qGtxQ7ZaBrM,0,train
IdcZNFVp-bY,1,train
Ga6PDPR8gsE,1,train
Mw-x-7tbq20,1,train
fblKtKAAF2c,0,train
x92mfhWERew,0,train
jVZiPRYrbZo,0,test
ryol9sVk704,1,train
lPBTdSfLBg8,0,train
6HyIEYZOPMs,0,train
FiR2iiV9E68,1,train
CoV1K6Yd79A,1,train
TnWLNENup1M,1,train
Dj4cP4PMPPM,0,test
EwnDa434KaI,1,train
lXv_Sd3nmAk,1,train
iNr9xdc6cVA,0,train
NqK1M7w5UQ8,0,train
8s_PCzJfIio,1,train
5NQjJ7vRRzw,0,test
GmsrMUnTBzE,0,train
Ic5DdDauuh8,0,train
rJnrkMSDBls,0,train
onavYjbyuAU,0,train
wcWNl-Q9P0w,1,train
M9gFRXw5-kI,0,train
2AM6v3PQea8,0,train
62bVn7E8gyk,0,train
oGDvnKLtXvU,0,train
kcioA68GkyY,0,train
0f4sUNWkq60,0,train
ZS9tdp6ThFA,0,train
XJPA6EIb7h8,0,train
_gBnmKOixDM,0,test
3b-3CnkcVpM,1,test
_-vZ_g7K6P0,0,train
MW0WoSPJ22o,1,train
fyiyPRN4dqE,1,train
JaigxZk_JyA,0,train
U_2gNhjAkjo,0,train
iFUOt5wfXHU,1,train
pVKEsiNMPNc,0,test
VWbd1vxUxds,1,test
ewu_7Dmj_18,0,train
fbiC1mBGBb8,0,train
JJTmwWMIhJ0,1,train
cOi2nyiWFmY,0,train
VnzRFyOMD4U,0,test
5YJCKT90km8,0,train
5mBXyXR9aXA,1,train
6ue1z_JzWtU,1,train
RYUf6XLxa5I,1,train
KkEeOrhjaYc,1,train
OKkBkowoG2s,1,train
qzxSaUmGXnQ,0,train
3oStcXtuDp4,1,train
qERHIFVlZR0,1,train
6dNGF9PRkBY,1,train
dfeqKsgTjPo,0,train
W7WMs9xddeU,1,test
XCWxKwU_Qd8,1,test
0k7cHz-iQ4s,1,train
a15jXgmTBbU,1,train
vK6a6uYJBhY,1,train
gKfJ-S59iN0,1,train
4wY4NNGW8LM,0,train
bBFSETVZzvk,1,test
JsYNgHbhwaI,1,train
Oym7mRkW-pU,1,train
hZLahqMZ1Z4,1,train
mkBO1AThsvQ,1,train
zvn7Zaq03VU,1,train
wzhUYwx34gM,0,train
LCiWNRi3dq0,1,train
hXYoduN0kWs,0,train
yRicasJ4i3U,1,train
w83RVp7QlF4,1,train
xvNgan6ghU4,1,train
sStxk4mv_DY,0,train
S7S5FKCRnPo,1,train
wEDpOuJJllw,0,train
HrW63XRYJGw,1,train
tAkXfdFGd5o,1,train
0xTSWW7a0ak,1,test
YWwqkKdv23g,1,train
D-sgJyjH_XQ,1,train
zGtDz_rGgs8,0,train
jdlglBMoEqg,1,test
mN47CXTHOY8,1,train
F6knNBAJOyU,0,train
wj0qx56cwOw,0,train
G7KK_-i8eac,0,train
9ddSq5mQhTw,0,train
Ff5WfuepdcE,1,test
WKunHXtQYuo,0,train
67Aeyxs9-Lc,0,train
b-eCsGN_gxw,1,train
tBd1Am7N13Y,1,train
36jPIdNntcw,0,train
OKK49JXNeC8,0,train
6nytBvacyzQ,1,train
LZ8yTs5_T0M,1,test
sbuKpLABBtI,0,train
TRuPqaFWWpI,1,train
ZuefN1LCMiU,1,train
ISGnoc_cXA4,0,train
zwcVmX_9jFM,1,train
f9somyEzpaY,1,train
cQdn1kbBVcg,0,train
1OfL1jke76E,0,train
VcMIeyjggbM,0,train
LoGzbn_HVsA,0,train
1wAZqipDQ8Y,1,train
r161cLYzuDI,0,train
aPr4gQc7AyM,1,train
qO_yAs6dPmI,1,train
EKsBSKOA3hQ,1,test
ZiZx1HKE3UE,0,train
ZgJeXyUPwLI,0,test
6gUY5NoX1Lk,0,train
wv3X5uHGKKs,1,train
Qq7pkSUGMpg,0,train
zEdQoEW9rWA,1,train
JsNt2_KHVYU,0,train
w9x9cpt3MV0,1,train
MxxhKeXOp_M,1,test
8crpSnfl6Hs,0,test
ddV6jyDeCKA,0,train
RMjJG0hGkxY,1,train
smTm7ESzc4k,1,train
Jr706UDEPEw,0,test
Gx6hjtMxNVQ,1,train
9EN5YFY_GZM,1,test
2ONT6-8B94Y,0,train
eVgmI-YF16g,0,test
v6LJ8kWEcOM,1,train
TPMmm3cy8Sw,0,train
EZhgaXXQ9z8,1,train
f9IMkhcZXn0,1,train
YHtpXNYxk9Y,1,train
LPL2jUURD1I,1,train
qBm7SZ_WjYY,0,train
26IjVMqoTIs,1,train
Im0Tz_GENao,1,train
aqNR429SuAk,0,test
95Tc0Rk2cNg,0,train
Jn5CvDgaZSc,1,train
F8pLebqfGVg,1,test
7WdRyXluk9g,0,train
k1MdKI8kiXU,0,train
aI0brXWE_Cs,1,train
85t40mxxzEI,1,train
Xnk1HTGHAjw,1,train
WJOBZb4_kCA,1,train
t699W5_NJF0,1,train
iq6XepAVUiQ,1,train
tHrE6BKIXrg,1,train
jKoxgxaNXEk,1,test
U33FFnEoc4g,0,train
5erSZj4x0WQ,1,train
xlS1OfYvurI,1,train
_unAfYphJjY,1,train
lYo8y-HHHXg,1,train
DmQgcHjJuKo,0,train
ONjVIeJ0HZg,1,train
Y2Vc4ruT9ys,1,test
EAflrU4BKvc,1,train
JCmWp4KB5zw,0,train
wEJMsezPgH8,1,train
5c3QSOoRDE0,0,train
kxULeLzgqxI,0,train
Aw576b3vubA,1,test
SGVbdo2CkgI,0,train
-eVBSWATkJY,1,test
OMqTZhgvfGw,1,train
TmMMwuqvCu4,1,train
lJPgOG1UgZw,0,test
A5IozaDvlG8,1,train
n9IFaBH2vdk,1,train
96LawfHPh6s,0,train
3Ia2kEaq1d0,0,train
EAzXjhZu-VM,1,train
GdlSsrvn1vs,0,train
6hCIN6Gctes,0,test
qxTMiJH-lcI,1,train
VBTAcACmcgo,1,train
4QFINtHGivM,1,train
rSlCVtsx3-I,1,train
VNNLwdBI7Gk,1,train
vKbyfdJXoDg,0,train
pfD3AsJjt98,1,train
ZscMZOBOM-E,1,train
6FVlTmo4d60,0,train
LWw8Xw--Qpk,1,train
O4GH2czFGvw,0,train
HctL2ySCyT8,1,train
5IZrYeUX3MI,0,train
86z_1VpOHok,1,train
XHOc716NRXQ,0,train
QnMs5Pq7tjc,0,train
zFN9EU4Zinc,0,train
KO_OatBerX0,1,train
AmrbqzSQHsg,1,test
eGHF9UIVHKA,1,train
_KuGizBjDXo,0,train
Nv3sYb8BY_c,1,train
1IKjNrgDeIs,1,test
3zwpDi6Gt_8,1,test
cbBKoyjFLUY,0,test
DWVB_5IzmrM,1,test
Jizr6LR83Kk,0,train
wtJDy3WuUQM,0,train
hsPbUR1Dj3s,1,train
mWwXmH-n5Bo,0,train
WhyCm4aKHOg,1,train
XTqeVMnhmKE,1,train
CVhNbGc1bYc,0,train
qbi_wVdlb-Q,1,train
Fckf8lO2eJ0,1,test
4zDZ3clucMI,0,train
qmKLH9f-vJ8,1,train
p0nqexbrs9U,0,train
Vy_Dj_YSEsE,0,train
37OPB4f9gzE,1,train
LnOcGSpB2lA,1,train
1VjvfMmpvfA,0,train
mWeGfoWB9ZY,0,train
AjMhJlrro_k,1,train
hSDpAnvmOww,0,train
4_7AwPAXzKk,0,train
W5K6YymPe_M,0,train
hdTtqIqxdEY,1,train
1AxLzMJIgxM,0,test
Fiu0AS9b1so,1,train
b80PUuWeCjA,1,train
U-oqM6NHyX4,0,train
QZfqhOD6RgQ,1,train
_J6hGcU1j5Q,0,train
FTKtfUMqMP4,1,test
FekZTMQ9ovM,1,test
PNdwFftpndM,0,train
Z_GWBW_GVGA,0,train
lZ9Zpb7oWUk,1,train
cngxhYvzVJ4,1,train
_38JDGnr0vA,0,train
QLCOF6rImxw,0,train
DeYzL9kJ2PU,1,test
K46Ez-Igc9E,0,train
KwCWP-FCy1M,0,train
ZLNarQehTwM,1,train
YAk_SNu1QNk,0,test
uqOmD7vEDHE,0,train
FflcA85zcOM,0,train
Zii22W5Z1jY,1,train
tjVC1C7dkOs,0,train
aDmvXdhhfu8,1,train
wglDXHRqVY0,0,train
bMqw5RPqppg,0,train
BGlCdSP2I3A,0,test
Z8wLQ3NCBgg,0,test
kO2pP0nF6Fc,0,test
rxFZkRTlydI,1,train
Mqkx1mYRG4o,1,test
MAaKSHB22vU,0,test
8lBvC7aFB40,0,train
ortDyBY9y74,0,train
odSqFsCR9ag,1,test
QQvuf7V5WB8,1,train
5SoZnymBSC8,0,train
FplmvpBrfco,1,test
odF4GSX1y3c,0,train
_H9TyXiXM2k,0,test
fnortnOBv8M,0,train
ueFDOAgzrRU,1,train
s02LBpkqAvA,0,test
C5Lbjbyr1t4,0,train
ihNZlp7iUHE,0,train
S_ifRtdkstI,0,train
C9hDdSZq8Qs,1,train
rGWmONHipVo,0,train
rjfWjgO3FOE,0,train
UfOgf9rT-Og,1,train
EmqJMixThzw,1,train
jZKIHe2LDP8,0,train
SXV2lc0qqnM,0,test
5A_o-nU5s2U,0,train
zwAM5UnGd2s,0,train
mZq-n3iFr3o,0,test
3G31Ag55ZJo,0,train
PzPW5msevJ0,1,test
41Q20KkhOug,1,train
zbVtiPg3St4,1,train
Yaou-qomTrg,0,train
hCUUPg3tMzY,1,train
E9oZh_DKGQY,1,train
cEOzkvtsTPs,1,test
XvvYApgB4AA,1,test
G71uslvFzOM,0,train
0CqErSY8MgQ,0,train
I6rVZ94Od8A,1,train
eVcoivuImXQ,1,test
x7uqMF1xPR8,1,train
rh8wgqXtnII,0,train
39KUEJCbB2Q,1,train
cqJnIeaaAhQ,0,train
2BRsuKIr7lg,0,test
L93bcUoLT_E,1,test
yjnyFkt2Go8,0,train
PPdOB3gPnQI,1,train
QTCHPglmCGI,1,train
p1cAGhppM24,1,train
kiuDR02UAZA,1,train
4ZLGy8VkWM4,0,train
szzUfDkoYuM,1,train
RWc8V-iKJ7s,0,train
yihoIvUBDM4,0,train
s_jCDVN23fI,0,train
GBDB0ZdYJQg,0,train
bvOstFxpX7A,1,train
ENpULQ54PSY,0,train
-VFEZLsd5RQ,0,train
waZII8dRI90,0,train
5hgJOzmXtWw,0,train
vvDwAOcFn18,0,test
SdbOrNLcC0I,0,train
75nPBgUINMA,0,test
iRIvZ8x8sfw,1,train
oL1ZOLo3s7s,0,train
WShss20bz4U,1,test
3vP8b5w7_YE,1,train
MLKrmw906TM,0,test
UjaAxUO6-Uw,0,train
LNOAC1HYSKY,1,test
nEoSBL25RO4,0,train
m3KYyk5NnC8,0,train
FRDGlIJTVt8,1,train
BqcXEb93-4A,0,train
-qKMK9LGI1w,1,train
_M7OO9NrEzI,1,train
fpnE6UAfbtU,0,train
cF8QjYwEpFo,1,train
Dm0uU6SIxZ0,1,train
0yQsgt0MZLg,0,train
5cjWNwnQDsg,0,train
1MAqvbASIXo,1,train
kAYYwfKlr3I,0,train
IAikFyk986g,1,train
iMkVwr-K4WA,1,train
8SWKMMMvp-g,1,train
Xg6wzrc0aNA,1,test
mqZVcHikifU,1,train
e3UqLAtdZ04,0,train
ATZFjJA2izc,1,test
GC_ztQ-3Puk,1,train
LdoiBdNeCbM,0,train
gRpxpxGfjhQ,1,test
5CVJsVnXd6c,1,train
NL9lQ-DiL80,0,train
TjeI6iyPOoc,0,train
468Xn6KwIvw,0,train
WkiqqE1GfS8,1,train
zyxjs_-xe8Y,0,test
QU3gS5mKMbQ,1,train
JbK8uKuq4Ac,1,train
zqWdmP94a5E,1,train
cehUkHrYS3w,1,test
6xDLqHRzhL0,0,train
UHiGHyuU-Os,0,test
v3BCYSTsyTg,1,train
AMW0WmElX6M,0,train
xLOi_bvWXEo,1,train
fhF2XRWpZQQ,0,train
ThiRef4jp9M,0,train
lCWriPrlz10,0,train
TkObLEgXnIU,0,train
DkWWnXArezQ,0,train
VOOMjaLU9Hs,1,train
0qYlSa7qdRc,1,test
XZQcBJ_8BQE,0,train
d6t_wE6yMbg,1,test
K8rI0KCIQBE,1,train
JVN5IoY_Ov8,0,train
xHZ9SwTk2UE,0,test
U68G8up1-qo,0,test
50ugLvQbpRk,0,train
s1z4HL1Hu10,1,train
U6NUxYibbJk,1,train
a2YeK3NyqMc,0,test
s6KlF0fSeSg,1,test
DgwYFFkE8gc,1,train
HRfA33ibr80,0,train
7exevL4PBgY,1,test
12dAbyZc14I,0,train
Ok8rMT2KCy0,0,train
DUifCq_mWXQ,1,train
44eikamC9hw,0,train
yYB-syEBUp0,1,train
GTmhwHRQ1ow,0,train
-xGC8KlYcRA,0,train
0AzSZP2FrV0,0,train
t7-BAJEnO78,0,train
DHBalZTdim0,0,train
GeCrvPe3FjU,1,train
lYrqvYewUIQ,1,train
cT4FFpW_My4,0,test
BVNWZBXV8WM,0,test
Evl1fc4MikY,1,test
vIu4gzg5i4Y,0,train
DeB3ZleOnKM,0,train
0EPY1CKFecs,0,train
VJufKeKV6t4,1,train
lSXNqsOoURg,0,train
H39qprY-UZk,0,train
wDGZLo4YKSg,1,train
V9kvCJ758fw,1,train
npk5FUSxFos,0,train
rYwaX_Z0r6w,0,train
YCjCZJdim-E,1,train
nKalnuB7OgE,0,train
Bck2lp38DOQ,1,train
84BfX8sBnrI,0,train
s_rCF-ja6Q8,0,train
sx4dnUWh9Vs,1,train
2J3h4khMLXg,0,train
kFNgsE2670s,0,train
rA6hx707x8Y,1,train
fdtwK01ak4s,0,train
8JYP_wU1JTU,0,train
LMf7gAzh7qs,0,train
1jxYcPSJ7sg,1,train
LvBODTFs28A,1,train
Nd6FU6hT3t4,1,train
UfKmSfgFxi8,0,test
QGgZmu-FjxM,1,train
yulvmU0BLiI,1,test
o1MK-zkM3qk,0,train
_J0bLR4vYrU,1,train
EiWdTTRVX-Y,1,train
oUVbZ1uK05M,0,train
nhLiN_d2gfA,1,train
yLZINRgTz4o,0,train
wkl93BqYJnQ,0,train
M91oUw8Hd6c,1,train
-eWWG1Lc9_Y,1,train
_qkaRSiGUY4,0,train
MRI8ffYKA8c,0,test
-XxhX9rIZjM,1,test
UC5Is8gcndM,0,test
PvJxxQ79pIA,1,train
DtvpgLQ4KMw,0,train
pnx97u-caCY,1,train
eQA5BaLMHFs,1,test
y8w297regSM,0,train
0r1M-JXGn-k,0,train
NY209Le027I,0,test
SseHHn90bxs,1,train
lSVLpzGseXw,0,train
zDgBUwhUAVE,0,train
6zvspznTdIM,0,train
v-dfygYIfLs,0,train
wHqQzF4JXdE,0,train
PBgSDD4JIhM,0,test
TCrzE-bBt88,0,train
hu3ZIfNIzuY,1,test
RNKyErEjxiE,0,train
XxutY7ss1v4,0,train
Of3LoqnCYn0,1,train
JVULUQKL_Fk,0,train
7187SoBl6d0,0,train
2wQQh5tbSPw,0,test
-X6hR6-dwoY,1,train
Looyvy7QsiI,1,train
xjDqITi_rjA,0,train
JYaIP8v2HZA,1,train
y3SBSbsdiYg,0,train
RJlEH5Jz80w,0,train
o3bTiWl3YS0,1,train
USuY93sovuM,0,train
P_hBp1sEwfs,0,train
mU38QDKmiTk,0,train
OBlYIHuyXVs,1,train
LddOP6N5cE0,1,train
L4PKj9UNyGM,0,test
wBhhlE92mIQ,0,train
JKHH-xbbTRg,0,test
qyty7PL8Xf0,1,train
Xa_t8n8AalE,0,test
jdp-Wyh20Tc,0,train
xdIjYBtnvZU,0,train
ZGSVobnGUCE,0,train
H0-WkpmTPrM,0,test
HVhli9AtJZ0,0,train
1GwtKtCQnYc,1,train
HusZbDM2fkk,0,train
HSHcBxGQVrQ,0,train
JgEkxi9H1vg,1,train
ynE4p3wV3AI,0,train
Dm8UgpWvxjY,0,test
AaSisDI_kv4,0,train
bZ9QzDLBG7I,0,train
sP5wyJGLih0,1,train
KlrWjq0UhbE,1,train
4w188beHMto,1,test
1BlAah7q_Qw,1,train
Ie4oeMp12CA,0,train
5mZovjRlkWs,0,train
aNx-1qiST3k,1,train
aeT8-BqNDws,0,train
6D5APuZtY9A,1,train
-0_lveHgGTU,1,train
cbOti79_w58,1,test
9gFW47rBoyg,1,train
6Ng4Tb7On88,1,train
beZFLT0Ixag,0,train
F6IVGNtdrdw,0,test
vcn2GOuZCKI,0,train
-wa-qgApGQw,0,train
ODRIEOFw-lE,0,train
cHEIue7P26A,1,train
m0ABOrxSKsE,1,train
k-Hw_5kaYk4,1,train
NsPpqn4rWuo,0,train
olQw2CWY7yQ,1,train
OSLyf8i-yWY,1,test
zVuuooZqVaU,0,train
JQ-1Ts3BChM,0,train
ZXUcCwxdZxY,0,train
gUqkD4qIWY0,1,train
_fHoAjOmHDU,0,train
JKQXdCcfqQI,0,test
unAk_WU4h8o,0,train
b9kObWBkHDw,1,test
7QwlT5f7H1c,0,train
nfWKsp3uT7Q,1,train
buAzVkcH4YI,0,train
tCJSEGqN_e8,1,test
R2Cz8l-QKts,1,train
7yNDXjIiqQ0,1,train
ZMSxwX8TWbQ,1,train
xkhUJta0rcs,1,train
53Jb7Y6eUUU,0,train
gvMHs3B0GqU,1,train
7_HezXbLxa8,1,train
J3FJgWVswFk,1,train
75UQLg_x-P4,1,train
nc0lNWf8ujo,1,train
IGrVg-ZOGig,1,train
mHdy1xS59xA,1,test
_1DTzRjQuME,1,test
dwa01hHvRHs,1,train
WRhLXNKJZpA,1,train
IesIsKMjB4Y,0,train
r3rUslJBmbM,1,train
F8OrmGAIqI4,0,train
-vSYJckIfi8,0,train
LKA7oSeoNLU,1,train
9hPIobthvHg,0,test
idKjGrcMCt0,1,test
EfqVnj-sgcc,0,test
ZI3iEeja4_M,0,train
eXR1olg_I0w,0,test
qTW9Q7KE2iI,1,train
-LuqLb7c6s4,1,train
tOyTjXFeHDo,1,train
JbAPSJq2A_k,1,train
7t-NZRA61_s,1,train
zkbPXIxrTgI,0,train
4lm75v4Ndlg,0,test
EyTfByRrWSI,0,train
kOLpSPEA72U,0,train
hMcMxn69F-k,1,test
7BOy5nLL2Ow,1,train
sbiCTHpnDM8,1,train
yV5AfuGSdU4,1,train
RFOqs7v34ak,1,train
TCr7Qbo2Fag,1,train
LEvS9RXN43Q,0,test
ijLc52LmFQg,0,train
iwyGbbLSsMI,1,train
Mswr5cic_I4,1,test
216fJQOwjAE,0,train
EjZNK7V5lR0,1,train
lK23-zm-qQQ,0,train
kyBZlNKr10c,1,train
9b6Hp9bWdu8,0,train
bjwYJ11RDcA,0,train
0HefV4XQFcc,0,train
-Z4ukxWFNuc,0,train
0U8zD3RL2zQ,1,train
Ul2W7IRanHA,0,train
nwecjd336Po,1,train
iY5sUfKgWsU,0,train
7UVeXaV4mgc,1,train
aD3pUDIAoBY,1,train
PBou1uIhLYs,0,train
RhNbHQwxsX4,0,train
Q5LArSl6UkY,0,train
sOpuSRj7IN4,0,train
7QZ4RboU6_E,1,train
hfB27ctlAJs,1,train
XZdAfqxfQ0Y,0,train
mKBLfwVEKP8,0,train
U3M9hidlihY,0,train
XPGUjA2lykI,0,test
c3Pqt771hqQ,1,train
Ofctn7Ulh_o,0,test
_m9_HVdIeQM,0,train
cRVwUVRPvm8,1,train
WbPwf9STNBg,1,train
s6IJKwEs-RU,1,train
uFtt_zGKMok,1,test
YzGZPTxqlms,0,test
xtOv_jPk1B0,1,train
snniTFCvvpo,1,train
rx_B-hmWUbE,1,test
-yli5nAfiyY,1,test
-a9UtkHkDec,0,train
JmrpfzId6i8,1,train
qx5KOKjwoWA,0,train
i5llRygr-0E,1,train
Sk8nvfbjo4M,0,test
EcMC_3B3mf4,1,test
Eobtp2G7d7o,0,train
pH5qhadzPbU,1,test
YiJoN3DU4cU,1,train
OK9udPK5a4Q,1,train
oOtqbAxRkyM,0,test
KuHL7hiFTnc,0,train
NaNkgtEnrW0,0,train
1T4XMNN4bNM,0,train
iR4nF18vyTk,0,train
Qja4z1HGDQo,0,test
4JiVJxkHaU0,1,test
51HzOxJhVgk,1,train
qHrGehGbMCs,0,train
zrzxFlXuIRM,1,train
EHyXQMl5t3o,1,train
2NromoWOzn0,1,train
X4xL702nB0w,0,train
nAyKEJUc6gM,1,train
KKoOIyhJwA4,0,train
JDUEjjK2YRA,1,train
E_1JYNANuew,1,train
ValBetFbshY,1,train
Z7eR1e0WE4k,0,train
Jtgg0Mhe2o4,1,train
W-j0kFE82jk,1,train
U4Td3OJw1lg,1,train
nUzbZI_0p5g,1,train
CAiUHJoaDvw,0,test
g46T19sztLU,1,train
Xc6EsA9wFdU,1,train
UKAHm94d80o,1,train
yN1xldL7lAE,0,train
RNMrrsOCzd8,1,test
XfU3QiMz9mw,0,train
X0-TbUUXDtM,0,train
zKSdnj2A7w0,1,test
KELLaFv-aAU,0,train
73PW56YHvXs,0,train
dpuWsgv-JrI,1,train
Oci9sFH721I,1,train
flJu1ZojguU,0,train
Br63rn92hPw,1,train
hAHK7oXsut4,1,train
yHftrMKYgmA,0,test
MHB6viOnEf8,1,test
Gg0TXNXgz-w,0,train
_Cv5ldhxpLA,0,train
_zCDvOsdL9Q,0,train
U3re0A_Piec,1,train
pyzm1G5si5k,1,train
5ghJwOZSbIw,0,train
EMTLNCyU_Cc,1,train
WaEKF2eFbG4,1,train
Q6TMUrYPr4s,0,train
YZ07dhBmuds,1,train
ufGlBv8Z3NU,0,train
3ih9QXqYi28,0,train
tdFLruEV__U,1,train
4akFLFq3b-g,0,train
dw_z6HF9heM,1,test
S60aGfOuyA0,1,train
WkD9QX1BBvQ,0,train
34b8Et5QrCU,1,train
jPp7eaJDhzQ,1,train
TA_0UljHMSw,1,train
nVOb3RzS5t4,0,train
SQ44aQWnH4I,0,train
MBPgXjkfBXM,0,train
Tg2nJPJekNM,1,train
funJHw0wIOs,1,train
CvjOJcU0LjE,1,train
aGl-1nwahCA,0,train
qW1xbhW2PEE,0,train
MEmAGJac7Is,1,train
FeQFEXbwTOI,0,train
oXGm9Vlfx4w,0,train
A78MHl_-RlM,0,train
qDjr1PieZ0Q,0,test
C2Wfj5Req60,0,train
5JMaSb8jKtY,1,train
mamzeZaUqRk,1,train
kGZvE_gO0GA,1,train
gBVRvVMWIA8,0,train
Knuh4m2P5nA,1,test
Z_A9i0-Xn7c,0,train
fS3wGCxZ10M,1,test
k_tQk25pR60,0,test
eEUvRrhmcxM,0,test
W0PDdRUzKwI,1,train
Q62WHDEqhAs,0,train
yXVuP1cvcJ8,1,train
tH_varhTH6M,1,train
agM5DqZIvFE,1,train
A2MSJaLMO98,1,train
30eJArMHjoY,1,test
kIzFz9T5rhI,0,test
jQdHJHPoJ00,1,train
8li-3pRrA5Y,0,train
CcpRfsLlI2M,0,test
t-osG0F2MZM,0,train
eVBWF55tW_o,0,test
j_OyHUqIIOU,0,train
nKte92jc8L8,1,train
mvPHcLA-Bl8,1,train
8DyXMBUiIgE,1,train
ooliYcbPypo,1,train
lX-1CexeTUc,1,train
ypZ1ke4P810,0,train
aVtxj1kbHXc,0,train
N_GERHIyyy0,1,test
8pLStI_zJh4,1,train
Fhb89V43KWc,0,train
WwU9DupgA_E,0,train
lHNInYOip4c,0,train
1ogOQVQKbP8,0,train
9nvK-Hw_vUI,0,train
Gc4ZgKuAfiY,1,train
uuN1EiM7NkE,1,train
Xw38YDxv6vA,0,train
OxMrufFJQMk,1,train
lQHwkN_VQQM,0,test
FkBmAOwkVIE,1,train
sAMlGyaUz4M,0,test
D2m8b9eY_TU,1,train
EmMOSk_Dbuo,1,train
BLnfG6_Vjt0,0,train
CFygKiTB-4A,0,train
HLCnkidJoRE,1,train
SVmDWS2rfjY,0,train
ubMMonHPDdY,1,test
CmSDpSCgk7g,1,train
DI9ZLawGE4g,0,test
XhaglZnAgnE,0,test
U9t-slLl30E,0,train
BagY2Mnz-TU,0,train
f_ql-ZBJ8uI,0,test
qXZy2NDGaVU,1,train
GaRw1TsS72M,0,train
v5Gbb7ySa0I,0,train
iR497t1v1N0,0,train
HMtSxYaP5Go,1,test
N-byJvHAXQA,0,train
n1yVlV7L1A8,1,train
GnYGcx4EmN8,0,train
RAZPjHblJ64,1,train
ESF4HK-nlKE,1,train
aFaJKX5zIqY,0,train
RoMlxVimwiU,0,test
-YM4dTvc9vA,0,test
lAAmAbJvvJg,0,train
RrWBhVlD1H8,0,train
ZFNstNKgEDI,0,train
-Isy7e6txIs,1,test
nVThCKvIUF4,1,train
vBPmy6rIi4o,0,train
XuvqgPa62xE,1,test
FOY7KYzJBrI,1,train
Zj5J8KWkNRs,1,test
dOYBoQ7LkCU,0,train
5VqhIzigk1s,1,train
FugDYi79DAA,0,train
din7ogl1Ewg,1,train
J51ncHP_BrY,0,train
Y_NiP_bqlns,0,train
XNPnwr_f6Pg,1,train
EVe6zujlnvI,0,train
JlI0rpWRpU4,0,train
iIe82dC35rs,1,train
U_Jdvnj5s90,0,train
47O_rpIa_vs,1,train
1KxSWKBIoQQ,0,train
9EvbqxBUG_c,0,train
jop6Cgihhvs,1,train
oso0u74NZ98,1,train
wrP2vA_vK7Q,1,train
Tq3shfCkmSE,1,train
bT774hw8YxU,0,train
naleynXS7yo,0,train
V-x90C-ug4c,1,train
zmO4-zZrYrg,1,train
0ZZgiSUyPDY,0,train
4iLJo9d51v0,1,test
brOWALdRC5U,1,train
0Pn97VXdKFc,1,train
0Yhaei1S5oQ,0,train
UTxfvBQcTMQ,1,test
4TjoPCOWRI0,1,train
FRCdfaR_IlU,0,train
PZN0u_SNFpk,0,test
Xjkr-8lrK2w,0,train
Wj_gpE-aa-Y,1,train
1Hpnp_0Ijv0,0,train
QOEEvvq808A,0,train
nqKYrVE1d1E,1,train
s-ffIj8BzG8,0,test
_fTC_Ud_k3U,0,train
_Ku2DIDMuOk,1,train
wOn8xawC-HQ,0,train
Yb3UUwc-TBc,1,train
9JmCVLUMkAA,1,test
Ck7yqX_ZIMk,1,train
Ksrk3YpvZX0,1,train
xQHUOHHoOz8,0,train
XJfN_PQMvUc,0,train
UC5hfl24lpg,1,train
1qLJwXJE3yo,1,train
5TpY7ZjmFro,0,train
FZGZaM8HuTs,1,test
eqN3tlR4k38,1,test
VO9I4DOduw0,0,train
iuZDylVFbhs,0,train
ALBdMATJQ7k,0,train
iWfmmwdCHTg,0,train
HTrT6QSqnGs,0,train
uD-BMoEOpig,1,train
ahzxUEoJBKE,1,train
Rr-X8YGuE-A,0,train
dvFqBMLkwkc,0,train
mJ05s4W8jPk,1,train
SQ4EDwcfjt8,0,train
00fgAG6VrRQ,0,train
E-dPJF5AiF0,1,train
2PjZAeiU7uM,0,train
YzEntbfjbrk,1,train
1ooOPOL6JgE,1,train
vUMwuZbE7x4,1,test
NLxMGMQeLsw,0,train
Edr9DPU7vk8,1,train
xknu4tpgz9U,0,train
9Hdj_mluBOo,0,train
qTHDgfnXdxo,1,test
xpMEMztf89w,0,train
DLqV5_aD-ps,1,train
1ZVdXgrjU74,0,train
HrSnBVIjPr4,1,train
cK2YzUONFVw,0,test
ScHuEYxcG7E,0,test
ypF037wlYZg,0,train
gpe4kNlRcmE,0,train
CuVB8YpQlYQ,0,train
GHCMs0w0dYY,1,test
aXvcy6gp6mU,1,train
pVErEqpqIKo,1,train
3_7KYoO5qHk,0,train
72__Mdioty8,0,train
4PqInJzMoHk,1,train
IK_L3Qpi6d0,0,train
YRJEI8NsGio,1,test
C5-I0bAuEUE,0,train
zdWvL1kqjvs,1,test
1vSJJbC_SgE,0,train
QiQXKdDR1S4,1,train
QQNZ3olVBls,1,train
9OITF6aY-48,1,train
XXe5ZEqHABo,1,train
wq0toVR5QtM,1,test
xTgLTbXJrfM,0,test
q_aqaxtAMbs,0,train
9fIcosEjdn0,1,train
Ov2Pbirf70U,0,train
1wwq1Vlk4Wg,0,train
TJ2sU3vUQMU,0,test
p0ZFqRar9Vk,1,test
ZPFkmwo8DQU,0,train
2gpNGHLpZKk,1,train
KePTJYQZwiw,0,train
Auf4rACzir4,0,train
xGPoHQVQHEA,0,train
df_QflYT96Y,0,train
UcoS9aQItgA,0,train
eQ13oeUK0_g,0,train
QwEZu3KrwhI,1,train
6dlcgvBP86Y,0,test
mGkPQNczvRU,0,train
eGB7s5hYkKQ,1,train
u5SyBLMtNXY,1,train
_cwWZ9QC2tU,0,train
gr2qi2Fdi7U,1,train
NcKuK7mrsNw,1,train
S4EWNJv0cDk,0,train
z0oWukialA8,1,train
-XdEgIfxT-c,1,train
Gfv5d6dEuwE,1,train
w9F0Q4pRhK0,0,train
J7N25qyU-48,1,train
OIi2zLAYHPU,0,train
B9j9tet7-24,1,train
GKW4M-AvNSA,1,train
8lPvJeq_wF0,1,train
2vKhZfM8nbg,0,train
ulOaexhJfm4,1,train
TziuG5LtEWY,0,train
KeKHtIAYAeU,0,train
ASAsHdwFAa4,0,train
iptx3-AEW5E,0,train
vWmPObduQPQ,0,train
Jmh-qcziOII,0,train
7EL_Qdc9lFo,0,train
AU-9Zh0w49E,0,train
9UMPmEG24QE,0,train
LH17Lp3aQLg,1,test
NWDeye-vDLE,0,test
B-ZSw6JaD5I,1,train
JTG4cMRavDU,0,train
W9XTGWuVXMg,1,test
gtuFNW9DGvs,0,train
JexO-N39Nzg,0,train
Gg7DgPUS6yE,1,train
FFFaXFSePc4,1,train
yuf7rq6iBso,1,train
er8-Vq__cRE,0,train
MLvwn2xOPJM,1,train
Bq5ebnoqqE4,1,train
IrEPRl809Os,1,train
HHeYxzJFVKM,0,train
VyJAWuLlkBc,1,test
DlQ1rz69csY,1,train
ZORzsubQA_M,0,test
35Bvr09ucZg,1,train
-Of_yz-4iXs,0,train
o50h51729Yc,1,train
mmoQcL99Vng,1,test
WYOj0qIYNTM,1,train
COOtiPl-ngg,0,test
s8gyiAiijKQ,1,test
RNwt6xLdZ4I,1,train
S0IZJPtoX8E,0,test
DgyfRj7g77s,0,test
fIj0urpT6Cg,1,train
A_aPgPq6hMM,1,train
0rTFk-8_8NQ,0,train
RryJjTC3S6Q,0,train
6Y0H4VTITcg,1,test
eEY_QA-DWIw,1,train
4zSYy6ZWfKU,0,train
iK_OHRZX4-o,0,train
qglX6R20gJU,0,train
UZU6NTaZ2Ig,0,train
5xQH8NSGRzI,1,train
MktN0B2oGnM,1,train
y6CnQvZh9KM,1,test
HGVpgRGHD8s,1,train
_UyyKkKvqpI,0,train
UFtOkGB0efc,0,test
IptvSQY9Qa8,0,train
csoP8Didoi0,0,test
5uURGmP__kE,0,train
gz_0Nh7oimU,0,train
XsvSl6vE47c,1,train
FKKPHYJgPhU,0,train
Cz8ENFKYXe0,0,test
wkXSFzYghuE,1,train
LV7PAuSMYwk,1,test
Gd9bPiJ93Hs,1,test
kp-yC5gaVvQ,1,train
JBDWIGpKnwM,0,train
CtCDFtHBOEw,0,train
61wBfoWxlsU,1,train
Q0FyNyRS1CE,0,train
MtRY2VFyIyg,0,train
hK-jmsd7fpM,1,train
Lb5aiZl-Ryw,0,train
eHkpKXm4nvw,1,train
pFWmYhkMB5Y,0,test
G4PS7WHlgi0,0,train
w0ouM2vmtBE,0,train
8rnrqqci-nM,1,train
lhk1tV3BVVg,0,train
tMk4t7aTg1g,0,train
GPUgjy-Pn-4,0,train
tVaRA1veYWM,0,test
N35IugBYH04,0,train
04sYtsb9lHs,1,train
pAPCgZCDkHQ,0,train
XnIQIZSLi3Y,0,test
1gtnHRUM3Ec,1,test
WxIM4UbN_8o,0,train
sc1YLWuOGJI,1,test
d9tNcboMwTE,1,train
ESusD8HRLBI,0,train
HeLIPap9y00,1,train
66Xe2X8b5OM,0,train
Hfzg8Hy7tuY,1,train
_qADYyrn5zA,1,train
v6F0TuV3JMg,0,train
cZu2KhyE0NY,1,test
B5V356k-9a8,1,train
C9x4Icbx2Ek,0,train
FX5oIAOC1aE,1,test
tHCEc6AxK3g,1,train
R-sVnmmw6WY,0,train
I7FDx4DPapw,0,train
NRk_kiaOoE8,1,train
DyTFn_lsR9E,1,train
X0mUYKLbz1U,1,train
MCv4yddgiPQ,0,test
2BCRmhO_-KU,1,train
fcN7RP723eM,0,train
RKseZzSL2jM,0,train
E4HGfagANiQ,0,test
fZISwn6Lgj4,0,train
RoAt1sWJqSo,1,train
MKCkAR0pRuI,1,train
gOsEVZIfCmo,1,train
PVvij8G85t0,0,train
hCm2PX5Iz00,0,train
c18GjbnZXMw,0,train
tfBgtQs8l6M,1,train
kArUp77T1Mc,0,train
fJrmbhGSH3k,1,train
wGB1aLDR2Es,0,test
ZR2GpiDE4FI,0,train
cAGXocVGShM,1,train
_5jnn1AIt7Q,0,test
GyyW5GssEJ8,0,train
o67RUr11MAk,1,train
EuN2m9IcCTg,1,test
2NS1umhAAeg,0,train
Rfo233Q6aOg,0,test
ARFu2I2s1Z0,1,train
7D2YHoZNegA,1,train
baG767jr8c8,0,train
_n8KpD5ztNs,1,train
u7ZBOBZUyiU,0,train
D9s5Brovelc,1,train
pv-7dgPoBn8,1,train
YqPywTj6Lo8,0,test
4Rz8BPRFeiA,0,test
sPU5uaXjUVQ,1,test
zTUbEHZRd1k,1,train
5o9bGoaIBww,1,train
VEsMopVuVDk,1,train
-FvpAe3MacM,1,train
dT9Vqbmf3z0,0,train
Yq8tORjSCQU,0,train
RG9N4ZP5MQA,0,train
5InlBdjpj9w,1,train
qF7SRQFd49E,0,train
DctTvvOXkUY,0,train
65s-tHESZZY,1,test
5fDy0P4BR74,0,train
OOhLRXWLHS0,1,test
msL5jCuau9c,1,test
H6rFm3jhrVU,0,train
8GtQqDW6-EU,0,train
w7UqYD_owgY,0,train
8Srgbg9YEvM,0,train
s7QFNzaesxY,1,train
g4wYHydcDhY,0,train
uE5xZKszXMQ,0,test
XCxVf2l8OLk,0,train
bC1JZlsPxlg,0,train
AC2xbVWVKTc,0,train
9JRayYnqWVk,0,train
8jDwWSDGDME,1,train
SlIBScFH02Q,0,train
z6ZNrr_Qs7o,0,train
TCm7B-inSOg,1,train
qDmOLMkfmgE,0,train
DGABqdbtQnA,0,train
tjFqmidggN8,1,train
2noOfgkRKs0,1,test
GAZB-6ZyO9w,1,train
aO7yzmc3ykw,0,train
A7afwIxo5lE,0,train
aoinZO4xQtQ,0,train
JBbTZJSEZ4I,0,test
sQv5JtjgxnQ,0,train
H1z7YY7AHRI,0,train
o_haqn8fvnk,1,train
S0xi_qxZaaU,0,test
dAFnYJ2xgzo,0,train
nKvVPK--dPo,1,train
FCdkOL6OUf4,1,train
wWMnbruqf7o,0,train
RZIf0BBO7to,1,train
EblEjwnk3Cw,1,test
uh1ehyDBtKg,1,train
7HpM3SXokU8,1,test
p7kgQ24yfhk,1,train
EnRtSBpFUFc,1,train
3i2wjQeqhHY,1,train
MFkXpeK5H44,1,train
M48tvsfpIew,0,train
FaLTWW_yEG4,0,train
8u_gSd9eIO8,0,train
cgDkUnc1VGI,1,train
QjLRwDo33hk,1,test
t3P1p6vF_CY,0,test
-XNDM4eAn1U,0,train
2tM1LFFxeKg,0,train
VeMNvRYstxQ,0,test
EOjWDMoxf1U,1,train
U17yQrEAmEk,0,train
6UXtFqIMxqg,0,train
Q-1DoJMehQM,0,test
ZXC_X_pfYyM,1,train
dh-agoAnKe8,1,train
UCZVSr2Xt2k,0,train
XNGNu20Upuw,0,train
Ou1pomxPViU,0,train
C5CujmIbouI,1,train
qJHRb-zA1b8,0,test
_35-AfOZsPM,0,train
ok8x3xDWVy8,1,train
ftB5YEjt3Sk,1,test
2vjbW5EiWyY,0,train
i3jA40arq9Y,0,train
k5WQZzDRVtw,0,test
Kgudt4PXs28,0,train
CPxa4ieMVRc,1,train
_9hI98BzyA4,1,train
7uiv6tKtoKg,0,train
PVb8KkLdDok,1,train
HoGa9HOdczQ,0,train
PMjSsPMfoqM,0,train
orlC31eFTc0,0,train
ncID321zXCM,1,train
d8TM8UA6JwA,1,train
SUHOWVgiBVw,1,train
pkhE14Rou-E,0,train
-29IWc-zrv8,0,train
fp2iBZ924B0,1,train
3hitExLs_Ys,1,train
Wp4XdmfD_eQ,1,train
jFICRFKtAc4,0,train
oSP8uoWHZGg,0,train
MvHCknDNgqY,1,train
XnbCSboujF4,0,train
BnoLPlOJXjM,0,train
v1d7UvKWh6M,0,test
d3zTfXvYZ9s,0,test
ChDBLlluoII,1,train
udLPTJDDB-Q,1,train
ozqCzV6NMmM,0,test
S9Sl2HMzhNQ,1,train
Ryl0yQMF02I,1,train
QWPwbQc2uJw,1,test
m2pFKH4gK6Y,0,test
ZPr7k6yOmMY,0,train
Z4KEyrnJhU8,1,train
Vb1pdvvoVoQ,0,train
IePmkne_VhQ,1,train
P5T2xZ3s2L0,1,test
Z8if0xxXFGo,1,test
PJXx8bdrw0A,0,test
RMSbkBWIO0s,1,train
A7SydxYq69E,0,train
iHS_LkYaUVE,0,test
ANTd2lIb4pA,0,test
kes9AxxcdfA,0,train
aKYeekQpjUA,1,test
3iim3CCygU0,1,train
Fmxai0y5jjk,1,test
nAT-ahYN28U,1,test
Xuk5VM3sy-U,1,train
xb-sPv_aF1k,1,train
F5GbNRH6JOw,0,train
xpo8SdY1JSw,0,train
kJoAcEI2PXQ,0,train
fITP0H3OVA0,0,train
avsLRW7n-R8,1,train
LWDoj6TzF8Q,1,train
RycjL_fYH14,1,train
L7JQ6tr_izE,1,train
5txZx1DP3HU,0,train
fZEwjx9kFNU,1,train
tFQWbzRe62c,0,train
-B_a7VOeKuI,1,train
psf5sHvqVFg,0,train
4cdU17WVqN4,1,train
2gl4i7K6gpQ,0,test
1hNK7JpwcBc,0,train
yH-CcuD-PSg,1,train
H9i6VzWfh0E,1,train
_4fZ5AP74bU,0,test
1VIx_DT-O7s,1,train
86ltPV7Ku0A,1,train
9QJvdMoovGY,1,train
cI_WIcpcvDA,1,train
vqJGS81V54Q,1,train
EvAJt3VM0uk,0,test
f1yaj00AnUU,0,train
U9Yf8-N0-Gc,0,test
BocH2c4mYcc,0,train
8NprutQu5nM,1,train
r56jqb-fWVM,0,train
FOk0tkGEWmA,0,train
8W56AheQRkE,1,test
SrU9YDoXE88,0,train
m2Ht0KUoq2I,1,train
RRk3VqE9Zoc,0,test
w7Z8W6ChEAE,1,train
KXF7_mXqEQU,1,train
Cd-yAIIfzmU,0,train
up3tXTvIBHI,1,test
-dlAm9Fffsk,1,train
4I5Q3UXkGd0,0,test
3_ObBF7HMAE,0,test
lItjp8VSyEU,1,train
mP5p4QbvPtc,0,train
pGlqVeBzMt4,1,train
6re9XAwo4b4,0,train
1csFTDXXULY,0,train
wphCxNUpLwg,0,train
DsU7BEee8CY,1,train
-EaO2S4Lyvk,0,train
rWiudqY640Q,1,train
AZxaHvwPwNo,0,train
Y_uU7qiYexU,0,train
imzGkrg4fSI,1,train
3sq2-7Eccl4,0,train
MrdVshDh1Ns,1,test
xonn3UFaqgU,0,train
EjynxZ5P76k,1,train
UD7hOq_nuUY,0,train
DSnLWP20UiU,0,test
dCxkcDuW7AY,0,train
ThKlHVmBpzg,0,test
f7l5I6ZPt_Y,0,train
tNla9nyRMmQ,0,train
_iTw4EL_gAc,0,train
5FOcqRA2Wgc,1,test
iJtzDAp-MrU,1,train
XEDIYo-8jCE,1,train
Kmo4IwV1DOU,0,train
oU7siLAXVbA,1,train
d0WianeD0Co,0,train
LDk9sqUMTPg,0,train
SIK9XIzCuhs,1,train
6Z9f8CiJG7Y,1,train
OMGO51u4ou4,0,test
QyViuXFyIE4,0,train
pf-BpvfTSKQ,0,train
XnH179J8eKE,1,test
VVxQ9HC2aeY,0,train
V6MQC4YwA8s,0,test
E8z63t21UQg,1,train
KwkCPF_wSEk,1,train
PInj7PB63-I,1,train
Oiu_OfCPy4U,0,train
doxW1qRFtuU,1,train
wN39H1Eb-6I,0,train
HHxRBljtoqU,0,test
FhbEUKHsGi4,0,test
eybUWtvErG0,0,train
yB4lHAEsSyo,0,train
b2M9TE7ZJCI,0,test
sGaD6VbUk-E,1,train
QzfnWcHhdyQ,0,test
t67Hvc-ftc0,0,train
K_U_oSHRZRU,0,train
OO0zMHDktAc,1,train
AdQBBlfNlc4,1,train
Wpr2WvQn-kg,0,train
zxAqZv6TMb4,0,train
0CJYMiPcUZI,1,train
SFILzbSO0oQ,0,train
lO5l9G5Q8g8,0,train
9tta2ndTDtk,1,train
Oz3b0Qp2Ong,1,test
qO9g1_BTz0o,0,train
mrdIADWtqZU,1,train
sZ_-yb-TN9M,1,train
E3mjY7RsbA8,1,train
yCEz19DPg3A,0,test
QXvTVYazOlg,0,train
eCHpB2fyfJo,1,test
tauNqKD8aMg,1,train
xHIykZgE7HY,1,test
YrsaL33woys,1,train
TJl8hYTQIc0,1,test
yf0s4Q8cLW8,1,train
lsiYeumI43o,1,train
lepQoU4oek4,0,test
Dxx70iDJOOo,0,train
x3GvCQJVQfs,1,train
Wgxo1Ux8x_0,0,test
5IvTyXrUyQU,1,test
cnTF3guz7EQ,0,test
CNfJj6L9BH4,1,train
a-2XOCNyKDo,1,train
qLra6OjJJXk,0,test
nBnRvmhly9U,1,train
g-uc5_QEmuM,0,train
ST0RV75_jhE,1,train
YMPKTNYSke4,0,train
WmI1WcFo56M,0,train
-6BsMzc9mMs,0,train
EEfEPHRyd74,1,train
XDzpzYzp9HE,0,train
Gy0yuOSUSEs,0,test
QvB2IO8zmDo,1,train
rlqafKgRmXU,1,test
ashL0BWkOe8,1,train
TbgM9EgKpTE,0,train
QsxmZPRhlsc,0,train
GLbiPMGC7E0,0,train
gBEvvW4DI78,1,train
JdLCEwEFCMU,0,train
9rfXgT4oE2A,0,train
fw-S89PZV2g,1,train
lDcEk5bcdMM,1,train
B1wp2MQCsfQ,0,train
ncW-E1GDg5E,0,train
zViYpS3BIqY,0,train
Bp5c6JfSUmY,1,train
yCn9H4A7ZVY,0,train
70zhjbMiSno,0,test
z3n_TXQjIpo,1,train
nUhq9Mw68B0,0,train
hP5AfBKORJE,1,train
lWIrT8tN-a8,0,test
miIzijoyV-4,0,train
2aivgyABflk,0,train
Wq_Nfw2DJgo,0,train
hV4vq2XYRZQ,0,train
_922HDRXCnU,0,train
q5m0WVhYMX4,1,train
xjZJhUureKc,1,train
XsXPQt9a8Rk,0,train
ND2wihZiR_Q,0,train
cqylLiMzk54,0,train
16Y15eImbmY,0,train
FcpYPu9M3bw,0,test
XwEWVOkN2z0,0,test
4x1XSYMpSq0,1,train
GUWE1MxtcoI,1,test
cjyqWsrpQAA,0,train
3V-QR7DyahU,1,test
LrhHkQhglig,0,test
HzSnL3J3_PY,1,train
4wW-0nWWA-M,0,train
jMXziu6GHCw,0,test
6BzxdeIGE9o,1,test
IfYRzxeMdGs,0,train
3mP1enywJMI,1,train
Ep9fPTMgofg,1,train
QDCqBWV5hW0,1,train
nNR9Jjw0xpI,0,train
7RSGu9GpnF8,0,test
sD0kuL7rv1w,0,train
5c6C3rHOdf8,0,test
wHf01y69Ae4,0,test
qeUM1WDoOGY,0,train
Ww3fe7_uU3o,1,test
8X0URbZn9hQ,0,train
GNZMKTrR5Uc,1,train
hDcWfBq5bxM,1,train
Nsu-UBhWYmk,1,train
iYAjQyOW-Ak,0,test
a-ut2iUrIqo,0,train
Eb0VCVyOOco,1,train
GGs_NT4iL2c,0,train
6vTR8DbC5Qk,1,train
nv2wQvn6Wxc,0,train
KCnW6139C40,0,train
y1C1HrD_QRs,1,train
hOUqXWk-nCI,1,train
0uSOiu_WUDw,0,train
MtOiRhapfFE,0,train
5UGFnQuVyGI,1,train
QXjv7mh9awU,1,train
vTucLv_7FWs,1,train
cIxnbmTaEkg,1,train
v1-2K_pCWmI,0,test
NOuGHlQSQig,1,train
Yq2sP2Lh5K8,0,test
VvSJlsF-nCw,1,train
EkCifM0kDd0,0,train
fWyzrjTOyVc,1,train
cHIW9Ic24bs,1,train
93vjY9RY4-k,0,train
AzbMb9zxtG8,1,train
VUMQqx6vFzQ,0,train
rCWeVmiLF7A,0,test
TaVT64pZ8As,1,train
lyjel1xoto8,1,train
ber4OFqbJ90,1,train
ZtiYlGeV4Fk,1,train
AN4KifV12DA,0,train
tdqTp8F7OQ4,1,train
CWXes4XqTN4,0,train
tvtWIlA8QrI,0,test
PBbTkzakiM8,0,train
Ed9aNq07qMw,1,train
a_SbGwxWWGs,0,train
Ftbl5xIi0_4,1,test
RG6EOci0suI,0,test
E91bGT9BjYk,0,train
ajO5MvL9pVE,0,test
GEtIhxm_NP0,1,train
RuwK1QipDDg,0,train
SPQNsHuR9D0,0,train
d1omBONP5p8,1,train
q1XkekFx5Xs,1,train
R-XH7ylO5ls,1,train
qTmX9omTTGY,0,train
tOHARIf3gpw,0,train
UegxgfMXl20,1,train
ilwnYbT5REk,1,train
5XzKvEnk1FY,0,train
iHIW0_SyIP4,1,test
1cyPyEQ4OHI,0,train
mIY0pXMXKm4,1,train
s5y-4EpmfRQ,1,train
MAgfgxsBTI4,0,train
xYOmJ0f0uKU,0,train
oEZTgRvL7kA,0,test
iNKzdbaCjxY,1,train
o7P5BuarD-s,1,train
lB8IXYwOAT4,1,train
lbO33OhC9sA,1,train
-B1NGZwSWx4,1,test
UhVhC9gk8wU,0,train
d0biznIXFXs,0,train
JWI5-vWqcGc,0,train
A1gemG9rdaE,0,train
0g1QzISOTpY,1,train
WGKIfiLwl3U,1,train
wx-M8sxcOp8,0,train
dbU_zFsyxvQ,1,train
KW5G72a4e9U,0,test
Csk7aXiFMtM,1,test
kMqeoW3XRa0,0,train
v0ujtrHvOTk,0,test
wVZz948krxY,1,train
NEOunA3tfqg,0,train
6nfHuM3DsNw,1,train
IygtUhGmsBc,0,train
AaALLWQmCdI,0,train
U7gjzTGOs-Y,1,train
-LikU99ut4w,1,train
30slMeUblXU,0,train
1VIlNmnjrAE,1,train
zhkEwfrCNR0,0,train
ebsnDYC7udk,1,train
K5R-j_oytyg,1,test
CtQdDIsRdZc,1,train
_rJhVZU5Xqo,0,train
rP27yWxuY9s,1,train
5YuGHBmv9wk,1,train
JtC_6HV977A,1,train
NmrE9xrzt2A,1,test
u8iVUJr52ow,1,train
tHxTZbCiCHI,1,test
F-0vAm6YwlM,1,train
ZBYVJbUmZAQ,1,train
KmziR25Csvg,1,test
JGwWNGJdvx8,0,train
uVZYgPMxjHw,0,train
dM9V9Od1xHc,1,train
Q4LzhgExvrc,0,test
hW0K_8AgJmg,0,train
GXMHIkzfIp4,0,test
rBFwxaVYPF4,1,test
E_K8IuJ0YJc,1,train
vjkqHRRSy_U,1,train
KCVSx_4V0wo,0,test
fYWfqBa65HE,0,train
DYcld8iDoEc,1,test
me_IFF37gR8,1,train
KFB_jTxEECA,1,train
VcLEEADb334,1,test
T83lRJk6hHg,1,train
JrbnTZPjg0k,1,test
gxKyPrkmYDc,1,train
UJrrNAkvOdM,1,test
cC6sIO4Ls88,1,train
x5aL5UtKrHg,0,train
m4_Z4Sob_rU,0,test
AX2uz2XYkbo,0,train
I2terj2CfQ0,0,train
Vmvk1LC3bbI,0,train
fcn5XSIT0kM,1,test
O7ugu8MTEH8,0,train
Tj7hRjl3sAY,0,train
VNu4ZsrqCMc,1,train
DnQ1tVIr8vk,0,train
q7kJdvlK85Q,1,train
ohG5C6AMwAU,1,train
aGHBXGSNqc8,1,train
lJvx6dAtOWE,1,train
fpV7DKwcqbk,0,train
LfQ03oj9fO0,0,train
RBC4t1uxJ2k,0,train
UmVWGvO8Yhk,0,test
CCze9AMPRLc,0,train
GbPeFs7uDLM,0,train
CbR9XF0whE4,1,train
RtWbpyjJqrU,0,train
a4UxBrJ2yIQ,0,train
qTMdH9-kmDk,0,train
p9jWxwpXMPM,0,train
l5VgOdgptRg,0,train
5S7uCR2qUnI,1,test
