video_id,comment_count,comments_status,view_count,like_count,error,comments_actually_available,comments_reason,transcript_actually_available,transcript_reason
hDcWfBq5bxM,111,enabled,393256,1532.0,nan,True,ok,True,ok
BtHDTsAA3uI,42,enabled,24418,267.0,nan,True,ok,True,ok
pqe4AHTpzPg,925,enabled,528038,3840.0,nan,True,ok,True,ok
nEGTPVWnwyo,3084,enabled,985095,16680.0,nan,True,ok,True,ok
T9O6rfENh7I,836,enabled,514272,3008.0,nan,True,ok,True,ok
uNeVk5mzssA,0,disabled,22951,96.0,nan,False,disabled,True,ok
L93bcUoLT_E,1624,enabled,5101614,33666.0,nan,True,ok,True,ok
-1GPvt7FRt4,5217,enabled,3444022,39369.0,nan,True,ok,True,ok
Im9Pj6FnhlM,119,enabled,112506,2344.0,nan,True,ok,True,ok
SwTSvzn9yHQ,934,enabled,3387700,26247.0,nan,True,ok,True,ok
QB8OXhvtOMY,7067,enabled,10809530,51770.0,nan,True,ok,True,ok
vxBrSvs3VkY,759,enabled,979268,3488.0,nan,True,ok,True,ok
oWahg8OWtlU,1885,enabled,252911,9097.0,nan,True,ok,True,ok
pmtmeXYW2o4,12,enabled,17499,174.0,nan,True,ok,True,ok
CUdnMkFXI2I,260,enabled,244770,2628.0,nan,True,ok,True,ok
nsAEReon0Ho,0,disabled,88555,1972.0,nan,False,disabled,True,ok
gOsEVZIfCmo,6,enabled,3205,38.0,nan,True,ok,True,ok
qp3XT9Jx1bI,6,enabled,4160,67.0,nan,True,ok,True,ok
1EUtL4_bdpk,61,enabled,29448,557.0,nan,True,ok,True,ok
cJ_boE1nZZ0,357,enabled,312822,837.0,nan,True,ok,True,ok
lX-1CexeTUc,1460,enabled,704721,4177.0,nan,True,ok,True,ok
P72PTEioSyw,11970,enabled,2817372,17730.0,nan,True,ok,True,ok
sWaiZEeWvHE,8,enabled,544,14.0,nan,True,ok,True,ok
Nv3sYb8BY_c,29,enabled,82904,520.0,nan,True,ok,True,ok
QU3gS5mKMbQ,333,enabled,185634,4423.0,nan,True,ok,True,ok
y6abL0JbEI4,85,enabled,36970,540.0,nan,True,ok,True,ok
8SWKMMMvp-g,1420,enabled,1365085,8857.0,nan,True,ok,True,ok
VxFjio-xfM0,16,enabled,4929,56.0,nan,True,ok,True,ok
onJZpbC4KqU,1458,enabled,459111,9413.0,nan,True,ok,True,ok
pThox-ig-ho,90,enabled,173549,1041.0,nan,True,ok,True,ok
dViaNfK8krA,9590,enabled,9436550,180168.0,nan,True,ok,True,ok
l6FasjnqEBo,4569,enabled,2332817,32183.0,nan,True,ok,True,ok
hzAWq6btY2w,6003,enabled,5106238,55090.0,nan,True,ok,True,ok
eQA5BaLMHFs,2405,enabled,2581824,40672.0,nan,True,ok,True,ok
LVmFU6hwRqU,429,enabled,373152,4486.0,nan,True,ok,True,ok
e7tGkJp2HfU,2276,enabled,1783132,15492.0,nan,True,ok,True,ok
5vijt6GxD_8,1551,enabled,2346296,23689.0,nan,True,ok,True,ok
jeERYDPGRnU,1758,enabled,12720262,41897.0,nan,True,ok,True,ok
xLOi_bvWXEo,554,enabled,356582,3345.0,nan,True,ok,True,ok
mOSrtH9n0sE,557,enabled,5142839,27269.0,nan,True,ok,True,ok
WA8qkFtrpUg,4299,enabled,3264723,27289.0,nan,True,ok,True,ok
47GyO3DsohA,363,enabled,171165,1914.0,nan,True,ok,True,ok
0brngy3hCZg,5620,enabled,2851967,32762.0,nan,True,ok,True,ok
xVr0kB6SqEE,775,enabled,1278059,7747.0,nan,True,ok,True,ok
CMdqzuuyb90,3555,enabled,2250129,36190.0,nan,True,ok,True,ok
fWMsyD_RNi0,6,enabled,13248,104.0,nan,True,ok,True,ok
JUkfTeEmddo,70,enabled,67115,1298.0,nan,True,ok,True,ok
YN1bUAFc7bs,27,enabled,7891,162.0,nan,True,ok,True,ok
yxXjPy9m20Q,13894,enabled,2307561,42112.0,nan,True,ok,True,ok
iUUBQXs4zQM,1730,enabled,2796714,22857.0,nan,True,ok,True,ok
61muWPtLsEs,1573,enabled,1429735,16900.0,nan,True,ok,True,ok
GJVAlONnyNg,11,enabled,7961,192.0,nan,True,ok,True,ok
ahGo8NQ22Xo,2536,enabled,1794064,22705.0,nan,True,ok,True,ok
nBnRvmhly9U,661,enabled,160106,3179.0,nan,True,ok,True,ok
IvRM4fHKTQI,5547,enabled,3261029,46298.0,nan,True,ok,True,ok
udLPTJDDB-Q,20,enabled,10515,231.0,nan,True,ok,True,ok
PJGgl6qkK9I,85,enabled,565142,1645.0,nan,True,ok,True,ok
pRRUgI_iUXI,1337,enabled,2478463,22792.0,nan,True,ok,True,ok
wxBk9JzB5Lw,903,enabled,552218,9579.0,nan,True,ok,True,ok
VX_qI9e95_s,807,enabled,646199,10042.0,nan,True,ok,True,ok
VbB33IRYs5c,4387,enabled,5287466,48405.0,nan,True,ok,True,ok
Dvs30PTkdm4,0,disabled,15670,268.0,nan,False,disabled,True,ok
pFxZyNnHxTI,0,disabled,1110902,20552.0,nan,False,disabled,True,ok
TNs-mqqC27Y,40,enabled,27542,370.0,nan,True,ok,True,ok
h62tcdxa4Ag,1216,enabled,1028175,11511.0,nan,True,ok,True,ok
GexdxCIt86E,92,enabled,53078,548.0,nan,True,ok,True,ok
nmDP020rZGQ,1448,enabled,207017,4284.0,nan,True,ok,True,ok
Mw-x-7tbq20,193,enabled,154777,2715.0,nan,True,ok,True,ok
G41OcYF64lo,436,enabled,682362,6346.0,nan,True,ok,True,ok
s9sX9Adb9KU,5711,enabled,1937192,86734.0,nan,True,ok,True,ok
7yTt9N8_5LY,850,enabled,587939,4143.0,nan,True,ok,True,ok
KwkCPF_wSEk,434,enabled,2017835,9247.0,nan,True,ok,True,ok
z7Sh6yc3FHk,3117,enabled,4026529,17600.0,nan,True,ok,True,ok
wcriTfwUdfI,1500,enabled,993936,9681.0,nan,True,ok,True,ok
5S4dDGr1VYU,2325,enabled,1055149,10512.0,nan,True,ok,True,ok
_XsRi4BerjM,3,enabled,3385,26.0,nan,True,ok,True,ok
8p9DDIRSoxM,196,enabled,48655,632.0,nan,True,ok,True,ok
Yb-geBO7DVg,7,enabled,413,11.0,nan,True,ok,True,ok
w5bSVrPdH8c,1194,enabled,1911055,26925.0,nan,True,ok,True,ok
A1sgVb3YBAI,26113,enabled,13942796,264375.0,nan,True,ok,True,ok
xUm-6bNHacU,162,enabled,15918,590.0,nan,True,ok,True,ok
fHC8DfI13Tw,534,enabled,48319,1305.0,nan,True,ok,True,ok
BGPAM7db_VM,123,enabled,664462,2523.0,nan,True,ok,True,ok
_CACoKwOk3E,127,enabled,29775,908.0,nan,True,ok,True,ok
9JmCVLUMkAA,12,enabled,17276,191.0,nan,True,ok,True,ok
byuQOxiZbk0,591,enabled,1264548,11917.0,nan,True,ok,True,ok
J7N25qyU-48,425,enabled,554141,9776.0,nan,True,ok,True,ok
HXelZriTubU,1926,enabled,5299845,20611.0,nan,True,ok,True,ok
hhXDD2PkpIg,147,enabled,94757,1996.0,nan,True,ok,True,ok
apEK0-7oW7A,703,enabled,292867,9458.0,nan,True,ok,True,ok
dg7g0FLv_PM,3770,enabled,11701043,54261.0,nan,True,ok,True,ok
c5kAP0cCeao,0,disabled,2477030,5368.0,nan,False,disabled,True,ok
FvOM9_tRu2M,1026,enabled,1582501,6939.0,nan,True,ok,True,ok
7YzGFwzhDxE,193,enabled,83031,1863.0,nan,True,ok,True,ok
tfBgtQs8l6M,2595,enabled,1820339,19657.0,nan,True,ok,True,ok
1NhID0fY0C4,73,enabled,238086,1804.0,nan,True,ok,True,ok
ZV7wrTbudOs,3562,enabled,2117558,27829.0,nan,True,ok,True,ok
dsyyq62uJ60,1722,enabled,5690497,21862.0,nan,True,ok,True,ok
B_SR_5Kl9NY,6,enabled,9641,18.0,nan,True,ok,True,ok
5Viy6VdjFag,2563,enabled,1033824,17928.0,nan,True,ok,True,ok
OdKgMjJL3KA,207,enabled,130679,1399.0,nan,True,ok,True,ok
tZw8tnz-uv8,6095,enabled,6042292,176230.0,nan,True,ok,True,ok
ZfDCRCPoV3Y,177,enabled,84966,356.0,nan,True,ok,True,ok
VHWu6JvzrJs,8927,enabled,4299177,54255.0,nan,True,ok,True,ok
dzIPjLwNgmo,704,enabled,1590913,8199.0,nan,True,ok,True,ok
m2Ht0KUoq2I,547,enabled,327687,4683.0,nan,True,ok,True,ok
QYH2uQ0xt5Q,452,enabled,295099,2652.0,nan,True,ok,True,ok
rIQH9xos954,4405,enabled,426175,6339.0,nan,True,ok,True,ok
U-lHtM2ti2k,273,enabled,66856,673.0,nan,True,ok,True,ok
HLm9NI4sTi4,2181,enabled,928818,14866.0,nan,True,ok,True,ok
XGTpqDj5fmo,254,enabled,60937,1007.0,nan,True,ok,True,ok
rx_B-hmWUbE,149,enabled,48911,1134.0,nan,True,ok,True,ok
0k7cHz-iQ4s,195,enabled,41544,504.0,nan,True,ok,True,ok
VNNLwdBI7Gk,3923,enabled,24371210,46368.0,nan,True,ok,True,ok
ioXoFHO8T1k,609,enabled,977924,5470.0,nan,True,ok,True,ok
-hSce1GE10E,23,enabled,5645,61.0,nan,True,ok,True,ok
6UCjUdTyr1w,5991,enabled,3877484,15498.0,nan,True,ok,True,ok
5f_RJpenvAI,17633,enabled,12255799,70911.0,nan,True,ok,True,ok
4WcdkItFjbY,2327,enabled,2133357,25605.0,nan,True,ok,True,ok
fW9aMoZURew,130,enabled,840733,3010.0,nan,True,ok,True,ok
5idaQec5hoA,24,enabled,203613,823.0,nan,True,ok,True,ok
Ew-b0KTPSy8,308,enabled,205691,3114.0,nan,True,ok,True,ok
7MtXCkKs18g,5967,enabled,3083632,54025.0,nan,True,ok,True,ok
t9iWCAWaWjU,2980,enabled,5150563,35360.0,nan,True,ok,True,ok
ZmeFsBuzdak,462,enabled,581288,6535.0,nan,True,ok,True,ok
26UfiKtOtrE,215,enabled,69065,1715.0,nan,True,ok,True,ok
iHi2OermTEc,5,enabled,247,13.0,nan,True,ok,True,ok
jPZ0ofY_2-U,66,enabled,11291,272.0,nan,True,ok,True,ok
VdHGqX0nuPQ,2094,enabled,1204972,7688.0,nan,True,ok,True,ok
lp96CLdrdPg,542,enabled,312830,5965.0,nan,True,ok,True,ok
9SbxPWJH8tU,224,enabled,134070,3197.0,nan,True,ok,True,ok
CGN_xByxGMw,1292,enabled,662571,13893.0,nan,True,ok,True,ok
funJHw0wIOs,400,enabled,553284,3265.0,nan,True,ok,True,ok
c1wg3ANeyq8,246,enabled,17191,232.0,nan,True,ok,True,ok
k-Hw_5kaYk4,334,enabled,189804,2013.0,nan,True,ok,True,ok
-hPRwRTQY8o,856,enabled,2247830,9993.0,nan,True,ok,True,ok
CI_Y6RLRtis,7415,enabled,11819625,40944.0,nan,True,ok,True,ok
h5i0XvMpWbg,3889,enabled,4738824,49829.0,nan,True,ok,True,ok
RJd9S6e_85c,91,enabled,60390,392.0,nan,True,ok,True,ok
WcrGyiKGEvg,64,enabled,25561,545.0,nan,True,ok,True,ok
K9aP4cdysAM,2381,enabled,2163917,16369.0,nan,True,ok,True,ok
gqsNHdfSERQ,5764,enabled,2938058,39679.0,nan,True,ok,True,ok
XQ1_u-z2UWI,1548,enabled,1161560,9873.0,nan,True,ok,True,ok
1TPdQyKGfwk,273,enabled,46045,582.0,nan,True,ok,True,ok
36NjBO_jkCw,202,enabled,56584,652.0,nan,True,ok,True,ok
38oKE-7LFJ4,3622,enabled,4170426,28478.0,nan,True,ok,True,ok
X1UDuzuuc5k,956,enabled,1754323,10992.0,nan,True,ok,True,ok
dLtrbr4rv2k,396,enabled,302397,3722.0,nan,True,ok,True,ok
XUrL785fX2U,88,enabled,141675,3697.0,nan,True,ok,True,ok
9rIyzmz5Hmk,81,enabled,25307,715.0,nan,True,ok,True,ok
OQZSwKL7HXA,226,enabled,64391,1467.0,nan,True,ok,True,ok
98vVChmws2E,257,enabled,360991,5157.0,nan,True,ok,True,ok
jEh0_uBmJe8,62,enabled,19038,465.0,nan,True,ok,True,ok
qcuCpOdBhcU,1331,enabled,536417,6217.0,nan,True,ok,True,ok
_M7OO9NrEzI,4347,enabled,4824716,24773.0,nan,True,ok,True,ok
zrGrpRXbOJ4,3390,enabled,1548594,29369.0,nan,True,ok,True,ok
yeIPDJcS9MQ,0,disabled,5877,82.0,nan,False,disabled,True,ok
B9gs6Y_lnAQ,4124,enabled,630464,33615.0,nan,True,ok,True,ok
DXt1GqzlH_E,1229,enabled,320937,5378.0,nan,True,ok,True,ok
vx_FK7OLI7o,61,enabled,14407,185.0,nan,True,ok,True,ok
ltTBH5driHw,28,enabled,13322,387.0,nan,True,ok,True,ok
rlqafKgRmXU,4107,enabled,1196100,20665.0,nan,True,ok,True,ok
tBd1Am7N13Y,2435,enabled,833687,8913.0,nan,True,ok,True,ok
PBwS7svfqkI,3228,enabled,2273040,21932.0,nan,True,ok,True,ok
YLKeDUuWoK0,575,enabled,243808,4200.0,nan,True,ok,True,ok
sgIbXwoSv-s,791,enabled,2119743,7500.0,nan,True,ok,True,ok
6cRV87SyBCs,208,enabled,148764,3314.0,nan,True,ok,True,ok
uSBnvoWkBdU,1674,enabled,5782000,19909.0,nan,True,ok,True,ok
Jn5CvDgaZSc,2029,enabled,3845898,28521.0,nan,True,ok,True,ok
QewvvIpwUlI,589,enabled,1602711,3598.0,nan,True,ok,True,ok
MHB6viOnEf8,64,enabled,23473,930.0,nan,True,ok,True,ok
3AVmLf3jSsQ,101,enabled,111362,2715.0,nan,True,ok,True,ok
hAeTOUCmK_8,790,enabled,404998,6049.0,nan,True,ok,True,ok
GWUL_GgUAlo,1317,enabled,572862,9338.0,nan,True,ok,True,ok
1iYpwybwDpA,304,enabled,2352778,8238.0,nan,True,ok,True,ok
nNlFZva_ewc,1935,enabled,1134869,8863.0,nan,True,ok,True,ok
CH7hF8qNmno,68,enabled,31998,662.0,nan,True,ok,True,ok
FiR2iiV9E68,991,enabled,4851046,58284.0,nan,True,ok,True,ok
bPFnQ_PVKNY,3956,enabled,520850,15864.0,nan,True,ok,True,ok
3upCBO27Wqw,6682,enabled,2936098,30025.0,nan,True,ok,True,ok
pvs_QscDsWQ,888,enabled,1458576,7891.0,nan,True,ok,True,ok
OZ81LbiiSpg,829,enabled,9225625,27156.0,nan,True,ok,True,ok
VDOF09361XE,421,enabled,56723,476.0,nan,True,ok,True,ok
_jzhoX7V4qc,596,enabled,7076771,10755.0,nan,True,ok,True,ok
-mnALVtXvSU,1734,enabled,1748684,16343.0,nan,True,ok,True,ok
0PU2Ah1Y76g,434,enabled,171184,3042.0,nan,True,ok,True,ok
R72oScwrHRI,16,enabled,26358,194.0,nan,True,ok,True,ok
qKUq4uBHQPg,10197,enabled,4022241,60269.0,nan,True,ok,True,ok
e17Thb0XiDo,357,enabled,527332,6555.0,nan,True,ok,True,ok
711kXYm5L10,288,enabled,492627,3388.0,nan,True,ok,True,ok
1rodyk_PvbE,8,enabled,44393,101.0,nan,True,ok,True,ok
s0vbUoqEOUg,199,enabled,1421662,8093.0,nan,True,ok,True,ok
weYuuIZBOss,149,enabled,153520,1500.0,nan,True,ok,True,ok
BsAPiFdsWJ4,173,enabled,198381,2313.0,nan,True,ok,True,ok
E9nudSkPOiI,5719,enabled,8786759,86554.0,nan,True,ok,True,ok
RrSP2KsU7Kc,7112,enabled,2058418,22220.0,nan,True,ok,True,ok
2XJOkQQL5Y4,1435,enabled,890140,9571.0,nan,True,ok,True,ok
nTbsOTHtJGo,207,enabled,27999,408.0,nan,True,ok,True,ok
Y3JtUO7bpwo,4,enabled,374,12.0,nan,True,ok,True,ok
aUlimrFs6hM,136,enabled,133732,1302.0,nan,True,ok,True,ok
Hq0daN8LVyQ,2654,enabled,388820,9408.0,nan,True,ok,True,ok
T4r1zVp3r4Q,22,enabled,12563,135.0,nan,True,ok,True,ok
eDDMSULnTdE,3802,enabled,1882926,23492.0,nan,True,ok,True,ok
MtYu_B9eVP0,1128,enabled,449368,5570.0,nan,True,ok,True,ok
rm3QTiUcpHY,2403,enabled,1027730,8618.0,nan,True,ok,True,ok
pJ-9Fjr3Hdk,0,disabled,349231,5818.0,nan,False,disabled,True,ok
BYOoWyoRDPY,7254,enabled,8946560,52001.0,nan,True,ok,True,ok
_7I8C1ynVco,0,zero,407,5.0,nan,True,ok,True,ok
ugO5uSWCSoU,759,enabled,1504210,8311.0,nan,True,ok,True,ok
bYXAnHUm8TY,330,enabled,114614,3117.0,nan,True,ok,True,ok
L9ssq0KufmE,5919,enabled,2815128,42869.0,nan,True,ok,True,ok
_pJ3WzHH3Mg,8,enabled,3599,32.0,nan,True,ok,True,ok
ylAO6Bg3E8w,242,enabled,28501,284.0,nan,True,ok,True,ok
DvCP3Gmxd8Y,904,enabled,3130824,44277.0,nan,True,ok,True,ok
NrPxOjofsZY,4456,enabled,3155452,34043.0,nan,True,ok,True,ok
yarsCzySIC4,3125,enabled,4086090,32432.0,nan,True,ok,True,ok
rVq7tz4jA-I,150,enabled,73611,1854.0,nan,True,ok,True,ok
OhdBzHU7sdQ,346,enabled,186483,3537.0,nan,True,ok,True,ok
8AnCBDIwHsE,710,enabled,483911,1630.0,nan,True,ok,True,ok
ONjVIeJ0HZg,7206,enabled,5520445,95714.0,nan,True,ok,True,ok
2NromoWOzn0,1181,enabled,886743,8505.0,nan,True,ok,True,ok
1KdxrKgwknQ,1430,enabled,591816,9765.0,nan,True,ok,True,ok
-3c-V5K2p88,8076,enabled,3144690,25235.0,nan,True,ok,True,ok
Theih2v9Tc8,3579,enabled,3991298,33684.0,nan,True,ok,True,ok
eXuT_83QI6g,244,enabled,65326,2075.0,nan,True,ok,True,ok
yXVuP1cvcJ8,445,enabled,1370741,7746.0,nan,True,ok,True,ok
p4a0F-7LWt4,3849,enabled,14958813,61332.0,nan,True,ok,True,ok
Uzcg_EWfy28,953,enabled,531821,4621.0,nan,True,ok,True,ok
xsZLVN2iriE,1094,enabled,10415473,35153.0,nan,True,ok,True,ok
Mmh1JGzKyEY,1131,enabled,314308,5901.0,nan,True,ok,True,ok
HVyUkKthTuA,772,enabled,1253104,8480.0,nan,True,ok,True,ok
TKDY7mfhq0A,1254,enabled,626376,8003.0,nan,True,ok,True,ok
d4ARyi9Y6dM,160,enabled,56129,1235.0,nan,True,ok,True,ok
NyGjHiYi3ZI,353,enabled,172029,1306.0,nan,True,ok,True,ok
wB-Sps7fx3k,1092,enabled,675213,12913.0,nan,True,ok,True,ok
f0vQS4CBER8,245,enabled,80033,1056.0,nan,True,ok,True,ok
0f6VCgnQ6LU,25,enabled,17541,313.0,nan,True,ok,True,ok
sc1YLWuOGJI,25,enabled,7986,200.0,nan,True,ok,True,ok
sPU5uaXjUVQ,3199,enabled,1120964,11768.0,nan,True,ok,True,ok
rRDKv_VGJik,44,enabled,34081,295.0,nan,True,ok,True,ok
KRfj8yD0VzY,155,enabled,17862,417.0,nan,True,ok,True,ok
b8NVRe9YYo4,806,enabled,147975,2893.0,nan,True,ok,True,ok
PUybvb18bVI,1844,enabled,1274261,6125.0,nan,True,ok,True,ok
COBICZWwkc8,4843,enabled,1221651,20577.0,nan,True,ok,True,ok
Z3f90BIYU7U,538,enabled,3109317,27233.0,nan,True,ok,True,ok
5h6qDBnJVAY,63,enabled,27424,463.0,nan,True,ok,True,ok
9BuLhF2x4Xs,4650,enabled,4992038,45142.0,nan,True,ok,True,ok
q-RzbVL8In0,380,enabled,60834,1424.0,nan,True,ok,True,ok
JYnaNvXZhoY,2682,enabled,5457861,48049.0,nan,True,ok,True,ok
OQa8rFsp-pM,5077,enabled,3905644,26908.0,nan,True,ok,False,disabled
y0dz2ifRzxg,1531,enabled,706896,16474.0,nan,True,ok,True,ok
hXJOEqrl4GY,0,disabled,289642,564.0,nan,False,disabled,True,ok
KZEgUpAnuZE,1893,enabled,1900258,25974.0,nan,True,ok,True,ok
HB0-jTeR2Vg,4937,enabled,4286826,103312.0,nan,True,ok,True,ok
8M4-mBGLPeE,3183,enabled,4741818,27825.0,nan,True,ok,True,ok
9ltRadPZWEQ,97,enabled,94564,358.0,nan,True,ok,True,ok
W-j0kFE82jk,22897,enabled,12119741,91429.0,nan,True,ok,True,ok
chvGNfsGwV0,631,enabled,493315,6883.0,nan,True,ok,True,ok
C0Z3Mw-1A9w,418,enabled,150246,2906.0,nan,True,ok,True,ok
9nuT_ZxWwb0,3784,enabled,2812448,28149.0,nan,True,ok,True,ok
pgtWGSQm15w,11,enabled,39917,163.0,nan,True,ok,True,ok
u70PvD-FZF4,26,enabled,15624,226.0,nan,True,ok,True,ok
pNgcIDj9sE0,0,disabled,20312,143.0,nan,False,disabled,True,ok
6dNGF9PRkBY,2672,enabled,18940722,147445.0,nan,True,ok,True,ok
9LJYUkaL5yk,407,enabled,1460011,6261.0,nan,True,ok,True,ok
9ncC1R2klvE,1741,enabled,2315142,21886.0,nan,True,ok,True,ok
UlGeHPncTe0,4941,enabled,2891694,42308.0,nan,True,ok,True,ok
LZ8yTs5_T0M,36,enabled,38510,228.0,nan,True,ok,True,ok
Ke5Is2cs4Rc,2864,enabled,1721824,33330.0,nan,True,ok,True,ok
s_FHwR_dY04,540,enabled,156217,2728.0,nan,True,ok,True,ok
nAT-ahYN28U,222,enabled,168027,1526.0,nan,True,ok,True,ok
DItNtEGqoYc,318,enabled,134174,4456.0,nan,True,ok,True,ok
hyk9dRXKKbg,209,enabled,1043565,4908.0,nan,True,ok,True,ok
CTVzdg7B9os,1373,enabled,494014,7334.0,nan,True,ok,True,ok
qvu5Tfo_HTc,1263,enabled,2042558,12051.0,nan,True,ok,True,ok
RG4wov7W5jM,237,enabled,100282,1916.0,nan,True,ok,True,ok
qV-ztVH9glY,677,enabled,336307,4742.0,nan,True,ok,True,ok
dM9V9Od1xHc,1157,enabled,2481295,16328.0,nan,True,ok,True,ok
xl3gh_hTyhA,582,enabled,2946760,18626.0,nan,True,ok,True,ok
wPzUAIX_IVE,195,enabled,77712,1330.0,nan,True,ok,True,ok
2KMyPXGPQB0,11,enabled,6574,57.0,nan,True,ok,True,ok
8bWhdDQEnZw,3101,enabled,2264892,17265.0,nan,True,ok,True,ok
SmCq71whq3I,220,enabled,96155,1678.0,nan,True,ok,True,ok
BHlNIgcJUrc,3596,enabled,1978341,24831.0,nan,True,ok,True,ok
b0g50-j3kQc,0,disabled,145417,1038.0,nan,False,disabled,True,ok
iFUOt5wfXHU,364,enabled,2571646,8091.0,nan,True,ok,True,ok
jN8A8I8N4R8,469,enabled,100089,1825.0,nan,True,ok,True,ok
-lc8DHMiIYE,1921,enabled,1117855,11132.0,nan,True,ok,True,ok
gg5PYU2CznY,3483,enabled,2475478,26217.0,nan,True,ok,True,ok
79p-OHjAt_g,2889,enabled,476550,7600.0,nan,True,ok,True,ok
w6prPFcFEbE,372,enabled,58308,1374.0,nan,True,ok,True,ok
BEXWz23D2wU,7443,enabled,3072797,20552.0,nan,True,ok,True,ok
fStQ3bBTsq8,95,enabled,31981,367.0,nan,True,ok,True,ok
QsQV4nDG7u8,4403,enabled,6902004,48346.0,nan,True,ok,True,ok
w8IJZRGcoz8,1016,enabled,1593573,10098.0,nan,True,ok,True,ok
bqCMP44fqxM,0,disabled,2447047,2259.0,nan,False,disabled,True,ok
kmdGOXjvUTY,94,enabled,188453,1289.0,nan,True,ok,True,ok
kgFuqgnNZeY,597,enabled,7393337,13690.0,nan,True,ok,True,ok
ieZ3iCf9HX8,53,enabled,15225,353.0,nan,True,ok,True,ok
1LRaiX0ptqQ,34,enabled,35692,265.0,nan,True,ok,True,ok
yV5AfuGSdU4,28,enabled,50488,360.0,nan,True,ok,True,ok
U_reFBke_EM,119,enabled,51319,480.0,nan,True,ok,True,ok
hT7bJQBsmKM,496,enabled,732233,6242.0,nan,True,ok,True,ok
YRJEI8NsGio,186,enabled,13589,468.0,nan,True,ok,True,ok
EB9wnw5SvXs,2838,enabled,816115,3885.0,nan,True,ok,True,ok
7DUkvVFmGik,504,enabled,342007,1675.0,nan,True,ok,True,ok
asw97DWtrgE,30,enabled,27220,303.0,nan,True,ok,True,ok
Tk_lIr5j2kU,4,enabled,1281,24.0,nan,True,ok,True,ok
VWnzs0NWZww,8020,enabled,2809638,34666.0,nan,True,ok,True,ok
bmMWAanb4gY,99,enabled,66662,895.0,nan,True,ok,True,ok
62ZXWfA321o,2454,enabled,787220,8372.0,nan,True,ok,True,ok
y-LarSry8BE,240,enabled,113490,1095.0,nan,True,ok,True,ok
7UVuz5l1g7Y,10,enabled,32917,2532.0,nan,True,ok,True,ok
a15jXgmTBbU,3722,enabled,7214264,29204.0,nan,True,ok,True,ok
hbURFbm1jlE,660,enabled,2637780,11462.0,nan,True,ok,True,ok
LEkEf9kdSsU,1087,enabled,9256984,18560.0,nan,True,ok,True,ok
D4BG6h0j6Yc,126,enabled,40814,606.0,nan,True,ok,True,ok
dAB7r3DA0w4,2423,enabled,1581356,5886.0,nan,True,ok,True,ok
2Hhc1SbptPY,0,disabled,65059,360.0,nan,False,disabled,True,ok
ZEh2lrttbKM,87,enabled,18730,373.0,nan,True,ok,True,ok
7uRiHWuvqfI,395,enabled,176349,3329.0,nan,True,ok,True,ok
5sAaNzBGtCc,7874,enabled,3961282,47820.0,nan,True,ok,True,ok
vjl2eJP4O9s,4196,enabled,11526408,35014.0,nan,True,ok,True,ok
3ptuCpOxT7o,443,enabled,1670780,4054.0,nan,True,ok,True,ok
ziwE4WIBjN4,945,enabled,1474554,10880.0,nan,True,ok,True,ok
1PidVM63yyY,250,enabled,502930,1457.0,nan,True,ok,True,ok
7cYgPMGDgbk,1016,enabled,699794,4519.0,nan,True,ok,True,ok
s-EVs2FPfco,558,enabled,331613,2197.0,nan,True,ok,True,ok
AORABZEP3V0,19,enabled,6394,102.0,nan,True,ok,True,ok
YVp6q68lvYI,1157,enabled,1180871,10423.0,nan,True,ok,True,ok
b0SuJxtXLnA,140,enabled,74983,772.0,nan,True,ok,True,ok
SUUTiQHno8g,5472,enabled,10081605,79629.0,nan,True,ok,True,ok
DTSu6UjvceY,416,enabled,180093,1389.0,nan,True,ok,True,ok
nai4HyeRnxw,576,enabled,1623328,8457.0,nan,True,ok,True,ok
Looyvy7QsiI,2164,enabled,2512671,32090.0,nan,True,ok,True,ok
AjMhJlrro_k,127,enabled,1001969,4142.0,nan,True,ok,True,ok
2C5OP4ElE50,36,enabled,22098,316.0,nan,True,ok,True,ok
2JfClOxmMAc,565,enabled,947193,7060.0,nan,True,ok,True,ok
_IYtTJMVKI8,2666,enabled,639104,12948.0,nan,True,ok,True,ok
QC6gsVTlvRo,2740,enabled,691582,4979.0,nan,True,ok,True,ok
MSqtLmrGQJA,2168,enabled,3120037,49032.0,nan,True,ok,True,ok
YGBzEN6_t6c,4151,enabled,1682647,18664.0,nan,True,ok,True,ok
B4KNQQs8I0k,108,enabled,34192,1026.0,nan,True,ok,True,ok
NcUchJEPd6k,339,enabled,220052,1724.0,nan,True,ok,True,ok
4a2W7ZeqRpc,3659,enabled,3620808,33077.0,nan,True,ok,True,ok
JJV2tO7Ad1U,653,enabled,5890141,27930.0,nan,True,ok,True,ok
cQ8UBY8x-Zk,1935,enabled,1500785,12513.0,nan,True,ok,True,ok
y98nWwKnzfA,393,enabled,194694,3642.0,nan,True,ok,True,ok
Mswr5cic_I4,9500,enabled,5227347,128393.0,nan,True,ok,True,ok
Id0ud_UfIK8,20942,enabled,3390397,42284.0,nan,True,ok,True,ok
NgJoRnmUtoY,0,disabled,782471,4399.0,nan,False,disabled,True,ok
TRuPqaFWWpI,162,enabled,66807,393.0,nan,True,ok,True,ok
lr3au-ZdIOE,5638,enabled,3269989,28242.0,nan,True,ok,True,ok
XtCEe8ssRVc,2535,enabled,18290267,74260.0,nan,True,ok,True,ok
X45VihfG-QE,102,enabled,881268,2613.0,nan,True,ok,True,ok
Yhj4-pwi0sg,4286,enabled,25059424,82723.0,nan,True,ok,True,ok
6SP0DweBVXw,22,enabled,24333,330.0,nan,True,ok,True,ok
daI0FdA3wpw,1171,enabled,1094449,16829.0,nan,True,ok,True,ok
dh-agoAnKe8,9928,enabled,1981022,19108.0,nan,True,ok,True,ok
2daR-0XU8-o,444,enabled,177203,2794.0,nan,True,ok,True,ok
L7JQ6tr_izE,4956,enabled,5487818,39148.0,nan,True,ok,True,ok
0NpuyvsUVHo,3308,enabled,4035528,32865.0,nan,True,ok,True,ok
olQw2CWY7yQ,162,enabled,44699,1176.0,nan,True,ok,True,ok
TyKB84y-YvE,10336,enabled,12382975,51203.0,nan,True,ok,True,ok
NsBgzwgXjrA,267,enabled,94773,1950.0,nan,True,ok,True,ok
XXe5ZEqHABo,23,enabled,16801,283.0,nan,True,ok,True,ok
yPoPmdvlyS0,251,enabled,108389,2212.0,nan,True,ok,True,ok
CCBhLoSwhLY,522,enabled,132472,2618.0,nan,True,ok,True,ok
ihsTONOFVic,8361,enabled,14718969,346037.0,nan,True,ok,True,ok
a7nMhCOEptg,282,enabled,461617,6395.0,nan,True,ok,True,ok
3c1BWmw2ly0,1000,enabled,3466115,24977.0,nan,True,ok,True,ok
UZ_Lp0coivc,4554,enabled,812574,15278.0,nan,True,ok,True,ok
pCsHAK7VYUU,4685,enabled,1760714,9937.0,nan,True,ok,True,ok
x3_dJaZjwHo,5627,enabled,7458479,53927.0,nan,True,ok,True,ok
J4mExd_0CQw,5,enabled,3055,36.0,nan,True,ok,True,ok
NizJCibudx8,144,enabled,530460,2879.0,nan,True,ok,True,ok
sW1rC2aLOfU,1411,enabled,2030735,14472.0,nan,True,ok,True,ok
hz-iqA2wKgI,12349,enabled,15147403,78129.0,nan,True,ok,True,ok
OcskK2npFwg,2403,enabled,3413288,31873.0,nan,True,ok,True,ok
i6GYVgEUe0Q,100,enabled,38963,938.0,nan,True,ok,True,ok
2WBgxCktEIs,245,enabled,39741,1307.0,nan,True,ok,True,ok
DM91100gT4c,3425,enabled,13332052,113533.0,nan,True,ok,True,ok
_oRBarHnMgY,147,enabled,60207,623.0,nan,True,ok,True,ok
mW_t_nKqqaQ,38,enabled,29301,1132.0,nan,True,ok,True,ok
fwMsHbBlzG8,6,enabled,2071,45.0,nan,True,ok,True,ok
amBbZ7PcJGk,3876,enabled,8593118,69312.0,nan,True,ok,True,ok
WOw1mO6sx5M,12794,enabled,2499835,13998.0,nan,True,ok,True,ok
Kp8u_BX3gUA,10588,enabled,1381010,33411.0,nan,True,ok,True,ok
sfwnXVKdCAo,484,enabled,475601,4469.0,nan,True,ok,True,ok
uBuiM4_Bi2U,0,disabled,31724,346.0,nan,False,disabled,True,ok
bpukw-UZgyQ,161,enabled,83281,2115.0,nan,True,ok,True,ok
awM6T_1Znaw,146,enabled,154689,1656.0,nan,True,ok,True,ok
OOhLRXWLHS0,2899,enabled,1882752,38533.0,nan,True,ok,True,ok
dLqOGq9tQKQ,979,enabled,1220924,6667.0,nan,True,ok,True,ok
E_K8IuJ0YJc,288,enabled,100468,2313.0,nan,True,ok,True,ok
aaU1Al8cMIk,493,enabled,2124018,9799.0,nan,True,ok,True,ok
ZFBvaOiYH9U,509,enabled,295700,5497.0,nan,True,ok,True,ok
28BdDT49BuE,884,enabled,4273023,22133.0,nan,True,ok,True,ok
JvHU-UOPrGs,6976,enabled,6944321,48114.0,nan,True,ok,True,ok
TUPLEVJXOXk,20,enabled,29306,331.0,nan,True,ok,True,ok
F8zvYRT8hxg,184,enabled,721428,6219.0,nan,True,ok,True,ok
YhkQQMDtRnE,15189,enabled,4589768,81655.0,nan,True,ok,True,ok
fZEwjx9kFNU,105,enabled,78238,1748.0,nan,True,ok,True,ok
7p_nPxfqNFo,55,enabled,85745,623.0,nan,True,ok,True,ok
OT5SWXebDww,147,enabled,2452388,13737.0,nan,True,ok,True,ok
mrra4A3ARUA,602,enabled,325160,4419.0,nan,True,ok,True,ok
6HToU3E6zFE,10353,enabled,3149359,34199.0,nan,True,ok,True,ok
didpRr0hCqM,7838,enabled,9491974,49151.0,nan,True,ok,True,ok
149lO9e-CjM,1922,enabled,2429996,21885.0,nan,True,ok,True,ok
PNG75B-EwDE,63,enabled,94296,1387.0,nan,True,ok,True,ok
a2-6F2zOk30,7846,enabled,19123929,151476.0,nan,True,ok,True,ok
EGbQk0ikxe0,69,enabled,28614,649.0,nan,True,ok,True,ok
MWj6STevPD8,1450,enabled,477615,3090.0,nan,True,ok,True,ok
Pq08trKEufo,2676,enabled,9214900,49721.0,nan,True,ok,True,ok
xIe-ejegc-4,2034,enabled,1782286,25177.0,nan,True,ok,True,ok
NESz9vIMOuo,0,disabled,55184,514.0,nan,False,disabled,True,ok
NiLl_f5Llwg,2384,enabled,3841516,66372.0,nan,True,ok,True,ok
_v3ptRMam50,102,enabled,44246,622.0,nan,True,ok,True,ok
trVSZw-C52E,13056,enabled,11504339,106109.0,nan,True,ok,True,ok
3_q8O8xQnlQ,5483,enabled,9742532,53006.0,nan,True,ok,True,ok
fO6cjC0Op6s,1022,enabled,923910,7904.0,nan,True,ok,True,ok
K11IeKCIu6M,740,enabled,3469965,20572.0,nan,True,ok,True,ok
8HlkCfYC6f4,41,enabled,14931,298.0,nan,True,ok,True,ok
t4OEBQjE0bk,524,enabled,555619,5104.0,nan,True,ok,True,ok
aEP346zFHLM,2109,enabled,2590123,9449.0,nan,True,ok,True,ok
RLHVZ2elQqY,108,enabled,4440,79.0,nan,True,ok,True,ok
vEzOylq9rnQ,24518,enabled,4525903,149745.0,nan,True,ok,True,ok
lUkJiYVL4ow,2001,enabled,5566679,34638.0,nan,True,ok,True,ok
15m-p0gVNE4,10,enabled,5405,269.0,nan,True,ok,True,ok
h0GohGRRmD8,3382,enabled,2424080,22706.0,nan,True,ok,True,ok
gndDVuExTnM,3625,enabled,7583658,40163.0,nan,True,ok,True,ok
NYuu0NNryS8,9464,enabled,23111295,135935.0,nan,True,ok,True,ok
m77_wQWnSp4,0,disabled,64888,186.0,nan,False,disabled,True,ok
LBf1bxP2Pro,3834,enabled,8242937,58263.0,nan,True,ok,True,ok
cjEj2DnJ5So,500,enabled,1151696,8667.0,nan,True,ok,True,ok
Of7CU5dpvi8,29,enabled,10196,219.0,nan,True,ok,True,ok
rPpaQTx2hMQ,227,enabled,283003,3575.0,nan,True,ok,True,ok
_qADYyrn5zA,578,enabled,700319,10411.0,nan,True,ok,True,ok
IN_kywkEyhc,1635,enabled,808619,6983.0,nan,True,ok,True,ok
gNie7TOut2k,3708,enabled,3053675,61413.0,nan,True,ok,True,ok
7kaGsSsvFlw,271,enabled,374336,2679.0,nan,True,ok,True,ok
we4maOly4UQ,5066,enabled,5552226,32908.0,nan,True,ok,True,ok
3oStcXtuDp4,8,enabled,472,11.0,nan,True,ok,True,ok
EkZv1DmDXVc,55,enabled,577237,680.0,nan,True,ok,True,ok
Q89Z5nx-vj4,260,enabled,561333,3975.0,nan,True,ok,True,ok
pPK-areqUAg,34,enabled,16659,392.0,nan,True,ok,True,ok
-eWWG1Lc9_Y,1860,enabled,1708264,16378.0,nan,True,ok,True,ok
uD-BMoEOpig,142,enabled,1784709,5509.0,nan,True,ok,True,ok
igLSdbF6yv4,16816,enabled,3863351,55596.0,nan,True,ok,True,ok
SoGwfhO0yGU,922,enabled,2863614,39864.0,nan,True,ok,True,ok
YHGR1mRXKlA,0,disabled,178865,1817.0,nan,False,disabled,True,ok
Cq_Q1pbY5Q4,7306,enabled,6533710,67205.0,nan,True,ok,True,ok
aknKsPD9MKc,13988,enabled,11679740,53589.0,nan,True,ok,True,ok
YsQVB8_XeqU,13,enabled,8219,111.0,nan,True,ok,True,ok
RYz4YG2krIM,0,disabled,41577,2304.0,nan,False,disabled,True,ok
hbRwfWqSBwg,4637,enabled,857483,15456.0,nan,True,ok,True,ok
mkBO1AThsvQ,156,enabled,608671,2175.0,nan,True,ok,True,ok
feOmQUbK_s0,0,disabled,204869,8294.0,nan,False,disabled,True,ok
Y_TF9N2XlAs,121,enabled,165022,1404.0,nan,True,ok,True,ok
JO_b-YZU4_Y,3020,enabled,304702,4393.0,nan,True,ok,True,ok
_04DT_GlXPk,25,enabled,9596,257.0,nan,True,ok,True,ok
BVI87Bybuwc,207,enabled,1022065,4702.0,nan,True,ok,True,ok
NFFa95zbqVE,19,enabled,4862,192.0,nan,True,ok,True,ok
ZoemTySxFso,4803,enabled,4153889,48218.0,nan,True,ok,True,ok
IJHPrPCAEXA,546,enabled,4377796,11681.0,nan,True,ok,True,ok
7QZ4RboU6_E,6096,enabled,9315136,37978.0,nan,True,ok,True,ok
Bw75H5dKVxk,0,disabled,1217131,23112.0,nan,False,disabled,True,ok
yf0s4Q8cLW8,51,enabled,24610,275.0,nan,True,ok,True,ok
9zJlI5VzAvQ,1881,enabled,2581673,20891.0,nan,True,ok,True,ok
gIkZT9Bhugc,1931,enabled,9960595,200481.0,nan,True,ok,True,ok
KtKzbboo0bw,728,enabled,259332,2140.0,nan,True,ok,True,ok
kaKpA_l4WoE,205,enabled,46326,905.0,nan,True,ok,True,ok
q_aM4KXTYPk,23,enabled,27300,223.0,nan,True,ok,True,ok
MW2x0GiJlO0,365,enabled,190694,4051.0,nan,True,ok,True,ok
oqU_pqD6OCA,49,enabled,11139,202.0,nan,True,ok,True,ok
NrIfVaWzlnQ,14059,enabled,7826469,65564.0,nan,True,ok,True,ok
A9t00pgrjRA,5968,enabled,1848571,27064.0,nan,True,ok,True,ok
NRD60VaEHQU,149,enabled,57971,532.0,nan,True,ok,True,ok
xr9vo10M0U4,49,enabled,121050,1074.0,nan,True,ok,True,ok
YRfUR9iVPHc,6909,enabled,8854878,65754.0,nan,True,ok,True,ok
lFfjB8kyGfE,0,disabled,4309031,23054.0,nan,False,disabled,True,ok
S3DGvtvCdTA,99,enabled,205230,508.0,nan,True,ok,True,ok
XOm1bqRxCV8,134,enabled,1883930,9004.0,nan,True,ok,True,ok
sCiJj2H9szk,478,enabled,1764435,14266.0,nan,True,ok,True,ok
HA1LCLBLZ-w,792,enabled,319610,2396.0,nan,True,ok,True,ok
SKieDgTC8_o,624,enabled,289159,7199.0,nan,True,ok,True,ok
tEVJSS_SRHA,225,enabled,173801,4572.0,nan,True,ok,True,ok
CEZ_zD1cdXQ,11,enabled,60103,189.0,nan,True,ok,True,ok
nm_J0-Hzt9A,653,enabled,210243,4419.0,nan,True,ok,True,ok
QYBxGRgyDUc,3744,enabled,3629731,35709.0,nan,True,ok,True,ok
t_SEr0i2awI,174,enabled,61970,1446.0,nan,True,ok,True,ok
khVJLkvx60k,882,enabled,867744,11008.0,nan,True,ok,True,ok
pnx97u-caCY,771,enabled,197567,1642.0,nan,True,ok,True,ok
fZbIwpwggm0,103,enabled,233674,2146.0,nan,True,ok,True,ok
HGVpgRGHD8s,1890,enabled,287374,4846.0,nan,True,ok,True,ok
28WfafDEsjU,1506,enabled,4414428,18891.0,nan,True,ok,True,ok
1dRPa4P-hkA,2098,enabled,1884163,13673.0,nan,True,ok,True,ok
OpPRP0UHWqY,8,enabled,1086,21.0,nan,True,ok,True,ok
6Z9f8CiJG7Y,6,enabled,840,16.0,nan,True,ok,True,ok
IS0XyV_8AnQ,99,enabled,45980,1664.0,nan,True,ok,True,ok
RxkvChHDKgQ,540,enabled,363060,3504.0,nan,True,ok,True,ok
M91oUw8Hd6c,71,enabled,12072,269.0,nan,True,ok,True,ok
JvkbQGOvjxo,4431,enabled,2516454,31704.0,nan,True,ok,True,ok
I1JYKvRJ6Oo,3,enabled,450,8.0,nan,True,ok,True,ok
Buc-2L29Uig,543,enabled,1887493,10583.0,nan,True,ok,True,ok
wn2jKp37uHg,490,enabled,204496,2257.0,nan,True,ok,True,ok
KAzSEZqrbO0,662,enabled,1126526,6232.0,nan,True,ok,True,ok
0hjInDJRtHc,733,enabled,262336,2647.0,nan,True,ok,True,ok
Zskrp5C2kh0,8321,enabled,7376419,29631.0,nan,True,ok,True,ok
c_efBMq-LqQ,2574,enabled,668779,14577.0,nan,True,ok,True,ok
YlNlR1em__c,878,enabled,2720582,20756.0,nan,True,ok,True,ok
HuXO_NsWmR4,6161,enabled,2105394,17706.0,nan,True,ok,True,ok
0RN6W3zBV5E,49,enabled,34738,118.0,nan,True,ok,True,ok
WRYchBAdllk,200,enabled,339833,7496.0,nan,True,ok,True,ok
EKsBSKOA3hQ,299,enabled,3115304,10714.0,nan,True,ok,True,ok
RGL-2MxhJJI,215,enabled,594863,2740.0,nan,True,ok,True,ok
b2rdQgcv8CU,3401,enabled,4639624,40153.0,nan,True,ok,True,ok
cBi4txEe0vQ,134,enabled,1254221,2871.0,nan,True,ok,True,ok
M0ljVwOxL5k,869,enabled,770993,11790.0,nan,True,ok,True,ok
nYlK9GnfOb8,258,enabled,93443,2188.0,nan,True,ok,True,ok
lnFxzrhiBVM,37,enabled,13137,141.0,nan,True,ok,True,ok
JLhYK2dgqMo,5319,enabled,770207,6897.0,nan,True,ok,True,ok
jLw4Eq90wNk,2891,enabled,2451081,22573.0,nan,True,ok,True,ok
htOroIbxiFY,4510,enabled,9972227,44403.0,nan,True,ok,True,ok
dQ591CfNbgI,19,enabled,7359,185.0,nan,True,ok,True,ok
U8u1Aydxjl4,1486,enabled,470969,4436.0,nan,True,ok,True,ok
J4DCp1w6kPY,610,enabled,2840362,9494.0,nan,True,ok,True,ok
TL2p9E1yd4o,1392,enabled,1807267,12925.0,nan,True,ok,True,ok
3MS2da_u1oY,3693,enabled,2919711,21918.0,nan,True,ok,True,ok
olHpRkkYSSI,0,disabled,6008,181.0,nan,False,disabled,True,ok
Hf57IfvxFng,1464,enabled,1782910,9726.0,nan,True,ok,True,ok
EZR2tVjPjdc,0,disabled,17026,327.0,nan,False,disabled,True,ok
lYrqvYewUIQ,1150,enabled,1505826,7384.0,nan,True,ok,True,ok
Qngs_A2dnZ4,3065,enabled,4039885,76034.0,nan,True,ok,True,ok
w5LICH9PiIU,12269,enabled,4832789,21551.0,nan,True,ok,True,ok
XpMNW5aUIbI,301,enabled,1138217,8633.0,nan,True,ok,True,ok
4kUM3RRW8H4,1343,enabled,1981681,16579.0,nan,True,ok,True,ok
gBEvvW4DI78,1021,enabled,1471693,16247.0,nan,True,ok,True,ok
VV2U5PFJNNE,1829,enabled,1272071,18400.0,nan,True,ok,True,ok
aVHDjmvrXfc,604,enabled,573038,9024.0,nan,True,ok,True,ok
iDyVRuqrCZI,5156,enabled,6900736,40837.0,nan,True,ok,True,ok
KWt3H_jcr3c,1162,enabled,3878874,20906.0,nan,True,ok,True,ok
UYmeNInDzTI,0,zero,166739,2896.0,nan,False,disabled,True,ok
TOCY0lfU1rQ,3687,enabled,7890113,75156.0,nan,True,ok,True,ok
XmyxQ8HNe7M,626,enabled,56227,391.0,nan,True,ok,True,ok
WOBsNIMnVDE,6169,enabled,5522069,59275.0,nan,True,ok,True,ok
SuvV2NCG7X4,1318,enabled,2501813,14464.0,nan,True,ok,True,ok
Z5OLzDmWWJ4,1239,enabled,2354880,8410.0,nan,True,ok,True,ok
JHTSPtnWqxo,402,enabled,61142,1021.0,nan,True,ok,True,ok
1ttf3lwC0-E,97,enabled,212404,1396.0,nan,True,ok,True,ok
V6ICe8ng8Dg,315,enabled,18962,257.0,nan,True,ok,True,ok
UmqSRioEnXY,94,enabled,63133,685.0,nan,True,ok,True,ok
BVZaK5a7vvk,793,enabled,1239733,8034.0,nan,True,ok,True,ok
pZbdz5uzGms,20,enabled,43034,75.0,nan,True,ok,True,ok
pwe-xW8-rHg,60752,enabled,10710433,313506.0,nan,True,ok,True,ok
x2l75JEuxcA,10868,enabled,10847851,134864.0,nan,True,ok,True,ok
8jKB0dRWkQM,7810,enabled,2044683,38936.0,nan,True,ok,True,ok
G9Kf8Vfcze0,134,enabled,81732,893.0,nan,True,ok,True,ok
TTNMUMmvQto,646,enabled,805549,7442.0,nan,True,ok,True,ok
6NxZem92X5Y,1753,enabled,1215480,18506.0,nan,True,ok,True,ok
rb6AfXuDx10,329,enabled,1373849,5769.0,nan,True,ok,True,ok
wfxdOjIvBiI,6999,enabled,5087494,45326.0,nan,True,ok,True,ok
VNKo1hoI3po,631,enabled,2937716,21092.0,nan,True,ok,True,ok
AGLWZPQH66Y,11141,enabled,13163282,137054.0,nan,True,ok,True,ok
tdqTp8F7OQ4,183,enabled,1896515,2402.0,nan,True,ok,True,ok
vsEPE3Jh_y0,4728,enabled,3670201,57857.0,nan,True,ok,True,ok
4HseDRZ0CEo,3067,enabled,2475832,29885.0,nan,True,ok,True,ok
EokrtVoG51o,2228,enabled,748173,15157.0,nan,True,ok,True,ok
Cn0pCvp0CPk,339,enabled,265912,5374.0,nan,True,ok,True,ok
LqWrp7RCgMA,1242,enabled,283671,5517.0,nan,True,ok,True,ok
uh8phgFP0Cc,1009,enabled,504656,7088.0,nan,True,ok,True,ok
1Ds9fVKCEs0,658,enabled,277413,5287.0,nan,True,ok,True,ok
ZkTUW-SVyUE,256,enabled,624180,3023.0,nan,True,ok,True,ok
Rq24m0bSzB8,43,enabled,672384,1039.0,nan,True,ok,True,ok
9qdDvFpMg1g,45,enabled,28660,668.0,nan,True,ok,True,ok
ASNUcYlBWRc,2242,enabled,1203815,19514.0,nan,True,ok,True,ok
hdTtqIqxdEY,120,enabled,21007,214.0,nan,True,ok,True,ok
hqIcHGRLxyc,0,disabled,21069,140.0,nan,False,disabled,True,ok
jTFcWVNSGZQ,14,enabled,42345,313.0,nan,True,ok,True,ok
87s2OMWOsug,435,enabled,132492,2701.0,nan,True,ok,True,ok
iYLJjDZwtIY,680,enabled,1592516,7718.0,nan,True,ok,True,ok
JL9TOipHrIA,2094,enabled,1584017,21536.0,nan,True,ok,True,ok
brfOLeAjy8w,76,enabled,266251,1429.0,nan,True,ok,True,ok
yHAPtCJt_WQ,5,enabled,44621,190.0,nan,True,ok,True,ok
2_IxSxt0JrI,126,enabled,15688,252.0,nan,True,ok,True,ok
ODLAF85hI5o,2079,enabled,2006792,34922.0,nan,True,ok,True,ok
fS3wGCxZ10M,214,enabled,119646,1493.0,nan,True,ok,True,ok
aETKLVBjZkM,1,enabled,789,13.0,nan,True,ok,True,ok
o90yH5_fMbY,1142,enabled,1880939,41037.0,nan,True,ok,True,ok
noF0OvsJugg,1623,enabled,1737836,21951.0,nan,True,ok,True,ok
sRA6xdTsPiM,5854,enabled,2891534,28986.0,nan,True,ok,True,ok
Ju-AEhX8FT4,4951,enabled,4866947,34159.0,nan,True,ok,True,ok
c7meCF1r5XE,22,enabled,12136,407.0,nan,True,ok,True,ok
CVoksc5H5yA,3810,enabled,1558812,18841.0,nan,True,ok,True,ok
ZS5v2XnFbjs,812,enabled,542476,10354.0,nan,True,ok,True,ok
3ty6GAWj9QY,383,enabled,288710,1882.0,nan,True,ok,True,ok
gVWV2DB9Xg4,360,enabled,80332,1560.0,nan,True,ok,True,ok
kaTO7iNRKac,2560,enabled,2375715,23689.0,nan,True,ok,True,ok
vIQArwp3cLI,44,enabled,31911,301.0,nan,True,ok,True,ok
HovnTzQ7yIg,615,enabled,8363463,20054.0,nan,True,ok,True,ok
wooaBPLcjmY,2020,enabled,5793536,57278.0,nan,True,ok,True,ok
3AwFRwhNIrA,315,enabled,164917,1988.0,nan,True,ok,True,ok
_s39R_VKu9s,33,enabled,7445,197.0,nan,True,ok,True,ok
KmziR25Csvg,916,enabled,674962,6213.0,nan,True,ok,True,ok
bziY6o0ipI8,59040,enabled,6516498,64138.0,nan,True,ok,True,ok
Lbp5FiILKvw,215,enabled,162380,1233.0,nan,True,ok,True,ok
Z_tDyL5w36Y,2290,enabled,5043122,41077.0,nan,True,ok,True,ok
U3re0A_Piec,56,enabled,30321,477.0,nan,True,ok,True,ok
mHdy1xS59xA,11749,enabled,21485953,755074.0,nan,True,ok,True,ok
yn99ItFoopQ,370,enabled,474234,3755.0,nan,True,ok,True,ok
5kBHgqwPu1s,1013,enabled,672638,10989.0,nan,True,ok,True,ok
z6OeD32ZAnE,0,disabled,5384537,48208.0,nan,False,disabled,True,ok
DE1cAWlHLhU,30,enabled,23522,175.0,nan,True,ok,True,ok
Z8SQeprQe6M,43,enabled,5623,86.0,nan,True,ok,True,ok
TmORMKTHuOs,4060,enabled,4049896,80659.0,nan,True,ok,True,ok
yHO3gU66CCg,1474,enabled,424894,5335.0,nan,True,ok,True,ok
TeIpFRN7sb0,0,zero,9178,24.0,nan,True,ok,True,ok
IconZSiBoPs,0,disabled,26361,398.0,nan,False,disabled,True,ok
Sl7mO6Z5vWg,5888,enabled,4760254,36170.0,nan,True,ok,True,ok
9ONNX44QynQ,130,enabled,49610,1068.0,nan,True,ok,True,ok
61MPFIdErac,5180,enabled,13260941,113764.0,nan,True,ok,True,ok
rMXCy703zIU,31,enabled,2177,87.0,nan,True,ok,True,ok
5sYsF8Z5g7I,362,enabled,390582,5413.0,nan,True,ok,True,ok
IoKDQUi9nms,65,enabled,42572,341.0,nan,True,ok,True,ok
KzSwXVq0rRo,891,enabled,184008,3408.0,nan,True,ok,True,ok
D6DEagL4aFQ,2521,enabled,1279180,14195.0,nan,True,ok,True,ok
vSoxHrYfOdE,578,enabled,346882,2086.0,nan,True,ok,True,ok
nAyKEJUc6gM,1075,enabled,1061523,7542.0,nan,True,ok,True,ok
H1FeZBKD7lE,4644,enabled,1813917,35791.0,nan,True,ok,True,ok
qXZy2NDGaVU,5388,enabled,1377241,21262.0,nan,True,ok,True,ok
5wosC9QLQTM,3507,enabled,5688622,22313.0,nan,True,ok,True,ok
ShjRCYXU-xM,801,enabled,262886,5022.0,nan,True,ok,True,ok
bjIUHssc_VI,13,enabled,20280,447.0,nan,True,ok,True,ok
PXTAhwqqAmY,3421,enabled,596002,8608.0,nan,True,ok,True,ok
lhTQgIwKhoo,45,enabled,6369,107.0,nan,True,ok,True,ok
Zk8-NMLuh1U,286,enabled,1363641,8274.0,nan,True,ok,True,ok
-XxhX9rIZjM,608,enabled,4964676,11201.0,nan,True,ok,True,ok
nltJ0uSlUhs,575,enabled,201535,4089.0,nan,True,ok,True,ok
LZ9imO-PP1Y,0,disabled,403696,5126.0,nan,False,disabled,True,ok
Ksrk3YpvZX0,10461,enabled,3878895,65386.0,nan,True,ok,True,ok
Pe7gDieRKKI,214,enabled,85863,1814.0,nan,True,ok,True,ok
RTnDs3ujHXE,8115,enabled,4950721,40491.0,nan,True,ok,True,ok
u42COg-qCMI,126,enabled,62312,1741.0,nan,True,ok,True,ok
EFkCSHbZlsw,115,enabled,116116,1567.0,nan,True,ok,True,ok
lby3EcvSGfc,3554,enabled,663505,9012.0,nan,True,ok,True,ok
WpHtn8uay7I,257,enabled,91114,836.0,nan,True,ok,True,ok
khbLWzR75kc,83,enabled,72876,2285.0,nan,True,ok,True,ok
NDrOteZX0Ao,6684,enabled,8291133,48912.0,nan,True,ok,True,ok
DM8U9h6QSCI,3693,enabled,2724674,27241.0,nan,True,ok,True,ok
jto8n1dBtS4,18,enabled,14799,125.0,nan,True,ok,True,ok
UfOgf9rT-Og,92,enabled,49893,791.0,nan,True,ok,True,ok
62SkDH82Brw,744,enabled,1918321,10510.0,nan,True,ok,True,ok
kxHK5mfwOmw,566,enabled,5118952,7345.0,nan,True,ok,True,ok
C3jh5E5-Z64,15,enabled,20179,182.0,nan,True,ok,True,ok
YWwqkKdv23g,18,enabled,8560,133.0,nan,True,ok,True,ok
wUNLGdqm_-0,1737,enabled,588294,8644.0,nan,True,ok,True,ok
xrP0RTb9ae8,2707,enabled,5359407,39640.0,nan,True,ok,True,ok
jKoxgxaNXEk,1435,enabled,586306,6737.0,nan,True,ok,True,ok
pv-7dgPoBn8,514,enabled,517700,6803.0,nan,True,ok,True,ok
KKyjkpFHPGk,8781,enabled,2613701,32447.0,nan,True,ok,True,ok
z1m5aRT_abw,17530,enabled,6015477,65913.0,nan,True,ok,True,ok
el9lIgKFMpA,19,enabled,24255,310.0,nan,True,ok,True,ok
TxQYjxPLH3Q,32,enabled,11010,341.0,nan,True,ok,True,ok
oU7siLAXVbA,2751,enabled,689527,15295.0,nan,True,ok,True,ok
eKL045fZ5A0,706,enabled,444638,2689.0,nan,True,ok,True,ok
IrlZjYcuDOo,94,enabled,84842,1268.0,nan,True,ok,True,ok
guKf_NDSKqw,1237,enabled,827867,14588.0,nan,True,ok,True,ok
cHEIue7P26A,9,enabled,38551,123.0,nan,True,ok,True,ok
47O_rpIa_vs,172,enabled,2028,104.0,nan,True,ok,True,ok
xTKmvLxqOJU,0,disabled,6061183,34559.0,nan,False,disabled,True,ok
3ffMTn9cJX4,199,enabled,333444,3088.0,nan,True,ok,True,ok
vIsipEJSMww,26777,enabled,8293300,66292.0,nan,True,ok,True,ok
nKte92jc8L8,6301,enabled,6652866,31685.0,nan,True,ok,True,ok
pMDKpPn8Ftk,44,enabled,222867,671.0,nan,True,ok,True,ok
xR3zhlmSrrc,27,enabled,22266,850.0,nan,True,ok,True,ok
1qSi8EUDgZ0,177,enabled,31871,1113.0,nan,True,ok,True,ok
w7N2V81KzdE,1464,enabled,1694495,15468.0,nan,True,ok,True,ok
pH5qhadzPbU,835,enabled,63081,1572.0,nan,True,ok,True,ok
cXYtNhJhVDo,896,enabled,369509,5035.0,nan,True,ok,True,ok
e2QuVrT9V4g,1545,enabled,1742149,15229.0,nan,True,ok,True,ok
Vjl5xGzkNvI,43,enabled,10749,620.0,nan,True,ok,True,ok
QKoXwdwM4Uo,307,enabled,512609,4016.0,nan,True,ok,True,ok
3l_fdT5hC70,1484,enabled,1974949,11958.0,nan,True,ok,True,ok
r236ual6gyM,893,enabled,2322023,23719.0,nan,True,ok,True,ok
wWdsGfzdReU,535,enabled,1969334,6742.0,nan,True,ok,True,ok
9IIF8pi76SI,69,enabled,72115,2181.0,nan,True,ok,True,ok
M6V9h_16lso,146,enabled,1065306,1393.0,nan,True,ok,True,ok
j4_9Amxs4o8,13486,enabled,335770,2387.0,nan,True,ok,True,ok
M1AiUxS2kRU,2985,enabled,2873405,12708.0,nan,True,ok,True,ok
vgA2gxUwEfg,302,enabled,28693,651.0,nan,True,ok,True,ok
EqZfh8AfSGE,2889,enabled,2251842,20805.0,nan,True,ok,True,ok
QQ1Xr4Vzam8,1765,enabled,15651459,23267.0,nan,True,ok,True,ok
szsITKAs5B0,2593,enabled,424326,7189.0,nan,True,ok,True,ok
WoQFcHDHyrY,22,enabled,14659,246.0,nan,True,ok,True,ok
-XtReMW4jXM,226,enabled,2186718,4476.0,nan,True,ok,True,ok
qFBSj8xOhU0,2533,enabled,1320628,19974.0,nan,True,ok,True,ok
tC90kKbPuEU,166,enabled,63290,649.0,nan,True,ok,True,ok
CNfJj6L9BH4,566,enabled,2241240,8821.0,nan,True,ok,True,ok
bQ6oACsSsy8,1632,enabled,2079428,21813.0,nan,True,ok,True,ok
JLAnRDdK0kw,0,disabled,11457172,93448.0,nan,False,disabled,True,ok
S9gP6jrLv7I,5823,enabled,2694273,42538.0,nan,True,ok,True,ok
xtAOmpnSwvg,172,enabled,165887,3941.0,nan,True,ok,True,ok
EaBOPZBSNCc,219,enabled,44710,367.0,nan,True,ok,True,ok
2LQyh_QwwX0,11,enabled,106952,62.0,nan,True,ok,True,ok
7iPRFFVd5PU,1239,enabled,2274418,12641.0,nan,True,ok,True,ok
cRVwUVRPvm8,72,enabled,131278,951.0,nan,True,ok,True,ok
G-vIuwqUO5M,202,enabled,144940,3395.0,nan,True,ok,True,ok
fhN7f1GtE9Q,7275,enabled,10566769,61310.0,nan,True,ok,True,ok
xQqjnyrT0ms,2131,enabled,8754397,100939.0,nan,True,ok,True,ok
Ed9DXly5VJY,3877,enabled,2964796,58359.0,nan,True,ok,True,ok
DIf5CKW4SOg,736,enabled,278514,3126.0,nan,True,ok,True,ok
YTH07sws92E,0,disabled,1385633,23647.0,nan,False,disabled,True,ok
U9e3WA3ZHek,151,enabled,2003926,7311.0,nan,True,ok,True,ok
06JwbwL3yEk,49,enabled,68057,1693.0,nan,True,ok,True,ok
iftua6lS7vI,2909,enabled,115697,1435.0,nan,True,ok,True,ok
NOhyduxTOGo,2624,enabled,13109957,58397.0,nan,True,ok,True,ok
xpc62ygz3HU,1864,enabled,3265614,37281.0,nan,True,ok,True,ok
X1PsuaqmJjA,428,enabled,2196293,6055.0,nan,True,ok,True,ok
z9gRMUjeMNg,501,enabled,120226,4500.0,nan,True,ok,True,ok
BhKemHXgArg,816,enabled,481051,6466.0,nan,True,ok,True,ok
jncaJ_OJajs,958,enabled,101759,2877.0,nan,True,ok,True,ok
fC8Y0Tj2bsQ,135,enabled,39447,1033.0,nan,True,ok,True,ok
6pqGXh3CbPM,34,enabled,61436,485.0,nan,True,ok,True,ok
_pjzQgq6BzM,11,enabled,8685,169.0,nan,True,ok,True,ok
BDdKTnoRXuM,19,enabled,9703,67.0,nan,True,ok,True,ok
lVU8Hd2P8Ao,605,enabled,7116073,14084.0,nan,True,ok,True,ok
OK9udPK5a4Q,291,enabled,296998,1124.0,nan,True,ok,True,ok
tdFLruEV__U,496,enabled,216418,4360.0,nan,True,ok,True,ok
nx5HEciiKnQ,2887,enabled,1549459,16554.0,nan,True,ok,True,ok
n9IFaBH2vdk,2585,enabled,2738448,29272.0,nan,True,ok,True,ok
voNBzuI7IJ4,1024,enabled,5373226,18187.0,nan,True,ok,True,ok
XL_HO6oR44w,4874,enabled,2683897,24840.0,nan,True,ok,True,ok
SUHOWVgiBVw,17,enabled,7094,205.0,nan,True,ok,True,ok
dZclrwbNumw,366,enabled,117883,1303.0,nan,True,ok,True,ok
JPXyHVukMWE,734,enabled,1406407,6371.0,nan,True,ok,True,ok
mSwUNarKjnM,119,enabled,124467,1406.0,nan,True,ok,True,ok
4eO9SS3wvLY,5475,enabled,13389187,81274.0,nan,True,ok,True,ok
8hsm2QIEBkY,71,enabled,253454,1489.0,nan,True,ok,True,ok
ibYK8725OzM,29,enabled,26794,217.0,nan,True,ok,True,ok
rSlCVtsx3-I,6658,enabled,10281910,60753.0,nan,True,ok,True,ok
meWZBNSst0I,33612,enabled,20617315,127183.0,nan,True,ok,True,ok
luKsEWiGl7Y,5686,enabled,2048193,30785.0,nan,True,ok,True,ok
4GqxfvyIKTo,39,enabled,29094,352.0,nan,True,ok,True,ok
BBdUlJkqILQ,644,enabled,380887,5785.0,nan,True,ok,True,ok
dY_4ZpDxr0w,48,enabled,24018,506.0,nan,True,ok,True,ok
6IcTaDsLvdM,93,enabled,37854,532.0,nan,True,ok,True,ok
YNHFIA7Nlb4,1470,enabled,2931960,17679.0,nan,True,ok,True,ok
nUTtPoNUfYg,81,enabled,19286,758.0,nan,True,ok,True,ok
R9E-kkGdF0Q,68,enabled,2867,68.0,nan,True,ok,True,ok
Nte2Yt71ZQs,6238,enabled,8705701,97539.0,nan,True,ok,True,ok
Ib9wJOgH5Z0,666,enabled,1943524,7948.0,nan,True,ok,True,ok
lAB94vfRBXg,2949,enabled,1131955,7908.0,nan,True,ok,True,ok
_8P5tzURxek,1476,enabled,1099792,7817.0,nan,True,ok,True,ok
NC0zIJrX4sk,1750,enabled,1671214,8607.0,nan,True,ok,True,ok
5n38XDmdm_A,57,enabled,21581,349.0,nan,True,ok,True,ok
5Wallpu_h-c,46,enabled,12140,495.0,nan,True,ok,True,ok
MMIgYCpMbI4,836,enabled,3806721,11216.0,nan,True,ok,True,ok
xkpm22ZpmVI,63,enabled,80039,566.0,nan,True,ok,True,ok
_CtT6N4kjvU,0,disabled,2404648,26294.0,nan,False,disabled,True,ok
GmZpqiFecBQ,239,enabled,95640,1790.0,nan,True,ok,True,ok
qaS-PtwBUEQ,12928,enabled,32782174,370640.0,nan,True,ok,True,ok
7kvEMyd15Ac,272,enabled,88141,1870.0,nan,True,ok,True,ok
OIscaRDn6oU,1438,enabled,17849536,18969.0,nan,True,ok,True,ok
Jr964GXQ0po,419,enabled,649057,7640.0,nan,True,ok,True,ok
ilMMiOAvN0o,1285,enabled,3016864,33686.0,nan,True,ok,True,ok
3XxLV2TAXeM,405,enabled,569449,4271.0,nan,True,ok,True,ok
ZBYVJbUmZAQ,100,enabled,33058,684.0,nan,True,ok,True,ok
BBsX4a7qXRM,2012,enabled,805394,14612.0,nan,True,ok,True,ok
OKbr2sHSYPc,0,disabled,68360,948.0,nan,False,disabled,True,ok
CmXEScn2A_U,82,enabled,456209,1413.0,nan,True,ok,True,ok
0s8HO2rKE74,51071,enabled,16860616,156988.0,nan,True,ok,True,ok
E6zvKrhG1jo,63,enabled,3784,66.0,nan,True,ok,True,ok
bPEHAY1iKig,387,enabled,74674,1716.0,nan,True,ok,True,ok
qBdCEygLdRo,187,enabled,58157,532.0,nan,True,ok,True,ok
VIMzWA9cTZw,46,enabled,40769,358.0,nan,True,ok,True,ok
EvCNN562Ug4,570,enabled,198094,3482.0,nan,True,ok,True,ok
QbLMom6Qt0c,2904,enabled,17766450,112822.0,nan,True,ok,True,ok
5Wl7aF4qUyI,1836,enabled,3261344,10782.0,nan,True,ok,True,ok
33-0OTJ3h5o,210,enabled,1492178,4190.0,nan,True,ok,True,ok
t699W5_NJF0,1395,enabled,3494934,27585.0,nan,True,ok,True,ok
9Bu9CNANWw4,1398,enabled,997390,10504.0,nan,True,ok,True,ok
ld76DJfpnFY,5,enabled,16374,233.0,nan,True,ok,True,ok
i0xmZ96mflA,140,enabled,147810,1527.0,nan,True,ok,True,ok
ahzxUEoJBKE,848,enabled,460065,6206.0,nan,True,ok,True,ok
SgjtEx98UII,398,enabled,183725,939.0,nan,True,ok,True,ok
KRfO7Otjvfc,29,enabled,66657,492.0,nan,True,ok,True,ok
5NRapD1_jus,118,enabled,53570,1181.0,nan,True,ok,True,ok
U6TZzYdcRV4,4217,enabled,5433336,82041.0,nan,True,ok,True,ok
L0EPQsOVwQQ,1498,enabled,4467378,19993.0,nan,True,ok,True,ok
U1V5Rs3aWwM,935,enabled,1150411,23609.0,nan,True,ok,True,ok
0xJ1hJ5XIyE,2828,enabled,77316675,40751.0,nan,True,ok,True,ok
O9X-IzD1QlU,153,enabled,114458,1625.0,nan,True,ok,True,ok
ORTyhU7FTPA,855,enabled,3589953,20717.0,nan,True,ok,True,ok
34fAv_buRw4,2284,enabled,1733907,18179.0,nan,True,ok,True,ok
UcLhSNUyBT8,44,enabled,20226,227.0,nan,True,ok,True,ok
-WxpYyAywY0,129,enabled,61263,609.0,nan,True,ok,True,ok
BnEAn6rgOw4,133,enabled,200594,1705.0,nan,True,ok,True,ok
iv6vQltjS5U,4722,enabled,3421963,36601.0,nan,True,ok,True,ok
6vYGawK4ajg,2259,enabled,4523443,38132.0,nan,True,ok,True,ok
6vVla7hO8Mg,496,enabled,877298,2496.0,nan,True,ok,True,ok
vp_txd73U1M,34502,enabled,8055682,219643.0,nan,True,ok,True,ok
fwFxMW5NmiI,240,enabled,86878,1397.0,nan,True,ok,True,ok
nc0lNWf8ujo,74,enabled,13255,359.0,nan,True,ok,True,ok
wOYpd4X0gwM,10062,enabled,7226826,59569.0,nan,True,ok,True,ok
uDd7AtBQ89I,7,enabled,2156,18.0,nan,True,ok,True,ok
DEtBmM1gE7U,5334,enabled,5115342,57700.0,nan,True,ok,True,ok
lUzZIOq7u40,338,enabled,404999,2101.0,nan,True,ok,True,ok
hH-XntwV4FE,659,enabled,712962,8401.0,nan,True,ok,True,ok
pSmFd_I6B94,1089,enabled,744183,10178.0,nan,True,ok,True,ok
yWznXkXtuaY,30,enabled,17240,135.0,nan,True,ok,True,ok
qCnwXYuzoco,31,enabled,21115,338.0,nan,True,ok,True,ok
511EKR4ydbQ,2,enabled,6118,12.0,nan,True,ok,True,ok
9Gt_-yO72LI,3100,enabled,6558141,55415.0,nan,True,ok,True,ok
cbOti79_w58,21,enabled,2370,139.0,nan,True,ok,True,ok
6XZeIovgjIQ,60,enabled,57765,1060.0,nan,True,ok,True,ok
xa_vbbWao70,1028,enabled,1817297,8409.0,nan,True,ok,True,ok
WbcBFaoSxZA,10357,enabled,3783731,33926.0,nan,True,ok,True,ok
5B2dfZnxTk8,16,enabled,50979,252.0,nan,True,ok,True,ok
jQdHJHPoJ00,522,enabled,784171,4410.0,nan,True,ok,True,ok
wenionyOPlk,164,enabled,588728,5437.0,nan,True,ok,True,ok
vl7E31BLSmg,2248,enabled,2508945,8773.0,nan,True,ok,True,ok
NGBGN98b70U,126,enabled,116563,1064.0,nan,True,ok,True,ok
SvTv-Y8FdIU,371,enabled,716928,11859.0,nan,True,ok,True,ok
8pLStI_zJh4,1451,enabled,594454,16910.0,nan,True,ok,True,ok
D342wdr9GQs,57,enabled,30213,564.0,nan,True,ok,True,ok
tikJme4bO5s,60,enabled,101930,966.0,nan,True,ok,True,ok
itZybXoc9qk,1332,enabled,1711795,16468.0,nan,True,ok,True,ok
AmLwO8u0TVY,223,enabled,272978,2536.0,nan,True,ok,True,ok
PVb8KkLdDok,1287,enabled,1371452,10987.0,nan,True,ok,True,ok
HpyTI_slBtc,182,enabled,89280,2339.0,nan,True,ok,True,ok
q87o1pNWNS0,1951,enabled,655410,10797.0,nan,True,ok,True,ok
OMqTZhgvfGw,1773,enabled,5147291,28299.0,nan,True,ok,True,ok
Nr0xVQ8uDDA,2372,enabled,619343,6633.0,nan,True,ok,True,ok
Be_FMHMrMVg,119,enabled,58165,1308.0,nan,True,ok,True,ok
Giu4UkGbOew,1056,enabled,1201824,5790.0,nan,True,ok,True,ok
epbJi35lzEs,825,enabled,1020276,10098.0,nan,True,ok,True,ok
-Sigl30x-2E,708,enabled,872831,10974.0,nan,True,ok,True,ok
LOn8KDSQ-2k,580,enabled,1717999,11052.0,nan,True,ok,True,ok
v3BCYSTsyTg,56661,enabled,7255247,67042.0,nan,True,ok,True,ok
PcLrH2eIOWI,529,enabled,238728,3965.0,nan,True,ok,True,ok
zkGyMNalguk,5968,enabled,10853343,59257.0,nan,True,ok,True,ok
RpnON6Ohx28,18,enabled,10639,506.0,nan,True,ok,True,ok
gEKyze_-eS0,900,enabled,233033,6617.0,nan,True,ok,True,ok
451Oo0qa2wg,8,enabled,717,11.0,nan,True,ok,True,ok
l0zRont436o,0,zero,16920347,154161.0,nan,False,disabled,True,ok
0hHFLBKR3y4,555,enabled,259831,3764.0,nan,True,ok,True,ok
HrW63XRYJGw,24,enabled,25493,338.0,nan,True,ok,True,ok
lRHntR821XA,18,enabled,14352,606.0,nan,True,ok,True,ok
fHgChHVN_dY,165,enabled,292464,4053.0,nan,True,ok,True,ok
G6QJzBjzfUk,245,enabled,82299,1981.0,nan,True,ok,True,ok
qHMlm07z8ao,5,enabled,1085,10.0,nan,True,ok,True,ok
IEoQJ9ZLok0,2148,enabled,805840,14158.0,nan,True,ok,True,ok
JQC65dyEEIs,126,enabled,101661,1835.0,nan,True,ok,True,ok
Oym7mRkW-pU,3047,enabled,4067968,31987.0,nan,True,ok,True,ok
sZ_-yb-TN9M,3554,enabled,18645964,76601.0,nan,True,ok,True,ok
zEQLjOfKlFE,2424,enabled,1184999,13686.0,nan,True,ok,True,ok
yezGH6Q-0fQ,792,enabled,776587,11728.0,nan,True,ok,True,ok
IwbQOsd7wks,144,enabled,29677,1130.0,nan,True,ok,True,ok
FUDs3bvc5a4,66,enabled,33137,392.0,nan,True,ok,True,ok
Y5q6jSWPogY,1444,enabled,1135317,14160.0,nan,True,ok,True,ok
0oBkr6Gxiw0,0,disabled,2399971,8480.0,nan,False,disabled,True,ok
75TYdcWHx-Y,391,enabled,39838,476.0,nan,True,ok,True,ok
Od1Fu8Ll0Kc,51,enabled,2783,49.0,nan,True,ok,True,ok
wiKG-bWKl70,1547,enabled,849714,16444.0,nan,True,ok,True,ok
hu3ZIfNIzuY,191,enabled,20547,211.0,nan,True,ok,True,ok
wDGZLo4YKSg,2849,enabled,1121194,11484.0,nan,True,ok,True,ok
S-dFb9HQd7I,1157,enabled,4764559,26093.0,nan,True,ok,True,ok
yLxobXeKViM,1221,enabled,618565,12511.0,nan,True,ok,True,ok
nmmKAW3Rvrk,8495,enabled,2851520,46029.0,nan,True,ok,True,ok
EG93eIVuwOk,2664,enabled,2483412,21987.0,nan,True,ok,True,ok
FbDeckIMkt4,0,disabled,56759,646.0,nan,False,disabled,True,ok
WbPwf9STNBg,189,enabled,61986,1278.0,nan,True,ok,True,ok
rgwsrx9PCk0,4446,enabled,1072330,21387.0,nan,True,ok,True,ok
AP1wWGqRAmg,308,enabled,27331,847.0,nan,True,ok,True,ok
XUBjho-x2hI,13,enabled,13747,120.0,nan,True,ok,True,ok
lHIqBqBt4iE,8768,enabled,2499116,46517.0,nan,True,ok,True,ok
7OqEwoYxujM,53,enabled,2846,42.0,nan,True,ok,True,ok
lP2Sm2nOmyM,120,enabled,18780,198.0,nan,True,ok,True,ok
VzvTfERlf-s,32061,enabled,11649413,127737.0,nan,True,ok,True,ok
xSNSAnBCtjY,6348,enabled,1708551,62274.0,nan,True,ok,True,ok
VN-cxU95C1A,74,enabled,22905,438.0,nan,True,ok,True,ok
3CbQaTrBTIE,8,enabled,290,13.0,nan,True,ok,True,ok
zFH1q6xGSEw,60,enabled,25648,558.0,nan,True,ok,True,ok
w5LDRkj_VkE,3214,enabled,7480629,142324.0,nan,True,ok,True,ok
d0d30A585g0,8232,enabled,23182069,75442.0,nan,True,ok,True,ok
NKTmqwzWJUw,1380,enabled,1314233,18047.0,nan,True,ok,True,ok
Q9-vfySAPnc,392,enabled,437835,1856.0,nan,True,ok,True,ok
QuheVlfZMpQ,1048,enabled,1025133,6073.0,nan,True,ok,True,ok
DcwDraePaIU,17,enabled,12486,172.0,nan,True,ok,True,ok
__PJO9Xid50,7509,enabled,2854513,18038.0,nan,True,ok,True,ok
4XWyZAu7BsY,3348,enabled,7184205,34887.0,nan,True,ok,True,ok
L3JDj8RVaB8,122,enabled,93405,407.0,nan,True,ok,True,ok
ZLNarQehTwM,986,enabled,4283255,8582.0,nan,True,ok,True,ok
Ck7yqX_ZIMk,6452,enabled,1987255,41672.0,nan,True,ok,True,ok
hIBpzQ9ewpY,244,enabled,155013,2214.0,nan,True,ok,True,ok
1OhRb3NcJCs,244,enabled,424362,3644.0,nan,True,ok,True,ok
Ahl8CG9Bx70,0,disabled,4233035,12521.0,nan,False,disabled,True,ok
s3jjdHuOUFI,65,enabled,476606,1442.0,nan,True,ok,True,ok
qKvRlJRxDmU,81,enabled,92864,1082.0,nan,True,ok,True,ok
3pmu-cTT-Ak,10133,enabled,5077444,103162.0,nan,True,ok,True,ok
FSvxuekIVuk,3276,enabled,6132425,80312.0,nan,True,ok,True,ok
tzLYyg4c1gA,2171,enabled,5854787,26251.0,nan,True,ok,True,ok
SEnZxiG1Bvc,3506,enabled,11762748,138643.0,nan,True,ok,True,ok
x-P81XO1fYw,2339,enabled,4699687,23503.0,nan,True,ok,True,ok
xyoTRsPrzAk,91,enabled,281996,1492.0,nan,True,ok,True,ok
oUsIMpm3SxI,575,enabled,416205,3852.0,nan,True,ok,True,ok
yWReDUJK44Y,563,enabled,1089348,7712.0,nan,True,ok,True,ok
ekqp90s2F7Y,291,enabled,394002,4189.0,nan,True,ok,True,ok
YpuWtyTnoUY,166,enabled,65001,856.0,nan,True,ok,True,ok
1VIx_DT-O7s,604,enabled,1633612,9387.0,nan,True,ok,True,ok
9b1UC-mQwUs,1116,enabled,1754395,11914.0,nan,True,ok,True,ok
dqb9gkDBR64,93,enabled,44759,812.0,nan,True,ok,True,ok
YfHUX-BZ6NI,135,enabled,55820,1397.0,nan,True,ok,True,ok
FBTfFhlExzM,0,disabled,2557541,12899.0,nan,False,disabled,True,ok
cOL8PJhNUdY,29,enabled,5804,275.0,nan,True,ok,True,ok
iXNnm8vCydA,329,enabled,297587,3090.0,nan,True,ok,True,ok
3YV2S7pWCTc,5061,enabled,9358703,122354.0,nan,True,ok,True,ok
cZu2KhyE0NY,14,enabled,12343,124.0,nan,True,ok,True,ok
WhyCm4aKHOg,572,enabled,1197729,8843.0,nan,True,ok,True,ok
ygiDcofmxjc,637,enabled,853907,7907.0,nan,True,ok,True,ok
5SVTOBWEqOA,584,enabled,107857,2649.0,nan,True,ok,True,ok
thvgw-dF2fI,3734,enabled,6860742,39750.0,nan,True,ok,True,ok
FOYMXjfqUos,293,enabled,488530,2924.0,nan,True,ok,True,ok
C06gNJwyUwc,9,enabled,6996,34.0,nan,True,ok,True,ok
S1L0jpv8hOY,66,enabled,41108,291.0,nan,True,ok,True,ok
JJTmwWMIhJ0,393,enabled,193951,2012.0,nan,True,ok,True,ok
gbVQpCBhluQ,664,enabled,1164956,7378.0,nan,True,ok,True,ok
ExoomgW2pOM,13,enabled,4683,59.0,nan,True,ok,True,ok
GRcedRewxSk,548,enabled,360406,3616.0,nan,True,ok,True,ok
QQQlQag4_cg,581,enabled,862460,10472.0,nan,True,ok,True,ok
K5PQz03nuNo,59,enabled,51828,478.0,nan,True,ok,True,ok
F8pLebqfGVg,276,enabled,120329,1017.0,nan,True,ok,True,ok
oXCAdGdvh7E,449,enabled,86727,807.0,nan,True,ok,True,ok
BUjl4EWjDTA,4907,enabled,1147650,15231.0,nan,True,ok,True,ok
YxGl-roTQTc,2892,enabled,2036823,7393.0,nan,True,ok,True,ok
tiHg5kOAk2Q,240,enabled,354925,6771.0,nan,True,ok,True,ok
Sf2ZLP7hQ6Y,1548,enabled,906305,9276.0,nan,True,ok,True,ok
XLjAHJaLJKk,240,enabled,1161953,3937.0,nan,True,ok,True,ok
xuOy4shDVhw,0,disabled,2607191,13332.0,nan,False,disabled,True,ok
T0A9KBr7bFs,1427,enabled,2132107,17120.0,nan,True,ok,True,ok
4xVhjp-6So0,2321,enabled,6476532,18368.0,nan,True,ok,True,ok
gH5HfvJWdf8,8,enabled,692,19.0,nan,True,ok,True,ok
8jDwWSDGDME,269,enabled,31968,1238.0,nan,True,ok,True,ok
KNFxxwKX030,7441,enabled,2693726,23976.0,nan,True,ok,True,ok
48nPH_yvGYE,797,enabled,48012,1224.0,nan,True,ok,True,ok
9ry8hyOfEGY,772,enabled,319264,5889.0,nan,True,ok,True,ok
m_e_zP28M8Q,0,zero,1172036,6080.0,nan,False,disabled,True,ok
a-2XOCNyKDo,885,enabled,97008,889.0,nan,True,ok,True,ok
xZ4FTLQC9lg,33,enabled,29252,878.0,nan,True,ok,True,ok
QWPwbQc2uJw,3809,enabled,6491952,23521.0,nan,True,ok,True,ok
Km2QR5camaE,446,enabled,324365,3899.0,nan,True,ok,True,ok
WlWEpRdcVCY,2348,enabled,3485771,21699.0,nan,True,ok,True,ok
XrNdDXoUYQE,40,enabled,41856,325.0,nan,True,ok,True,ok
oG0oxRgOfeI,2243,enabled,3378475,29565.0,nan,True,ok,True,ok
uGqpKSbbMmM,15,enabled,20032,200.0,nan,True,ok,True,ok
EiWdTTRVX-Y,3692,enabled,2482979,20895.0,nan,True,ok,True,ok
cbnVFvnixKs,1141,enabled,987044,17923.0,nan,True,ok,True,ok
voNsus-FOSg,409,enabled,50703,293.0,nan,True,ok,True,ok
TFns7CXSTBg,249,enabled,30499,291.0,nan,True,ok,True,ok
l1e62g1uDyA,0,disabled,95308,2020.0,nan,False,disabled,True,ok
iTMmYX7MPGM,3829,enabled,2840757,24654.0,nan,True,ok,True,ok
-Isy7e6txIs,639,enabled,521109,8409.0,nan,True,ok,True,ok
gLv6tsTdpgM,4045,enabled,2676946,41613.0,nan,True,ok,True,ok
CAUvmzuPGUA,0,zero,1770,28.0,nan,True,ok,True,ok
aeynG_AfdTs,2833,enabled,4539887,20942.0,nan,True,ok,True,ok
SyFKv1iLis4,0,zero,2494185,27150.0,nan,False,disabled,True,ok
cKL5uOi3m1A,0,zero,399444,2247.0,nan,False,disabled,True,ok
6tfTSkj5fBg,2549,enabled,11682662,85636.0,nan,True,ok,True,ok
HvUzRm_Rs5c,6194,enabled,2900178,30849.0,nan,True,ok,True,ok
uQyLTdRW21k,1833,enabled,2223371,11512.0,nan,True,ok,True,ok
xgxq41t8wdI,16,enabled,5158,95.0,nan,True,ok,True,ok
sXT6uHVeAfU,8346,enabled,8153724,50507.0,nan,True,ok,True,ok
b9kObWBkHDw,243,enabled,48441,792.0,nan,True,ok,True,ok
JJM7nP87jEM,440,enabled,100219,2295.0,nan,True,ok,True,ok
51HzOxJhVgk,615,enabled,750232,6186.0,nan,True,ok,True,ok
YpqjbdeauHk,1446,enabled,4409143,26417.0,nan,True,ok,True,ok
2TdRXosMu08,5304,enabled,13095269,66817.0,nan,True,ok,True,ok
TrzieFhwnRU,263,enabled,731567,3345.0,nan,True,ok,True,ok
2L6bKkAUIfw,1128,enabled,9030781,17377.0,nan,True,ok,True,ok
u8iVUJr52ow,2434,enabled,2186311,26352.0,nan,True,ok,True,ok
MtxJQ3LqM5w,85,enabled,22505,501.0,nan,True,ok,True,ok
Zes9n1zEmdU,7014,enabled,5096453,39647.0,nan,True,ok,True,ok
5mBXyXR9aXA,243,enabled,1628889,7373.0,nan,True,ok,True,ok
DVtQD1cfgno,3483,enabled,10836952,57445.0,nan,True,ok,True,ok
qs6rcYnaKvk,647,enabled,1490127,14260.0,nan,True,ok,True,ok
x-U32adAGkk,39,enabled,4482,164.0,nan,True,ok,True,ok
REuNRW5bTjY,528,enabled,2116738,3635.0,nan,True,ok,True,ok
X5L3Ax5483E,949,enabled,440998,6574.0,nan,True,ok,True,ok
szzUfDkoYuM,3773,enabled,2462844,21653.0,nan,True,ok,True,ok
-elPeLiuEys,1569,enabled,1299238,40647.0,nan,True,ok,True,ok
J0yZpmznEY8,1248,enabled,436180,10067.0,nan,True,ok,True,ok
QYvEZb7DAiI,1838,enabled,2357475,30891.0,nan,True,ok,True,ok
rAhtREmnjzI,28,enabled,8316,161.0,nan,True,ok,True,ok
9CwRjQaoTlE,12295,enabled,7859492,72256.0,nan,True,ok,True,ok
X7ANQxZrjrU,36,enabled,12983,307.0,nan,True,ok,True,ok
itJxCN27y2U,7,enabled,24873,140.0,nan,True,ok,True,ok
fpggiZ6k60U,17,enabled,11671,161.0,nan,True,ok,True,ok
yJNwJ3qjLBs,626,enabled,352596,2517.0,nan,True,ok,True,ok
mtfuo7yl3gg,105,enabled,133524,1674.0,nan,True,ok,True,ok
2tg4051fYRs,734,enabled,998220,6469.0,nan,True,ok,True,ok
LpeYn6MiZMA,183,enabled,88783,1333.0,nan,True,ok,True,ok
-m86o6tVTyM,1291,enabled,1131515,12013.0,nan,True,ok,True,ok
O2DgcoiD1mo,174,enabled,249029,2174.0,nan,True,ok,True,ok
3HScBR9ylQw,14030,enabled,5449483,84125.0,nan,True,ok,True,ok
IvdohUPWg-0,3503,enabled,5224746,56677.0,nan,True,ok,True,ok
xkhUJta0rcs,637,enabled,942151,6440.0,nan,True,ok,True,ok
1HWVFfLdTT8,311,enabled,214780,4131.0,nan,True,ok,True,ok
ubMMonHPDdY,117,enabled,48365,878.0,nan,True,ok,True,ok
khzs6Jp_wTw,374,enabled,2208764,14327.0,nan,True,ok,True,ok
z3Is8Iiv60I,765,enabled,182298,4494.0,nan,True,ok,True,ok
ZV-VYCv1Jug,112,enabled,30241,703.0,nan,True,ok,True,ok
wqTlWceqbaI,114,enabled,90320,848.0,nan,True,ok,True,ok
1Kdc-8pZfWE,11,enabled,9447,137.0,nan,True,ok,True,ok
gLFazAtdU64,157,enabled,154632,2349.0,nan,True,ok,True,ok
Yi6yqintlH8,920,enabled,959693,13615.0,nan,True,ok,True,ok
7DsqljgfxQI,883,enabled,153057,4218.0,nan,True,ok,True,ok
BPiz0C78FB8,9227,enabled,1643767,27851.0,nan,True,ok,True,ok
pNk56aCSrrU,651,enabled,339242,4579.0,nan,True,ok,True,ok
KVtaUf05sn4,140,enabled,103313,3214.0,nan,True,ok,True,ok
fIM4S2wltl8,3659,enabled,3484169,27600.0,nan,True,ok,True,ok
Ed9aNq07qMw,522,enabled,164876,2940.0,nan,True,ok,True,ok
s6IJKwEs-RU,2,enabled,601,13.0,nan,True,ok,True,ok
Xl1nqcRuuCU,368,enabled,2059115,10059.0,nan,True,ok,True,ok
0azEQxM1chg,50,enabled,47459,375.0,nan,True,ok,True,ok
gs4DEzt53nY,691,enabled,2287921,9298.0,nan,True,ok,True,ok
VCpJwn-Rl-Q,471,enabled,181401,3340.0,nan,True,ok,True,ok
q9L6PzX-NL8,1329,enabled,761040,6697.0,nan,True,ok,True,ok
EIY3RcD_TCo,601,enabled,2438164,29571.0,nan,True,ok,True,ok
UL3FkpzJ55U,1205,enabled,1507925,10114.0,nan,True,ok,True,ok
WaEKF2eFbG4,17,enabled,12979,167.0,nan,True,ok,True,ok
H-8EDSFyk4c,53,enabled,16050,316.0,nan,True,ok,True,ok
u9CtzalboVg,4357,enabled,7299523,32633.0,nan,True,ok,True,ok
nJTDDJgFFb0,411,enabled,528422,8359.0,nan,True,ok,True,ok
Gz5_9MB0e-0,19462,enabled,6651256,64772.0,nan,True,ok,True,ok
X0xklpNNyWE,1226,enabled,583987,10620.0,nan,True,ok,True,ok
_bAnbHsDWa0,1784,enabled,1670514,13546.0,nan,True,ok,True,ok
QZfqhOD6RgQ,283,enabled,193145,3735.0,nan,True,ok,True,ok
HeLIPap9y00,1613,enabled,2197997,15521.0,nan,True,ok,True,ok
CYlXa4Q6VkA,14,enabled,73481,367.0,nan,True,ok,True,ok
jVwjvjrCotU,90,enabled,9241,397.0,nan,True,ok,True,ok
Wj_gpE-aa-Y,37,enabled,28187,1234.0,nan,True,ok,True,ok
qZxU_sJZqO0,720,enabled,1042407,11828.0,nan,True,ok,True,ok
G6l_Wby46Xo,276,enabled,1366338,5270.0,nan,True,ok,True,ok
-14kNK7zs24,1451,enabled,1495726,19404.0,nan,True,ok,True,ok
q_7KUC6CY6Q,1259,enabled,440577,6244.0,nan,True,ok,True,ok
2-0i-fEN-4o,11163,enabled,1559148,32096.0,nan,True,ok,True,ok
p-f3jSjLRZI,2190,enabled,1896023,13209.0,nan,True,ok,True,ok
cRQanPU2Fk8,6142,enabled,21935447,60804.0,nan,True,ok,True,ok
eF8ls2aPbn4,7269,enabled,1940662,21939.0,nan,True,ok,True,ok
Jal2cuuvdac,28,enabled,11111,205.0,nan,True,ok,True,ok
fgimvuXiTew,13488,enabled,5101193,38014.0,nan,True,ok,True,ok
TQty849xOBM,944,enabled,436430,7058.0,nan,True,ok,True,ok
ValBetFbshY,4273,enabled,7303033,94735.0,nan,True,ok,True,ok
xvNgan6ghU4,4304,enabled,6327070,58024.0,nan,True,ok,True,ok
WijudrmZGc4,18,enabled,14350,122.0,nan,True,ok,True,ok
4rReUFXiJ50,1372,enabled,1298069,12080.0,nan,True,ok,True,ok
-X94qpzUYao,202,enabled,146229,1582.0,nan,True,ok,True,ok
EhFPMTWSsso,5934,enabled,14720953,90672.0,nan,True,ok,True,ok
Nfh2870B3Gs,697,enabled,659539,6979.0,nan,True,ok,True,ok
9_bgRzQhO8w,1735,enabled,1465416,23034.0,nan,True,ok,True,ok
5KmJd02D-6c,1747,enabled,5240118,23533.0,nan,True,ok,True,ok
q1yvv9fHSw8,1650,enabled,2560723,26486.0,nan,True,ok,True,ok
40-t1Rr9eCs,0,disabled,2692397,3634.0,nan,False,disabled,True,ok
63TwGcjN6y4,871,enabled,2859258,10594.0,nan,True,ok,True,ok
PF58SVa3oLI,1458,enabled,1080956,24464.0,nan,True,ok,True,ok
FSXYyNw6rko,24,enabled,67659,384.0,nan,True,ok,True,ok
5ocEO9e0Q1M,19913,enabled,7219090,66294.0,nan,True,ok,True,ok
6XdIZuCNVeg,429,enabled,384402,6819.0,nan,True,ok,True,ok
eOSD-f5nXkA,185,enabled,36447,649.0,nan,True,ok,True,ok
NWJoMfmu2p4,0,disabled,1582525,12243.0,nan,False,disabled,True,ok
MEmAGJac7Is,71106,enabled,8535420,83748.0,nan,True,ok,True,ok
k9G_jNf0Xkw,4043,enabled,3256576,55279.0,nan,True,ok,True,ok
VUolw6HyZg8,7610,enabled,11361481,150224.0,nan,True,ok,True,ok
ugiZVox3Y1k,4877,enabled,2813127,33359.0,nan,True,ok,True,ok
NemacKms7qA,1235,enabled,6594346,38638.0,nan,True,ok,True,ok
HsNaTRZbwJc,8716,enabled,5285189,43588.0,nan,True,ok,True,ok
fqXfefq9VcQ,280,enabled,51479,948.0,nan,True,ok,True,ok
Mvuj5fCmLVU,731,enabled,77587,2900.0,nan,True,ok,True,ok
Z6BI1vnmsdE,984,enabled,1114617,15414.0,nan,True,ok,True,ok
_Ku2DIDMuOk,83,enabled,92119,980.0,nan,True,ok,True,ok
m7vYAvznp7k,925,enabled,2695350,8297.0,nan,True,ok,True,ok
1m5_rxrpsL4,2648,enabled,1011050,13824.0,nan,True,ok,True,ok
FExcvY6oqJo,1748,enabled,2549656,21012.0,nan,True,ok,True,ok
K3g2840zXKY,9644,enabled,16825646,97736.0,nan,True,ok,True,ok
WZsJ6BtOh60,1977,enabled,3118378,21473.0,nan,True,ok,True,ok
Z06PBEMtHhk,1711,enabled,2654095,13710.0,nan,True,ok,True,ok
RRCW1acFsxs,1463,enabled,521515,2665.0,nan,True,ok,True,ok
TYrZ8grFNIE,534,enabled,554998,7297.0,nan,True,ok,True,ok
qGJKjFHzuqo,51420,enabled,37158946,995943.0,nan,True,ok,True,ok
zWmG9vTAthc,6093,enabled,39567833,108889.0,nan,True,ok,True,ok
WpqI052UowU,223,enabled,698298,2919.0,nan,True,ok,True,ok
8dLAaZa9JJY,701,enabled,325841,5977.0,nan,True,ok,True,ok
5CVJsVnXd6c,8,enabled,277,12.0,nan,True,ok,True,ok
xT5YXIiHN40,766,enabled,756455,21234.0,nan,True,ok,True,ok
1kqWnxFR6_w,2290,enabled,9072772,41472.0,nan,True,ok,True,ok
WceAqfM5NCA,58,enabled,15066,207.0,nan,True,ok,True,ok
b2GfFl7c4m8,665,enabled,475906,5206.0,nan,True,ok,True,ok
fJF9sT_kL-c,112,enabled,56382,730.0,nan,True,ok,True,ok
x-uXnBykJv8,2505,enabled,927458,15237.0,nan,True,ok,True,ok
9bZVTxokbrg,6637,enabled,8892801,189058.0,nan,True,ok,True,ok
kWE2_-jiDS8,8,enabled,27291,129.0,nan,True,ok,True,ok
LMJaX6DLgCY,956,enabled,121514,1196.0,nan,True,ok,True,ok
RlmbBuMl1KU,1076,enabled,773624,6966.0,nan,True,ok,True,ok
DDTlhnBeR7Y,641,enabled,2126062,16069.0,nan,True,ok,True,ok
uxtWn2lsfYU,2101,enabled,4681843,25757.0,nan,True,ok,True,ok
6ObjCzedRs0,3810,enabled,7456201,72754.0,nan,True,ok,True,ok
qln3csFlSTQ,1379,enabled,1581792,10914.0,nan,True,ok,True,ok
UWrSzgkWD_k,39,enabled,12498,268.0,nan,True,ok,True,ok
WeSFqheNSYo,522,enabled,170335,2945.0,nan,True,ok,True,ok
I5M8_0Z7o1Q,1121,enabled,3201409,33171.0,nan,True,ok,True,ok
JIfKt49u-tg,51,enabled,11001,329.0,nan,True,ok,True,ok
ssTdkqVW8xQ,6576,enabled,5268423,72184.0,nan,True,ok,True,ok
FplmvpBrfco,3240,enabled,2523143,23227.0,nan,True,ok,True,ok
QvfR5tDOxyg,39,enabled,6947,89.0,nan,True,ok,True,ok
E_eL6bmjr_w,1777,enabled,287334,1989.0,nan,True,ok,True,ok
Rbo96dYm47w,5810,enabled,1789813,17076.0,nan,True,ok,True,ok
RuPiETBbRoE,4182,enabled,3285537,42978.0,nan,True,ok,True,ok
qz4kh996StQ,11,enabled,279,13.0,nan,True,ok,True,ok
nmXzl7GaARQ,44,enabled,44401,765.0,nan,True,ok,True,ok
envf09nZyic,1009,enabled,11817854,36321.0,nan,True,ok,True,ok
IWQH7MfWTIw,310,enabled,14677,561.0,nan,True,ok,True,ok
1hv1Opm_wFA,75,enabled,39179,708.0,nan,True,ok,True,ok
xvZZuy0glwE,3993,enabled,1821134,17895.0,nan,True,ok,True,ok
gykbz5ZXovc,21,enabled,3409,37.0,nan,True,ok,True,ok
Z8mKFBE_KNA,460,enabled,417494,4887.0,nan,True,ok,True,ok
R9YkrdjoqWQ,0,disabled,11822,470.0,nan,False,disabled,True,ok
yMnn6_oBu1A,115,enabled,119150,2476.0,nan,True,ok,True,ok
LmB-CsnzZxU,16,enabled,14013,200.0,nan,True,ok,True,ok
ur-qpV4srEQ,0,disabled,3429629,6252.0,nan,False,disabled,True,ok
eFOi3B_r4qs,5015,enabled,7160547,43112.0,nan,True,ok,True,ok
_qW8yAV8dJM,5445,enabled,5482574,53360.0,nan,True,ok,True,ok
F-0vAm6YwlM,401,enabled,5000781,15551.0,nan,True,ok,True,ok
Gz2oyqpkemw,213,enabled,393757,2757.0,nan,True,ok,True,ok
Uv6lPaGp7vE,1992,enabled,199037,4850.0,nan,True,ok,True,ok
DcIIhrc0vdk,8,enabled,1855,20.0,nan,True,ok,True,ok
uD1cF3UjSM8,1106,enabled,3367659,52575.0,nan,True,ok,True,ok
0vlUFSL2tME,602,enabled,4802099,6442.0,nan,True,ok,True,ok
ag-lPf7nbXw,144,enabled,86285,1187.0,nan,True,ok,True,ok
OIEuwPZNE_0,29765,enabled,5391873,51387.0,nan,True,ok,True,ok
k4IzBIezhB4,3809,enabled,8381971,53886.0,nan,True,ok,True,ok
6BzxdeIGE9o,1934,enabled,2019292,22166.0,nan,True,ok,True,ok
f5uU0igHmyw,224,enabled,2750667,4605.0,nan,True,ok,True,ok
S60aGfOuyA0,199,enabled,258148,4471.0,nan,True,ok,True,ok
HwSIZaWpvu8,3723,enabled,11575659,24094.0,nan,True,ok,True,ok
8NKI7J9RElg,10300,enabled,6594007,72196.0,nan,True,ok,True,ok
OO0zMHDktAc,2202,enabled,1087637,20629.0,nan,True,ok,True,ok
Ww3fe7_uU3o,12,enabled,918,10.0,nan,True,ok,True,ok
XnFgoeekL0s,3242,enabled,5274499,26731.0,nan,True,ok,True,ok
mwT8JLiFckU,422,enabled,344137,1586.0,nan,True,ok,True,ok
IKj8zlhWB_w,312,enabled,946557,6388.0,nan,True,ok,True,ok
7JoVjhRFnGk,28,enabled,9703,192.0,nan,True,ok,True,ok
_QT8qIIFDig,29,enabled,16530,327.0,nan,True,ok,True,ok
-w3DWR84r6o,2514,enabled,2356514,41010.0,nan,True,ok,True,ok
hTONQA3MePg,2463,enabled,885947,7718.0,nan,True,ok,True,ok
8ccFYRuUFJg,58,enabled,46709,597.0,nan,True,ok,True,ok
gXa-feLaDLk,258,enabled,740257,8937.0,nan,True,ok,True,ok
uShCUp2QYGs,6585,enabled,19308006,45708.0,nan,True,ok,True,ok
RLK-IBGfFBE,361,enabled,325321,4378.0,nan,True,ok,True,ok
-jOH2NIHAF0,2351,enabled,2540672,17992.0,nan,True,ok,True,ok
1sqa6K1FH4Y,3555,enabled,2395418,23192.0,nan,True,ok,True,ok
XaIFsDyC7jk,43,enabled,18816,222.0,nan,True,ok,True,ok
xvK772r9RDA,84,enabled,10388,177.0,nan,True,ok,True,ok
Je9fziS354Q,5068,enabled,1961759,28590.0,nan,True,ok,True,ok
OEjuZwVVEpk,203,enabled,89275,1732.0,nan,True,ok,True,ok
1qNxOjbBIR8,322,enabled,72315,1163.0,nan,True,ok,True,ok
gIUPw6xWKJ4,909,enabled,2566601,10459.0,nan,True,ok,True,ok
UdFDIXCG8w8,7,enabled,7987,90.0,nan,True,ok,True,ok
pZMvyfDKMoQ,2900,enabled,1938445,22991.0,nan,True,ok,True,ok
uq7mztW1knU,1061,enabled,7354188,32392.0,nan,True,ok,True,ok
w7ghvXj6ZYg,43,enabled,7483,133.0,nan,True,ok,True,ok
yooWRoX4O9s,234,enabled,67929,2166.0,nan,True,ok,True,ok
YdaZo-y3CWs,61,enabled,20849,196.0,nan,True,ok,True,ok
SzhVfJeO_OY,167,enabled,29398,1315.0,nan,True,ok,True,ok
_9av3RfAbvc,5335,enabled,5380333,58341.0,nan,True,ok,True,ok
wodqaC9NRI0,0,disabled,71685,556.0,nan,False,disabled,True,ok
59_bq2HK5z4,28,enabled,26335,337.0,nan,True,ok,True,ok
Wd7NJWlKii4,798,enabled,266599,3921.0,nan,True,ok,True,ok
wI-gpyiaMpI,4721,enabled,4136408,27824.0,nan,True,ok,True,ok
vIC4eLsXrqo,61,enabled,39175,931.0,nan,True,ok,True,ok
eQ9kVUVddkQ,20446,enabled,21782882,118971.0,nan,True,ok,True,ok
USk_4K38gwo,24,enabled,21194,244.0,nan,True,ok,True,ok
mQj_wnN7vhQ,38,enabled,22691,505.0,nan,True,ok,True,ok
Ga6PDPR8gsE,1285,enabled,500387,9400.0,nan,True,ok,True,ok
uYcBAFFokcM,1808,enabled,723081,10137.0,nan,True,ok,True,ok
SDzB2cQ2gmY,32,enabled,2699,47.0,nan,True,ok,True,ok
3Fhs8etoMcY,71,enabled,35156,831.0,nan,True,ok,True,ok
p_AdAkhQ-e8,17,enabled,7780,180.0,nan,True,ok,True,ok
WbF-G6zxr0c,826,enabled,726277,15184.0,nan,True,ok,True,ok
xtOv_jPk1B0,1544,enabled,1707960,20218.0,nan,True,ok,True,ok
LzyLw8EtKtU,581,enabled,882086,9598.0,nan,True,ok,True,ok
-mqMDOJGnnM,1314,enabled,2028894,35422.0,nan,True,ok,True,ok
ivUNXD-lclI,14,enabled,63952,174.0,nan,True,ok,True,ok
jXaOl2j7a4k,774,enabled,1038066,3824.0,nan,True,ok,True,ok
pZYC6i9AEck,147,enabled,140057,1728.0,nan,True,ok,True,ok
E8KEF-Ilao0,7258,enabled,18542942,65906.0,nan,True,ok,True,ok
FFX8oEJ7u4M,21,enabled,15621,165.0,nan,True,ok,True,ok
3pnhqC9bGIY,657,enabled,166813,6114.0,nan,True,ok,True,ok
CDpq-i7Zg0Y,4515,enabled,4034590,76758.0,nan,True,ok,True,ok
y8Fi87XoZiU,245,enabled,156900,1104.0,nan,True,ok,True,ok
8mKQE7AvhWw,11079,enabled,2799058,34763.0,nan,True,ok,True,ok
bsNl-Nn077g,464,enabled,107871,4165.0,nan,True,ok,True,ok
XnH179J8eKE,1945,enabled,2674638,42695.0,nan,True,ok,True,ok
y-0C05fAhiU,34,enabled,11816,251.0,nan,True,ok,True,ok
Jy8skjRtPVE,143,enabled,989507,4508.0,nan,True,ok,True,ok
QWwDZTf0n04,416,enabled,582410,6324.0,nan,True,ok,True,ok
EZhgaXXQ9z8,500,enabled,1113233,8032.0,nan,True,ok,True,ok
Z8if0xxXFGo,12,enabled,599,12.0,nan,True,ok,True,ok
3vP8b5w7_YE,21354,enabled,1967572,32101.0,nan,True,ok,True,ok
sPp6gafspTM,1209,enabled,4989680,18035.0,nan,True,ok,True,ok
JGbwDb2B1LU,1080,enabled,1907942,12712.0,nan,True,ok,True,ok
T_nIF9JBlUg,0,disabled,349611,1692.0,nan,False,disabled,True,ok
qqWWHKjyMu4,1632,enabled,318329,3007.0,nan,True,ok,True,ok
JDUEjjK2YRA,319,enabled,656427,5059.0,nan,True,ok,True,ok
FrYVhRkXQME,4952,enabled,5960116,39167.0,nan,True,ok,True,ok
eX2-RCfNpAU,816,enabled,337851,3499.0,nan,True,ok,True,ok
xJWLxxD0Hp8,9053,enabled,4210529,94190.0,nan,True,ok,True,ok
HMtSxYaP5Go,4777,enabled,8721540,46200.0,nan,True,ok,True,ok
LomxrQz-E3M,98,enabled,78717,1131.0,nan,True,ok,True,ok
34op_kWt9Vc,11,enabled,1655,15.0,nan,True,ok,True,ok
L6H0tp9XRNs,0,disabled,9729,71.0,nan,False,disabled,True,ok
r9wV8FUbbVA,7666,enabled,13103950,110526.0,nan,True,ok,True,ok
SmomPZQLHQs,614,enabled,305165,7022.0,nan,True,ok,True,ok
iIe82dC35rs,35,enabled,8997,214.0,nan,True,ok,True,ok
iIvCAC2a0B4,367,enabled,463078,7028.0,nan,True,ok,True,ok
3gHfaWD4OGs,155,enabled,17638,547.0,nan,True,ok,True,ok
N_GERHIyyy0,2000,enabled,2249322,14414.0,nan,True,ok,True,ok
um_4I5OtSRQ,2007,enabled,7611487,58228.0,nan,True,ok,True,ok
tFMFYQ4Nj4Y,878,enabled,336388,4165.0,nan,True,ok,True,ok
v85ZbtSKL0g,2319,enabled,1591051,22531.0,nan,True,ok,True,ok
a37vtRhGUV0,376,enabled,1377311,5357.0,nan,True,ok,True,ok
WkiqqE1GfS8,419,enabled,2219929,9333.0,nan,True,ok,True,ok
UWkxUxCDaIE,4423,enabled,1059079,8213.0,nan,True,ok,True,ok
WnSVLUP-WJc,3171,enabled,8823997,25961.0,nan,True,ok,True,ok
shmaAXmDEAw,11172,enabled,16476858,68879.0,nan,True,ok,True,ok
iyQxa9MHJdA,5316,enabled,11163266,231785.0,nan,True,ok,True,ok
CWyW-q5cfIw,0,disabled,10083412,47346.0,nan,False,disabled,True,ok
YPFVXrXLH_4,100,enabled,50018,931.0,nan,True,ok,True,ok
xdZWa-7b7Fc,239,enabled,106805,1774.0,nan,True,ok,True,ok
f4APKyfYAXk,1052,enabled,404386,8310.0,nan,True,ok,True,ok
kQ1VCl2Pgls,271,enabled,85508,1966.0,nan,True,ok,True,ok
RirOyRSCe0k,3241,enabled,2693504,30127.0,nan,True,ok,True,ok
LPL2jUURD1I,8746,enabled,4701887,82631.0,nan,True,ok,True,ok
8G0LBhlmGBM,29,enabled,52450,446.0,nan,True,ok,True,ok
UOXW1He4Tjo,15800,enabled,988245,21482.0,nan,True,ok,True,ok
D0C0blDHUkg,2005,enabled,5496414,22221.0,nan,True,ok,True,ok
QUMmXFB-QOk,32,enabled,139648,849.0,nan,True,ok,True,ok
QfUuNvsTctc,135,enabled,174128,1872.0,nan,True,ok,True,ok
-LikU99ut4w,1743,enabled,1745057,28547.0,nan,True,ok,True,ok
xMh4AaURpZ4,71,enabled,64571,2555.0,nan,True,ok,True,ok
uQ83a5NgyhQ,226,enabled,826548,4839.0,nan,True,ok,True,ok
wvpCQvFVp9s,1316,enabled,195462,4752.0,nan,True,ok,True,ok
l_nQ9Ug0X-4,7,enabled,3295,47.0,nan,True,ok,True,ok
JHutd0VPkz8,387,enabled,992068,5639.0,nan,True,ok,True,ok
jI0rcGqAX0k,34,enabled,4545,141.0,nan,True,ok,True,ok
-ueICUWe_1c,270,enabled,216118,2998.0,nan,True,ok,True,ok
yZDaganYSrM,3133,enabled,2757905,13374.0,nan,True,ok,True,ok
NsbS5j2duV8,10663,enabled,5504299,39716.0,nan,True,ok,True,ok
mU43MoVuz-k,92,enabled,33750,226.0,nan,True,ok,True,ok
voa0kxstJHs,163,enabled,129936,1765.0,nan,True,ok,True,ok
KXF7_mXqEQU,160,enabled,53327,423.0,nan,True,ok,True,ok
1QDm3eVVSAM,30,enabled,8194,227.0,nan,True,ok,True,ok
pRQ7reN1PAQ,1565,enabled,4621786,13125.0,nan,True,ok,True,ok
prWMXGN1E3E,72,enabled,139881,1101.0,nan,True,ok,True,ok
PBdOeRVnMnQ,1093,enabled,1857348,6003.0,nan,True,ok,True,ok
rvLQgngPdEI,64,enabled,379927,2382.0,nan,True,ok,True,ok
dtn579DvHa8,20,enabled,33787,299.0,nan,True,ok,True,ok
1g-a2iB_jyw,608,enabled,4271045,12934.0,nan,True,ok,True,ok
ZvElFMlmuJ8,228,enabled,608644,1848.0,nan,True,ok,True,ok
JWbSs-XK5Fc,26331,enabled,15621595,232490.0,nan,True,ok,True,ok
b-C4xJI5qXs,219,enabled,105041,1513.0,nan,True,ok,True,ok
Li4LAxoHVoM,34,enabled,9938,608.0,nan,True,ok,True,ok
NdHRAI9VdXI,74,enabled,137105,570.0,nan,True,ok,True,ok
5n1YmpM2DZ4,158,enabled,16969,397.0,nan,True,ok,True,ok
Lmfutzd0Y-Y,3876,enabled,10223096,41553.0,nan,True,ok,True,ok
mkGmlcTPpZk,0,disabled,66667,463.0,nan,False,disabled,True,ok
XT8EJTmHbSA,352,enabled,1931130,10757.0,nan,True,ok,True,ok
dN2guKIoIkY,4,enabled,1520,42.0,nan,True,ok,True,ok
u8Rz8ScwLeQ,2094,enabled,292047,10540.0,nan,True,ok,True,ok
SIK9XIzCuhs,206,enabled,945166,6361.0,nan,True,ok,True,ok
JObv0BSWJz8,3260,enabled,11245516,58605.0,nan,True,ok,True,ok
2Cfl-aVbbz0,8809,enabled,15024573,198899.0,nan,True,ok,True,ok
jOcUFieyoe8,34,enabled,4244,117.0,nan,True,ok,True,ok
i7DlI9TcOUA,180,enabled,38997,1166.0,nan,True,ok,True,ok
JtC_6HV977A,215,enabled,81551,1143.0,nan,True,ok,True,ok
rBFwxaVYPF4,1664,enabled,1181561,15310.0,nan,True,ok,True,ok
e7l2IeK9Ymo,16,enabled,6195,205.0,nan,True,ok,True,ok
n4NewHVUXMY,6080,enabled,4261295,34646.0,nan,True,ok,True,ok
USSnNfT6qek,496,enabled,820275,8795.0,nan,True,ok,True,ok
vPwy_b3naTc,117,enabled,18841,305.0,nan,True,ok,True,ok
-xqb4H0q_1U,2513,enabled,2692223,45530.0,nan,True,ok,True,ok
lYo8y-HHHXg,788,enabled,141625,4828.0,nan,True,ok,True,ok
wrY93yYFhSw,1072,enabled,757891,9757.0,nan,True,ok,True,ok
rYVIAloANlU,1299,enabled,2911573,13252.0,nan,True,ok,True,ok
En7JjgyaUC4,2667,enabled,744258,16612.0,nan,True,ok,True,ok
2QrMiiJ0a_g,3374,enabled,7303786,36598.0,nan,True,ok,True,ok
-9LTXO00aYY,15071,enabled,13624782,262337.0,nan,True,ok,True,ok
EF63lBuOgy4,374,enabled,1271423,7221.0,nan,True,ok,True,ok
s-lzZy26q-g,393,enabled,282274,2365.0,nan,True,ok,True,ok
HKBUqDtvzKc,468,enabled,927296,5508.0,nan,True,ok,True,ok
D9s5Brovelc,1883,enabled,2935350,41915.0,nan,True,ok,True,ok
6LxSHMC2m7k,1797,enabled,4838224,77438.0,nan,True,ok,True,ok
kPQbjvS6DLo,1022,enabled,65790,659.0,nan,True,ok,True,ok
g46T19sztLU,5126,enabled,12049113,49313.0,nan,True,ok,True,ok
G1XOA1GqbNE,957,enabled,961782,11641.0,nan,True,ok,True,ok
JgEkxi9H1vg,103,enabled,282543,1140.0,nan,True,ok,True,ok
2BCRmhO_-KU,2199,enabled,1622663,13115.0,nan,True,ok,True,ok
ioPU3H_bpmQ,86,enabled,81575,636.0,nan,True,ok,True,ok
L502pfF_DBs,90,enabled,461087,3229.0,nan,True,ok,True,ok
y6Rmpw87QwI,985,enabled,3041849,9192.0,nan,True,ok,True,ok
WJOBZb4_kCA,259,enabled,135015,3871.0,nan,True,ok,True,ok
8-zzgV-kfGw,54,enabled,36145,337.0,nan,True,ok,True,ok
G29NRlx1Bh8,3069,enabled,1018041,12556.0,nan,True,ok,True,ok
xuXiiM2y3-s,3113,enabled,1363085,13117.0,nan,True,ok,True,ok
bzQ-ciKQEkM,32,enabled,32914,291.0,nan,True,ok,True,ok
NrU3FGID-Z4,445,enabled,146740,530.0,nan,True,ok,True,ok
dSeB32NBVUU,602,enabled,642440,6144.0,nan,True,ok,True,ok
fNgHZ7IIGv4,13456,enabled,2534532,38496.0,nan,True,ok,True,ok
zJ8ryGA3eIY,946,enabled,247763,2725.0,nan,True,ok,True,ok
UMA2mIukOK0,2084,enabled,1412312,10356.0,nan,True,ok,True,ok
Dm0uU6SIxZ0,14,enabled,8655,354.0,nan,True,ok,True,ok
Cu1tijlB8k0,2344,enabled,1743606,15449.0,nan,True,ok,True,ok
OBYGTqwRclw,1569,enabled,941874,8522.0,nan,True,ok,True,ok
i4Tt_pE1XPM,259,enabled,30228,437.0,nan,True,ok,True,ok
DPF0zB1hDKY,5890,enabled,6398837,72609.0,nan,True,ok,True,ok
wLOYPrSCxIg,7,enabled,11440,46.0,nan,True,ok,True,ok
6sfHv-oN8p0,395,enabled,41922,845.0,nan,True,ok,True,ok
iHIW0_SyIP4,68680,enabled,18642073,56025.0,nan,True,ok,True,ok
KSuDHcr_Exk,174,enabled,208332,2080.0,nan,True,ok,True,ok
aPr4gQc7AyM,147,enabled,92351,1412.0,nan,True,ok,True,ok
I-fCXYerVTY,1938,enabled,874728,17933.0,nan,True,ok,True,ok
NmrE9xrzt2A,1361,enabled,699379,17738.0,nan,True,ok,True,ok
xafrwqf6VGU,793,enabled,2042383,20428.0,nan,True,ok,True,ok
G0WwC9RTXNs,145,enabled,1148537,2859.0,nan,True,ok,True,ok
DiuzW7vIjO8,494,enabled,247570,4841.0,nan,True,ok,True,ok
4JbIMf7Y7tY,89,enabled,99872,810.0,nan,True,ok,True,ok
4bIPhtK506w,4063,enabled,3093374,14668.0,nan,True,ok,True,ok
YCjCZJdim-E,2817,enabled,2323977,26697.0,nan,True,ok,True,ok
1sLl75XQitY,1205,enabled,1907563,7035.0,nan,True,ok,True,ok
LMZLBx-pwRQ,237,enabled,1047394,1271.0,nan,True,ok,True,ok
wWrQb0M3qbU,623,enabled,173518,4110.0,nan,True,ok,True,ok
ViKX-5MoeaI,915,enabled,3830583,11836.0,nan,True,ok,True,ok
acNfwJE0bU8,14,enabled,12941,119.0,nan,True,ok,True,ok
ctaHnYUDIqw,953,enabled,2796317,15756.0,nan,True,ok,True,ok
lZ9Zpb7oWUk,183,enabled,133544,2720.0,nan,True,ok,True,ok
R2Cz8l-QKts,94,enabled,104670,1236.0,nan,True,ok,True,ok
7rm1iP5CzuE,4276,enabled,3163411,51205.0,nan,True,ok,True,ok
E201xeBONVI,121,enabled,108572,384.0,nan,True,ok,True,ok
Bc35TlTBX34,13,enabled,35685,102.0,nan,True,ok,True,ok
4Oz1BYGvTvE,827,enabled,179142,2181.0,nan,True,ok,True,ok
4OptH3ziCMs,47,enabled,35584,1153.0,nan,True,ok,True,ok
vBjN1g_siDM,2412,enabled,6765323,43596.0,nan,True,ok,True,ok
P3RG_q0N5e0,1061,enabled,1070196,10791.0,nan,True,ok,True,ok
auJ_yTdfJ1U,46,enabled,102020,975.0,nan,True,ok,True,ok
x5UGTfL9Mw0,23826,enabled,2464593,23288.0,nan,True,ok,True,ok
_9hI98BzyA4,19,enabled,10648,180.0,nan,True,ok,True,ok
VXdXQx_UScc,2,enabled,1705,9.0,nan,True,ok,True,ok
QIxzvtmF0t4,7345,enabled,1259825,16894.0,nan,True,ok,True,ok
jbbNai2HHzI,18529,enabled,1292334,26568.0,nan,True,ok,True,ok
wcDHKnnfZM4,1581,enabled,2076718,14050.0,nan,True,ok,True,ok
DXBAq5taLs0,671,enabled,3671235,66957.0,nan,True,ok,True,ok
3IFflCbx2Cc,3304,enabled,7921497,30176.0,nan,True,ok,True,ok
WM4qIs-FMrk,870,enabled,517303,11766.0,nan,True,ok,True,ok
NCF7mbQirXk,50,enabled,35029,490.0,nan,True,ok,True,ok
BHdSY5oxe5A,308,enabled,167387,2414.0,nan,True,ok,True,ok
HV6iJhz1QKE,582,enabled,184327,4028.0,nan,True,ok,True,ok
8ihJjbIgKrc,599,enabled,124160,2786.0,nan,True,ok,True,ok
r3dv1696kD0,26,enabled,25275,585.0,nan,True,ok,True,ok
RqEOQ-Qnxpg,44,enabled,22019,324.0,nan,True,ok,True,ok
6UzPXdPYZkg,2634,enabled,3583827,17270.0,nan,True,ok,True,ok
99QNJJSy3_Q,14,enabled,2710,15.0,nan,True,ok,True,ok
rPoRZ6JWVIw,11080,enabled,4375713,28002.0,nan,True,ok,True,ok
ntZ_PHhKllY,2671,enabled,3585701,29240.0,nan,True,ok,True,ok
VHAg_91sqmI,318,enabled,488242,3708.0,nan,True,ok,True,ok
GqqQ4fXO24E,133,enabled,209909,853.0,nan,True,ok,True,ok
HgWSbChPthg,1825,enabled,238201,1877.0,nan,True,ok,True,ok
HXmRE3KIFeY,173,enabled,182716,2387.0,nan,True,ok,True,ok
suO_6TUMvKc,4477,enabled,595997,7219.0,nan,True,ok,True,ok
xoxuONCg3qc,398,enabled,146715,2351.0,nan,True,ok,True,ok
n5LNzb3JHoc,1742,enabled,1590781,19577.0,nan,True,ok,True,ok
uq9QiQ27hD4,1708,enabled,2724638,24537.0,nan,True,ok,True,ok
6SWMb4Oh5jY,3929,enabled,2812744,44761.0,nan,True,ok,True,ok
eEY_QA-DWIw,60,enabled,59150,1833.0,nan,True,ok,True,ok
SaP18QTNdyo,51,enabled,26708,722.0,nan,True,ok,True,ok
TynxxmS44TM,248,enabled,479481,1750.0,nan,True,ok,True,ok
AUunRtEL5K0,6053,enabled,3013449,61253.0,nan,True,ok,True,ok
Pzhbd0Uu8Yc,766,enabled,448543,4815.0,nan,True,ok,True,ok
YiJoN3DU4cU,54,enabled,149705,429.0,nan,True,ok,True,ok
30eJArMHjoY,2168,enabled,1727306,9267.0,nan,True,ok,True,ok
ttgxZMHU7MI,23,enabled,19195,239.0,nan,True,ok,True,ok
omTELPJJ3ms,61,enabled,40470,453.0,nan,True,ok,True,ok
QEBPCjarKt8,4480,enabled,1889070,11902.0,nan,True,ok,True,ok
N3D2VFGizr8,0,disabled,35609,260.0,nan,False,disabled,True,ok
SRMw1AQRLQc,2667,enabled,2875037,23330.0,nan,True,ok,True,ok
WXY1Dp-eWzA,36156,enabled,14235599,198059.0,nan,True,ok,True,ok
e2E_N8uBlyE,15,enabled,7348,164.0,nan,True,ok,True,ok
Bk-36FZEtH8,63,enabled,137487,1000.0,nan,True,ok,True,ok
XEQc_h9K1r8,389,enabled,1760730,6111.0,nan,True,ok,True,ok
zoI6nnwiR58,1837,enabled,132612,2561.0,nan,True,ok,True,ok
-C671buZDOY,1852,enabled,1446460,13730.0,nan,True,ok,True,ok
6oPcK9xYSF0,14,enabled,17821,309.0,nan,True,ok,True,ok
YzhcUg5muZg,0,zero,304324,4025.0,nan,False,disabled,True,ok
5hmdNztgJ_I,3693,enabled,580981,12237.0,nan,True,ok,True,ok
GESwbDKTQV4,307,enabled,138055,1564.0,nan,True,ok,True,ok
G6BBSavPzWY,991,enabled,1012875,4584.0,nan,True,ok,True,ok
OQl_hVW7lc0,851,enabled,2829338,21835.0,nan,True,ok,True,ok
I9eu5n_P23E,2311,enabled,310634,4071.0,nan,True,ok,True,ok
63PWdao1TOg,4568,enabled,2442984,43301.0,nan,True,ok,True,ok
MR29wbOnMSc,11481,enabled,5374526,50714.0,nan,True,ok,True,ok
ZJzng3Fv8p4,137,enabled,108341,3654.0,nan,True,ok,True,ok
nnfMwwoLAKg,1117,enabled,299825,5516.0,nan,True,ok,True,ok
e_cU2H1baO0,326,enabled,69732,743.0,nan,True,ok,True,ok
4z1s64JVaIA,62,enabled,18656,292.0,nan,True,ok,True,ok
jxPsh86cTn0,1617,enabled,1485254,26556.0,nan,True,ok,True,ok
Kvdz0vrKW7c,493,enabled,431275,3410.0,nan,True,ok,True,ok
cgDkUnc1VGI,11518,enabled,10579923,41386.0,nan,True,ok,True,ok
3kztpCoQkWc,142,enabled,71208,642.0,nan,True,ok,True,ok
tTRFphTmoB0,7,enabled,7123,104.0,nan,True,ok,True,ok
_rnbd6u6gPw,1358,enabled,7073841,24720.0,nan,True,ok,True,ok
dkeUBCrRhpQ,1509,enabled,912053,8331.0,nan,True,ok,True,ok
-XdEgIfxT-c,149,enabled,32899,313.0,nan,True,ok,True,ok
aoLVqA1YW1s,11685,enabled,16256073,76444.0,nan,True,ok,True,ok
JU-dODmBYqY,208,enabled,170906,1869.0,nan,True,ok,True,ok
RMHYJ8Tsjog,88,enabled,166174,1600.0,nan,True,ok,True,ok
eGHF9UIVHKA,1365,enabled,4521558,13832.0,nan,True,ok,True,ok
zrzxFlXuIRM,223,enabled,44977,1010.0,nan,True,ok,True,ok
zNhbNHdp7Oo,57,enabled,264755,1475.0,nan,True,ok,True,ok
3dORV_XDoYY,441,enabled,29403,946.0,nan,True,ok,True,ok
BMqzm7m4uOk,404,enabled,744377,5755.0,nan,True,ok,True,ok
-XQL2qIbppQ,8929,enabled,5729863,72968.0,nan,True,ok,True,ok
oPzQZFI_HIM,3446,enabled,3253877,24017.0,nan,True,ok,True,ok
WtUKE5HdTms,10584,enabled,10659927,150734.0,nan,True,ok,True,ok
jlZlewNcWp0,7268,enabled,1466049,13289.0,nan,True,ok,True,ok
OlSmH3yZNco,8478,enabled,12344615,134034.0,nan,True,ok,True,ok
9MLZFQdpveI,2231,enabled,3429884,35685.0,nan,True,ok,True,ok
qdhHd-K7CDg,1676,enabled,2026105,11766.0,nan,True,ok,True,ok
fUh2t1BZHUc,184,enabled,2268786,6497.0,nan,True,ok,True,ok
jm14BeJVaXc,473,enabled,104540,1786.0,nan,True,ok,True,ok
_8dn5jFdOoU,1623,enabled,853459,11025.0,nan,True,ok,True,ok
xLzU36KQEJE,594,enabled,433068,4675.0,nan,True,ok,True,ok
Bck2lp38DOQ,130,enabled,34983,941.0,nan,True,ok,True,ok
IRp_SUhBXuQ,179,enabled,1487254,8967.0,nan,True,ok,True,ok
YdVamEfoHkU,182,enabled,26934,511.0,nan,True,ok,True,ok
9CYHjv622nA,267,enabled,53944,1505.0,nan,True,ok,True,ok
o1-r6GAu9HY,1672,enabled,555012,9547.0,nan,True,ok,True,ok
nTsbTdG11sQ,7312,enabled,2803002,24124.0,nan,True,ok,True,ok
KgU-agclBps,316,enabled,216210,2255.0,nan,True,ok,True,ok
G_R2C-R4NEE,21,enabled,13444,610.0,nan,True,ok,True,ok
HApacB0i7C0,3025,enabled,3508636,16184.0,nan,True,ok,True,ok
C2bmHCDd-mc,247,enabled,1871206,5543.0,nan,True,ok,True,ok
FjuL-Kf47RA,4167,enabled,5587297,50558.0,nan,True,ok,True,ok
fmC0kLrGySs,1956,enabled,2210742,33095.0,nan,True,ok,True,ok
QzI8DHi7ZLU,3559,enabled,3777051,25928.0,nan,True,ok,True,ok
aF5k2V0G2Ig,472,enabled,105394,1111.0,nan,True,ok,True,ok
9PEr-Oiaj0g,280,enabled,58211,1755.0,nan,True,ok,True,ok
xe1wrpUJvLM,58,enabled,46684,860.0,nan,True,ok,True,ok
194Zd16QASw,55,enabled,23970,1186.0,nan,True,ok,False,disabled
9XdpZ_2i_Wk,9,enabled,41930,507.0,nan,True,ok,True,ok
iifvQHNrgKc,28,enabled,13112,471.0,nan,True,ok,True,ok
LdM_FS1RkCg,50,enabled,36968,530.0,nan,True,ok,True,ok
ZnX1IbIFUaI,275,enabled,254903,1573.0,nan,True,ok,True,ok
St8vFW9Kg-c,5301,enabled,2227902,61151.0,nan,True,ok,True,ok
7u-_-bm25rQ,115,enabled,17763,125.0,nan,True,ok,True,ok
aKYeekQpjUA,168,enabled,203665,2500.0,nan,True,ok,True,ok
-x4NleLytEo,398,enabled,98303,860.0,nan,True,ok,True,ok
EAzXjhZu-VM,562,enabled,467059,6635.0,nan,True,ok,True,ok
5HTzpavCRRY,840,enabled,879261,5787.0,nan,True,ok,True,ok
tECHHXEnC0I,163,enabled,29650,1176.0,nan,True,ok,True,ok
Z2x2gWD4WLs,432,enabled,790127,13395.0,nan,True,ok,True,ok
pwIiREBs2O8,228,enabled,115379,994.0,nan,True,ok,True,ok
WViqKHq96mw,11105,enabled,62549060,251794.0,nan,True,ok,True,ok
_KtX799wy8A,1581,enabled,698563,8054.0,nan,True,ok,True,ok
yYOIuUdawBc,795,enabled,82263,1866.0,nan,True,ok,True,ok
Sq4lbCC24js,5356,enabled,8035846,83411.0,nan,True,ok,True,ok
aKXLQN1l7mQ,25088,enabled,12553703,108906.0,nan,True,ok,True,ok
HrJEk2_5D5s,453,enabled,426853,7352.0,nan,True,ok,True,ok
SyhZOAoqqZg,644,enabled,2315676,9316.0,nan,True,ok,True,ok
J9pJB4L3xSQ,420,enabled,435107,4742.0,nan,True,ok,True,ok
fuRVAERmE1s,125,enabled,23829,811.0,nan,True,ok,True,ok
mCNuhoUvkFc,232,enabled,65241,637.0,nan,True,ok,True,ok
SBydXrDjL1A,635,enabled,802682,10542.0,nan,True,ok,True,ok
y1xbm4ADRTk,885,enabled,344887,5433.0,nan,True,ok,True,ok
s6omnoqEhMg,665,enabled,3243817,8120.0,nan,True,ok,True,ok
QwGDgNT-jTI,177,enabled,56859,1639.0,nan,True,ok,True,ok
FmDI0ctulfo,253,enabled,39416,1137.0,nan,True,ok,True,ok
pRKYWlXe-gA,4469,enabled,2306029,15760.0,nan,True,ok,True,ok
zjaU5ZHQTrU,848,enabled,790293,8573.0,nan,True,ok,True,ok
DtmwNfcKcRI,216,enabled,284121,5980.0,nan,True,ok,True,ok
E7c5IjCfkns,2174,enabled,1751814,21746.0,nan,True,ok,True,ok
U-hlto5hUhs,1299,enabled,7505325,26571.0,nan,True,ok,True,ok
O97NLsZNVIY,53,enabled,28688,598.0,nan,True,ok,True,ok
bGQTxJ_mbHo,53,enabled,20710,293.0,nan,True,ok,True,ok
iJtzDAp-MrU,94,enabled,33449,1040.0,nan,True,ok,True,ok
aHW13YsRmF0,70,enabled,14923,472.0,nan,True,ok,True,ok
pQhBv2jhjXI,42,enabled,11291,219.0,nan,True,ok,True,ok
gvVWLpd5l9U,73,enabled,21604,568.0,nan,True,ok,True,ok
E6LxfDFSZ0s,2943,enabled,713561,12212.0,nan,True,ok,True,ok
RYNUG3-KGIY,4567,enabled,15621458,149380.0,nan,True,ok,True,ok
SSesJarKEXE,5663,enabled,2496745,35695.0,nan,True,ok,True,ok
7_HezXbLxa8,21,enabled,23791,319.0,nan,True,ok,True,ok
xKxFkQpUh-Q,1084,enabled,3383367,41820.0,nan,True,ok,True,ok
gpanyYCXHj0,1845,enabled,5328470,24871.0,nan,True,ok,True,ok
nfWKsp3uT7Q,77,enabled,231691,2062.0,nan,True,ok,True,ok
O9GOecJDiEg,48,enabled,2743,84.0,nan,True,ok,True,ok
0xTSWW7a0ak,88,enabled,102777,2853.0,nan,True,ok,True,ok
osjASMRuutQ,2790,enabled,1040498,24368.0,nan,True,ok,True,ok
MzaBSb7DBD0,1123,enabled,1785517,14939.0,nan,True,ok,True,ok
2ryaPzxnr4o,193,enabled,75553,2430.0,nan,True,ok,True,ok
6nfHuM3DsNw,676,enabled,581480,7413.0,nan,True,ok,True,ok
wuLzlIjmuEQ,563,enabled,437633,6806.0,nan,True,ok,True,ok
yxWh1RJ7J5k,63,enabled,16709,474.0,nan,True,ok,True,ok
kQnNW4576us,417,enabled,701795,3124.0,nan,True,ok,True,ok
OQGeoTfR158,0,disabled,4349424,9717.0,nan,False,disabled,True,ok
tHrE6BKIXrg,81,enabled,46636,1252.0,nan,True,ok,True,ok
YKUFtgcUlzY,220,enabled,401938,5077.0,nan,True,ok,True,ok
SYHOWFwIAzg,140,enabled,61361,1023.0,nan,True,ok,True,ok
tkpR5R5OPmc,32,enabled,14146,142.0,nan,True,ok,True,ok
e2cMS2SuWm0,10799,enabled,10598756,95163.0,nan,True,ok,True,ok
6yNLGy9PEus,0,disabled,270317,1725.0,nan,False,disabled,True,ok
ashL0BWkOe8,55,enabled,11903,425.0,nan,True,ok,True,ok
qyty7PL8Xf0,242,enabled,146642,3094.0,nan,True,ok,True,ok
0jhkWG7Jnr8,249,enabled,135978,2117.0,nan,True,ok,True,ok
8O1exGDZ8JU,884,enabled,2904378,31355.0,nan,True,ok,True,ok
7ZwRM4XJX9c,0,disabled,5860524,8674.0,nan,False,disabled,True,ok
Clw7KrLPmwk,289,enabled,1350350,2667.0,nan,True,ok,True,ok
4Si-wW8Ym2Y,1022,enabled,171087,3439.0,nan,True,ok,True,ok
4D12u5C1M98,274,enabled,57993,599.0,nan,True,ok,True,ok
BRp7aFBkuWE,58,enabled,25273,419.0,nan,True,ok,True,ok
DO5KExioJ6s,2172,enabled,1123266,19848.0,nan,True,ok,True,ok
wbTdtyFotMw,47,enabled,8162,205.0,nan,True,ok,True,ok
Pf9DQsY7Zss,0,disabled,3545782,27685.0,nan,False,disabled,True,ok
0N_tkrYu8Hw,4351,enabled,6057989,86846.0,nan,True,ok,True,ok
4GBMWcDijlo,24684,enabled,5194863,88676.0,nan,True,ok,True,ok
qZ2B6P_lEI4,111,enabled,108908,857.0,nan,True,ok,True,ok
ukTd8oDhQR0,14376,enabled,4835094,64961.0,nan,True,ok,True,ok
xvLtggm3ji4,57,enabled,6937,259.0,nan,True,ok,True,ok
1Xe1b65M86Y,0,disabled,730763,6667.0,nan,False,disabled,True,ok
K25fl-kvr1A,689,enabled,6418101,18228.0,nan,True,ok,True,ok
RHhXZ3DUED8,2522,enabled,1877136,22030.0,nan,True,ok,True,ok
IfiYbVHzFHk,13,enabled,280,7.0,nan,True,ok,True,ok
c706ibJgtnY,21192,enabled,16237792,80973.0,nan,True,ok,True,ok
UagF0dyxoe0,8334,enabled,1622430,31530.0,nan,True,ok,True,ok
VdoAFK3FD1Y,2841,enabled,16254369,44411.0,nan,True,ok,True,ok
xHJpynvNYkU,19,enabled,25450,329.0,nan,True,ok,True,ok
TBkt5DJUscU,455,enabled,175216,2102.0,nan,True,ok,True,ok
9QDFZ9xK9qg,456,enabled,626690,12311.0,nan,True,ok,True,ok
GL0aHhDuBBs,4221,enabled,6187714,37767.0,nan,True,ok,True,ok
HrSnBVIjPr4,224,enabled,754108,5734.0,nan,True,ok,True,ok
v5Xixm0mmJU,276,enabled,234527,2741.0,nan,True,ok,True,ok
JTMg-GXrQW0,0,disabled,56197,651.0,nan,False,disabled,True,ok
LNog172H20Y,1847,enabled,2123101,27957.0,nan,True,ok,True,ok
umdixqHIs0U,796,enabled,323062,6544.0,nan,True,ok,True,ok
FwnAJrQfX4Y,680,enabled,459575,5440.0,nan,True,ok,True,ok
ySaAj-c39DE,184,enabled,78455,774.0,nan,True,ok,True,ok
Edr9DPU7vk8,7,enabled,5043,269.0,nan,True,ok,True,ok
wvY31L_LXqA,3475,enabled,4885564,80492.0,nan,True,ok,True,ok
zwcVmX_9jFM,74,enabled,134302,3849.0,nan,True,ok,True,ok
h1CGXy_h-iI,125,enabled,134181,854.0,nan,True,ok,True,ok
NxxWAoAU7NE,33,enabled,126866,694.0,nan,True,ok,True,ok
DUXvnuR8qAg,2527,enabled,3664505,22820.0,nan,True,ok,True,ok
zkcd5Hdk4Gc,316,enabled,62096,1282.0,nan,True,ok,True,ok
E-dPJF5AiF0,57277,enabled,11725961,82511.0,nan,True,ok,True,ok
IliFD71jJdY,403,enabled,270311,1526.0,nan,True,ok,True,ok
UXb_C-3bdCc,3050,enabled,712637,17604.0,nan,True,ok,True,ok
auahRt7V0Eg,213,enabled,98641,1308.0,nan,True,ok,True,ok
JXFi82DSMQs,24,enabled,21845,247.0,nan,True,ok,True,ok
wHiLstj4M5c,6,enabled,1161,15.0,nan,True,ok,True,ok
EMQtimSyBXI,7766,enabled,2336680,26359.0,nan,True,ok,True,ok
2PD55fyRBxI,37609,enabled,13511701,53604.0,nan,True,ok,True,ok
1jxYcPSJ7sg,45,enabled,16094,311.0,nan,True,ok,True,ok
J2Fe_8pvV8g,296,enabled,78123,907.0,nan,True,ok,True,ok
09R151e5Ukw,26,enabled,20068,303.0,nan,True,ok,True,ok
ciSxJdSpBVI,136,enabled,40092,397.0,nan,True,ok,True,ok
IPOSIL8DkF4,4507,enabled,14935450,61548.0,nan,True,ok,True,ok
34Nm9TNYVak,25,enabled,18615,297.0,nan,True,ok,True,ok
ORpcyU6f9cs,1337,enabled,3275065,28089.0,nan,True,ok,True,ok
XkkJuMGQ37I,796,enabled,161910,4780.0,nan,True,ok,True,ok
NP5CucIwh-g,10197,enabled,7892955,79664.0,nan,True,ok,True,ok
pg1_Gdhg08w,0,disabled,13864,615.0,nan,False,disabled,True,ok
6kH-RdptzDQ,3383,enabled,753269,19115.0,nan,True,ok,True,ok
__HAhVuftbo,120,enabled,123123,1045.0,nan,True,ok,True,ok
tEAkNTU4PRA,5255,enabled,452536,8629.0,nan,True,ok,True,ok
YVpsDCSqg4c,152,enabled,36975,390.0,nan,True,ok,True,ok
pEn2WvT0xLo,231,enabled,40718,480.0,nan,True,ok,True,ok
pOBVtQvNAzE,1425,enabled,2550130,28167.0,nan,True,ok,True,ok
xYSEiSwI5pk,1989,enabled,2958694,35655.0,nan,True,ok,True,ok
liCm9ocup2A,4742,enabled,6410304,39533.0,nan,True,ok,True,ok
1YXnR_zJOBs,2560,enabled,4257215,33695.0,nan,True,ok,True,ok
lXv_Sd3nmAk,204,enabled,223068,4555.0,nan,True,ok,True,ok
OeDeWAaXAXk,214,enabled,1463768,6749.0,nan,True,ok,True,ok
WKt9EqC_jdw,3709,enabled,2259556,35606.0,nan,True,ok,True,ok
dnUTNU9f7CE,257,enabled,1401186,6588.0,nan,True,ok,True,ok
jM2CD9x9jOM,3814,enabled,1602366,24387.0,nan,True,ok,True,ok
2tefoNsmgEA,1268,enabled,237180,6684.0,nan,True,ok,True,ok
0L-W_MmgxGU,444,enabled,222360,2583.0,nan,True,ok,True,ok
swKhiWd7Igw,6860,enabled,2281635,31126.0,nan,True,ok,True,ok
4jXHbh0BKV4,16623,enabled,7081551,78278.0,nan,True,ok,True,ok
_hP_UGqobz0,3755,enabled,4442207,55848.0,nan,True,ok,True,ok
qQBIiol_eOQ,8,enabled,109749,503.0,nan,True,ok,True,ok
a5yDP3Qs-q0,1730,enabled,5701872,36009.0,nan,True,ok,True,ok
wrP2vA_vK7Q,27,enabled,9091,284.0,nan,True,ok,True,ok
wi-Zc6NTlDA,2489,enabled,2222655,20943.0,nan,True,ok,True,ok
dOMCouqr3eA,227,enabled,38328,909.0,nan,True,ok,True,ok
RaoSpLcVAlc,5568,enabled,3576901,31021.0,nan,True,ok,True,ok
bYLEUfJtf80,20,enabled,6346,134.0,nan,True,ok,True,ok
g-hiZ4PDEyg,62,enabled,158417,877.0,nan,True,ok,True,ok
GhNA-OoQwVo,806,enabled,5177002,15716.0,nan,True,ok,True,ok
C9u2rNVnZWQ,697,enabled,586924,12277.0,nan,True,ok,True,ok
vStNkklZv6E,0,disabled,38304382,255078.0,nan,False,disabled,True,ok
Rc711jTrKL8,67,enabled,77434,800.0,nan,True,ok,True,ok
gLflhddUiu8,38,enabled,32724,239.0,nan,True,ok,True,ok
-0_lveHgGTU,110,enabled,301780,2233.0,nan,True,ok,True,ok
-X6hR6-dwoY,3354,enabled,5790276,57888.0,nan,True,ok,True,ok
311xbnWSH5M,15,enabled,7335,173.0,nan,True,ok,True,ok
KPLy0jTgL-8,1993,enabled,3376909,31121.0,nan,True,ok,True,ok
Cip3LmqQ7Y0,20652,enabled,6465074,77742.0,nan,True,ok,True,ok
AXoqGEI6tp8,0,zero,37460,250.0,nan,False,disabled,True,ok
0rJidP5TxfQ,54,enabled,62355,878.0,nan,True,ok,True,ok
PZ-q0BIfvbA,39,enabled,309577,812.0,nan,True,ok,True,ok
tiKQXuZsJxI,20,enabled,15247,514.0,nan,True,ok,True,ok
ChRxLHZSzUU,0,disabled,2627846,7101.0,nan,False,disabled,True,ok
zAuWt3DFbv0,297,enabled,1209285,5218.0,nan,True,ok,True,ok
XIXdrbjlkYw,2386,enabled,2918836,22303.0,nan,True,ok,True,ok
LBRd2ucG0pw,1228,enabled,2174765,12141.0,nan,True,ok,True,ok
ZKimqFFesNk,67,enabled,46552,1358.0,nan,True,ok,True,ok
rItRaHpgOVw,1880,enabled,6756816,27685.0,nan,True,ok,True,ok
9tXEr1cps4Y,75,enabled,50175,756.0,nan,True,ok,True,ok
fygZoZn__-E,2572,enabled,1588531,19442.0,nan,True,ok,True,ok
3b-3CnkcVpM,1,enabled,1481,23.0,nan,True,ok,True,ok
lcawK3l7cew,37,enabled,476587,2812.0,nan,True,ok,True,ok
KlrWjq0UhbE,2553,enabled,2962065,31631.0,nan,True,ok,True,ok
ESF4HK-nlKE,1186,enabled,1876262,15108.0,nan,True,ok,True,ok
A4f0GXeR9Q0,0,disabled,3277313,17059.0,nan,False,disabled,True,ok
uroUGaX-4Po,809,enabled,1053432,10016.0,nan,True,ok,True,ok
HvmwLr9Hvo0,95,enabled,2363508,5435.0,nan,True,ok,True,ok
Ba7N98MVzvo,425,enabled,238242,2201.0,nan,True,ok,True,ok
s2xWuD90IvM,98,enabled,42097,425.0,nan,True,ok,True,ok
ap4sOPa3iek,78,enabled,16898,426.0,nan,True,ok,True,ok
supVs9ycy_0,816,enabled,1143337,9490.0,nan,True,ok,True,ok
_irOaSMFasQ,375,enabled,2406812,16393.0,nan,True,ok,True,ok
KGE0x5dIpxA,152793,enabled,28323404,523610.0,nan,True,ok,True,ok
UCGu_1Kwct8,17,enabled,4093,29.0,nan,True,ok,True,ok
o1KBLnJAjF0,90,enabled,46268,399.0,nan,True,ok,True,ok
OUeTlgfRDv0,1572,enabled,1309303,12335.0,nan,True,ok,True,ok
ARH8Yt2fpvI,12172,enabled,6574748,56690.0,nan,True,ok,True,ok
waU85ZoWJhI,1250,enabled,635871,19696.0,nan,True,ok,True,ok
kR523F9XZXo,2806,enabled,2373037,18038.0,nan,True,ok,True,ok
AUjf16JdqyM,27,enabled,18563,329.0,nan,True,ok,True,ok
m0omTTXTeBc,342,enabled,1061184,2952.0,nan,True,ok,True,ok
29iupijOvd0,0,disabled,230961,3189.0,nan,False,disabled,True,ok
EgEsWKQLKK0,63,enabled,42376,1517.0,nan,True,ok,True,ok
XdEoKYpFR9k,10525,enabled,3894615,38164.0,nan,True,ok,True,ok
xobaE9l0mIw,1355,enabled,1456585,9911.0,nan,True,ok,True,ok
VQP67YX4KNg,53,enabled,244930,1006.0,nan,True,ok,True,ok
Fq6bluwMCLs,140,enabled,135555,2311.0,nan,True,ok,True,ok
hD_4AYx74L4,30263,enabled,13986784,83637.0,nan,True,ok,True,ok
E9oZh_DKGQY,657,enabled,339640,5428.0,nan,True,ok,True,ok
8tjMM67-aao,728,enabled,588628,7497.0,nan,True,ok,True,ok
aXuk41q9WG4,1154,enabled,2065861,13407.0,nan,True,ok,True,ok
-Mz-6-L6XZU,377,enabled,245483,2872.0,nan,True,ok,True,ok
ooJLwwWuaI0,18,enabled,473,13.0,nan,True,ok,True,ok
EB_-ZA92I5w,2011,enabled,4502312,21039.0,nan,True,ok,True,ok
9bdsH-TMXE8,994,enabled,2944998,13779.0,nan,True,ok,True,ok
pi_FiRo7oVU,12420,enabled,4532893,66408.0,nan,True,ok,True,ok
VyL6WzvIhUU,1066,enabled,10180112,46895.0,nan,True,ok,True,ok
JcCDlfV66ec,37,enabled,20285,306.0,nan,True,ok,True,ok
8q1zO40PZVg,180,enabled,237738,1306.0,nan,True,ok,True,ok
jnl6i-AEkhc,27,enabled,38624,509.0,nan,True,ok,True,ok
_1DTzRjQuME,285,enabled,221648,3730.0,nan,True,ok,True,ok
-r3SEz2rd4M,27,enabled,114657,612.0,nan,True,ok,True,ok
DcL8gP1w338,6,enabled,588,14.0,nan,True,ok,True,ok
b_yyRHdbIJ4,9666,enabled,3932261,33135.0,nan,True,ok,True,ok
eGoT_VqIVKY,496,enabled,68033,1941.0,nan,True,ok,True,ok
fjIbLTaLaoA,38,enabled,140795,904.0,nan,True,ok,True,ok
-fC9rdruL4g,827,enabled,3962226,14298.0,nan,True,ok,True,ok
hOUqXWk-nCI,9320,enabled,4345940,40492.0,nan,True,ok,True,ok
j0YlNyBph_Q,1241,enabled,239872,2219.0,nan,True,ok,True,ok
pfbuDv1371w,38,enabled,8562,259.0,nan,True,ok,True,ok
rbeoFRnYQzI,3009,enabled,2602768,23856.0,nan,True,ok,True,ok
o3bTiWl3YS0,4029,enabled,2904618,8396.0,nan,True,ok,True,ok
S7S5FKCRnPo,592,enabled,6097957,10964.0,nan,True,ok,True,ok
Bbwls8imO5Y,121,enabled,32044,640.0,nan,True,ok,True,ok
m72SF3G4RA4,1959,enabled,3860455,33687.0,nan,True,ok,True,ok
VHyzxD9yzvk,91683,enabled,17760384,206386.0,nan,True,ok,True,ok
OvKcoam9u6k,0,disabled,10261555,83229.0,nan,False,disabled,True,ok
RWpYVOsdaho,132,enabled,150650,1532.0,nan,True,ok,True,ok
k9hFLYWb4E0,1615,enabled,5826292,23214.0,nan,True,ok,True,ok
-bG_LuUKbMQ,1107,enabled,1745998,7519.0,nan,True,ok,True,ok
Usgp1mgwOio,570,enabled,5066166,12751.0,nan,True,ok,True,ok
vG65DqYgTnI,425,enabled,748201,3705.0,nan,True,ok,True,ok
jZBAPmDkqd0,5570,enabled,6909219,46493.0,nan,True,ok,True,ok
K8rI0KCIQBE,1048,enabled,649243,4485.0,nan,True,ok,True,ok
QjLRwDo33hk,2106,enabled,1632822,8345.0,nan,True,ok,True,ok
ULBJwz97-4k,1064,enabled,1905215,11953.0,nan,True,ok,True,ok
p1nR5AQ-CRU,404,enabled,73532,1803.0,nan,True,ok,True,ok
0g1QzISOTpY,6,enabled,403,12.0,nan,True,ok,True,ok
UTT-_ngZazo,147,enabled,44822,1553.0,nan,True,ok,True,ok
Zuc3jkLrYaU,92,enabled,50565,793.0,nan,True,ok,True,ok
I-UHy7RBJFU,63,enabled,39277,263.0,nan,True,ok,True,ok
GfgnsnDfaJw,98,enabled,81038,1263.0,nan,True,ok,True,ok
3LhyG6q585A,0,disabled,40060,364.0,nan,False,disabled,True,ok
pKqItgqVvLA,884,enabled,1335542,7330.0,nan,True,ok,True,ok
tMc3NCxnKBY,7,enabled,2903,88.0,nan,True,ok,True,ok
aP0Omqh2Wxk,3842,enabled,1913996,21955.0,nan,True,ok,True,ok
o7xnZb221YU,1211,enabled,1281448,6199.0,nan,True,ok,True,ok
GUK_CMD6JsU,460,enabled,342970,6401.0,nan,True,ok,True,ok
RjJR0dVeXR8,29,enabled,84733,619.0,nan,True,ok,True,ok
YFNpff9W-BE,54,enabled,16339,331.0,nan,True,ok,True,ok
24QTajuS62s,1163,enabled,602914,7423.0,nan,True,ok,True,ok
EOjWDMoxf1U,15298,enabled,48349147,407780.0,nan,True,ok,True,ok
iC_Pjvu0auU,409,enabled,165981,1981.0,nan,True,ok,True,ok
LS5fGI2O-PM,42,enabled,9996,203.0,nan,True,ok,True,ok
AzbMb9zxtG8,38,enabled,11737,256.0,nan,True,ok,True,ok
8nSROkUm7Fg,508,enabled,125579,2085.0,nan,True,ok,True,ok
-jUsQ1x7tU8,1303,enabled,1427706,13231.0,nan,True,ok,True,ok
R8Dy-V7NnYw,2870,enabled,10464691,134209.0,nan,True,ok,True,ok
vin2CjR7viI,1593,enabled,9361444,58818.0,nan,True,ok,True,ok
PIFZQ3nkGio,7,enabled,98269,155.0,nan,True,ok,True,ok
-Szmv3WKPys,631,enabled,2258810,17311.0,nan,True,ok,True,ok
H2OJ-ypohfw,178,enabled,38636,1251.0,nan,True,ok,True,ok
xWoTAEcQi7k,8360,enabled,2427549,38955.0,nan,True,ok,True,ok
XrPFzU3zi7c,1768,enabled,992290,9895.0,nan,True,ok,True,ok
BfwjhOZPOh8,3429,enabled,2686396,23986.0,nan,True,ok,True,ok
0KvtEr3iH4c,335,enabled,2751075,7707.0,nan,True,ok,True,ok
ZIZaiiGwRFI,1097,enabled,1520748,10115.0,nan,True,ok,True,ok
wcKcZgRQPbQ,110,enabled,72386,1938.0,nan,True,ok,True,ok
MglmeOowhYo,195,enabled,418849,1741.0,nan,True,ok,True,ok
mZSsmxUuMfI,17,enabled,8756,407.0,nan,True,ok,True,ok
727BL_s1-Kg,5437,enabled,95126698,418957.0,nan,True,ok,True,ok
DxiGyr4u0nE,73979,enabled,25648381,158395.0,nan,True,ok,True,ok
1jRoxM2y4ag,30,enabled,8730,102.0,nan,True,ok,True,ok
jPKy4i3zdZU,53,enabled,28999,310.0,nan,True,ok,True,ok
3WVDpstM7cY,32,enabled,7403,83.0,nan,True,ok,True,ok
_nDQSHN5ztk,5545,enabled,9628480,106435.0,nan,True,ok,True,ok
qf_PtaIdx-M,4,enabled,1895,54.0,nan,True,ok,True,ok
cMGnZsleNv4,22,enabled,29292,392.0,nan,True,ok,True,ok
8spDQQXxTYQ,3072,enabled,1210948,12237.0,nan,True,ok,True,ok
InJkqGuAkyQ,52,enabled,80142,719.0,nan,True,ok,True,ok
ZnhnmSlFJeI,773,enabled,1136740,7191.0,nan,True,ok,True,ok
8Dncv5Y5Y4Q,274,enabled,331918,3175.0,nan,True,ok,True,ok
A_aPgPq6hMM,8733,enabled,41450684,129990.0,nan,True,ok,True,ok
qK8vKyYy8kc,400,enabled,488874,3424.0,nan,True,ok,True,ok
UPku0k7w6rQ,2506,enabled,4332610,63125.0,nan,True,ok,True,ok
1e9VgFl9ru4,17321,enabled,5941011,78669.0,nan,True,ok,True,ok
OZbWtUe5B3Q,847,enabled,5917622,19938.0,nan,True,ok,True,ok
4MbZ0t1SaNc,743,enabled,674994,6554.0,nan,True,ok,True,ok
7JIO7dyivLw,1313,enabled,4527436,22038.0,nan,True,ok,True,ok
4wJUVYsvnIU,7,enabled,377,12.0,nan,True,ok,True,ok
LpaN_LatEDQ,39,enabled,67985,413.0,nan,True,ok,True,ok
R92kj1EeSYs,7068,enabled,6395020,62982.0,nan,True,ok,True,ok
plxjkqG3SFk,11381,enabled,4169183,32998.0,nan,True,ok,True,ok
cwKEEY8wVzQ,263,enabled,66602,1308.0,nan,True,ok,True,ok
A5IozaDvlG8,2841,enabled,1594917,18769.0,nan,True,ok,True,ok
tg803wPzFEE,1282,enabled,3255361,17895.0,nan,True,ok,True,ok
3yn416sDSnc,27913,enabled,12953402,199792.0,nan,True,ok,True,ok
rqZe-36JCWQ,12,enabled,4133,68.0,nan,True,ok,True,ok
G-J1f-ij_fk,4934,enabled,3556824,48066.0,nan,True,ok,True,ok
nu43b-kKTXA,807,enabled,6059168,21317.0,nan,True,ok,True,ok
nKKhXPOq-8E,3190,enabled,2648585,49533.0,nan,True,ok,True,ok
j1FN9rokq_k,3109,enabled,2747478,27573.0,nan,True,ok,True,ok
RhT-cGWQJbk,4801,enabled,2404099,23258.0,nan,True,ok,True,ok
zTSVug_5Iwo,372,enabled,464161,2900.0,nan,True,ok,True,ok
wSzxKur2b20,586,enabled,458819,8517.0,nan,True,ok,True,ok
O_4_GJfQqFM,277,enabled,149848,3067.0,nan,True,ok,True,ok
fVLUIkOwwVo,0,disabled,15803425,43134.0,nan,False,disabled,True,ok
1yXxQjm3ctw,362,enabled,96446,904.0,nan,True,ok,True,ok
JLV9mW1P0m4,15,enabled,158633,48.0,nan,True,ok,True,ok
0_d0SFFYW_U,56,enabled,3622,38.0,nan,True,ok,True,ok
5QyPYq-LNBk,22,enabled,8779,202.0,nan,True,ok,True,ok
GJjh1eq5aQA,2599,enabled,1329366,10355.0,nan,True,ok,True,ok
PGbsmsDQxe4,1614,enabled,1273019,6645.0,nan,True,ok,True,ok
4lvobQDIzBo,84,enabled,28623,510.0,nan,True,ok,True,ok
pfeqcswflUI,1158,enabled,1767586,14232.0,nan,True,ok,True,ok
Q-cYRckEL-k,1247,enabled,7305943,12951.0,nan,True,ok,True,ok
FWpmAATfQyM,630,enabled,161216,2993.0,nan,True,ok,True,ok
aduEw_1Te6A,34,enabled,14224,251.0,nan,True,ok,True,ok
xnzoJB4UrO8,98,enabled,38558,713.0,nan,True,ok,True,ok
QWJe7pCjb6w,1076,enabled,1038094,12889.0,nan,True,ok,True,ok
Remn8CsH4cM,20,enabled,19817,289.0,nan,True,ok,True,ok
w0Sx4nKSKbg,792,enabled,894612,6241.0,nan,True,ok,True,ok
4w6KAASo5Ic,3013,enabled,12547837,94440.0,nan,True,ok,True,ok
FRDGlIJTVt8,9061,enabled,22634788,466415.0,nan,True,ok,True,ok
tHxTZbCiCHI,26,enabled,11405,268.0,nan,True,ok,True,ok
hR0PqJ3hp04,482,enabled,392034,5369.0,nan,True,ok,True,ok
iGOMdo2lC6o,4181,enabled,10541305,22988.0,nan,True,ok,True,ok
WEQsZVQ81II,0,disabled,1448616,3122.0,nan,False,disabled,True,ok
8jF-PnEe8so,5248,enabled,2409057,17349.0,nan,True,ok,True,ok
h-HniMHV4lc,35,enabled,26469,363.0,nan,True,ok,True,ok
Zlo7x8SYQmA,457,enabled,1222743,6956.0,nan,True,ok,True,ok
3W-7ko-bLug,0,zero,4420907,53044.0,nan,False,disabled,True,ok
ndIw2X9ilrw,315,enabled,24767,282.0,nan,True,ok,True,ok
8-AyUIo8NjQ,496,enabled,619279,1774.0,nan,True,ok,True,ok
hQPwWNMkkkQ,94,enabled,268987,1922.0,nan,True,ok,True,ok
o5uVAPz6FEA,38,enabled,7796,370.0,nan,True,ok,True,ok
JsYNgHbhwaI,16294,enabled,14036956,278149.0,nan,True,ok,True,ok
FFFaXFSePc4,28,enabled,24567,427.0,nan,True,ok,True,ok
LUw7K-CrDCE,34,enabled,4631,48.0,nan,True,ok,True,ok
0_HqTWe3rIU,3637,enabled,7418907,18793.0,nan,True,ok,True,ok
wGWFkvMyWF4,15795,enabled,3807274,50628.0,nan,True,ok,True,ok
oUkRu9A9wNI,845,enabled,444826,5642.0,nan,True,ok,True,ok
TOhnJJX927E,275,enabled,1432317,9475.0,nan,True,ok,True,ok
GjWAkSsnNkc,181,enabled,64623,1506.0,nan,True,ok,True,ok
BX2mo3yw75M,7497,enabled,2738713,30417.0,nan,True,ok,True,ok
ZX6kfY4428w,3342,enabled,3324762,35261.0,nan,True,ok,True,ok
nPG7MDhYr-s,47,enabled,29197,354.0,nan,True,ok,True,ok
m46Lt9YoFL4,10,enabled,2647,16.0,nan,True,ok,True,ok
Ytbneh1gPh0,3553,enabled,388057,3912.0,nan,True,ok,True,ok
gUqkD4qIWY0,4465,enabled,8033608,69161.0,nan,True,ok,True,ok
i2jh1zDfpEo,1335,enabled,3894428,26751.0,nan,True,ok,True,ok
sx4dnUWh9Vs,88,enabled,241302,1377.0,nan,True,ok,True,ok
ePK0FbOxY3s,231,enabled,120350,2902.0,nan,True,ok,True,ok
K_XDh-GVoPw,5186,enabled,2475292,43658.0,nan,True,ok,True,ok
m5haByNlrHQ,202,enabled,161010,1244.0,nan,True,ok,True,ok
-dAtfh79ZkQ,1379,enabled,6593789,34161.0,nan,True,ok,True,ok
cPqUJiJD690,675,enabled,2407973,13193.0,nan,True,ok,True,ok
g1vt-azbx_I,38,enabled,21758,507.0,nan,True,ok,True,ok
tH_varhTH6M,1269,enabled,603459,4879.0,nan,True,ok,True,ok
ohG5C6AMwAU,1217,enabled,1078431,14694.0,nan,True,ok,True,ok
MktN0B2oGnM,1163,enabled,1621841,8858.0,nan,True,ok,True,ok
YL5CE4BPtKg,2192,enabled,5117697,24204.0,nan,True,ok,True,ok
zSwSuvHBxL4,36,enabled,139782,789.0,nan,True,ok,True,ok
QiQXKdDR1S4,80,enabled,43686,595.0,nan,True,ok,True,ok
Ui-FGdf932U,1086,enabled,306620,4412.0,nan,True,ok,True,ok
c8K7ItJuprw,285,enabled,138691,2494.0,nan,True,ok,True,ok
smMXTTk9VJE,6520,enabled,7622039,42372.0,nan,True,ok,True,ok
hojPHhLUuJ4,1268,enabled,5515880,13832.0,nan,True,ok,True,ok
NnO4GQbueaE,93,enabled,836681,3411.0,nan,True,ok,True,ok
1_2faukku3A,52,enabled,13816,363.0,nan,True,ok,True,ok
lDVUBG3PI0w,495,enabled,39534,1083.0,nan,True,ok,True,ok
Hjg2iUrDkH0,3107,enabled,5266971,21654.0,nan,True,ok,True,ok
POEjtktj-1k,4081,enabled,4083140,25722.0,nan,True,ok,True,ok
tpJtdVFB1mg,6760,enabled,8431760,41991.0,nan,True,ok,True,ok
r61vQDbCBLM,1099,enabled,2114310,14465.0,nan,True,ok,True,ok
kMz44HzHcjw,29,enabled,14721,281.0,nan,True,ok,True,ok
-VUgDcoJFjY,6234,enabled,3156044,38149.0,nan,True,ok,True,ok
BUcNW1T1Fh4,0,disabled,525002,5397.0,nan,False,disabled,True,ok
m7zESelVZzQ,1058,enabled,1548865,10829.0,nan,True,ok,True,ok
2HfUoWr4KBQ,754,enabled,497750,8732.0,nan,True,ok,True,ok
GKfI3GGaFmA,0,disabled,3060692,20600.0,nan,False,disabled,True,ok
PWQ6eVAa_Yg,66,enabled,637600,1530.0,nan,True,ok,True,ok
E_XVuVqo1fA,78,enabled,89713,368.0,nan,True,ok,True,ok
117NjItJkYc,1003,enabled,6239408,19749.0,nan,True,ok,True,ok
cMiXSBkDZ7k,500,enabled,245682,3259.0,nan,True,ok,True,ok
gKhGjAhRLno,524,enabled,2926986,19618.0,nan,True,ok,True,ok
hqMWV9FmG_o,240,enabled,94846,849.0,nan,True,ok,True,ok
0wVzPJdv7oA,1312,enabled,251762,4939.0,nan,True,ok,True,ok
aGXrH_kTcFI,580,enabled,1953080,5974.0,nan,True,ok,True,ok
WShss20bz4U,14441,enabled,21703390,146433.0,nan,True,ok,True,ok
6Ng4Tb7On88,56,enabled,7504,49.0,nan,True,ok,True,ok
x36TgVarn8s,215,enabled,37245,447.0,nan,True,ok,True,ok
7BOy5nLL2Ow,735,enabled,2904836,17411.0,nan,True,ok,True,ok
LzefVqRNiqA,14138,enabled,4661964,66568.0,nan,True,ok,True,ok
Q1bHT2k0XEw,87,enabled,59672,690.0,nan,True,ok,True,ok
AhoH026WM0c,7326,enabled,8308163,50775.0,nan,True,ok,True,ok
GUWE1MxtcoI,11544,enabled,2508266,42056.0,nan,True,ok,True,ok
9LmJ6YBmOKE,613,enabled,243642,2518.0,nan,True,ok,True,ok
3kDcjx7J0kI,233,enabled,96248,2353.0,nan,True,ok,True,ok
ddmLot--P64,3949,enabled,1854463,26335.0,nan,True,ok,True,ok
vbHSBXcYLiE,809,enabled,1689865,11828.0,nan,True,ok,True,ok
sONLWHuYo7w,29941,enabled,24420938,521924.0,nan,True,ok,True,ok
SALJnjbC3N8,5,enabled,8102,116.0,nan,True,ok,True,ok
d_7ilUZCR5c,1401,enabled,7522487,36971.0,nan,True,ok,True,ok
AsvlgALMR4w,24716,enabled,7323341,72957.0,nan,True,ok,True,ok
TIs37TiZY-Q,1549,enabled,1280167,32108.0,nan,True,ok,True,ok
LGRy0QcEmhw,3598,enabled,2487823,30536.0,nan,True,ok,True,ok
y4lmSfA1Xk8,803,enabled,581776,10800.0,nan,True,ok,True,ok
B0dOyBLM1XM,279,enabled,268732,3275.0,nan,True,ok,True,ok
aXl4Bpw30wI,32,enabled,228079,1012.0,nan,True,ok,True,ok
gD14h8Ba5Vs,27,enabled,26509,324.0,nan,True,ok,True,ok
U_OVnVuDQ1Y,226,enabled,765844,2513.0,nan,True,ok,True,ok
Gq5-BTT8yTY,297,enabled,1045572,6432.0,nan,True,ok,True,ok
fSN4w3OmS0Q,477,enabled,29734,853.0,nan,True,ok,True,ok
qO_yAs6dPmI,55,enabled,129063,899.0,nan,True,ok,True,ok
A8g6ty2uQ2I,7503,enabled,1506057,8908.0,nan,True,ok,True,ok
-B_a7VOeKuI,13254,enabled,11551473,123677.0,nan,True,ok,True,ok
dCjv_n-Frao,226,enabled,302917,2354.0,nan,True,ok,True,ok
eDakJMunNI8,5127,enabled,2280004,33290.0,nan,True,ok,True,ok
qxTMiJH-lcI,3115,enabled,4153927,41086.0,nan,True,ok,True,ok
zWZrJwyWwTM,3071,enabled,6096943,43218.0,nan,True,ok,True,ok
WGKIfiLwl3U,196,enabled,18259,192.0,nan,True,ok,True,ok
crDFmPnPXJw,10405,enabled,4535927,59208.0,nan,True,ok,True,ok
EEBt1UQxNyM,1551,enabled,4514567,22664.0,nan,True,ok,True,ok
97g6fGKxbLs,213,enabled,344319,2412.0,nan,True,ok,True,ok
Iz_yM8-fvxA,231,enabled,320903,6927.0,nan,True,ok,True,ok
9HYHg5TCg-o,311,enabled,66238,2601.0,nan,True,ok,True,ok
Eyj2oF9kE3A,471,enabled,1539379,4401.0,nan,True,ok,True,ok
5P2jzgIDrPo,350,enabled,482566,3194.0,nan,True,ok,True,ok
OSLyf8i-yWY,257,enabled,448258,4152.0,nan,True,ok,True,ok
S-iQpvtykdk,89,enabled,709781,1525.0,nan,True,ok,True,ok
DY4PJ55kZJc,2410,enabled,336853,3697.0,nan,True,ok,True,ok
JzR0MiObqzw,15105,enabled,6935942,68303.0,nan,True,ok,True,ok
ctHL3iuIFRY,139,enabled,58412,1379.0,nan,True,ok,True,ok
RCrFTOt9cM4,362,enabled,145654,1294.0,nan,True,ok,True,ok
Fisr4YY_2L8,91725,enabled,10982230,208061.0,nan,True,ok,True,ok
0OBbahGZ3Hc,792,enabled,505584,5008.0,nan,True,ok,True,ok
IlcxgGtM1nw,82,enabled,23132,714.0,nan,True,ok,True,ok
g-bKgMjQ2Vc,9800,enabled,3248977,31165.0,nan,True,ok,True,ok
m0_5eA44hOY,20,enabled,14689,281.0,nan,True,ok,True,ok
fLoVSKAQjZA,7342,enabled,3075918,46350.0,nan,True,ok,True,ok
rWiudqY640Q,46,enabled,18823,273.0,nan,True,ok,True,ok
u6q_71owyVE,140,enabled,425890,2204.0,nan,True,ok,True,ok
_JMIBCTmOb4,135,enabled,63925,1493.0,nan,True,ok,True,ok
nX1Ka7OrRNs,751,enabled,284399,3097.0,nan,True,ok,True,ok
cEOzkvtsTPs,625,enabled,95523,2688.0,nan,True,ok,True,ok
dVpF2Wg6Fh8,16,enabled,6686,376.0,nan,True,ok,True,ok
qTa0QWw_DJQ,299,enabled,404907,3070.0,nan,True,ok,True,ok
dwa01hHvRHs,1741,enabled,2300750,13149.0,nan,True,ok,True,ok
dgC1wMSAQ9Q,141,enabled,62704,1084.0,nan,True,ok,True,ok
F4ii6s-_78M,4,enabled,12442,97.0,nan,True,ok,True,ok
taNCapxvdbc,275,enabled,68388,367.0,nan,True,ok,True,ok
HjID1ugr1fo,208,enabled,115141,1912.0,nan,True,ok,True,ok
aEbxdE-QDhY,559,enabled,1632337,6605.0,nan,True,ok,True,ok
RARuzPDMUX0,1209,enabled,1615690,30046.0,nan,True,ok,True,ok
QdjkWcVKP-s,4403,enabled,698029,7418.0,nan,True,ok,True,ok
WTewS0tsZxc,1275,enabled,2653493,15290.0,nan,True,ok,True,ok
Tg2nJPJekNM,44,enabled,13970,166.0,nan,True,ok,True,ok
W5Ww-quvXvU,0,zero,8924058,72977.0,nan,False,disabled,True,ok
1MAqvbASIXo,1030,enabled,233699,6713.0,nan,True,ok,True,ok
i0i6s__cuqI,1375,enabled,237966,4632.0,nan,True,ok,True,ok
u_qiiKr8GCY,1486,enabled,5169750,27843.0,nan,True,ok,True,ok
I749CQJhK4A,7,enabled,2998,52.0,nan,True,ok,True,ok
WjU27d6nIGs,616,enabled,62881,1057.0,nan,True,ok,True,ok
RpdM7_N50jA,1044,enabled,394162,8265.0,nan,True,ok,True,ok
PGeGXk2WvPA,1906,enabled,3159710,18093.0,nan,True,ok,True,ok
feJ7Wj0yYVw,2363,enabled,12401183,22036.0,nan,True,ok,True,ok
ujNBLk2IMLI,23,enabled,15129,153.0,nan,True,ok,True,ok
3pxLq7nQxUc,105,enabled,227728,1088.0,nan,True,ok,True,ok
FOY7KYzJBrI,439,enabled,105507,2563.0,nan,True,ok,True,ok
gE6MDvvUERA,522,enabled,1978120,12161.0,nan,True,ok,True,ok
HlX6abSrZaI,1284,enabled,238406,3392.0,nan,True,ok,True,ok
Mqkx1mYRG4o,79,enabled,135365,359.0,nan,True,ok,True,ok
nJMHHKrAAtM,52,enabled,39494,875.0,nan,True,ok,True,ok
yGNlGh-bxKY,30,enabled,122395,472.0,nan,True,ok,True,ok
8q64NU7UV3k,9826,enabled,3482308,24044.0,nan,True,ok,True,ok
1uK0xZI-hX8,24,enabled,5424,177.0,nan,True,ok,True,ok
uyhEtDQCmqc,174,enabled,84162,1113.0,nan,True,ok,True,ok
KGw325hQZ5c,1074,enabled,2065155,19664.0,nan,True,ok,True,ok
uAfNS34hJqM,53,enabled,18469,939.0,nan,True,ok,True,ok
tgMJSe2kclg,61,enabled,86931,637.0,nan,True,ok,True,ok
JWY1bpbmyS4,15732,enabled,16637739,58556.0,nan,True,ok,True,ok
ibko62c47qI,246,enabled,162333,799.0,nan,True,ok,True,ok
VWbd1vxUxds,273,enabled,120819,807.0,nan,True,ok,True,ok
vhyQOyCNeVE,1620,enabled,2972863,14167.0,nan,True,ok,True,ok
bLAHXuCSgAw,4363,enabled,1426494,19414.0,nan,True,ok,True,ok
yRicasJ4i3U,72,enabled,39574,666.0,nan,True,ok,True,ok
NVZogi7lSjg,87,enabled,109909,759.0,nan,True,ok,True,ok
XE3XJK8CG6I,1485,enabled,14355907,61104.0,nan,True,ok,True,ok
PKp8FuQ52eA,20986,enabled,4550514,108587.0,nan,True,ok,True,ok
Tq3shfCkmSE,19,enabled,69432,454.0,nan,True,ok,True,ok
2H6ejhcBdVA,198,enabled,727184,1287.0,nan,True,ok,True,ok
gfME4arLPpk,780,enabled,856997,4857.0,nan,True,ok,True,ok
NRI1rnf46eo,1998,enabled,1943910,22276.0,nan,True,ok,True,ok
Gx6hjtMxNVQ,20887,enabled,12926584,111079.0,nan,True,ok,True,ok
DjnbD50P_1Y,0,disabled,305341,1460.0,nan,False,disabled,True,ok
w6MdBryWRo0,0,zero,4533,32.0,nan,True,ok,True,ok
SdzEDNlMpOs,111,enabled,1032791,4890.0,nan,True,ok,True,ok
b37iKMzC1C8,457,enabled,634287,7711.0,nan,True,ok,True,ok
cfWM1kdTuMk,8074,enabled,7862885,81929.0,nan,True,ok,True,ok
idKjGrcMCt0,1464,enabled,578498,6813.0,nan,True,ok,True,ok
lxZz-FJEM-0,88,enabled,56946,781.0,nan,True,ok,True,ok
MX4L4IcrCUs,239,enabled,68242,1055.0,nan,True,ok,True,ok
--JYHaQbBlc,6051,enabled,22609315,116428.0,nan,True,ok,True,ok
qPhVZExcGXg,15313,enabled,45970489,159893.0,nan,True,ok,True,ok
j4laeNtDyBw,36,enabled,38589,537.0,nan,True,ok,True,ok
kQxTHQdAYaA,12,enabled,2309,39.0,nan,True,ok,True,ok
SJMlzIwzyQE,7083,enabled,3859979,60859.0,nan,True,ok,True,ok
hBggWc6rWEE,16858,enabled,7013965,69692.0,nan,True,ok,True,ok
6K9eXRlO_UE,99,enabled,53893,416.0,nan,True,ok,True,ok
iPW75ZO4pIA,0,disabled,55036000,196842.0,nan,False,disabled,True,ok
YyY3bZ1W6qA,6,enabled,747,9.0,nan,True,ok,True,ok
VtF6Lis1ML4,6,enabled,18673,43.0,nan,True,ok,True,ok
gm091w0sSKk,14164,enabled,2996023,38777.0,nan,True,ok,True,ok
aGJLOXqZEmI,4639,enabled,3236942,64152.0,nan,True,ok,True,ok
laW5_Axv3AE,9758,enabled,2076057,38014.0,nan,True,ok,True,ok
IzxQW9EB4Bw,984,enabled,2214452,17013.0,nan,True,ok,True,ok
LWDFU-Dd30w,1587,enabled,766127,7237.0,nan,True,ok,True,ok
Jm8tQloinP8,1223,enabled,443172,8628.0,nan,True,ok,True,ok
16nEmrIw3nA,19369,enabled,21440859,128777.0,nan,True,ok,True,ok
K1GkmsedvAM,706,enabled,443639,4005.0,nan,True,ok,True,ok
OK40bsMztMM,7539,enabled,2242455,39146.0,nan,True,ok,True,ok
lSz8tSThon4,8273,enabled,18017384,77655.0,nan,True,ok,True,ok
FVTMZfTom80,3101,enabled,12769495,56689.0,nan,True,ok,True,ok
lItjp8VSyEU,136,enabled,251380,1790.0,nan,True,ok,True,ok
IGKX-rGaRuA,163,enabled,92955,1571.0,nan,True,ok,True,ok
WS9MgI6Jv9Q,65,enabled,66371,1071.0,nan,True,ok,True,ok
TCr7Qbo2Fag,4865,enabled,2031328,21631.0,nan,True,ok,True,ok
EtogyOqFkfI,3387,enabled,1036765,7403.0,nan,True,ok,True,ok
q1XkekFx5Xs,447,enabled,531639,8200.0,nan,True,ok,True,ok
MuuOWNw3oGo,2092,enabled,3097922,24522.0,nan,True,ok,True,ok
sbiCTHpnDM8,1611,enabled,526318,6715.0,nan,True,ok,True,ok
EXEJy1HgpkA,2677,enabled,1459619,12332.0,nan,True,ok,True,ok
zEEL1pnS1LI,2286,enabled,1525719,28570.0,nan,True,ok,True,ok
VOJTIsGVSpc,187,enabled,70478,546.0,nan,True,ok,True,ok
fodb-ICRxj8,31,enabled,11178,307.0,nan,True,ok,True,ok
56JLUsgRGJQ,318,enabled,649583,5914.0,nan,True,ok,True,ok
mH31FYFPy7I,6556,enabled,9569809,35311.0,nan,True,ok,True,ok
_n8KpD5ztNs,1123,enabled,639452,3039.0,nan,True,ok,True,ok
YnzQCSUisqA,406,enabled,493339,3887.0,nan,True,ok,True,ok
DQQm3__MMFE,926,enabled,2148464,7413.0,nan,True,ok,True,ok
oIoXdKwrt8w,17629,enabled,7427567,100726.0,nan,True,ok,True,ok
AQD0lvUdUEc,0,disabled,25340,368.0,nan,False,disabled,True,ok
0vF8GvyjMP8,2972,enabled,1745679,18886.0,nan,True,ok,True,ok
d4GT6YoFKWk,4863,enabled,1257566,10012.0,nan,True,ok,True,ok
ip62Dn-CpbY,3370,enabled,10405574,37306.0,nan,True,ok,True,ok
rKatNrDfR_I,25,enabled,7135,165.0,nan,True,ok,True,ok
UxrgLdzmbeA,142,enabled,56271,444.0,nan,True,ok,True,ok
xcb8oWumuNo,917,enabled,1651852,11658.0,nan,True,ok,True,ok
Z1n7PNyxSvE,599,enabled,180432,2816.0,nan,True,ok,True,ok
r2joQySslZo,816,enabled,190696,5554.0,nan,True,ok,True,ok
Quk88piD8PM,230,enabled,455717,2717.0,nan,True,ok,True,ok
GfzKpJk-kAQ,256,enabled,109032,2786.0,nan,True,ok,True,ok
ZXC_X_pfYyM,41,enabled,55330,248.0,nan,True,ok,True,ok
hcoKr4E3mJ0,53,enabled,13452,388.0,nan,True,ok,True,ok
Cyep_NFISLc,974,enabled,394757,3988.0,nan,True,ok,True,ok
w7Z8W6ChEAE,49,enabled,19578,227.0,nan,True,ok,True,ok
808rpVA8bFE,799,enabled,5887591,22407.0,nan,True,ok,True,ok
q5m0WVhYMX4,13142,enabled,10184001,83489.0,nan,True,ok,True,ok
zdWvL1kqjvs,1942,enabled,985720,30598.0,nan,True,ok,True,ok
ka-fnOnb-pY,30,enabled,814279,1343.0,nan,True,ok,True,ok
hf156IK8y_I,400,enabled,994023,9466.0,nan,True,ok,True,ok
4t9WBish3Qk,969,enabled,1376481,nan,nan,True,ok,True,ok
4jDQjsF8j8w,34,enabled,10034,243.0,nan,True,ok,True,ok
rrhj0m5_cgk,252,enabled,138041,1949.0,nan,True,ok,True,ok
h3uxs7GBbt4,2144,enabled,4777438,32007.0,nan,True,ok,True,ok
JI6NSL0gJ2Y,589,enabled,1440359,11049.0,nan,True,ok,True,ok
t5MkOw1gqQ8,1723,enabled,1602238,12754.0,nan,True,ok,True,ok
0lbseqh9fsg,27,enabled,11633,256.0,nan,True,ok,True,ok
ce1r0vNwTls,4465,enabled,10407203,38574.0,nan,True,ok,True,ok
4tpaKfYxG3k,23,enabled,33320,433.0,nan,True,ok,True,ok
NaJ5_75_x-E,1481,enabled,362401,6815.0,nan,True,ok,True,ok
mjFhV4OGSJ0,7624,enabled,4502695,23631.0,nan,True,ok,True,ok
-ss-nmT7oAA,6355,enabled,7433351,112556.0,nan,True,ok,True,ok
lhQUxd9et4I,1351,enabled,3648310,45786.0,nan,True,ok,True,ok
wVZz948krxY,49,enabled,15777,520.0,nan,True,ok,True,ok
3NLUI-OmQKI,1498,enabled,1166790,9391.0,nan,True,ok,True,ok
e6ephuUQJ6g,0,zero,19776895,111920.0,nan,False,disabled,True,ok
Vht7ngKZrsI,2529,enabled,1811030,24552.0,nan,True,ok,True,ok
Q2_AUsjrdSw,3128,enabled,2575943,22689.0,nan,True,ok,True,ok
xHkXjJ2Yff0,7371,enabled,7538005,102004.0,nan,True,ok,True,ok
cHIW9Ic24bs,29,enabled,22517,141.0,nan,True,ok,True,ok
7HfD4cvY3ww,4001,enabled,1743685,12668.0,nan,True,ok,True,ok
xob3yuw9y1M,809,enabled,776370,2479.0,nan,True,ok,True,ok
fRlwV-gO88E,90,enabled,31118,805.0,nan,True,ok,True,ok
V-tQVt0cWbw,45,enabled,21331,320.0,nan,True,ok,True,ok
QyO-OL5T8_4,22,enabled,5778,210.0,nan,True,ok,True,ok
9_bFYdMYG-w,5593,enabled,7498582,31659.0,nan,True,ok,True,ok
imzGkrg4fSI,1677,enabled,493528,6402.0,nan,True,ok,True,ok
erko5I3a97c,2825,enabled,1937177,25754.0,nan,True,ok,True,ok
sv9X6pNURYc,85,enabled,50468,460.0,nan,True,ok,True,ok
c8erpQwQLpI,411,enabled,31450,902.0,nan,True,ok,True,ok
CSeUqg74vOk,3532,enabled,2742378,30323.0,nan,True,ok,True,ok
c3SXahnwMVk,20020,enabled,8841184,88929.0,nan,True,ok,True,ok
xkIFvYmiFlQ,17,enabled,27476,221.0,nan,True,ok,True,ok
OBj1n8guSrE,0,disabled,8131736,69762.0,nan,False,disabled,True,ok
S2eZawMm-go,689,enabled,2368422,5266.0,nan,True,ok,True,ok
jvCXHpQFgeQ,1654,enabled,428837,5010.0,nan,True,ok,True,ok
2USVSYTjkus,148,enabled,370945,1820.0,nan,True,ok,True,ok
7QGkqvCFsPg,233,enabled,642091,3455.0,nan,True,ok,True,ok
bgc40jgLGag,2748,enabled,1938967,20756.0,nan,True,ok,True,ok
U9G7L7ehLOs,624,enabled,195093,2963.0,nan,True,ok,True,ok
Hjq31Xk1MZ8,5976,enabled,8516416,61213.0,nan,True,ok,True,ok
d3m1750EWes,0,disabled,29692,141.0,nan,False,disabled,True,ok
T8fbNsj2dyo,7496,enabled,3264538,28612.0,nan,True,ok,True,ok
gKfJ-S59iN0,256,enabled,35942,1031.0,nan,True,ok,True,ok
YNUEAxUGxyE,3843,enabled,9224267,44336.0,nan,True,ok,True,ok
g18pXHwRWCQ,8323,enabled,8650821,55658.0,nan,True,ok,True,ok
VTO8XqHXl1E,469,enabled,175768,2563.0,nan,True,ok,True,ok
efntWhKG554,1724,enabled,1906188,12865.0,nan,True,ok,True,ok
3WO2MMflNA8,1945,enabled,12787202,58100.0,nan,True,ok,True,ok
LGsxCSq6Az8,328,enabled,351117,3054.0,nan,True,ok,True,ok
Fiy8c7PWGm8,623,enabled,233544,3905.0,nan,True,ok,True,ok
N4D54PqeqL4,8309,enabled,2990828,30108.0,nan,True,ok,True,ok
qDQQJ3-lK48,650,enabled,115878,2085.0,nan,True,ok,True,ok
ad759EpRjPM,24,enabled,9322,108.0,nan,True,ok,True,ok
Zii22W5Z1jY,2507,enabled,783933,8124.0,nan,True,ok,True,ok
e8S677fqADc,919,enabled,1247917,12293.0,nan,True,ok,True,ok
Nd6FU6hT3t4,16,enabled,12089,249.0,nan,True,ok,True,ok
qGZu9kZi13o,52,enabled,39444,150.0,nan,True,ok,True,ok
lY9XHZbxMc4,16,enabled,7813,41.0,nan,True,ok,True,ok
49p6xAN4dcA,533,enabled,348964,2608.0,nan,True,ok,True,ok
2Gh5MH4H8n8,0,disabled,423409,4474.0,nan,False,disabled,True,ok
e6LQq_Qz73k,662,enabled,453458,14988.0,nan,True,ok,True,ok
c0UdIUC-Gfg,11278,enabled,4123226,73912.0,nan,True,ok,True,ok
kyBZlNKr10c,185,enabled,1472936,2812.0,nan,True,ok,True,ok
2gDB8r3mBrM,1636,enabled,2588353,22278.0,nan,True,ok,True,ok
fN2AQkaZGzk,1741,enabled,11121060,34851.0,nan,True,ok,True,ok
u5SyBLMtNXY,137,enabled,101642,2837.0,nan,True,ok,True,ok
fS95fb6RWIY,28,enabled,12054,190.0,nan,True,ok,True,ok
v4q7FNYH74s,1639,enabled,512626,9649.0,nan,True,ok,True,ok
2ILAkWciUnE,1653,enabled,4947992,27385.0,nan,True,ok,True,ok
N-xwypKbcio,3159,enabled,3718487,33911.0,nan,True,ok,True,ok
Br63rn92hPw,356,enabled,148156,3615.0,nan,True,ok,True,ok
Xwy10b_WJeE,517,enabled,176441,754.0,nan,True,ok,True,ok
SophrK8MWRM,187,enabled,26102,857.0,nan,True,ok,True,ok
ZlIs5JIAcog,51,enabled,39092,709.0,nan,True,ok,True,ok
5ueSUnUL3ek,20449,enabled,15231005,205673.0,nan,True,ok,True,ok
8oiXweumDfg,2024,enabled,3489553,38892.0,nan,True,ok,True,ok
U6NUxYibbJk,309,enabled,306278,3450.0,nan,True,ok,True,ok
s8qnYmUarNE,15371,enabled,7673634,58050.0,nan,True,ok,True,ok
7V3FpP_001Q,6700,enabled,4423997,63729.0,nan,True,ok,True,ok
zKSdnj2A7w0,71,enabled,374883,1368.0,nan,True,ok,True,ok
Mq0yEI_xpb8,2644,enabled,16291359,50690.0,nan,True,ok,True,ok
hnKiPEy4tW0,20,enabled,23043,353.0,nan,True,ok,True,ok
jEfv-iN1j4w,79,enabled,122463,456.0,nan,True,ok,True,ok
9fIcosEjdn0,1426,enabled,1740743,22597.0,nan,True,ok,True,ok
r3WoaXyXkBk,104,enabled,72517,1167.0,nan,True,ok,True,ok
-V5IikKCuyg,0,disabled,16609473,25257.0,nan,False,disabled,True,ok
HHgyRNK1PVc,333,enabled,167086,3873.0,nan,True,ok,True,ok
gi6tZ-6D_fI,9,enabled,1850,16.0,nan,True,ok,True,ok
eS9vBshE3Xg,7809,enabled,14071072,81100.0,nan,True,ok,True,ok
ZZhclrlQ2Eo,9901,enabled,10663493,229835.0,nan,True,ok,True,ok
zX42MAs0vPo,577,enabled,156532,3179.0,nan,True,ok,True,ok
URqSPBaxV7Y,832,enabled,183643,6007.0,nan,True,ok,True,ok
R6gsrO8QWnQ,856,enabled,318339,6320.0,nan,True,ok,True,ok
h924kiLlvA0,741,enabled,4486267,16233.0,nan,True,ok,True,ok
Gyd3ChxHWaU,1490,enabled,1378127,9085.0,nan,True,ok,True,ok
4PqInJzMoHk,95,enabled,15743,531.0,nan,True,ok,True,ok
eZ2RGKYA3sM,13,enabled,1837,30.0,nan,True,ok,True,ok
-WOFikAp_Mo,1113,enabled,182557,2636.0,nan,True,ok,True,ok
KK6LwniJJXY,61,enabled,32845,473.0,nan,True,ok,True,ok
fsm8hRktyKk,1028,enabled,5919817,10143.0,nan,True,ok,True,ok
GmSUU2Xd8lQ,1465,enabled,538357,2928.0,nan,True,ok,True,ok
ySZZ_2fsIlw,774,enabled,1352626,13656.0,nan,True,ok,True,ok
zh0WpPx-AwM,1051,enabled,3875593,30270.0,nan,True,ok,True,ok
0JsFDTdtPcs,19,enabled,21064,44.0,nan,True,ok,True,ok
SlYhG1H9MqA,865,enabled,4497042,21580.0,nan,True,ok,True,ok
U28JHwyySYs,650,enabled,815893,4328.0,nan,True,ok,True,ok
jdlglBMoEqg,465,enabled,39968,282.0,nan,True,ok,True,ok
LBJWGg5dnlY,252,enabled,464776,2342.0,nan,True,ok,True,ok
EEfEPHRyd74,2294,enabled,4473493,33126.0,nan,True,ok,True,ok
gr2qi2Fdi7U,14,enabled,22642,250.0,nan,True,ok,True,ok
sSNbWk14obM,14,enabled,7639,95.0,nan,True,ok,True,ok
s1z4HL1Hu10,172,enabled,59504,963.0,nan,True,ok,True,ok
ASJG1ItPiro,278,enabled,1796075,11525.0,nan,True,ok,True,ok
9EN5YFY_GZM,256,enabled,154285,1648.0,nan,True,ok,True,ok
oy4f7oVFQwE,170,enabled,23301,1037.0,nan,True,ok,True,ok
sHFoC5X-fzY,404,enabled,372829,2036.0,nan,True,ok,True,ok
YKswyBOf34U,573,enabled,181091,2726.0,nan,True,ok,True,ok
zR8JHMXZERg,8,enabled,816,35.0,nan,True,ok,True,ok
zuv4jZ7gOAk,4416,enabled,2073970,17397.0,nan,True,ok,True,ok
RyCqbivfz08,10371,enabled,2370337,21658.0,nan,True,ok,True,ok
JMhXXr6gddc,360,enabled,258039,2032.0,nan,True,ok,True,ok
0fRNLkmZvg8,16711,enabled,18399907,181195.0,nan,True,ok,True,ok
l2te453brZ0,70,enabled,61343,494.0,nan,True,ok,True,ok
fjFjv8iXio8,309,enabled,730946,3768.0,nan,True,ok,True,ok
I0w7yEObkIg,234,enabled,80402,578.0,nan,True,ok,True,ok
dFcI76D_kXc,13797,enabled,4661627,53043.0,nan,True,ok,True,ok
E3mjY7RsbA8,402,enabled,142050,2797.0,nan,True,ok,True,ok
HiqM3joN4YI,2,enabled,1299,23.0,nan,True,ok,True,ok
GDMxrxyaa-4,1768,enabled,182880,5496.0,nan,True,ok,True,ok
wUvlgMheXTI,3016,enabled,2654536,14924.0,nan,True,ok,True,ok
yDupmynj8V4,164,enabled,170959,1264.0,nan,True,ok,True,ok
-fjXflOeRP8,177,enabled,1252513,1663.0,nan,True,ok,True,ok
wEJMsezPgH8,8707,enabled,20757399,58070.0,nan,True,ok,True,ok
n1yVlV7L1A8,58,enabled,39773,715.0,nan,True,ok,True,ok
Uf-2Qg7Z_hY,49,enabled,58149,640.0,nan,True,ok,True,ok
xkyKXY8qR2E,200,enabled,74877,651.0,nan,True,ok,True,ok
TzINpIJxQfs,624,enabled,2419721,7883.0,nan,True,ok,True,ok
bjMEIxuaDUA,1918,enabled,7055442,31354.0,nan,True,ok,True,ok
Yo4WsJd3euo,2252,enabled,785350,8761.0,nan,True,ok,True,ok
TenEUk4oFDI,1971,enabled,857138,7776.0,nan,True,ok,True,ok
4Euc9JAL2sI,504,enabled,2515727,9243.0,nan,True,ok,True,ok
Knuh4m2P5nA,1122,enabled,1871544,22712.0,nan,True,ok,True,ok
c2HSLd-e0cA,859,enabled,314202,1893.0,nan,True,ok,True,ok
TekvqXzKmtg,12,enabled,30862,59.0,nan,True,ok,True,ok
kylswICFMrE,179,enabled,1179533,3815.0,nan,True,ok,True,ok
AEB8fUopN2c,789,enabled,951203,6872.0,nan,True,ok,True,ok
9mwR0eS3O9U,2679,enabled,4717486,24727.0,nan,True,ok,True,ok
z27Ov46LtJI,917,enabled,316496,2167.0,nan,True,ok,True,ok
As69HtwoMNo,0,disabled,40047626,262820.0,nan,False,disabled,True,ok
IwzEbFZjj0M,40854,enabled,9785369,139658.0,nan,True,ok,True,ok
smTm7ESzc4k,96654,enabled,36398731,234573.0,nan,True,ok,True,ok
4BMd8XVqusY,213,enabled,157699,1633.0,nan,True,ok,True,ok
hzEhD198T30,811,enabled,8625348,17652.0,nan,True,ok,True,ok
Fn2TGi57XNs,47,enabled,327779,1138.0,nan,True,ok,True,ok
bvoP9jUAnsQ,665,enabled,522765,3734.0,nan,True,ok,True,ok
J923u9FGMRw,303,enabled,329269,2062.0,nan,True,ok,True,ok
qNUmCtCV_so,134,enabled,1372806,4075.0,nan,True,ok,True,ok
44hqIGzxYb4,560,enabled,613216,4997.0,nan,True,ok,True,ok
qMPTitxLhKo,2010,enabled,1008468,15416.0,nan,True,ok,True,ok
8tUq2ATGXZc,7,enabled,259,9.0,nan,True,ok,True,ok
VEIJnNZX8Dw,2094,enabled,454093,6418.0,nan,True,ok,True,ok
-lwEKJOkDfI,124,enabled,25713,336.0,nan,True,ok,True,ok
Xz6rlnQE9_U,1041,enabled,1213442,24559.0,nan,True,ok,True,ok
0z31wmly39U,39,enabled,35392,612.0,nan,True,ok,True,ok
c3Pqt771hqQ,346,enabled,222722,1919.0,nan,True,ok,True,ok
Pgp3dCaNuVY,130,enabled,263201,1215.0,nan,True,ok,True,ok
Lq9wipOftXw,17993,enabled,9584126,145068.0,nan,True,ok,True,ok
9gFW47rBoyg,7644,enabled,2752158,38609.0,nan,True,ok,True,ok
zHWXRbFYNFE,462,enabled,92850,2025.0,nan,True,ok,True,ok
OHwy6cChTR0,305,enabled,1506066,6903.0,nan,True,ok,True,ok
SETNqySnmgE,301,enabled,59048,2308.0,nan,True,ok,True,ok
mamzeZaUqRk,349,enabled,242839,4530.0,nan,True,ok,True,ok
aDmvXdhhfu8,5835,enabled,3803287,73824.0,nan,True,ok,True,ok
-vQiRL4rAhk,16439,enabled,2988519,25029.0,nan,True,ok,True,ok
V1neQzgKL38,3197,enabled,5278931,35637.0,nan,True,ok,True,ok
rfrSLD2Q4QU,7186,enabled,5498990,33841.0,nan,True,ok,True,ok
03Ge6L0Bbis,0,zero,5195,25.0,nan,True,ok,True,ok
k5GOxyvX2Nk,1153,enabled,1932940,4641.0,nan,True,ok,True,ok
9mrRjL3bapI,1140,enabled,1515646,10989.0,nan,True,ok,True,ok
f1qvvD8N17c,11430,enabled,11743267,89930.0,nan,True,ok,True,ok
VAm538gWpFw,5,enabled,931,13.0,nan,True,ok,True,ok
vaA7eecpAck,437,enabled,287151,5689.0,nan,True,ok,True,ok
Owjm9AKn4bg,863,enabled,184757,4836.0,nan,True,ok,True,ok
mjxdbhabgjA,30,enabled,17766,359.0,nan,True,ok,True,ok
rSBAryA1KMo,2849,enabled,3197765,22529.0,nan,True,ok,True,ok
LNBsO68JACU,2619,enabled,1586120,22251.0,nan,True,ok,True,ok
5p4hQw-tIuE,8487,enabled,3551082,59972.0,nan,True,ok,True,ok
FL9ClSwOFq4,1719,enabled,4596618,9693.0,nan,True,ok,True,ok
6lvoonMd0_o,443,enabled,283575,2501.0,nan,True,ok,True,ok
MVi3U84NmPA,110,enabled,1814933,7819.0,nan,True,ok,True,ok
W9XTGWuVXMg,11761,enabled,1082753,16556.0,nan,True,ok,True,ok
6M-fXCtrv9A,789,enabled,1307975,8641.0,nan,True,ok,True,ok
jPp7eaJDhzQ,2802,enabled,2124154,61025.0,nan,True,ok,True,ok
kbijOmOPDeY,269,enabled,378839,2765.0,nan,True,ok,True,ok
TQwDIO097VQ,95,enabled,170594,1545.0,nan,True,ok,True,ok
O0BjbDNxvt4,2715,enabled,1575861,25618.0,nan,True,ok,True,ok
RddIiS4tSr0,105,enabled,40936,553.0,nan,True,ok,True,ok
8XJHEe1hhPY,755,enabled,1608466,14186.0,nan,True,ok,True,ok
TaqQjk7zAZ8,763,enabled,4663808,15706.0,nan,True,ok,True,ok
poNKcNksU8s,177,enabled,161130,1599.0,nan,True,ok,True,ok
HQcz5ySTQU8,444,enabled,502074,3777.0,nan,True,ok,True,ok
xjaOkITAwQ8,122,enabled,636098,937.0,nan,True,ok,True,ok
TyaTVZxlQSk,21,enabled,20302,292.0,nan,True,ok,True,ok
o0yzktFZp3g,190,enabled,754276,5491.0,nan,True,ok,True,ok
UnHohdIkEQs,2135,enabled,1070934,12061.0,nan,True,ok,True,ok
6HhEhpb1RIs,4583,enabled,2917283,9496.0,nan,True,ok,True,ok
ItznKylqptQ,70,enabled,58677,602.0,nan,True,ok,True,ok
o4UfdMJKIYs,157,enabled,281500,3334.0,nan,True,ok,True,ok
eA8sRiQzgBU,3641,enabled,712328,31001.0,nan,True,ok,True,ok
dpFceizsq-w,647,enabled,748130,3407.0,nan,True,ok,True,ok
eJJPC323_f4,1075,enabled,676959,6295.0,nan,True,ok,True,ok
HIEDoaCZ__Q,25,enabled,7653,350.0,nan,True,ok,True,ok
Y-eez71F18E,1515,enabled,192476,5734.0,nan,True,ok,True,ok
TN84sV8FYPQ,6297,enabled,2446727,46072.0,nan,True,ok,True,ok
ILIoGtgUtlw,266,enabled,292985,3682.0,nan,True,ok,True,ok
i7ds5UDyjdE,11427,enabled,8296238,54265.0,nan,True,ok,True,ok
N1-cVbrB3bc,21,enabled,114672,471.0,nan,True,ok,True,ok
gbaz9_b4skU,1080,enabled,639705,6951.0,nan,True,ok,True,ok
RW-QQ_KYCYQ,4091,enabled,6485462,73250.0,nan,True,ok,True,ok
wcWNl-Q9P0w,7387,enabled,5744652,59539.0,nan,True,ok,True,ok
v_VTaI7VHdU,2060,enabled,1856043,11333.0,nan,True,ok,True,ok
vnSHESqeBY4,5978,enabled,10491582,90785.0,nan,True,ok,True,ok
SWDY7FKEBQU,262,enabled,199706,2633.0,nan,True,ok,True,ok
85t40mxxzEI,73,enabled,86103,963.0,nan,True,ok,True,ok
WwaLOSHHUiQ,73,enabled,138082,1001.0,nan,True,ok,True,ok
-TyJlHVGeJ0,14102,enabled,5778160,47399.0,nan,True,ok,True,ok
Hh0wW41a4WE,39,enabled,14555,558.0,nan,True,ok,True,ok
LoJ1uLhctRY,6242,enabled,10322900,130126.0,nan,True,ok,True,ok
45ky8yz9D3E,31,enabled,90080,648.0,nan,True,ok,True,ok
NWiv_JdjvyY,341,enabled,3680439,6173.0,nan,True,ok,True,ok
CTBNDmnFwnU,18,enabled,8937,132.0,nan,True,ok,True,ok
CSoP-ezfRfk,642,enabled,296100,6004.0,nan,True,ok,True,ok
qTHDgfnXdxo,2074,enabled,525549,12463.0,nan,True,ok,True,ok
y6a3AmdmkOQ,81,enabled,270463,1128.0,nan,True,ok,True,ok
Qskq9WmETGg,98,enabled,342897,2680.0,nan,True,ok,True,ok
lbhfDyuJaOc,69,enabled,42206,439.0,nan,True,ok,True,ok
BCtauwn0USk,5732,enabled,982316,16305.0,nan,True,ok,True,ok
E68Z0GRBWJ8,9850,enabled,10995369,117737.0,nan,True,ok,True,ok
SiwnMfDogng,3124,enabled,2184939,22671.0,nan,True,ok,True,ok
BZoaVIbw1HE,1550,enabled,758522,9809.0,nan,True,ok,True,ok
jBxkkwMfDWM,1057,enabled,5496667,29989.0,nan,True,ok,True,ok
V-5-1ffAe9w,11597,enabled,6834150,56272.0,nan,True,ok,True,ok
f3z8llK4f0g,1566,enabled,2001520,18460.0,nan,True,ok,True,ok
NLQf-Q8zlG0,10767,enabled,15437346,231829.0,nan,True,ok,True,ok
dA1UlMVLhnU,4011,enabled,3234630,19629.0,nan,True,ok,True,ok
s5y-4EpmfRQ,2193,enabled,2593791,48999.0,nan,True,ok,True,ok
v0EmmxOLjHo,71,enabled,14525,358.0,nan,True,ok,True,ok
Wmpqv8P7I5o,1221,enabled,772086,18115.0,nan,True,ok,True,ok
1O-wPD2qB0g,1241,enabled,632770,9192.0,nan,True,ok,True,ok
2eeFmO4qw5M,232,enabled,149892,1727.0,nan,True,ok,True,ok
W1_mXRfrNbQ,32,enabled,3690,93.0,nan,True,ok,True,ok
6ewtdwxKeA0,948,enabled,3878497,16379.0,nan,True,ok,True,ok
ilwnYbT5REk,3458,enabled,8852548,69842.0,nan,True,ok,True,ok
iEaRewGdB5c,419,enabled,134566,950.0,nan,True,ok,True,ok
B-x84eoXYCY,1548,enabled,1164161,28899.0,nan,True,ok,True,ok
RCYWuBRGNUY,0,disabled,37138,2460.0,nan,False,disabled,True,ok
-_7Dqs5unqs,1634,enabled,1080638,21476.0,nan,True,ok,True,ok
7lAhunSloMo,169,enabled,129676,2142.0,nan,True,ok,True,ok
yYB-syEBUp0,867,enabled,2309947,12903.0,nan,True,ok,True,ok
LU83cvEaMpM,89,enabled,112847,1380.0,nan,True,ok,True,ok
RMSbkBWIO0s,13,enabled,52296,580.0,nan,True,ok,True,ok
rxICmJthL4Y,137,enabled,368119,2069.0,nan,True,ok,True,ok
Z-AE3guPGBE,1138,enabled,272348,1923.0,nan,True,ok,True,ok
GHaBdTAplkQ,113,enabled,56058,596.0,nan,True,ok,True,ok
8kyneEcmb40,122,enabled,193744,1356.0,nan,True,ok,True,ok
OO4F8XOpGaI,1390,enabled,812156,12675.0,nan,True,ok,True,ok
HS_rSh52SAg,8704,enabled,1765923,13985.0,nan,True,ok,True,ok
NInUcHM_vyY,2755,enabled,2635057,33338.0,nan,True,ok,True,ok
xF9fnF_KFLc,482,enabled,622019,7909.0,nan,True,ok,True,ok
93TRQD-QEDg,1129,enabled,11523024,34483.0,nan,True,ok,True,ok
04rXtGrErRQ,5904,enabled,8883110,52780.0,nan,True,ok,True,ok
88Yrv3Bp9QA,201,enabled,96965,2212.0,nan,True,ok,True,ok
IsSx4jNbIes,122,enabled,31496,485.0,nan,True,ok,True,ok
C6nLYV56_Yk,1499,enabled,2850372,14008.0,nan,True,ok,True,ok
5BEbJKtSLs0,126,enabled,99648,3337.0,nan,True,ok,True,ok
_yVIjw_wouU,24,enabled,128027,1667.0,nan,True,ok,True,ok
hEl5tXXYJho,264,enabled,332885,4116.0,nan,True,ok,True,ok
Ukg3gemPPUc,257,enabled,1142063,5864.0,nan,True,ok,True,ok
vdwkAXttZ3g,111,enabled,325586,2161.0,nan,True,ok,True,ok
VNu4ZsrqCMc,6914,enabled,3385998,49230.0,nan,True,ok,True,ok
3fdG0_oDddU,828,enabled,698440,3703.0,nan,True,ok,True,ok
42BoN42msFU,129,enabled,55001,1229.0,nan,True,ok,True,ok
IAikFyk986g,223,enabled,183913,3627.0,nan,True,ok,True,ok
xiJFp20S0QI,70,enabled,12463,353.0,nan,True,ok,True,ok
siKyQIWquag,7,enabled,1754,21.0,nan,True,ok,True,ok
Paf-iSf2Mr4,8473,enabled,4234834,39356.0,nan,True,ok,True,ok
-ZRCv3t3-l0,273,enabled,83210,656.0,nan,True,ok,True,ok
ERozmHJpOkw,239,enabled,112390,2338.0,nan,True,ok,True,ok
NZLvoeyLUTA,6479,enabled,2815669,34973.0,nan,True,ok,True,ok
FRndydYo9Lo,916,enabled,2933282,36026.0,nan,True,ok,True,ok
2-na0vSS5Vs,142,enabled,346427,1028.0,nan,True,ok,True,ok
Prj5uxZOd2s,313,enabled,413035,3942.0,nan,True,ok,True,ok
1260vejJyfQ,3897,enabled,912677,7368.0,nan,True,ok,True,ok
qc4Anl-rN2k,362,enabled,267784,6130.0,nan,True,ok,True,ok
HIt3X0GvnCM,6,enabled,6386,102.0,nan,True,ok,True,ok
xRAqq1reiqc,3528,enabled,1102060,7534.0,nan,True,ok,True,ok
mzpWyoCxGtc,2875,enabled,1808451,34801.0,nan,True,ok,True,ok
YHev24EXIMo,4674,enabled,649392,10160.0,nan,True,ok,True,ok
JDlfOULWDbo,430,enabled,268147,4066.0,nan,True,ok,True,ok
DsU7BEee8CY,432,enabled,1003010,8600.0,nan,True,ok,True,ok
KBc6S20LfKM,323,enabled,156861,3009.0,nan,True,ok,True,ok
FB-Ghg8aRj8,12792,enabled,18644256,127773.0,nan,True,ok,True,ok
-eVBSWATkJY,1143,enabled,2115918,9299.0,nan,True,ok,True,ok
aJ6iSIdp-3o,13425,enabled,8096811,63402.0,nan,True,ok,True,ok
F3Bzwxoqqq0,30,enabled,14812,266.0,nan,True,ok,True,ok
xQiSkOdOG_Y,11003,enabled,2301316,23436.0,nan,True,ok,True,ok
CQOS3iRHDYA,108,enabled,85982,1841.0,nan,True,ok,True,ok
P9xMAnkj47M,889,enabled,232481,5217.0,nan,True,ok,True,ok
2Y5QVa9HpBw,4361,enabled,34850972,72110.0,nan,True,ok,True,ok
ynfmMH2Ph78,50,enabled,33487,312.0,nan,True,ok,True,ok
2Sfs6nQBmJY,9034,enabled,5250868,54368.0,nan,True,ok,True,ok
MWAOHeZKdkk,660,enabled,77345,422.0,nan,True,ok,True,ok
AjLBByVD19o,8,enabled,1922,13.0,nan,True,ok,True,ok
vfN1ovAZeYs,47,enabled,17173,789.0,nan,True,ok,True,ok
mI2UQE9tF-w,37,enabled,12742,90.0,nan,True,ok,True,ok
CiYnCqMH80s,4069,enabled,1452883,22292.0,nan,True,ok,True,ok
X43ZudPWcEg,672,enabled,391154,3836.0,nan,True,ok,True,ok
swhftRwwnA4,214,enabled,325571,1333.0,nan,True,ok,True,ok
f6B-rAVKtzY,0,disabled,5832386,10949.0,nan,False,disabled,True,ok
cIxnbmTaEkg,71,enabled,34822,548.0,nan,True,ok,True,ok
GiG65J9-Bek,56,enabled,1233,33.0,nan,True,ok,True,ok
KGXV5z8YGSE,75,enabled,31021,653.0,nan,True,ok,True,ok
PIp5xKRsSck,35818,enabled,8725242,62793.0,nan,True,ok,True,ok
xxv42CCHrhY,201,enabled,56057,1068.0,nan,True,ok,True,ok
9UFvlJ-Y9rw,30,enabled,7930,194.0,nan,True,ok,True,ok
7lcBEOYAlaA,203,enabled,183338,1635.0,nan,True,ok,True,ok
MV1yPnnOCuM,1693,enabled,854282,11790.0,nan,True,ok,True,ok
QH9IvVv3RfM,310,enabled,485704,2941.0,nan,True,ok,True,ok
4hGrz817I0s,7284,enabled,10489430,61932.0,nan,True,ok,True,ok
5gqOg7vycKI,2716,enabled,2653471,27472.0,nan,True,ok,True,ok
pIAYlrsU958,2482,enabled,4676759,14219.0,nan,True,ok,True,ok
fyiyPRN4dqE,6,enabled,9098,68.0,nan,True,ok,True,ok
xjOw7GDNOus,7075,enabled,4103848,58347.0,nan,True,ok,True,ok
oXdDtopNy0A,207,enabled,102514,2258.0,nan,True,ok,True,ok
Ryl0yQMF02I,385,enabled,156792,3150.0,nan,True,ok,True,ok
vjkqHRRSy_U,2942,enabled,3050225,32343.0,nan,True,ok,True,ok
RoAt1sWJqSo,59,enabled,11336,376.0,nan,True,ok,True,ok
QjMqiymtY-8,2290,enabled,680002,14225.0,nan,True,ok,True,ok
KO9h0v-pkZA,24,enabled,6641,119.0,nan,True,ok,True,ok
Puz3N3zlg-0,561,enabled,617499,6388.0,nan,True,ok,True,ok
z4LpBP5pAuQ,1263,enabled,790984,13786.0,nan,True,ok,True,ok
wup4f7XQSxY,10593,enabled,6975559,84626.0,nan,True,ok,True,ok
avsLRW7n-R8,12151,enabled,15863137,72773.0,nan,True,ok,True,ok
xMQDn0g10ps,555,enabled,3023610,18107.0,nan,True,ok,True,ok
9d_3KRYBjL0,1230,enabled,2364990,9564.0,nan,True,ok,True,ok
LuUs5INkw94,236,enabled,194294,3754.0,nan,True,ok,True,ok
MUXYdIFN7KA,3567,enabled,400042,6171.0,nan,True,ok,True,ok
b8O32J4_ODk,28,enabled,13030,213.0,nan,True,ok,True,ok
1Qg0JXz0OX8,1042,enabled,398785,2530.0,nan,True,ok,True,ok
KNOSm9wvf5o,7196,enabled,1655865,11053.0,nan,True,ok,True,ok
0-VLNiEbDRo,684,enabled,564696,9933.0,nan,True,ok,True,ok
wwLH2de3FfM,113,enabled,45524,1873.0,nan,True,ok,True,ok
8zOO8lMSn10,2761,enabled,1728785,10782.0,nan,True,ok,True,ok
toc_ibk4j3Y,25,enabled,35296,249.0,nan,True,ok,True,ok
jSG0aYwaSZA,73,enabled,154678,728.0,nan,True,ok,True,ok
CvjOJcU0LjE,387,enabled,1223282,8971.0,nan,True,ok,True,ok
Y0IVf1cgUTU,6228,enabled,3927488,96349.0,nan,True,ok,True,ok
XsvSl6vE47c,933,enabled,5351832,32728.0,nan,True,ok,True,ok
RO05ZgNF2SE,55,enabled,51412,389.0,nan,True,ok,True,ok
5qY5dnMlR0Y,39,enabled,14014,267.0,nan,True,ok,True,ok
xNx0q3Mb9fI,774,enabled,150108,4256.0,nan,True,ok,True,ok
Wp-um12cGXQ,95,enabled,39919,662.0,nan,True,ok,True,ok
JIYuOQscL6A,1620,enabled,1076263,10327.0,nan,True,ok,True,ok
Mo1lDsESD90,7981,enabled,22186096,197334.0,nan,True,ok,True,ok
A9_mFX_-wak,1143,enabled,1343578,9560.0,nan,True,ok,True,ok
4VWb3ZZ1U3o,1189,enabled,1103961,13038.0,nan,True,ok,True,ok
xH2LQn8S4rk,776,enabled,264316,6880.0,nan,True,ok,True,ok
QDCqBWV5hW0,195,enabled,614404,6663.0,nan,True,ok,True,ok
_JzGB_Dh018,165,enabled,97316,747.0,nan,True,ok,True,ok
yy0XNyOsikE,599,enabled,1862683,17080.0,nan,True,ok,True,ok
CARrs4cMp1k,104,enabled,19985,427.0,nan,True,ok,True,ok
ZH4_-n_sMmw,17,enabled,5700,85.0,nan,True,ok,True,ok
1BgWM5LE_i8,8075,enabled,5029344,84778.0,nan,True,ok,True,ok
zG6Q0kSy2RE,305,enabled,67578,2242.0,nan,True,ok,True,ok
AVAPcIIKrl4,25,enabled,62679,310.0,nan,True,ok,True,ok
v_aURWtopg0,5,enabled,6229,101.0,nan,True,ok,True,ok
i5llRygr-0E,195,enabled,648978,2892.0,nan,True,ok,True,ok
ClP2lcRR-d4,672,enabled,152630,5962.0,nan,True,ok,True,ok
k4kDT82hxF4,201,enabled,88372,2080.0,nan,True,ok,True,ok
XGTDx8aZ8jc,491,enabled,122967,1637.0,nan,True,ok,True,ok
Td9QfBnIqk0,929,enabled,473413,5091.0,nan,True,ok,True,ok
QwgJRk4k1HY,968,enabled,287366,1570.0,nan,True,ok,True,ok
LppGjGfjuX8,35,enabled,98514,697.0,nan,True,ok,True,ok
FtfrKkScT_Q,358,enabled,316276,4634.0,nan,True,ok,True,ok
CJ-2NKO5Ixk,4326,enabled,2996078,32142.0,nan,True,ok,True,ok
IvyHolI93xE,2027,enabled,4207547,48057.0,nan,True,ok,True,ok
p8T54syDkDw,1974,enabled,534106,6475.0,nan,True,ok,True,ok
JWECaawgzi0,241,enabled,109337,2612.0,nan,True,ok,True,ok
DCVRQliYyYk,4,enabled,316,13.0,nan,True,ok,True,ok
ber4OFqbJ90,319,enabled,133468,5599.0,nan,True,ok,True,ok
HLgrlcThayI,45,enabled,35209,563.0,nan,True,ok,True,ok
_o-Vd3kqnIQ,665,enabled,564877,4824.0,nan,True,ok,True,ok
dCmONFGrVKQ,636,enabled,562287,3935.0,nan,True,ok,True,ok
nxXRObxAiOg,5,enabled,1133,14.0,nan,True,ok,True,ok
zEwcxLOmP1Q,1041,enabled,693183,11033.0,nan,True,ok,True,ok
zmJEKmg6zFA,815,enabled,257698,3006.0,nan,True,ok,True,ok
6eSYZRPqdb4,225,enabled,491862,3376.0,nan,True,ok,True,ok
tf4YFa6-4Ws,335,enabled,114430,2627.0,nan,True,ok,True,ok
xDJrSz0b_TQ,3034,enabled,1280762,12202.0,nan,True,ok,True,ok
QGgZmu-FjxM,41,enabled,5559,229.0,nan,True,ok,True,ok
4Qq8hzfEmwg,140,enabled,103082,665.0,nan,True,ok,True,ok
XWmv_Ox44WA,95,enabled,710672,2271.0,nan,True,ok,True,ok
JmdwhSvSlbE,3,enabled,2880,42.0,nan,True,ok,True,ok
ytbxl8BGhlQ,2724,enabled,2518936,13242.0,nan,True,ok,True,ok
MRXxYL2MNQU,109,enabled,1055688,2785.0,nan,True,ok,True,ok
BHRP4VClZQU,0,disabled,2551264,5416.0,nan,False,disabled,True,ok
taVvS-dCG2A,1435,enabled,1885674,19022.0,nan,True,ok,True,ok
xwDa-9oWohw,301,enabled,252483,1211.0,nan,True,ok,True,ok
S8nrENQyzb4,0,disabled,14431781,122436.0,nan,False,disabled,True,ok
33qdRXqUCJA,3829,enabled,1189674,22324.0,nan,True,ok,True,ok
BuW99v6ZwQM,399,enabled,166579,2117.0,nan,True,ok,True,ok
3OLOn8Uk2Eg,656,enabled,685019,17168.0,nan,True,ok,True,ok
oQ4rDBzf4Hk,567,enabled,1769066,3441.0,nan,True,ok,True,ok
fyNpBZ0F7M0,38,enabled,19140,408.0,nan,True,ok,True,ok
v4rNOLZgKF4,1262,enabled,12550581,164263.0,nan,True,ok,True,ok
G--NMrvXxMA,0,disabled,4907898,16566.0,nan,False,disabled,True,ok
uE6morUlDHo,1077,enabled,1233516,9646.0,nan,True,ok,True,ok
dHlEge-TsMs,7364,enabled,2112905,40625.0,nan,True,ok,True,ok
UOhIo7QfP5w,305,enabled,124666,2437.0,nan,True,ok,True,ok
IRlf3OGCJXU,632,enabled,377011,4280.0,nan,True,ok,True,ok
oFVy37CzhCc,0,zero,1180,3.0,nan,True,ok,True,ok
P5T2xZ3s2L0,1092,enabled,447000,5631.0,nan,True,ok,True,ok
dPieyaRPdhc,5828,enabled,636964,4942.0,nan,True,ok,True,ok
aD3pUDIAoBY,377,enabled,160880,2412.0,nan,True,ok,True,ok
zN007md9h8Q,1603,enabled,1754695,13361.0,nan,True,ok,True,ok
aFlJhW6SmXM,10,enabled,4103,104.0,nan,True,ok,True,ok
H9i6VzWfh0E,754,enabled,7775032,44102.0,nan,True,ok,True,ok
-iS_Hg8ygBE,32,enabled,17192,179.0,nan,True,ok,True,ok
HSQFyNGAA0s,1816,enabled,1366248,14309.0,nan,True,ok,True,ok
lN2YRBTP-aY,8952,enabled,2668791,46994.0,nan,True,ok,True,ok
tDzfBAImv2E,75,enabled,39441,777.0,nan,True,ok,True,ok
QbpEz3AxnVY,2495,enabled,942056,14997.0,nan,True,ok,True,ok
6vm2CR2W6Iw,710,enabled,857459,5999.0,nan,True,ok,True,ok
DnuXHj_zRbM,996,enabled,2253462,7713.0,nan,True,ok,True,ok
RidCe02KM_0,201,enabled,610122,3443.0,nan,True,ok,True,ok
JzTYdMRkvGU,86,enabled,45882,679.0,nan,True,ok,True,ok
p3A4rZdzGeI,335,enabled,189357,3859.0,nan,True,ok,True,ok
0U8zD3RL2zQ,230,enabled,443695,2228.0,nan,True,ok,True,ok
uhTlvBzjQFY,6274,enabled,6751159,106262.0,nan,True,ok,True,ok
0MDHl845tgQ,71,enabled,34307,371.0,nan,True,ok,True,ok
_2F2N0P86iw,73,enabled,13823,411.0,nan,True,ok,True,ok
n174VWdSlCE,4327,enabled,10223940,38492.0,nan,True,ok,True,ok
fQyglu53_rE,1005,enabled,846733,12112.0,nan,True,ok,True,ok
PtF_OylW-PI,12326,enabled,7757818,54837.0,nan,True,ok,True,ok
hpqlSUUi6Gc,15758,enabled,5454172,51841.0,nan,True,ok,True,ok
RPdgj6yYrGs,178,enabled,247346,1042.0,nan,True,ok,True,ok
zv8dXvflg08,449,enabled,453216,4841.0,nan,True,ok,True,ok
BpHevgaorYg,4117,enabled,3902583,32825.0,nan,True,ok,True,ok
8kHvE91rH3Q,82,enabled,179193,4833.0,nan,True,ok,True,ok
KZVd-MvFbO8,1789,enabled,481689,11582.0,nan,True,ok,True,ok
34b8Et5QrCU,12981,enabled,6846436,69065.0,nan,True,ok,True,ok
ABuQruo2BHU,1609,enabled,493223,8509.0,nan,True,ok,True,ok
48QORACenZ4,34948,enabled,6434596,63844.0,nan,True,ok,True,ok
4EZBbP6efGM,14253,enabled,7355370,100404.0,nan,True,ok,True,ok
6bssEwwhxqc,6890,enabled,7780274,50208.0,nan,True,ok,True,ok
RGtbdsiWKTE,402,enabled,81435,614.0,nan,True,ok,True,ok
zAwAsGbTcHQ,56,enabled,17462,679.0,nan,True,ok,True,ok
awDh1tB1N4A,2934,enabled,108715795,59592.0,nan,True,ok,True,ok
atuad2GUtIA,274,enabled,102957,3895.0,nan,True,ok,True,ok
jM2EUNJdnRw,0,disabled,9671,211.0,nan,False,disabled,True,ok
8SRFhVksTvc,1127,enabled,1146971,25435.0,nan,True,ok,True,ok
RcqEiI9bpCg,10474,enabled,5142357,57919.0,nan,True,ok,True,ok
Dk43ntUCX-w,403,enabled,123650,3015.0,nan,True,ok,True,ok
Oqq5tgday_w,1738,enabled,10927548,45553.0,nan,True,ok,True,ok
B53wbWwOoQo,6856,enabled,1155140,25394.0,nan,True,ok,True,ok
-onba1IaVFU,12062,enabled,7376788,42032.0,nan,True,ok,True,ok
fB5DbbWOtCg,164,enabled,68683,619.0,nan,True,ok,True,ok
UhmT-2AchUY,438,enabled,181154,3335.0,nan,True,ok,True,ok
Pfpd2YuSySU,3025,enabled,1806296,24293.0,nan,True,ok,True,ok
iHSKFgPYySM,4904,enabled,40575917,203941.0,nan,True,ok,True,ok
tgL545fBVGs,269,enabled,969217,6257.0,nan,True,ok,True,ok
VjuYAAGFsvc,35,enabled,119751,745.0,nan,True,ok,True,ok
37OPB4f9gzE,91,enabled,16778,570.0,nan,True,ok,True,ok
OuM0XS4Gtes,14414,enabled,3771730,39272.0,nan,True,ok,True,ok
EuN2m9IcCTg,764,enabled,1747048,21475.0,nan,True,ok,True,ok
qT22LiVF3CU,401,enabled,339383,3399.0,nan,True,ok,True,ok
WZmVAfiMdnI,1827,enabled,549438,6905.0,nan,True,ok,True,ok
30_7Q3zLsj0,143,enabled,82091,1349.0,nan,True,ok,True,ok
pU_Irs_J2co,301,enabled,1183505,8866.0,nan,True,ok,True,ok
dnRJ5nM2mo4,4910,enabled,954568,13769.0,nan,True,ok,True,ok
FnHw-0bUvAQ,12,enabled,6799,98.0,nan,True,ok,True,ok
A2MSJaLMO98,1135,enabled,1231345,11231.0,nan,True,ok,True,ok
v0n2wEAiOcg,3901,enabled,14473501,50586.0,nan,True,ok,True,ok
mh4WnmegojQ,3133,enabled,1979133,18955.0,nan,True,ok,True,ok
c4I13WL_ttg,327,enabled,781759,2980.0,nan,True,ok,True,ok
UtYwGZqOH7w,1229,enabled,397464,6683.0,nan,True,ok,True,ok
Es2IWe6yRPI,1016,enabled,1261167,16461.0,nan,True,ok,True,ok
HDgdkvMySDo,0,disabled,924331,7470.0,nan,False,disabled,True,ok
y42bEarS0s8,697,enabled,284933,4325.0,nan,True,ok,True,ok
bvsa_VJaoXQ,1770,enabled,699978,11976.0,nan,True,ok,True,ok
a7efEqgpIrE,1025,enabled,1146669,6586.0,nan,True,ok,True,ok
eAe-ZN0FRfM,10317,enabled,4056518,72526.0,nan,True,ok,True,ok
nH56QTxFK-Y,76,enabled,51602,456.0,nan,True,ok,True,ok
JDB49WvRbKM,2406,enabled,2609008,15491.0,nan,True,ok,True,ok
Td6m6eXRWSs,2244,enabled,4986561,22194.0,nan,True,ok,True,ok
hmVuFvv66gs,35,enabled,10990,229.0,nan,True,ok,True,ok
LsA16ox5HCA,177,enabled,187840,818.0,nan,True,ok,True,ok
6N43gP99Z4s,25729,enabled,10657645,86038.0,nan,True,ok,True,ok
wBpxehKYskI,42,enabled,17880,808.0,nan,True,ok,True,ok
a9RZFbn8PXU,234,enabled,477666,2643.0,nan,True,ok,True,ok
K2H8B-sDcAE,3568,enabled,4212799,34304.0,nan,True,ok,True,ok
ZK6I9SbwSlw,48,enabled,17343,287.0,nan,True,ok,True,ok
CtQdDIsRdZc,459,enabled,661931,8082.0,nan,True,ok,True,ok
FiDFjSQ8Vqw,5489,enabled,9502412,198000.0,nan,True,ok,True,ok
doxW1qRFtuU,563,enabled,3099079,15678.0,nan,True,ok,True,ok
xwUIgS8Bu04,64,enabled,41023,552.0,nan,True,ok,True,ok
B1ayY7yQsqM,4844,enabled,2926142,33002.0,nan,True,ok,True,ok
b4zUQ33ovUM,1744,enabled,3288875,66559.0,nan,True,ok,True,ok
4wmEVk_ldWs,2752,enabled,1875194,19766.0,nan,True,ok,True,ok
p0ZFqRar9Vk,10742,enabled,2432141,32678.0,nan,True,ok,True,ok
3OTVBFggREE,187,enabled,267557,1992.0,nan,True,ok,True,ok
wUsZce2kKgw,32,enabled,15444,285.0,nan,True,ok,True,ok
oBSlllgy7-s,827,enabled,4119299,12510.0,nan,True,ok,True,ok
ofvVORLujuI,416,enabled,76655,1974.0,nan,True,ok,True,ok
XIz26m-5N3s,4115,enabled,1433874,28484.0,nan,True,ok,True,ok
Ia4h_qRjxX0,1183,enabled,352310,4545.0,nan,True,ok,True,ok
INFH5bfQemk,92,enabled,100371,2229.0,nan,True,ok,True,ok
1jAtT94unZg,7,enabled,48962,140.0,nan,True,ok,True,ok
DNcwW_mQ_pU,0,disabled,6187693,9019.0,nan,False,disabled,True,ok
JbAPSJq2A_k,178,enabled,316784,2290.0,nan,True,ok,True,ok
gbxxYILwNWY,3764,enabled,9137499,190277.0,nan,True,ok,True,ok
woVlb7Udrx4,0,disabled,9162612,34210.0,nan,False,disabled,True,ok
fbgELNEy7fw,92,enabled,226553,1368.0,nan,True,ok,True,ok
sX86f5RtDKI,3107,enabled,5020558,26994.0,nan,True,ok,True,ok
2iQnom_VSPQ,1464,enabled,1926850,11897.0,nan,True,ok,True,ok
CSFGaPQlp1A,0,disabled,7701,102.0,nan,False,disabled,True,ok
EiuNhT2NZvs,170,enabled,69841,2440.0,nan,True,ok,True,ok
5B8cjFk7gUc,421,enabled,130545,537.0,nan,True,ok,True,ok
-65nRNFagR8,10,enabled,6659,47.0,nan,True,ok,True,ok
ZaZHh3Yy6x0,44,enabled,70773,835.0,nan,True,ok,True,ok
nqKYrVE1d1E,2500,enabled,6664947,60667.0,nan,True,ok,True,ok
LrzmID2oiY4,2418,enabled,1490756,20545.0,nan,True,ok,True,ok
Il2idnJgg-k,241,enabled,27553,924.0,nan,True,ok,True,ok
5fgERVbtADo,7705,enabled,1132330,12594.0,nan,True,ok,True,ok
nXntiXb1fmg,706,enabled,2443164,7758.0,nan,True,ok,True,ok
f6FiSHJnnCc,0,disabled,4293595,8531.0,nan,False,disabled,True,ok
c0kgOAlwDd8,22,enabled,31154,360.0,nan,True,ok,True,ok
-Uqoe8Ys8b8,1522,enabled,636406,11002.0,nan,True,ok,True,ok
AC-hU6-dfzQ,300,enabled,244268,3079.0,nan,True,ok,True,ok
lyjel1xoto8,78,enabled,16793,331.0,nan,True,ok,True,ok
APoFRoebzhM,31247,enabled,62346949,234344.0,nan,True,ok,True,ok
CJQC9GLyvYY,0,disabled,2966380,7598.0,nan,False,disabled,True,ok
sUmFdbfeOkE,179,enabled,176795,2515.0,nan,True,ok,True,ok
77qrO_G3rWI,1099,enabled,659966,17908.0,nan,True,ok,True,ok
5qlvtlix2k8,4563,enabled,4473341,41691.0,nan,True,ok,True,ok
zjzsdvG6Fm0,624,enabled,76001,1828.0,nan,True,ok,True,ok
3St0aYZHLRk,18,enabled,8551,202.0,nan,True,ok,True,ok
3eUpZYGaKc0,3253,enabled,1148564,15070.0,nan,True,ok,True,ok
EMTLNCyU_Cc,509,enabled,1421073,12571.0,nan,True,ok,True,ok
tjnhu2UFHWg,737,enabled,2084507,10628.0,nan,True,ok,True,ok
g0AwzYIRdMI,2198,enabled,1184780,12921.0,nan,True,ok,True,ok
UTJU8snYxMA,594,enabled,166827,4390.0,nan,True,ok,True,ok
bL4YokWfb2w,572,enabled,377257,7391.0,nan,True,ok,True,ok
-EDIRR6DXR0,7867,enabled,5973524,78222.0,nan,True,ok,True,ok
LCiWNRi3dq0,357,enabled,1652094,8326.0,nan,True,ok,True,ok
TaPpUM6VaDM,8923,enabled,5892776,87331.0,nan,True,ok,True,ok
LjNislOnAbk,1074,enabled,1632465,7870.0,nan,True,ok,True,ok
f9IMkhcZXn0,11,enabled,24940,210.0,nan,True,ok,True,ok
nUzbZI_0p5g,6295,enabled,10624930,40419.0,nan,True,ok,True,ok
y36j4GSXdq4,39,enabled,14342,709.0,nan,True,ok,True,ok
eRvZu_50iUE,3747,enabled,1128871,21106.0,nan,True,ok,True,ok
-dbhsJzr7UE,393,enabled,2978624,6479.0,nan,True,ok,True,ok
job1XCk3PIY,5941,enabled,1215792,26220.0,nan,True,ok,True,ok
XY4QOph3HMQ,315,enabled,284692,4208.0,nan,True,ok,True,ok
15dd5nfmWh4,6872,enabled,1357917,19319.0,nan,True,ok,True,ok
0mccdi3V5HE,16,enabled,4863,61.0,nan,True,ok,True,ok
p4sDjT-q7z4,983,enabled,471109,6947.0,nan,True,ok,True,ok
YN10zSFennw,3367,enabled,4817847,27621.0,nan,True,ok,True,ok
jEzwndXO5Q0,1799,enabled,613302,6710.0,nan,True,ok,True,ok
_OlOGX5WVw4,1197,enabled,218577,1422.0,nan,True,ok,True,ok
CG7qzIiDiHk,54,enabled,24019,308.0,nan,True,ok,True,ok
LWDoj6TzF8Q,1841,enabled,4251088,22509.0,nan,True,ok,True,ok
XNPnwr_f6Pg,9433,enabled,4221183,46548.0,nan,True,ok,True,ok
DwXvLGPaj1k,41483,enabled,5171131,29109.0,nan,True,ok,True,ok
EtgvNKoacOY,166,enabled,215989,2794.0,nan,True,ok,True,ok
kGk-6hc3XRo,9335,enabled,5692104,61010.0,nan,True,ok,True,ok
nl3NjVdDCUI,13,enabled,6125,159.0,nan,True,ok,True,ok
AvyaM4CIagc,21965,enabled,23185999,296790.0,nan,True,ok,True,ok
FyT-y0rf6Ho,14,enabled,8759,217.0,nan,True,ok,True,ok
4LJzbmtTtes,594,enabled,276885,5353.0,nan,True,ok,True,ok
AYKgkG7gi0c,2873,enabled,22477033,63362.0,nan,True,ok,True,ok
O2cxqCykkcQ,1704,enabled,918306,7743.0,nan,True,ok,True,ok
s6CFi2EeThI,1365,enabled,986246,18596.0,nan,True,ok,True,ok
6MOSic_1GKU,665,enabled,1314452,6935.0,nan,True,ok,True,ok
K5R-j_oytyg,114,enabled,287365,2030.0,nan,True,ok,True,ok
f17lyOPBQ-I,1145,enabled,3186365,18942.0,nan,True,ok,True,ok
NipDOZ-7BRQ,512,enabled,232474,3479.0,nan,True,ok,True,ok
ZGl8vrceu1E,4066,enabled,15118180,52943.0,nan,True,ok,True,ok
nM9Uy4j4ePk,7286,enabled,9359689,29724.0,nan,True,ok,True,ok
8Ztnn8E4zxM,31,enabled,105068,216.0,nan,True,ok,True,ok
hP5AfBKORJE,185,enabled,204786,1688.0,nan,True,ok,True,ok
SeyxdiFkj64,2143,enabled,1750004,20253.0,nan,True,ok,True,ok
s8gyiAiijKQ,344,enabled,954270,8995.0,nan,True,ok,True,ok
uMN0cGnzgNk,138,enabled,20162,301.0,nan,True,ok,True,ok
vTucLv_7FWs,358,enabled,163775,1503.0,nan,True,ok,True,ok
3PF5NLTjUGc,208,enabled,302166,2138.0,nan,True,ok,True,ok
AKzUxkUAIPQ,15162,enabled,6033403,36815.0,nan,True,ok,True,ok
NBEmJbvVIQQ,1590,enabled,944763,13955.0,nan,True,ok,True,ok
lUaNo_L7AKU,1127,enabled,9930663,25723.0,nan,True,ok,True,ok
hsPbUR1Dj3s,505,enabled,172973,2367.0,nan,True,ok,True,ok
tsJ4dnDMphE,2079,enabled,664778,9185.0,nan,True,ok,True,ok
LKs6eJs6_ao,153,enabled,74068,1975.0,nan,True,ok,True,ok
gi3bchv-N4A,27,enabled,94163,373.0,nan,True,ok,True,ok
pvALjt6y3yU,111,enabled,26012,349.0,nan,True,ok,True,ok
834VIlWRWEE,122,enabled,694158,7283.0,nan,True,ok,True,ok
fTwgO8_tDdg,565,enabled,3034766,10267.0,nan,True,ok,True,ok
oWaMAgr2SkM,0,disabled,945516,6281.0,nan,False,disabled,True,ok
RkBEEiG-wd4,2116,enabled,3062286,24856.0,nan,True,ok,True,ok
CoV1K6Yd79A,181,enabled,45300,513.0,nan,True,ok,True,ok
WSGMBK4-X0k,0,disabled,3233994,8763.0,nan,False,disabled,True,ok
X0fRdlxq23c,268,enabled,128000,853.0,nan,True,ok,True,ok
tCWQuMpArI0,42,enabled,22207,445.0,nan,True,ok,True,ok
twpOQ6LaN2k,78,enabled,23840,450.0,nan,True,ok,True,ok
xn8JSRAScmc,3436,enabled,2402902,25515.0,nan,True,ok,True,ok
DN5VVNpCUQw,5976,enabled,4485296,37468.0,nan,True,ok,True,ok
K8MwhIaQcEQ,175,enabled,56536,1414.0,nan,True,ok,True,ok
Y2EViUZzb3Y,171,enabled,778781,4141.0,nan,True,ok,True,ok
ITrtE5U6oaA,1657,enabled,1238602,25761.0,nan,True,ok,True,ok
cScKgXZ571o,633,enabled,1298817,8966.0,nan,True,ok,True,ok
q9TMWl3GDko,132,enabled,144145,1214.0,nan,True,ok,True,ok
QXjv7mh9awU,665,enabled,435058,9235.0,nan,True,ok,True,ok
psh_iNG3Csw,9275,enabled,7120527,43066.0,nan,True,ok,True,ok
CLQLUWJqxNE,4602,enabled,885198,17422.0,nan,True,ok,True,ok
Ws4Doah0zw8,171,enabled,98039,1993.0,nan,True,ok,True,ok
SseHHn90bxs,49,enabled,48583,333.0,nan,True,ok,True,ok
p_8wosB8w_A,908,enabled,1282824,4686.0,nan,True,ok,True,ok
-rptJi585-U,2,enabled,1178,7.0,nan,True,ok,True,ok
n3rJUMdcOd8,4463,enabled,2017594,19124.0,nan,True,ok,True,ok
yZb3qsnr1Bw,345,enabled,271462,2669.0,nan,True,ok,True,ok
iwyGbbLSsMI,1007,enabled,500355,9247.0,nan,True,ok,True,ok
eqN3tlR4k38,5,enabled,26765,1748.0,nan,True,ok,True,ok
0zCesB5JfwQ,115,enabled,124449,3751.0,nan,True,ok,True,ok
FAepicOM-UI,310,enabled,616891,2178.0,nan,True,ok,True,ok
AojiX7QFuxM,658,enabled,308079,4048.0,nan,True,ok,True,ok
lbzTfDfljoU,453,enabled,783432,5519.0,nan,True,ok,True,ok
xylIrtB94iw,28,enabled,58063,340.0,nan,True,ok,True,ok
2noOfgkRKs0,15253,enabled,2432037,29181.0,nan,True,ok,True,ok
MpbSvJLy2wY,273,enabled,336154,6885.0,nan,True,ok,True,ok
lm7ROD7CLHw,216,enabled,70662,799.0,nan,True,ok,True,ok
91ak84i7bmE,129,enabled,49951,1581.0,nan,True,ok,True,ok
roU7-JmrSnY,3062,enabled,4202975,36486.0,nan,True,ok,True,ok
APqnfFT6OxY,222,enabled,177408,1243.0,nan,True,ok,True,ok
yi_Q82-e6uI,4712,enabled,852512,23429.0,nan,True,ok,True,ok
5InlBdjpj9w,8,enabled,5501,403.0,nan,True,ok,True,ok
jQEci13iQEo,45,enabled,12598,306.0,nan,True,ok,True,ok
PU06GuQ7svA,131,enabled,183352,849.0,nan,True,ok,True,ok
V2CciVqSA7g,43,enabled,88481,688.0,nan,True,ok,True,ok
_KeWSPQ4tcw,30,enabled,7319,568.0,nan,True,ok,True,ok
FNLqPQ3vCt0,18,enabled,132921,528.0,nan,True,ok,True,ok
XrJr1HToN2k,1012,enabled,3233549,17063.0,nan,True,ok,True,ok
pliOAe89rwI,9665,enabled,6725547,71009.0,nan,True,ok,True,ok
xlS1OfYvurI,15,enabled,9914,71.0,nan,True,ok,True,ok
8ufjWgYVDyM,15,enabled,9628,347.0,nan,True,ok,True,ok
9jBXGmWIj34,1026,enabled,514589,3644.0,nan,True,ok,True,ok
774HJQ9AdRk,12050,enabled,4366508,86578.0,nan,True,ok,True,ok
jd0YnWBnUGM,321,enabled,860098,3675.0,nan,True,ok,True,ok
75x0yB3x00o,1607,enabled,7187108,35275.0,nan,True,ok,True,ok
SzLNZ5NEeOQ,1684,enabled,417725,13978.0,nan,True,ok,True,ok
jPnua-wFYuE,373,enabled,258470,3810.0,nan,True,ok,True,ok
1IKjNrgDeIs,2558,enabled,765552,9672.0,nan,True,ok,True,ok
xlnud-AsrnE,50,enabled,42026,815.0,nan,True,ok,True,ok
el73D8ouA18,61,enabled,40819,413.0,nan,True,ok,True,ok
ayAtONNBj40,792,enabled,749589,15675.0,nan,True,ok,True,ok
RFsAbtAMPuY,250,enabled,293441,2430.0,nan,True,ok,True,ok
1kDn_Euvf44,509,enabled,4164625,15741.0,nan,True,ok,True,ok
-J_NwcNDM94,0,disabled,5457571,26058.0,nan,False,disabled,True,ok
nOq82kf4O3c,0,disabled,477369,3214.0,nan,False,disabled,True,ok
5xQH8NSGRzI,11139,enabled,16414846,92312.0,nan,True,ok,True,ok
y0923ck6JcE,62,enabled,26941,444.0,nan,True,ok,True,ok
6ucUgmUflos,7,enabled,15060,130.0,nan,True,ok,True,ok
3Ka7B3hCg08,10952,enabled,20262295,368479.0,nan,True,ok,True,ok
O5Agd0H_6oQ,965,enabled,3783667,18453.0,nan,True,ok,True,ok
bXhDOQhOwjo,616,enabled,959094,13937.0,nan,True,ok,True,ok
DrYNJkwVwC4,1206,enabled,808922,16206.0,nan,True,ok,True,ok
kR1KRvhnliI,0,disabled,831816,6038.0,nan,False,disabled,True,ok
vCDvigqGUL8,24,enabled,33407,431.0,nan,True,ok,True,ok
NKdQRTkQE4U,703,enabled,346837,6546.0,nan,True,ok,True,ok
1qLJwXJE3yo,915,enabled,289074,6769.0,nan,True,ok,True,ok
ii9E2Nt_4lw,2719,enabled,13300993,134019.0,nan,True,ok,True,ok
4P-vxk3wS1M,21457,enabled,17190228,207645.0,nan,True,ok,True,ok
X_MU85-Yzjc,11,enabled,22543,264.0,nan,True,ok,True,ok
bwW8AG4CKE4,4196,enabled,3543843,48806.0,nan,True,ok,True,ok
_o1Gz9pNHc0,3619,enabled,2430911,12478.0,nan,True,ok,True,ok
kNDapxeu_9Q,3913,enabled,7237708,87365.0,nan,True,ok,True,ok
4qBydei4RVg,2649,enabled,5578053,27418.0,nan,True,ok,True,ok
FekZTMQ9ovM,16547,enabled,11884428,93210.0,nan,True,ok,True,ok
ZeLcCEVYCJo,603,enabled,419456,4106.0,nan,True,ok,True,ok
ZnznxfYXr5U,27,enabled,31636,211.0,nan,True,ok,True,ok
sDNAnPMX564,803,enabled,100088,1601.0,nan,True,ok,True,ok
gykeBdj6S2o,463,enabled,122710,2419.0,nan,True,ok,True,ok
ndxssbwwGZU,1991,enabled,3468156,13587.0,nan,True,ok,True,ok
ZtlI2Yhiivg,481,enabled,246770,3090.0,nan,True,ok,True,ok
3c9miF5ujNs,7,enabled,10475,97.0,nan,True,ok,True,ok
2KJzyB57n7w,5,enabled,23083,46.0,nan,True,ok,True,ok
bEV0MCO18B8,26,enabled,98762,865.0,nan,True,ok,True,ok
XdXWpEFGEUE,255,enabled,297796,6437.0,nan,True,ok,True,ok
XPgHLSxwcSs,888,enabled,360587,5189.0,nan,True,ok,True,ok
Px8ncdwPldE,158,enabled,84876,2871.0,nan,True,ok,True,ok
NN4PegHL8dc,3074,enabled,5436240,43973.0,nan,True,ok,True,ok
oDvMqM35Hdg,641,enabled,2752319,10421.0,nan,True,ok,True,ok
DFH05nZ4-u0,6810,enabled,1676501,8149.0,nan,True,ok,True,ok
ucQe-3XLEDE,1357,enabled,3754040,20616.0,nan,True,ok,True,ok
ILU2aiRaugg,30,enabled,44162,271.0,nan,True,ok,True,ok
f8T4u4Pn1jQ,1727,enabled,629876,8685.0,nan,True,ok,True,ok
sULV-2aA0dI,666,enabled,363513,6863.0,nan,True,ok,True,ok
NcKuK7mrsNw,199,enabled,313288,3138.0,nan,True,ok,True,ok
6b57uVMhM4Q,3482,enabled,2102416,42896.0,nan,True,ok,True,ok
N05FSw-va0M,206,enabled,631421,3360.0,nan,True,ok,True,ok
q9fu3SBm-PU,5406,enabled,10172277,73147.0,nan,True,ok,True,ok
4hlPxKSOPwE,130,enabled,36292,1278.0,nan,True,ok,True,ok
S9d2QkCncuE,7339,enabled,824342,5621.0,nan,True,ok,True,ok
JrbnTZPjg0k,2172,enabled,7828477,105000.0,nan,True,ok,True,ok
CCzC7yooam0,1254,enabled,891638,3885.0,nan,True,ok,True,ok
KBgB0VMcRYQ,669,enabled,255630,4490.0,nan,True,ok,True,ok
eKIzYWq-CRk,3290,enabled,10145637,31794.0,nan,True,ok,True,ok
Nsu-UBhWYmk,223,enabled,89947,1700.0,nan,True,ok,True,ok
kl_cZNi3r8A,2758,enabled,2031827,27537.0,nan,True,ok,True,ok
bxBSF6Nh49A,894,enabled,595511,3421.0,nan,True,ok,True,ok
2-zbRsyyAKM,7276,enabled,6625298,67773.0,nan,True,ok,True,ok
evvwk6IFoSY,29214,enabled,14723326,142716.0,nan,True,ok,True,ok
ieMF_mjow48,137,enabled,1161731,6836.0,nan,True,ok,True,ok
oyxHLbcsV0M,1207,enabled,3431121,16327.0,nan,True,ok,True,ok
g5C0TXYQdqc,5106,enabled,1624767,44883.0,nan,True,ok,True,ok
EHyXQMl5t3o,569,enabled,2660650,12534.0,nan,True,ok,True,ok
xIrrk0-WxMI,530,enabled,594711,3434.0,nan,True,ok,True,ok
eio1jVXSarw,0,disabled,9314,153.0,nan,False,disabled,True,ok
ZMSxwX8TWbQ,1335,enabled,521850,13220.0,nan,True,ok,True,ok
kGZvE_gO0GA,1127,enabled,419160,7018.0,nan,True,ok,True,ok
lnKnxlziPkA,29,enabled,2654,86.0,nan,True,ok,True,ok
09VQFGiCw7Q,215,enabled,28533,1132.0,nan,True,ok,True,ok
hVBKuzXtodw,1459,enabled,1376167,8630.0,nan,True,ok,True,ok
9JqDWUv0068,14520,enabled,12700771,75607.0,nan,True,ok,True,ok
JyW7hKZWjzQ,4284,enabled,2592045,32047.0,nan,True,ok,True,ok
9KcJbyN7ipY,626,enabled,1769022,12658.0,nan,True,ok,True,ok
npXFztJBVzA,5901,enabled,4715988,45323.0,nan,True,ok,True,ok
-DcQ3ISWRyg,0,disabled,40395,950.0,nan,False,disabled,True,ok
MSx_rMsPy08,1154,enabled,183735,1218.0,nan,True,ok,True,ok
vVR0Wf51vuM,891,enabled,54239,1362.0,nan,True,ok,True,ok
mh9Z3Cd0Aq8,4684,enabled,963259,15942.0,nan,True,ok,True,ok
5s-Q708g-fE,1803,enabled,1991922,19023.0,nan,True,ok,True,ok
2lnDCGM96M0,44,enabled,9875,325.0,nan,True,ok,True,ok
pFmw2G9ixos,9064,enabled,8914106,64234.0,nan,True,ok,True,ok
rBrRxTLvV64,92,enabled,33630,596.0,nan,True,ok,True,ok
8nBeyWqmd6Y,206,enabled,130828,2154.0,nan,True,ok,True,ok
fp2iBZ924B0,575,enabled,266032,2883.0,nan,True,ok,True,ok
MqdpfgjMiXI,283,enabled,55025,677.0,nan,True,ok,True,ok
5y6v5qcYwHo,1027,enabled,917040,16261.0,nan,True,ok,True,ok
q_6r6qnUVfk,2273,enabled,745068,16041.0,nan,True,ok,True,ok
vty3wkEbMv8,5648,enabled,2013250,27848.0,nan,True,ok,True,ok
z6n-58XukXA,10,enabled,3416,65.0,nan,True,ok,True,ok
FX5oIAOC1aE,208,enabled,63609,1064.0,nan,True,ok,True,ok
d0bSIvqalgE,2566,enabled,465116,6095.0,nan,True,ok,True,ok
_unAfYphJjY,9410,enabled,16393276,134559.0,nan,True,ok,True,ok
JqRSkaLGsQA,23,enabled,21435,250.0,nan,True,ok,True,ok
ytAGaQtvd1w,10,enabled,602,10.0,nan,True,ok,True,ok
AsSB8eFpx9E,0,zero,849388,11390.0,nan,False,disabled,True,ok
8aMJzV8dNeY,228,enabled,259911,2268.0,nan,True,ok,True,ok
iCRyq-UAOBY,678,enabled,632602,12136.0,nan,True,ok,True,ok
0qYlSa7qdRc,478,enabled,901038,4004.0,nan,True,ok,True,ok
W3TiLnePV7g,69,enabled,87579,658.0,nan,True,ok,True,ok
uRZ_SxJ7tnI,41,enabled,126642,805.0,nan,True,ok,True,ok
IUKEzK64kug,45,enabled,24785,447.0,nan,True,ok,True,ok
RWmdKFyON5s,7869,enabled,21582046,115729.0,nan,True,ok,True,ok
FgBixSFoi8Y,45,enabled,12880,167.0,nan,True,ok,True,ok
mGxpw4K5Tq4,18074,enabled,35634872,394330.0,nan,True,ok,True,ok
nK5bj8iJsvs,2100,enabled,90223,961.0,nan,True,ok,True,ok
FSu19nz7NlE,1302,enabled,5477636,17170.0,nan,True,ok,True,ok
DZAUuK-z5Co,19417,enabled,2603531,56898.0,nan,True,ok,True,ok
fnm5D6URseI,132,enabled,923357,2188.0,nan,True,ok,True,ok
UXmCFYMR1Xc,1282,enabled,184316,3584.0,nan,True,ok,True,ok
azSYefZhv1s,41758,enabled,8469589,232682.0,nan,True,ok,True,ok
_J0bLR4vYrU,2,enabled,453,10.0,nan,True,ok,True,ok
A60kWg9IRSA,2,enabled,934,8.0,nan,True,ok,True,ok
Jn81ra2sw7o,1077,enabled,360278,4719.0,nan,True,ok,True,ok
_QNghkvS6L4,1143,enabled,1419123,11255.0,nan,True,ok,True,ok
lLn30znyaOk,5910,enabled,1695763,7532.0,nan,True,ok,True,ok
LsoYmWsAsbI,38,enabled,5994,200.0,nan,True,ok,True,ok
Evl1fc4MikY,93,enabled,87396,674.0,nan,True,ok,True,ok
sPoJFOn04g8,256,enabled,126066,1508.0,nan,True,ok,True,ok
ZJTFcPvHEjs,1635,enabled,973475,11789.0,nan,True,ok,True,ok
m8RMv0tkwVk,5433,enabled,3242359,38490.0,nan,True,ok,True,ok
5cmAbkMTeZY,20,enabled,74958,275.0,nan,True,ok,True,ok
Fzs8iR3Nyes,137,enabled,126114,1422.0,nan,True,ok,True,ok
6_AnYabucKo,1306,enabled,1522715,27601.0,nan,True,ok,True,ok
j6dWirO1WQg,121,enabled,47917,832.0,nan,True,ok,True,ok
JT9yYXKY-i0,226,enabled,43730,1840.0,nan,True,ok,True,ok
7Po3ClKtUpc,115,enabled,40969,1473.0,nan,True,ok,True,ok
9OITF6aY-48,2154,enabled,3651629,14116.0,nan,True,ok,True,ok
SVcZiuBsZwU,4,enabled,9386,88.0,nan,True,ok,True,ok
VUAS6AhQLZk,997,enabled,261667,5916.0,nan,True,ok,True,ok
n9R5dgKgVi0,87,enabled,91484,1753.0,nan,True,ok,True,ok
sn1sJbjZqx8,161,enabled,280270,6261.0,nan,True,ok,True,ok
jDqFzw4AQa4,118,enabled,124718,1551.0,nan,True,ok,True,ok
lRfri5r1lCE,614,enabled,202477,6145.0,nan,True,ok,True,ok
8W56AheQRkE,5984,enabled,7400628,105894.0,nan,True,ok,True,ok
I009BvbLvwk,4928,enabled,480919,7703.0,nan,True,ok,True,ok
msL5jCuau9c,3581,enabled,1812834,15749.0,nan,True,ok,True,ok
ZmzTJ-JOLx8,3412,enabled,1051108,7085.0,nan,True,ok,True,ok
2AYWcxyNyQI,173,enabled,94969,968.0,nan,True,ok,True,ok
7vKkcW6HAPo,85,enabled,161051,905.0,nan,True,ok,True,ok
bvyRvAkAWJs,2998,enabled,3513937,43695.0,nan,True,ok,True,ok
UHO95VQdK4c,333,enabled,37095,1524.0,nan,True,ok,True,ok
PInj7PB63-I,24,enabled,20188,369.0,nan,True,ok,True,ok
kSU-wnNzk-I,30,enabled,189450,784.0,nan,True,ok,True,ok
GbmunpHcxxE,3472,enabled,1853120,9503.0,nan,True,ok,True,ok
lUgosf8LufQ,6123,enabled,1847003,32878.0,nan,True,ok,True,ok
s6KlF0fSeSg,2867,enabled,1434818,9220.0,nan,True,ok,True,ok
ebsnDYC7udk,2849,enabled,415909,7180.0,nan,True,ok,True,ok
V9WQnyTTF-w,1294,enabled,8539095,28841.0,nan,True,ok,True,ok
b80PUuWeCjA,1622,enabled,532446,10922.0,nan,True,ok,True,ok
LKvsbUiZzeI,16,enabled,9912,142.0,nan,True,ok,True,ok
6GJ6HaHhjMk,65,enabled,843060,1777.0,nan,True,ok,True,ok
Dj7Nk92il2k,43,enabled,7837,196.0,nan,True,ok,True,ok
h4LlHXz7WgA,0,disabled,98104,702.0,nan,False,disabled,True,ok
5fFw72QJbFc,264,enabled,71853,1597.0,nan,True,ok,True,ok
bFJbRrskxnM,288,enabled,1099612,4547.0,nan,True,ok,True,ok
k2kYe5nOjz0,231,enabled,263872,2796.0,nan,True,ok,True,ok
cKszJ_wE4KI,181,enabled,82969,1172.0,nan,True,ok,True,ok
a5PkySpZt0o,589,enabled,1830770,11136.0,nan,True,ok,True,ok
z3RXQi5WU4s,695,enabled,801394,6562.0,nan,True,ok,True,ok
YI4KdnMEFZE,533,enabled,462008,7791.0,nan,True,ok,True,ok
RycjL_fYH14,15885,enabled,11763886,266536.0,nan,True,ok,True,ok
gP-Ztcujztw,5392,enabled,4067380,47358.0,nan,True,ok,True,ok
7EkJdJj5KYU,777,enabled,4196650,20217.0,nan,True,ok,True,ok
lHLQTB7Byqg,1963,enabled,642539,14749.0,nan,True,ok,True,ok
z3LBshsGJsU,222,enabled,143331,2398.0,nan,True,ok,True,ok
RpXiFhlcAyY,68,enabled,43246,519.0,nan,True,ok,True,ok
UD6nD1g8zqo,11419,enabled,5327751,88762.0,nan,True,ok,True,ok
KB_15Xt5T-M,1247,enabled,175167,2455.0,nan,True,ok,True,ok
OQ-RJ72TNCE,6242,enabled,2437316,29093.0,nan,True,ok,True,ok
pJzBBtbf7bk,512,enabled,874562,7334.0,nan,True,ok,True,ok
cC6sIO4Ls88,1765,enabled,1636162,6836.0,nan,True,ok,True,ok
nIz0beO9SP0,676,enabled,1331597,10143.0,nan,True,ok,True,ok
UGG-VvqO81g,2228,enabled,2976950,38166.0,nan,True,ok,True,ok
IVACjnYXf18,1350,enabled,2125189,26768.0,nan,True,ok,True,ok
9MgDN2Rjk44,994,enabled,4175427,23079.0,nan,True,ok,True,ok
5VqhIzigk1s,6641,enabled,19569978,71790.0,nan,True,ok,True,ok
uFfMvSv4M_c,1315,enabled,2388289,11976.0,nan,True,ok,True,ok
1x3dZYuFopY,0,disabled,11634886,247031.0,nan,False,disabled,True,ok
ixlgbdjFaYg,18113,enabled,7170686,251317.0,nan,True,ok,True,ok
mfZcc1OCXTg,163,enabled,56953,322.0,nan,True,ok,True,ok
u1bpI-49BzY,1115,enabled,3496217,29191.0,nan,True,ok,True,ok
o_haqn8fvnk,67,enabled,4146,65.0,nan,True,ok,True,ok
6vTR8DbC5Qk,50,enabled,8500,202.0,nan,True,ok,True,ok
HzSnL3J3_PY,731,enabled,503235,5245.0,nan,True,ok,True,ok
d-ETZ1r3FvY,27102,enabled,5215442,88035.0,nan,True,ok,True,ok
4w188beHMto,29,enabled,17315,318.0,nan,True,ok,True,ok
OcS02M9lGs0,4628,enabled,1504349,30157.0,nan,True,ok,True,ok
v66C3Ef2r3o,13605,enabled,17257895,81227.0,nan,True,ok,True,ok
cuDDZe3MYvc,1324,enabled,1650895,23289.0,nan,True,ok,True,ok
UKc271fj2ok,8896,enabled,32087923,277924.0,nan,True,ok,True,ok
RLadIgyt0qo,17,enabled,9572,354.0,nan,True,ok,True,ok
Pw9zo0XnGS4,168,enabled,37963,814.0,nan,True,ok,True,ok
vB4099CsDpU,231,enabled,107364,1669.0,nan,True,ok,True,ok
JbK8uKuq4Ac,581,enabled,286197,5238.0,nan,True,ok,True,ok
xHIykZgE7HY,99086,enabled,3241947,49435.0,nan,True,ok,True,ok
ozJdKFd8pXw,7155,enabled,8909289,206700.0,nan,True,ok,True,ok
Nj_3CDfByOE,694,enabled,462279,6463.0,nan,True,ok,True,ok
JjLNIjN4vYs,5076,enabled,3474004,21133.0,nan,True,ok,True,ok
PR_KB1b7B-A,6978,enabled,3830461,55055.0,nan,True,ok,True,ok
Mzf2I8C4Q24,37,enabled,26229,284.0,nan,True,ok,True,ok
w5Jq4Dxwcr4,0,zero,1554925,12438.0,nan,False,disabled,True,ok
-YbxjN53TDM,30,enabled,48953,435.0,nan,True,ok,True,ok
RBftKSN2ey0,104,enabled,161623,3368.0,nan,True,ok,True,ok
x3gq1p_CwCE,950,enabled,2313862,19609.0,nan,True,ok,True,ok
gTAG0ZWwiGs,3030,enabled,9584847,35746.0,nan,True,ok,True,ok
P6NhDB3yXFY,7340,enabled,2730755,39457.0,nan,True,ok,True,ok
QaraSn8u7mM,8111,enabled,1740726,24991.0,nan,True,ok,True,ok
WYhvnyOPhFo,34433,enabled,17911369,167660.0,nan,True,ok,True,ok
JwtBA6hnbyo,583,enabled,262864,4325.0,nan,True,ok,True,ok
2tIgpBKWRHg,412,enabled,231988,2544.0,nan,True,ok,True,ok
snniTFCvvpo,952,enabled,325303,5981.0,nan,True,ok,True,ok
iMcyIXdMWPg,838,enabled,2729975,15941.0,nan,True,ok,True,ok
k-n_RDM3tns,181,enabled,55800,851.0,nan,True,ok,True,ok
yvinJsqSknU,5903,enabled,4401242,41387.0,nan,True,ok,True,ok
SDaWVYXBxZg,5762,enabled,2449500,26371.0,nan,True,ok,True,ok
DBBQ02Xu0ew,314,enabled,299318,4946.0,nan,True,ok,True,ok
_tP5iipeQUQ,114,enabled,399530,1850.0,nan,True,ok,True,ok
qcj63adpexM,958,enabled,205860,4349.0,nan,True,ok,True,ok
SJRAj1Rnu-w,62,enabled,68442,729.0,nan,True,ok,True,ok
hCUUPg3tMzY,15,enabled,16943,531.0,nan,True,ok,True,ok
6eN6vHRwi3s,1959,enabled,776454,8528.0,nan,True,ok,True,ok
9PN3JOGzVJM,4253,enabled,1608569,31765.0,nan,True,ok,True,ok
mN47CXTHOY8,624,enabled,218120,3620.0,nan,True,ok,True,ok
4azZc8Ugpe4,525,enabled,194186,4394.0,nan,True,ok,True,ok
rdmIJ9q6xqQ,1604,enabled,493759,8889.0,nan,True,ok,True,ok
UY-u6E_gaNA,63,enabled,52083,903.0,nan,True,ok,True,ok
1-CfD0iBjKA,96,enabled,34122,1736.0,nan,True,ok,True,ok
d7LfenRoTc0,11,enabled,4279,119.0,nan,True,ok,True,ok
0gIp8lU8HKg,29,enabled,40699,420.0,nan,True,ok,True,ok
Uxij9V_abwk,54,enabled,46725,483.0,nan,True,ok,True,ok
fFb4kuWGjDk,5793,enabled,2200081,28428.0,nan,True,ok,True,ok
_Up5xtiw1_o,35496,enabled,2062099,26221.0,nan,True,ok,True,ok
ZtiYlGeV4Fk,9270,enabled,4040000,33357.0,nan,True,ok,True,ok
hFTnTPl_9G0,2106,enabled,1599813,13851.0,nan,True,ok,True,ok
bvOstFxpX7A,17,enabled,7104,106.0,nan,True,ok,True,ok
qXA4x_uve3g,16098,enabled,8903401,137710.0,nan,True,ok,True,ok
Ib5ClFrYaXo,3160,enabled,1191261,18540.0,nan,True,ok,True,ok
uLaPMIsyieE,329,enabled,486738,2546.0,nan,True,ok,True,ok
OKGX7gQnxpc,16647,enabled,46479444,1289200.0,nan,True,ok,True,ok
K_d6fsnZv9g,21,enabled,53814,472.0,nan,True,ok,True,ok
L6H71QMJPUI,7715,enabled,3897088,51041.0,nan,True,ok,True,ok
04pAmVYXQBM,1075,enabled,361278,1710.0,nan,True,ok,True,ok
enXPo5k2AcM,114,enabled,34038,876.0,nan,True,ok,True,ok
4R0qUZGavnM,478,enabled,248961,3195.0,nan,True,ok,True,ok
KBpGxb_unmc,470,enabled,102776,1558.0,nan,True,ok,True,ok
JkVOwRRKb6k,489,enabled,352520,5131.0,nan,True,ok,True,ok
rRD_JIfF5zw,2876,enabled,684710,9780.0,nan,True,ok,True,ok
PFUo_1X_YEU,955,enabled,365947,8350.0,nan,True,ok,True,ok
c3LfgHTJn-c,4054,enabled,2417555,21890.0,nan,True,ok,True,ok
6x9g4JzrRpo,18,enabled,20986,225.0,nan,True,ok,True,ok
raAWkdEeWUo,130,enabled,141862,3970.0,nan,True,ok,True,ok
ibwbImumq4g,3018,enabled,1909442,17547.0,nan,True,ok,True,ok
E9ur2zH9_PM,7,enabled,187,11.0,nan,True,ok,True,ok
cF5zjNLVdPk,146,enabled,350035,2250.0,nan,True,ok,True,ok
XwAjpmBzZJs,310,enabled,95767,946.0,nan,True,ok,True,ok
a8XLsqmeMUE,1065,enabled,3288931,22030.0,nan,True,ok,True,ok
0uxk9g-NN6A,5240,enabled,11498764,76307.0,nan,True,ok,True,ok
g3IF5MswmVw,2,enabled,6960,53.0,nan,True,ok,True,ok
y3DAhPxP7hw,1168,enabled,4035084,6680.0,nan,True,ok,True,ok
5YuGHBmv9wk,10202,enabled,17303266,100897.0,nan,True,ok,True,ok
2WRqD9F7G_A,1107,enabled,399166,8619.0,nan,True,ok,True,ok
G2vUD78dOrk,200,enabled,134197,3820.0,nan,True,ok,True,ok
u3Kk7PG_Up4,315,enabled,162663,1671.0,nan,True,ok,True,ok
sOhhtQTNoiU,0,disabled,69024462,221916.0,nan,False,disabled,True,ok
GAd73BSTLV0,741,enabled,189362,2193.0,nan,True,ok,True,ok
2DNioliqOug,3203,enabled,9840246,248821.0,nan,True,ok,True,ok
-fhglaeWoyc,10,enabled,30820,297.0,nan,True,ok,True,ok
e_-ojQ_uGIw,22,enabled,42388,320.0,nan,True,ok,True,ok
bxJGOZlyGHg,768,enabled,1431223,4154.0,nan,True,ok,True,ok
imssgkGqVNc,4478,enabled,5177095,31567.0,nan,True,ok,True,ok
2WE1vL8gAWA,170,enabled,4589,79.0,nan,True,ok,True,ok
R98E2abtwy0,2,enabled,1566,42.0,nan,True,ok,True,ok
HNM6wUfxejo,1499,enabled,345093,7267.0,nan,True,ok,True,ok
0KP15lwyZYo,990,enabled,2810821,10375.0,nan,True,ok,True,ok
aXj-ZjxUIDw,552,enabled,648108,5582.0,nan,True,ok,True,ok
CafuK3DKVFI,0,disabled,4442955,46880.0,nan,False,disabled,True,ok
IoJZGtIAwyM,436,enabled,157653,4456.0,nan,True,ok,True,ok
CW_zRICmTJk,5513,enabled,3343771,37440.0,nan,True,ok,True,ok
zvduo1w8ZiA,167,enabled,1401427,10485.0,nan,True,ok,True,ok
2w5mPb9XAlM,1371,enabled,840517,10687.0,nan,True,ok,True,ok
hzNP6Inb24M,4981,enabled,1970411,33036.0,nan,True,ok,True,ok
elvg7RtIq8M,30,enabled,14744,258.0,nan,True,ok,True,ok
Qm8qFKC3aMk,922,enabled,5690716,45154.0,nan,True,ok,True,ok
9eSAG_9c9z0,13,enabled,11654,124.0,nan,True,ok,True,ok
b0KSxH37gVE,205,enabled,1526244,4119.0,nan,True,ok,True,ok
ewuWGYcBZko,1,enabled,1651,43.0,nan,True,ok,True,ok
xogJ5cPZumM,1356,enabled,1524934,9056.0,nan,True,ok,True,ok
D6wmz6HQBWc,1352,enabled,3782177,21761.0,nan,True,ok,True,ok
Rh1pXkFczSg,2639,enabled,5782620,30248.0,nan,True,ok,True,ok
GeCrvPe3FjU,728,enabled,328777,2670.0,nan,True,ok,True,ok
VwBGoIO-4T4,5233,enabled,4132899,39524.0,nan,True,ok,True,ok
ZM7r5H1dVFg,98898,enabled,24505092,315236.0,nan,True,ok,True,ok
bK75CblneeQ,38,enabled,78147,1579.0,nan,True,ok,True,ok
W7WMs9xddeU,1057,enabled,457133,3826.0,nan,True,ok,True,ok
wwirtjbG76Y,1641,enabled,709074,7552.0,nan,True,ok,True,ok
0OKXCtarfMI,3,enabled,3195,43.0,nan,True,ok,True,ok
qh8Jvk0Jm-I,0,disabled,67009,338.0,nan,False,disabled,True,ok
KkEeOrhjaYc,24,enabled,26440,976.0,nan,True,ok,True,ok
hT6lY31kDkE,798,enabled,2244470,6742.0,nan,True,ok,True,ok
QwqMbj88lT8,111321,enabled,12757837,232911.0,nan,True,ok,True,ok
7X3LC0lSf-8,795,enabled,4330052,17576.0,nan,True,ok,True,ok
emOl84euLfk,14325,enabled,4034441,21275.0,nan,True,ok,True,ok
nDh7xG2_Eio,17,enabled,14133,253.0,nan,True,ok,True,ok
INgwKE5xejQ,49,enabled,185491,860.0,nan,True,ok,True,ok
ZERbnT1eWFM,0,zero,914823,7527.0,nan,False,disabled,True,ok
vzW48QrE6bk,1619,enabled,1414271,16598.0,nan,True,ok,True,ok
aOuHy_-UaE0,1728,enabled,1891984,16120.0,nan,True,ok,True,ok
Dau_f5FN3Io,1242,enabled,2801859,13555.0,nan,True,ok,True,ok
ok8x3xDWVy8,924,enabled,563136,6950.0,nan,True,ok,True,ok
5FOcqRA2Wgc,620,enabled,2557138,8997.0,nan,True,ok,True,ok
hrGhIrpv0BM,14,enabled,1250,16.0,nan,True,ok,True,ok
OYKPvPbm2jA,9581,enabled,12193635,196800.0,nan,True,ok,True,ok
din7ogl1Ewg,128,enabled,214643,1089.0,nan,True,ok,True,ok
Hn44wy93smw,292,enabled,315548,6209.0,nan,True,ok,True,ok
A0Xqsf6-KEI,1317,enabled,1506431,20514.0,nan,True,ok,True,ok
aNx-1qiST3k,265,enabled,82539,480.0,nan,True,ok,True,ok
Y66mqSOV9js,505,enabled,435648,5807.0,nan,True,ok,True,ok
31UmSck4i8U,40,enabled,23864,131.0,nan,True,ok,True,ok
x5rzPgEV-NA,8802,enabled,5076010,41097.0,nan,True,ok,True,ok
Zd2WXDkdnSY,20623,enabled,8605848,117008.0,nan,True,ok,True,ok
flCDCPsMKoM,131,enabled,35923,977.0,nan,True,ok,True,ok
chcun4_DdGQ,278,enabled,44691,1290.0,nan,True,ok,True,ok
5eLQkh-4wXM,30,enabled,11647,199.0,nan,True,ok,True,ok
o5iUZbLigtk,50,enabled,19608,986.0,nan,True,ok,True,ok
Dhsvwu3xEnw,89,enabled,127736,809.0,nan,True,ok,True,ok
DUifCq_mWXQ,145,enabled,608060,3703.0,nan,True,ok,True,ok
Eb0VCVyOOco,165,enabled,80700,1062.0,nan,True,ok,True,ok
q-dQdSXnhAY,5168,enabled,20149081,82979.0,nan,True,ok,True,ok
Y8Mx-3DvmAw,765,enabled,988479,5350.0,nan,True,ok,True,ok
SDUWutN67f8,3417,enabled,2804542,8550.0,nan,True,ok,True,ok
7qCESSohvT4,10929,enabled,4594545,61477.0,nan,True,ok,True,ok
lKxbgy3n4cA,11434,enabled,5675255,44768.0,nan,True,ok,True,ok
hLozMwCrM9w,4322,enabled,3675903,24851.0,nan,True,ok,True,ok
tkRSIaf-VJs,707,enabled,223641,5413.0,nan,True,ok,True,ok
cix92rAvErk,169,enabled,764463,4312.0,nan,True,ok,True,ok
C4aHphlpzB0,72,enabled,9330,220.0,nan,True,ok,True,ok
qixKtRIQIC0,142,enabled,29332,620.0,nan,True,ok,True,ok
8KDBwyU2kto,10,enabled,2181,34.0,nan,True,ok,True,ok
vjKOL9O-CXQ,5,enabled,586,16.0,nan,True,ok,True,ok
EAN82Gdz7Jo,355,enabled,1110614,5592.0,nan,True,ok,True,ok
Ri2852ICTh4,32,enabled,39581,414.0,nan,True,ok,True,ok
4cdU17WVqN4,202,enabled,381355,2307.0,nan,True,ok,True,ok
-RfsfNsp1vs,9518,enabled,41622736,747376.0,nan,True,ok,True,ok
ZG93cyyRWbg,816,enabled,681947,12844.0,nan,True,ok,True,ok
KTViaGA1cqA,1566,enabled,8601593,38404.0,nan,True,ok,True,ok
L3GJiAprbRQ,800,enabled,710120,6909.0,nan,True,ok,True,ok
7ZLfBDeqU6g,1205,enabled,7282658,56365.0,nan,True,ok,True,ok
PFxmasZDI9g,191,enabled,51639,1415.0,nan,True,ok,True,ok
hHv3mHwg6y0,24,enabled,151827,1245.0,nan,True,ok,True,ok
15C40ArADd0,1210,enabled,722578,8145.0,nan,True,ok,True,ok
H2_ua-lCn60,3078,enabled,3752113,29273.0,nan,True,ok,True,ok
GMFVQwdS21Q,2402,enabled,1538145,21227.0,nan,True,ok,True,ok
6KTM7bcauRk,20,enabled,11159,138.0,nan,True,ok,True,ok
RYovaSaVBAg,1337,enabled,69315,2045.0,nan,True,ok,True,ok
Iz8LtbrCMs8,57,enabled,85121,708.0,nan,True,ok,True,ok
jUj1kh-JpUo,574,enabled,135306,2384.0,nan,True,ok,True,ok
TCm7B-inSOg,387,enabled,156319,2910.0,nan,True,ok,True,ok
F_TtvDbJ1kI,2254,enabled,1178763,11706.0,nan,True,ok,True,ok
JRUTSGBX9sg,3141,enabled,1119866,30835.0,nan,True,ok,True,ok
5pUz4wrFu7g,157,enabled,74728,2530.0,nan,True,ok,True,ok
mnV0BaqBWxo,9860,enabled,7158542,49436.0,nan,True,ok,True,ok
ipWLeP59tG8,77,enabled,19917,458.0,nan,True,ok,True,ok
fJrmbhGSH3k,80,enabled,11806,138.0,nan,True,ok,True,ok
SDIsHJxEvjw,3942,enabled,1319604,24476.0,nan,True,ok,True,ok
tyHHTjYxRKA,61,enabled,53549,664.0,nan,True,ok,True,ok
mV-0nMPpshM,5469,enabled,7356456,68686.0,nan,True,ok,True,ok
irihj3tg8zI,142,enabled,40274,1281.0,nan,True,ok,True,ok
6XCLWNG7Fb0,570,enabled,2196647,14856.0,nan,True,ok,True,ok
BicD0RF_H4g,4804,enabled,4476041,19720.0,nan,True,ok,True,ok
Yrgh_kXNKxM,3341,enabled,1702076,30289.0,nan,True,ok,True,ok
7GT16s87M-k,2359,enabled,1951288,27264.0,nan,True,ok,True,ok
kKXHcySbawo,1058,enabled,2750643,14075.0,nan,True,ok,True,ok
yBgYPkfpsFY,121,enabled,68742,1534.0,nan,True,ok,True,ok
1W-mVDuE6Ig,591,enabled,727779,5076.0,nan,True,ok,True,ok
5o9bGoaIBww,33,enabled,32189,159.0,nan,True,ok,True,ok
kE0BbuBKJ7g,836,enabled,3676393,21402.0,nan,True,ok,True,ok
SF_UL0TKh44,109,enabled,62280,1063.0,nan,True,ok,True,ok
mDIkpI414YI,28,enabled,362706,341.0,nan,True,ok,True,ok
PSKevgNg3xI,790,enabled,2998903,10137.0,nan,True,ok,True,ok
XfNOQB2PN-A,23988,enabled,28604097,236515.0,nan,True,ok,True,ok
Tn5e-QxuGlg,103,enabled,65838,721.0,nan,True,ok,True,ok
MqHxDv3ri2Y,999,enabled,789059,14356.0,nan,True,ok,True,ok
0uATfA_WoTA,8111,enabled,9258779,124880.0,nan,True,ok,True,ok
gUF0kxQhosA,103,enabled,175541,1004.0,nan,True,ok,True,ok
20easSWzGRg,134,enabled,908802,3609.0,nan,True,ok,True,ok
lNWPbA9_ccI,2519,enabled,989308,11964.0,nan,True,ok,True,ok
vQQ8dp2RveM,128,enabled,215311,1030.0,nan,True,ok,True,ok
aqV1SkXWTIs,51,enabled,66827,735.0,nan,True,ok,True,ok
76_NaD6DqyU,3969,enabled,840646,15425.0,nan,True,ok,True,ok
_-7_FJcamz4,0,disabled,8978,206.0,nan,False,disabled,True,ok
tL_SGsOKMW4,1119,enabled,1874930,27137.0,nan,True,ok,True,ok
5NIZ9kKEqSc,44,enabled,15075,333.0,nan,True,ok,True,ok
KNHrqoUjtzI,1729,enabled,3531345,20326.0,nan,True,ok,True,ok
-tyDRH17x2I,0,zero,426051,7110.0,nan,False,disabled,True,ok
CcuRe39tGK4,34,enabled,42930,461.0,nan,True,ok,True,ok
oeRmZf9SIto,825,enabled,1655892,9009.0,nan,True,ok,True,ok
g7Nuwo0LLGk,5766,enabled,8045800,43158.0,nan,True,ok,True,ok
aBXTUo-VmSY,2479,enabled,2310737,32786.0,nan,True,ok,True,ok
b-eCsGN_gxw,1085,enabled,256091,6241.0,nan,True,ok,True,ok
SP8fXBiTePc,93,enabled,67731,847.0,nan,True,ok,True,ok
Cw-MrF3c4sY,299,enabled,171645,2738.0,nan,True,ok,True,ok
Qm2JaN6zRh4,2510,enabled,4063897,40464.0,nan,True,ok,True,ok
uZgttCbLYvQ,55,enabled,9886,332.0,nan,True,ok,True,ok
4O7eVYXra6E,15,enabled,9773,161.0,nan,True,ok,True,ok
ATZFjJA2izc,1685,enabled,11362033,53413.0,nan,True,ok,True,ok
_TRAnRCDdh8,148,enabled,37543,571.0,nan,True,ok,True,ok
wq0toVR5QtM,45,enabled,49864,400.0,nan,True,ok,True,ok
V9kvCJ758fw,249,enabled,117826,1617.0,nan,True,ok,True,ok
rqzNH3B0f2A,309,enabled,80658,1210.0,nan,True,ok,True,ok
F_V-LUzfwPI,51,enabled,259597,1020.0,nan,True,ok,True,ok
6B_GAZ3jHKg,1924,enabled,3511668,24800.0,nan,True,ok,True,ok
LdIFn98zLcA,6851,enabled,8951962,58697.0,nan,True,ok,True,ok
cw41l3SyiEE,41,enabled,2041,53.0,nan,True,ok,True,ok
98vY47SIw_w,53,enabled,810717,4790.0,nan,True,ok,True,ok
hYbBcSTq_bA,2004,enabled,484491,7056.0,nan,True,ok,True,ok
Zj5J8KWkNRs,28392,enabled,8676338,94907.0,nan,True,ok,True,ok
fsXeJpHeEOA,1020,enabled,535324,10140.0,nan,True,ok,True,ok
HtQ-84NFTG0,507,enabled,101004,2998.0,nan,True,ok,True,ok
VXGOfLg6hPo,34,enabled,47270,604.0,nan,True,ok,True,ok
IUPTwbjQJdw,133,enabled,66565,903.0,nan,True,ok,True,ok
X9cFa2L2ncE,39,enabled,14233,338.0,nan,True,ok,True,ok
WAwNec0tFQU,0,disabled,153098,621.0,nan,False,disabled,True,ok
UKAHm94d80o,73,enabled,12599,354.0,nan,True,ok,True,ok
BJOBsISlivY,1279,enabled,687110,8979.0,nan,True,ok,True,ok
y8sH_TT47tY,25129,enabled,8002212,90557.0,nan,True,ok,True,ok
8jfTdH5I4y0,551,enabled,265501,5260.0,nan,True,ok,True,ok
n7qiTdSCKkQ,4790,enabled,1991756,22313.0,nan,True,ok,True,ok
X8RlqcMZqgU,32,enabled,42461,444.0,nan,True,ok,True,ok
5zaBjnkg-Kk,17879,enabled,5603560,71922.0,nan,True,ok,True,ok
brOWALdRC5U,28,enabled,5742,144.0,nan,True,ok,True,ok
cJ5bNwscHU0,4057,enabled,2002230,35645.0,nan,True,ok,True,ok
__T5edF6UK0,776,enabled,406157,7508.0,nan,True,ok,True,ok
VYuwhwdzM3A,71,enabled,47713,289.0,nan,True,ok,True,ok
eVcoivuImXQ,1976,enabled,2789914,42979.0,nan,True,ok,True,ok
bSkkE4hpLUI,70,enabled,158220,1204.0,nan,True,ok,True,ok
By-KcYGVTCc,1162,enabled,5055940,31677.0,nan,True,ok,True,ok
YslQz6wH_Wo,1053,enabled,1031155,7976.0,nan,True,ok,True,ok
yj9YM9-Aihc,120,enabled,893541,1876.0,nan,True,ok,True,ok
dedlBQQDmDE,1541,enabled,250356,2702.0,nan,True,ok,True,ok
TabmOgxTVVU,1719,enabled,5839293,27901.0,nan,True,ok,True,ok
C9hDdSZq8Qs,29,enabled,21412,242.0,nan,True,ok,True,ok
F815eqx6BMI,43,enabled,23765,231.0,nan,True,ok,True,ok
8rjBc_Lwrq8,315,enabled,302366,1019.0,nan,True,ok,True,ok
W-ffqY-n6PE,898,enabled,255348,6694.0,nan,True,ok,True,ok
us3UVXR9kfo,674,enabled,1632475,4983.0,nan,True,ok,True,ok
54fLSvIPTI0,18,enabled,9530,245.0,nan,True,ok,True,ok
q9YVywJEYmw,2339,enabled,797336,15237.0,nan,True,ok,True,ok
SNRZMpA9_mI,2552,enabled,3352103,32054.0,nan,True,ok,True,ok
42zR8ColBPU,1206,enabled,1393995,12528.0,nan,True,ok,True,ok
3mP1enywJMI,7330,enabled,5289394,44366.0,nan,True,ok,True,ok
IoZseQRJpAs,229,enabled,137093,2473.0,nan,True,ok,True,ok
l0BRAvqfwZc,3461,enabled,4185952,31570.0,nan,True,ok,True,ok
KS5rg_k0zpk,2404,enabled,10621112,40807.0,nan,True,ok,True,ok
5L8mx0_7oI8,61,enabled,33324,640.0,nan,True,ok,True,ok
WNU9qQ884uY,30,enabled,9092,161.0,nan,True,ok,True,ok
s0489-KShn8,1427,enabled,1288098,14439.0,nan,True,ok,True,ok
Uy0TBu-1-38,6134,enabled,2720931,34096.0,nan,True,ok,True,ok
rW53E3ToFRw,300,enabled,880031,1621.0,nan,True,ok,True,ok
sbXf0x5gIi8,656,enabled,1343058,8710.0,nan,True,ok,True,ok
SIzEJfDcZpQ,3449,enabled,1567821,33152.0,nan,True,ok,True,ok
WeonnphUUAo,234,enabled,198014,3775.0,nan,True,ok,True,ok
_CVw_tFlacc,375,enabled,1036981,6024.0,nan,True,ok,True,ok
oso0u74NZ98,55,enabled,156776,1091.0,nan,True,ok,True,ok
Xc6EsA9wFdU,3711,enabled,892521,15724.0,nan,True,ok,True,ok
iI4e_F7Yy1g,428,enabled,143994,2182.0,nan,True,ok,True,ok
AyUVsNPZC2o,7,enabled,5669,109.0,nan,True,ok,True,ok
n8CS0JE1aKE,31,enabled,68083,454.0,nan,True,ok,True,ok
27zD-GUjy1k,104,enabled,94005,798.0,nan,True,ok,True,ok
YbvpqyfmUxU,8333,enabled,6018809,76153.0,nan,True,ok,True,ok
tiEW4-WGTFA,129,enabled,89785,1304.0,nan,True,ok,True,ok
tJZLB_JYnrk,229,enabled,1627112,5497.0,nan,True,ok,True,ok
f9somyEzpaY,7253,enabled,6061155,56706.0,nan,True,ok,True,ok
Fmxai0y5jjk,108,enabled,948607,3618.0,nan,True,ok,True,ok
rufj8ldbQLg,671,enabled,215703,6055.0,nan,True,ok,True,ok
LZvGRxHGhaU,5,enabled,4611,375.0,nan,True,ok,True,ok
gRpxpxGfjhQ,826,enabled,172035,5120.0,nan,True,ok,True,ok
5rqON5NqaxE,67,enabled,13402,356.0,nan,True,ok,True,ok
193637HOYRI,11495,enabled,4180731,19235.0,nan,True,ok,True,ok
Ji3VcobCbr0,290,enabled,727462,1650.0,nan,True,ok,True,ok
IRhhp8dBvZg,111,enabled,277506,1929.0,nan,True,ok,True,ok
6vEVdDk7PM4,14,enabled,12951,145.0,nan,True,ok,True,ok
YA2fgelD5Pc,1086,enabled,1025509,8742.0,nan,True,ok,True,ok
xOlKDKUQsKE,12,enabled,58562,147.0,nan,True,ok,True,ok
fR_TvmwNmJc,638,enabled,1583007,6607.0,nan,True,ok,True,ok
ym4uVS-5tSA,11819,enabled,105573761,206885.0,nan,True,ok,True,ok
HNpSUBRzQ1k,43,enabled,61094,620.0,nan,True,ok,True,ok
_Hjnz3Rc2Cg,1595,enabled,2679014,22883.0,nan,True,ok,True,ok
bU_tR98ucSg,7914,enabled,1895711,31807.0,nan,True,ok,True,ok
pUj2SlD-DI4,37,enabled,11644,191.0,nan,True,ok,True,ok
1VIlNmnjrAE,1751,enabled,1385743,27575.0,nan,True,ok,True,ok
rTyhKmB9fMQ,40,enabled,5546,184.0,nan,True,ok,True,ok
UP1BuHpGTjc,818,enabled,140314,1952.0,nan,True,ok,True,ok
6yxgQeESO1Y,0,disabled,3656335,6561.0,nan,False,disabled,True,ok
JtSWZavX31c,135,enabled,31545,1078.0,nan,True,ok,True,ok
Wi5OU2R_96s,1874,enabled,1586296,10124.0,nan,True,ok,True,ok
--mc5lTTIQk,101,enabled,81611,754.0,nan,True,ok,True,ok
gq6oxzvcpPw,264,enabled,1274246,5881.0,nan,True,ok,True,ok
BwPj6O-afX0,24,enabled,6128,203.0,nan,True,ok,True,ok
_kbN9m-GlkM,305,enabled,447662,4964.0,nan,True,ok,True,ok
MnWoFeIyMFI,10474,enabled,2894161,48987.0,nan,True,ok,True,ok
EDRZCJxGoIo,5083,enabled,2761517,26943.0,nan,True,ok,True,ok
N3jL1GxZh5g,21,enabled,25336,185.0,nan,True,ok,True,ok
ZsO-f4iqqMw,1036,enabled,1146389,17156.0,nan,True,ok,True,ok
QR_RN8USCYc,15426,enabled,3005461,48000.0,nan,True,ok,True,ok
oZgGHCfRIOI,156,enabled,39011,1319.0,nan,True,ok,True,ok
LIemCBAYKUs,8,enabled,7382,250.0,nan,True,ok,True,ok
GR-vYp6pXLg,118,enabled,139920,1553.0,nan,True,ok,True,ok
P3l4bl9AEkI,4,enabled,41680,93.0,nan,True,ok,True,ok
Q6niHFCtO5A,32,enabled,118797,285.0,nan,True,ok,True,ok
jEdxixnii_U,225,enabled,157690,1132.0,nan,True,ok,True,ok
BfcuqAn2lpo,931,enabled,1180895,9743.0,nan,True,ok,True,ok
p4hMMmnANSM,25245,enabled,17106418,223019.0,nan,True,ok,True,ok
RvJPxq-S_LM,8,enabled,1115,18.0,nan,True,ok,True,ok
DkZjR7cPTZI,3236,enabled,2952261,32676.0,nan,True,ok,True,ok
LKA7oSeoNLU,2103,enabled,1156637,20114.0,nan,True,ok,True,ok
0a0rmxCaCzY,1130,enabled,1619131,8113.0,nan,True,ok,True,ok
rxFZkRTlydI,1710,enabled,591984,4905.0,nan,True,ok,True,ok
nStq5zEQvVQ,36,enabled,30981,477.0,nan,True,ok,True,ok
s6_J6I2R9dk,725,enabled,54874,2513.0,nan,True,ok,True,ok
-aUVcej5Dyg,2915,enabled,3726943,84512.0,nan,True,ok,True,ok
LTurDWdE1dw,98,enabled,195907,975.0,nan,True,ok,True,ok
paAc260OD8c,3,enabled,1905,26.0,nan,True,ok,True,ok
r7j9cBnpfx8,290,enabled,2902370,8780.0,nan,True,ok,True,ok
v0ylg-sS3aM,58,enabled,55774,648.0,nan,True,ok,True,ok
LnAYKgf9lYo,923,enabled,2544890,18393.0,nan,True,ok,True,ok
ghp3Lcmk4l0,543,enabled,585838,8131.0,nan,True,ok,True,ok
U3f1tmYOqpk,6,enabled,1648,64.0,nan,True,ok,True,ok
Ucx0gv8G_VA,2076,enabled,4491175,33191.0,nan,True,ok,True,ok
CPHiJYpxe0Q,3030,enabled,871577,14575.0,nan,True,ok,True,ok
YFNJ1jMqcbA,563,enabled,1401184,6536.0,nan,True,ok,True,ok
zj0xF6tdk5Y,761,enabled,3805936,22526.0,nan,True,ok,True,ok
YIfirBuaV_c,7445,enabled,11065383,76698.0,nan,True,ok,True,ok
JXN5xwMI00I,991,enabled,1674627,10221.0,nan,True,ok,True,ok
tr9q0nQXIF0,232,enabled,258913,3655.0,nan,True,ok,True,ok
oT9PwbL_7Go,3,enabled,3925,49.0,nan,True,ok,True,ok
RdM-iEwNcpM,2115,enabled,553777,4955.0,nan,True,ok,True,ok
2ssz3YWFOdU,115,enabled,41999,1902.0,nan,True,ok,True,ok
-e1s_Etn-A0,369,enabled,798104,4723.0,nan,True,ok,True,ok
-sCHKdsRlzQ,2681,enabled,4894474,14946.0,nan,True,ok,True,ok
pVErEqpqIKo,159,enabled,51821,821.0,nan,True,ok,True,ok
M27_S6PpzvY,4384,enabled,1137953,18199.0,nan,True,ok,True,ok
EBkTQDhFhWk,7683,enabled,780398,11121.0,nan,True,ok,True,ok
48--pjS2sLU,476,enabled,267683,2369.0,nan,True,ok,True,ok
LgKfXZ2kARM,12177,enabled,3119970,28509.0,nan,True,ok,True,ok
IyBFfouLzhI,964,enabled,3586413,11953.0,nan,True,ok,True,ok
1vXfPDyM69A,7,enabled,13795,75.0,nan,True,ok,True,ok
Mr-ABS4iqu4,0,disabled,7935060,99617.0,nan,False,disabled,True,ok
iq6XepAVUiQ,13479,enabled,5060001,46593.0,nan,True,ok,True,ok
VVlWGb3InYk,2685,enabled,1698042,19991.0,nan,True,ok,True,ok
0Ivhdfq7hhw,317,enabled,64072,1285.0,nan,True,ok,True,ok
ZlMZk6jpRnY,101,enabled,5802,153.0,nan,True,ok,True,ok
AtXkxsEgrG8,694,enabled,477507,5685.0,nan,True,ok,True,ok
hAHK7oXsut4,2249,enabled,1481206,19351.0,nan,True,ok,True,ok
R0CYOQ0qDu4,657,enabled,603547,5132.0,nan,True,ok,True,ok
8bqypohrl_4,41,enabled,42492,383.0,nan,True,ok,True,ok
euH4Y0K9mB4,156,enabled,92317,2001.0,nan,True,ok,True,ok
cFVEoXlNmNg,94,enabled,263528,939.0,nan,True,ok,True,ok
Rjw5R7Sl0mg,18,enabled,17797,189.0,nan,True,ok,True,ok
YzlNIZyN3TU,178,enabled,215466,2386.0,nan,True,ok,True,ok
OlYDfkfJbhQ,271,enabled,182086,1306.0,nan,True,ok,True,ok
nDmIqLjtyMU,1704,enabled,940545,10158.0,nan,True,ok,True,ok
IIAzewE5dB0,6,enabled,4635,72.0,nan,True,ok,True,ok
VMg9eOphzqs,2001,enabled,2044875,18129.0,nan,True,ok,True,ok
DfdQhu-hrW4,1582,enabled,1595414,6267.0,nan,True,ok,True,ok
KgoW8Dvedq4,656,enabled,701094,13558.0,nan,True,ok,True,ok
EAPCQ_dRx5c,27,enabled,6329,182.0,nan,True,ok,True,ok
FaOE_Uwoca4,977,enabled,667365,9780.0,nan,True,ok,True,ok
M6lfiu9RIBY,62,enabled,42876,629.0,nan,True,ok,True,ok
riJ7Ry9ikdo,582,enabled,1072702,6824.0,nan,True,ok,True,ok
1l4O9VPM2MA,9228,enabled,1611601,47884.0,nan,True,ok,True,ok
dykcSJdpQG8,371,enabled,479651,3977.0,nan,True,ok,True,ok
Lbz9VVfVnhw,408,enabled,128248,2419.0,nan,True,ok,True,ok
yMTtZUTveGM,140,enabled,81999,1204.0,nan,True,ok,True,ok
Fzz2LPtQs4o,2849,enabled,2144979,33794.0,nan,True,ok,True,ok
UC5hfl24lpg,17222,enabled,4770169,44597.0,nan,True,ok,True,ok
dzDaq0UZNt0,7971,enabled,4344403,52809.0,nan,True,ok,True,ok
RzF7pXAoi4o,46,enabled,17004,276.0,nan,True,ok,True,ok
ByPAHp3Ndaw,22,enabled,10402,564.0,nan,True,ok,True,ok
uiLnuPcd-aE,529,enabled,1105096,11447.0,nan,True,ok,True,ok
LC1HTT4SbSY,12,enabled,2578,27.0,nan,True,ok,True,ok
NTUaW4pEzN8,358,enabled,441950,6406.0,nan,True,ok,True,ok
5S7uCR2qUnI,3977,enabled,2018275,34701.0,nan,True,ok,True,ok
juCE6UYkHMM,170,enabled,141541,2155.0,nan,True,ok,True,ok
SJLENbI12-A,28,enabled,2010,34.0,nan,True,ok,True,ok
eg5LZhMPdsA,2010,enabled,641787,9047.0,nan,True,ok,True,ok
PjLbABSurIg,170,enabled,86145,958.0,nan,True,ok,True,ok
dHfJ4tP2624,35,enabled,114775,528.0,nan,True,ok,True,ok
Qu3sup928DQ,275,enabled,872759,3847.0,nan,True,ok,True,ok
6SmN-hz_LNo,281,enabled,267539,2908.0,nan,True,ok,True,ok
XxDAyBHNEh0,99,enabled,16183,471.0,nan,True,ok,True,ok
XvvYApgB4AA,498,enabled,543214,4590.0,nan,True,ok,True,ok
fu-fjcRCGXo,4425,enabled,2744011,30632.0,nan,True,ok,True,ok
KV8z3vE59O8,27677,enabled,5633123,75231.0,nan,True,ok,True,ok
VyJAWuLlkBc,79,enabled,51043,553.0,nan,True,ok,True,ok
R_c3LZx0tF0,4013,enabled,2548210,25856.0,nan,True,ok,True,ok
aO8X40p2LMA,0,zero,832100,3718.0,nan,False,disabled,True,ok
B3cotRGNWdY,1918,enabled,13118815,108244.0,nan,True,ok,True,ok
3MuMPLoQZN4,753,enabled,325367,3036.0,nan,True,ok,True,ok
eN8t0jA5QUQ,696,enabled,1017822,11497.0,nan,True,ok,True,ok
Jh6QiH9ZVSk,4039,enabled,32859286,112974.0,nan,True,ok,True,ok
4x1XSYMpSq0,2736,enabled,3093735,58679.0,nan,True,ok,True,ok
jTdH51Zz2dE,7232,enabled,4798413,21081.0,nan,True,ok,True,ok
oF1saSpUTcM,2785,enabled,1312122,18527.0,nan,True,ok,True,ok
E6_KUdKj4WQ,4600,enabled,2434520,33337.0,nan,True,ok,True,ok
m9D3hKHS9K0,5586,enabled,3205142,15940.0,nan,True,ok,True,ok
eGqabNGrOCU,140,enabled,20658,336.0,nan,True,ok,True,ok
9hX4r0yOAb8,627,enabled,711735,12225.0,nan,True,ok,True,ok
iP-rOQPsWRs,114,enabled,67697,991.0,nan,True,ok,True,ok
CYD8zRDaE1I,25580,enabled,11816682,66744.0,nan,True,ok,True,ok
hPGB1lR1wQs,0,disabled,12910,454.0,nan,False,disabled,True,ok
ckh9ehBQewA,27,enabled,27779,1160.0,nan,True,ok,True,ok
nU_67T-CdYc,1208,enabled,334078,2653.0,nan,True,ok,True,ok
PKp8FuQ52eA,20986,enabled,4550514,108587.0,nan,True,ok,True,ok
e01GIoFak2s,231,enabled,753642,4385.0,nan,True,ok,True,ok
0f_xpcMhCNA,487,enabled,735780,6882.0,nan,True,ok,True,ok
pt70U8D1OWM,41,enabled,13324,378.0,nan,True,ok,True,ok
c3aXPrbGok4,204,enabled,81912,1812.0,nan,True,ok,True,ok
pARLS8_t9j4,850,enabled,68838,606.0,nan,True,ok,True,ok
jwu5atqoHFE,14,enabled,24153,135.0,nan,True,ok,True,ok
xtcXJX7LfqY,97,enabled,47952,1055.0,nan,True,ok,True,ok
-qrO-aGzgBE,429,enabled,872521,6069.0,nan,True,ok,True,ok
rc5dFhhkALI,45,enabled,11562,208.0,nan,True,ok,True,ok
Jnei1md-Ia0,121493,enabled,77122226,331569.0,nan,True,ok,True,ok
d_9YsLIVWIA,1763,enabled,1116531,4779.0,nan,True,ok,True,ok
9lmpi_rG3I4,14,enabled,6094,74.0,nan,True,ok,True,ok
pz6WcZlwX_o,2433,enabled,5966150,33064.0,nan,True,ok,True,ok
hK-jmsd7fpM,151,enabled,44572,709.0,nan,True,ok,True,ok
1pJvs-wpJwc,2267,enabled,343676,5304.0,nan,True,ok,True,ok
dKJlUiGkYtY,156,enabled,144003,1641.0,nan,True,ok,True,ok
KX4vMWakRRk,11944,enabled,11006657,73560.0,nan,True,ok,True,ok
lbO33OhC9sA,15,enabled,17526,654.0,nan,True,ok,True,ok
I3MQ7t7m-3s,3571,enabled,675442,5012.0,nan,True,ok,True,ok
nsmoGov8bTI,2431,enabled,2278977,17393.0,nan,True,ok,True,ok
YzA-HMq0rUA,11832,enabled,9169585,67733.0,nan,True,ok,True,ok
VCzrL7m1WaY,110,enabled,12291,542.0,nan,True,ok,True,ok
5UgL_UIYvI0,7532,enabled,6051334,127458.0,nan,True,ok,True,ok
z_qQaMc4HTI,2615,enabled,3071604,32554.0,nan,True,ok,True,ok
_DTTE7_kiLM,33,enabled,40846,275.0,nan,True,ok,True,ok
w-sG5_2X0SQ,935,enabled,655522,8089.0,nan,True,ok,True,ok
CmSDpSCgk7g,1315,enabled,629598,9451.0,nan,True,ok,True,ok
JopNqvzMIqE,924,enabled,4639492,31413.0,nan,True,ok,True,ok
VS8GKBIa0X0,311,enabled,125853,961.0,nan,True,ok,True,ok
gsTjM2WFAeE,6301,enabled,5656064,90902.0,nan,True,ok,True,ok
hFMFDCAEM9w,10739,enabled,2672569,15494.0,nan,True,ok,True,ok
p1SMKbMiduM,700,enabled,1784149,4944.0,nan,True,ok,True,ok
YDIVGAStilA,2273,enabled,1640306,23068.0,nan,True,ok,True,ok
aFoWqIGjqL4,0,disabled,6428,49.0,nan,False,disabled,True,ok
zaK6vYyTW9A,1252,enabled,310743,1957.0,nan,True,ok,True,ok
Uzm056zdXfE,9,enabled,15609,495.0,nan,True,ok,True,ok
j7U9V__YBrA,1332,enabled,288514,2367.0,nan,True,ok,True,ok
7oFtLoXgJd0,640,enabled,408079,8356.0,nan,True,ok,True,ok
u8hYcvoJlC0,1050,enabled,2782521,27420.0,nan,True,ok,True,ok
KIDz7Oc1nnw,32,enabled,22038,235.0,nan,True,ok,True,ok
f6UvXFw1u9s,6257,enabled,6667622,32745.0,nan,True,ok,True,ok
Q5On3Qzgu1c,169,enabled,47486,399.0,nan,True,ok,True,ok
LyEfIKUZLhM,172,enabled,56801,1636.0,nan,True,ok,True,ok
U4PL_1h2jDk,3244,enabled,816157,17103.0,nan,True,ok,True,ok
V2NGadLtdjo,307,enabled,182377,1866.0,nan,True,ok,True,ok
z_6ARuEEqjo,125,enabled,10399,574.0,nan,True,ok,True,ok
v6LJ8kWEcOM,22872,enabled,24254300,108998.0,nan,True,ok,True,ok
HPSXi8Br4fs,0,disabled,3862059,37441.0,nan,False,disabled,True,ok
CatavGKNTp4,581,enabled,986112,3311.0,nan,True,ok,True,ok
ZHrkb5vxIgk,29,enabled,33514,431.0,nan,True,ok,True,ok
iudQWp80DhE,5108,enabled,9907908,98767.0,nan,True,ok,True,ok
5nzl6Ca_3L0,786,enabled,1228198,7015.0,nan,True,ok,True,ok
M2C5Y3cp10A,3207,enabled,15164394,35725.0,nan,True,ok,True,ok
qkc8oAr7pIE,592,enabled,1110588,7969.0,nan,True,ok,True,ok
3sc62J6T07c,87,enabled,32746,928.0,nan,True,ok,True,ok
AyjZ2o1SPWY,621,enabled,325027,5054.0,nan,True,ok,True,ok
qQAEeKpNiHg,983,enabled,1279795,20842.0,nan,True,ok,True,ok
019tvNUt5jg,77,enabled,749698,738.0,nan,True,ok,True,ok
EYpXLjdY8Fw,177,enabled,258232,3166.0,nan,True,ok,True,ok
10zPdCAeX34,1212,enabled,1295926,21287.0,nan,True,ok,True,ok
0jBg49dckXU,141,enabled,432260,2169.0,nan,True,ok,True,ok
Kjn-lhW5RqQ,521,enabled,776014,6345.0,nan,True,ok,True,ok
xSyEMHU6fQA,107,enabled,35829,840.0,nan,True,ok,True,ok
NOdULCFV1ZM,1750,enabled,6713877,36290.0,nan,True,ok,True,ok
UzNgN8zPo8E,241,enabled,126816,3441.0,nan,True,ok,True,ok
klE-LATsYqs,17348,enabled,5534948,55391.0,nan,True,ok,True,ok
tII1WY9XIYI,1446,enabled,1358124,17824.0,nan,True,ok,True,ok
jgu4XTvZ0AA,8788,enabled,826124,15029.0,nan,True,ok,True,ok
FUwzHKC0j28,80,enabled,57919,1284.0,nan,True,ok,True,ok
DyTFn_lsR9E,292,enabled,92799,1963.0,nan,True,ok,True,ok
C-h4kjTjV9w,397,enabled,107558,1999.0,nan,True,ok,True,ok
Q2DcVRpyA-A,1824,enabled,5663183,22634.0,nan,True,ok,True,ok
7HpM3SXokU8,666,enabled,18066669,31006.0,nan,True,ok,True,ok
G3jkyjWt46E,6,enabled,376,18.0,nan,True,ok,True,ok
X85Uj4d8-hk,172,enabled,151538,5036.0,nan,True,ok,True,ok
8OXRDVnZ7f0,108,enabled,165970,1347.0,nan,True,ok,True,ok
szTkeGcrz3c,2569,enabled,854215,10308.0,nan,True,ok,True,ok
fn6D-Yjo6DA,348,enabled,2375923,10734.0,nan,True,ok,True,ok
uRnfPKxKNDg,100,enabled,158353,1470.0,nan,True,ok,True,ok
r3rUslJBmbM,148,enabled,40663,1346.0,nan,True,ok,True,ok
tjFqmidggN8,878,enabled,970775,6899.0,nan,True,ok,True,ok
ZZ_ArHbRubQ,909,enabled,753076,10755.0,nan,True,ok,True,ok
_K0Ka7Mkqus,1519,enabled,4729164,16365.0,nan,True,ok,True,ok
6OFxNu2BXpE,5,enabled,117,3.0,nan,True,ok,True,ok
JlsjRLPAdX4,10,enabled,9542,26.0,nan,True,ok,True,ok
05WYZM2GOBc,1050,enabled,1122952,4541.0,nan,True,ok,True,ok
0otAdagZVz8,1103,enabled,874307,7519.0,nan,True,ok,True,ok
KXYfxFiM030,230,enabled,984060,3183.0,nan,True,ok,True,ok
Ho39QqK_7-o,983,enabled,698900,7500.0,nan,True,ok,True,ok
-dlAm9Fffsk,1438,enabled,4617397,18851.0,nan,True,ok,True,ok
xqSOXbC7EfU,136,enabled,65034,704.0,nan,True,ok,True,ok
35lhqO_1Alk,10803,enabled,2061274,32530.0,nan,True,ok,True,ok
7kvfkWm4n-U,34967,enabled,15034918,101330.0,nan,True,ok,True,ok
kFox5Q1OTf0,6062,enabled,3875780,18833.0,nan,True,ok,True,ok
9bXATNxzTsw,622,enabled,2201652,5118.0,nan,True,ok,True,ok
DGfQaU_pgY0,24,enabled,6441,95.0,nan,True,ok,True,ok
VV5Tw9NudsM,128,enabled,114514,1847.0,nan,True,ok,True,ok
pZqzj1pBfjk,311,enabled,33060,344.0,nan,True,ok,True,ok
0OCrs_KEEX4,271,enabled,107452,911.0,nan,True,ok,True,ok
ftB5YEjt3Sk,1992,enabled,976652,10308.0,nan,True,ok,True,ok
omcQ4Cb0Hx8,388,enabled,2259615,47678.0,nan,True,ok,True,ok
bjAdq34nR8s,1752,enabled,57323,827.0,nan,True,ok,True,ok
0dmevuht7CA,94,enabled,43149,388.0,nan,True,ok,True,ok
_LGy0mNBKCg,42,enabled,35758,463.0,nan,True,ok,True,ok
0CJYMiPcUZI,999,enabled,273143,4887.0,nan,True,ok,True,ok
5K33YblO8Vo,685,enabled,799957,10978.0,nan,True,ok,True,ok
mrdIADWtqZU,55,enabled,61088,287.0,nan,True,ok,True,ok
2Bdmrp1wdK0,524,enabled,507441,9347.0,nan,True,ok,True,ok
voPPlUD6R3g,165,enabled,2432538,5018.0,nan,True,ok,True,ok
MBrCeVqr3OA,6364,enabled,1198424,33923.0,nan,True,ok,True,ok
92ZAQL7JGzk,3881,enabled,2735544,34099.0,nan,True,ok,True,ok
cUuYu8d0CsU,5230,enabled,3914229,73176.0,nan,True,ok,True,ok
fPxDjkqAE2I,2135,enabled,3427943,72473.0,nan,True,ok,True,ok
NF4nBCwO7Ng,163,enabled,102736,1087.0,nan,True,ok,True,ok
ovIxYCuPr5U,429,enabled,185379,4273.0,nan,True,ok,True,ok
mADIe97PbNk,94,enabled,66750,546.0,nan,True,ok,True,ok
Qqv4ZFRDB1g,6,enabled,6326,92.0,nan,True,ok,True,ok
-0S0xwCNMGY,141,enabled,24616,251.0,nan,True,ok,True,ok
H5BWGh3EqHM,5040,enabled,7006673,67850.0,nan,True,ok,True,ok
jYngIIib9vo,6073,enabled,3320605,35699.0,nan,True,ok,True,ok
n6KBCoPivUY,1761,enabled,986960,16601.0,nan,True,ok,True,ok
9EvB5RJmLLs,781,enabled,440697,4471.0,nan,True,ok,True,ok
3t7o0mHRt2A,14495,enabled,8648626,101807.0,nan,True,ok,True,ok
-cSk9stRzRg,10,enabled,11164,202.0,nan,True,ok,True,ok
uPN6W1hwXsc,151,enabled,42685,1659.0,nan,True,ok,True,ok
BgWpMAisUow,261,enabled,879281,5836.0,nan,True,ok,True,ok
-Gfqh4PUqVI,11263,enabled,1805733,40187.0,nan,True,ok,True,ok
fYWH4VTYRsA,9139,enabled,1818831,23487.0,nan,True,ok,True,ok
_ilXASG4diw,33,enabled,27304,369.0,nan,True,ok,True,ok
H6X7oQXIyfc,19,enabled,26737,243.0,nan,True,ok,True,ok
FFX5I9UHhyc,574,enabled,98485,970.0,nan,True,ok,True,ok
TwJqr5mWUmA,6132,enabled,2803315,30717.0,nan,True,ok,True,ok
58uVu6vnCIE,7996,enabled,4548386,36656.0,nan,True,ok,True,ok
PabR3d9LORo,92,enabled,37399,315.0,nan,True,ok,True,ok
JmrpfzId6i8,8928,enabled,5694955,42496.0,nan,True,ok,True,ok
Jtgg0Mhe2o4,14,enabled,9573,40.0,nan,True,ok,True,ok
jNimZaIALjM,1360,enabled,2298523,13248.0,nan,True,ok,True,ok
JE1pJJWwF7Q,53,enabled,29276,390.0,nan,True,ok,True,ok
CoiAQj1I-nk,24,enabled,1348,15.0,nan,True,ok,True,ok
cuIsNp6UFFU,25,enabled,30168,405.0,nan,True,ok,True,ok
1ooOPOL6JgE,980,enabled,635506,13580.0,nan,True,ok,True,ok
PxEYGXF4kqA,2087,enabled,3825573,22555.0,nan,True,ok,True,ok
3XtTRfkkqqQ,825,enabled,255958,4537.0,nan,True,ok,True,ok
Ax9mnkdoQ3w,481,enabled,297930,5087.0,nan,True,ok,True,ok
7ziekx7f2xw,499,enabled,580628,10468.0,nan,True,ok,True,ok
35Bvr09ucZg,6031,enabled,4273048,51263.0,nan,True,ok,True,ok
6Q1hCqI4NRY,0,disabled,276016,2217.0,nan,False,disabled,True,ok
N2z5dSRkv_I,1867,enabled,2934378,24142.0,nan,True,ok,True,ok
byXgz1gOjAw,5642,enabled,10671503,84977.0,nan,True,ok,True,ok
-Npj5-kdehI,453,enabled,546640,3675.0,nan,True,ok,True,ok
hBRVmDHssnk,795,enabled,712301,10463.0,nan,True,ok,True,ok
ffh3XCcmItE,1136,enabled,1521380,26540.0,nan,True,ok,True,ok
KYHN8m2d0l8,11,enabled,5137,149.0,nan,True,ok,True,ok
yuWtVYxZIzY,1202,enabled,1239863,6911.0,nan,True,ok,True,ok
CFBqm1SIL3c,4099,enabled,2157990,34776.0,nan,True,ok,True,ok
0Cde8L-QDFU,0,disabled,4170378,49957.0,nan,False,disabled,True,ok
NFeK8JLkOCo,848,enabled,3181995,10411.0,nan,True,ok,True,ok
OEmysTAAh9E,14,enabled,17397,231.0,nan,True,ok,True,ok
I5C328zphNA,14681,enabled,8960731,87394.0,nan,True,ok,True,ok
A3Y2GZgWXt8,329,enabled,1000666,5487.0,nan,True,ok,True,ok
_nW8T3J_nBE,10351,enabled,17105800,173074.0,nan,True,ok,True,ok
8ve_gSkKd7c,124,enabled,205363,2272.0,nan,True,ok,True,ok
1nZ5p7lUsyg,119,enabled,126779,1413.0,nan,True,ok,True,ok
v3kiwa1jOy8,565,enabled,1042702,11592.0,nan,True,ok,True,ok
PZseUKIts9Q,363,enabled,113367,2220.0,nan,True,ok,True,ok
Kurs5mEOv_U,4165,enabled,1392645,19954.0,nan,True,ok,True,ok
wIEaGieNr6w,123,enabled,9171,214.0,nan,True,ok,True,ok
64iu9cx31CM,542,enabled,1143520,17116.0,nan,True,ok,True,ok
Z5CigvO3MOw,136,enabled,49209,532.0,nan,True,ok,True,ok
mmoQcL99Vng,3323,enabled,4550054,41452.0,nan,True,ok,True,ok
68_DzaznA_Q,2593,enabled,1041954,9431.0,nan,True,ok,True,ok
RAZPjHblJ64,369,enabled,150893,782.0,nan,True,ok,True,ok
wgVssf01vYo,9780,enabled,2520725,34713.0,nan,True,ok,True,ok
HgFsr4vKPFg,1388,enabled,391470,9973.0,nan,True,ok,True,ok
D1ip387XBPI,7287,enabled,5644863,31980.0,nan,True,ok,True,ok
nnDXmveeD80,24,enabled,8930,456.0,nan,True,ok,True,ok
A7oSwX-mi60,442,enabled,1942127,16270.0,nan,True,ok,True,ok
TMQpiigRKTM,56,enabled,66059,373.0,nan,True,ok,True,ok
lKc0Xu2ElQM,4361,enabled,3716027,36477.0,nan,True,ok,True,ok
M2NDnzdMkbg,26,enabled,17521,269.0,nan,True,ok,True,ok
y6CnQvZh9KM,225,enabled,66086,1745.0,nan,True,ok,True,ok
fcyHO84Bbds,5201,enabled,31059473,136585.0,nan,True,ok,True,ok
62nADG_HHWo,0,disabled,8010799,48659.0,nan,False,disabled,True,ok
830O4ocyQX0,658,enabled,2586484,8826.0,nan,True,ok,True,ok
lb_d3bsQZAQ,1796,enabled,1982202,21440.0,nan,True,ok,True,ok
2htVMOC8rsA,1273,enabled,1814758,19141.0,nan,True,ok,True,ok
3DP-MYEMwPs,252,enabled,273820,1449.0,nan,True,ok,True,ok
o67RUr11MAk,2654,enabled,1860809,26422.0,nan,True,ok,True,ok
RMMd2mrJnVM,5449,enabled,3489421,31672.0,nan,True,ok,True,ok
WCiTX32O-Bg,14270,enabled,10188430,84115.0,nan,True,ok,True,ok
DWVB_5IzmrM,62,enabled,71919,471.0,nan,True,ok,True,ok
5xPxl-Rt2HI,1301,enabled,1375666,16168.0,nan,True,ok,True,ok
qpjekNiiJK4,9795,enabled,11085125,214330.0,nan,True,ok,True,ok
9MZDvhAqybM,1213,enabled,4994385,32770.0,nan,True,ok,True,ok
eh85Le1tCIY,34,enabled,1325,42.0,nan,True,ok,True,ok
VGTZYjzgwZU,2410,enabled,1574902,10442.0,nan,True,ok,True,ok
iVbopWyBR5Y,183185,enabled,48942523,528674.0,nan,True,ok,True,ok
fEj4yECaf_I,2999,enabled,5636635,29029.0,nan,True,ok,True,ok
gvMHs3B0GqU,11599,enabled,3374003,76262.0,nan,True,ok,True,ok
k3ofpyDTVzY,426,enabled,363174,2134.0,nan,True,ok,True,ok
GcK5t0UONis,26,enabled,32962,1220.0,nan,True,ok,True,ok
ygpUke6lok0,7,enabled,13763,122.0,nan,True,ok,True,ok
-kGjlNumLyk,0,disabled,1020007,2596.0,nan,False,disabled,True,ok
VvSJlsF-nCw,2580,enabled,11149237,29391.0,nan,True,ok,True,ok
1wAZqipDQ8Y,2714,enabled,7494801,22275.0,nan,True,ok,True,ok
W4AOdOhERY0,3160,enabled,5174361,53812.0,nan,True,ok,True,ok
UKzfwEyPBIM,8053,enabled,1831931,26061.0,nan,True,ok,True,ok
XpXSsJ5oDco,2367,enabled,1096512,11926.0,nan,True,ok,True,ok
FfsmLgD2ZFM,1076,enabled,6571642,25256.0,nan,True,ok,True,ok
oGh1Yibm0uI,176,enabled,135428,1149.0,nan,True,ok,True,ok
LH17Lp3aQLg,154,enabled,511941,2290.0,nan,True,ok,True,ok
bsYl-YbgumE,750,enabled,119670,2595.0,nan,True,ok,True,ok
n-BYuxFOTCo,7449,enabled,10748632,74911.0,nan,True,ok,True,ok
YgVBG8uuxx0,52852,enabled,28977245,238547.0,nan,True,ok,True,ok
3sXczWhu6wg,67,enabled,265167,859.0,nan,True,ok,True,ok
88zNy6o7l0Q,2466,enabled,1828639,13796.0,nan,True,ok,True,ok
1Xsv5etAWIo,13,enabled,979,17.0,nan,True,ok,True,ok
imFdiy9OyJ4,2030,enabled,1851146,31217.0,nan,True,ok,True,ok
aXvcy6gp6mU,301,enabled,483855,4739.0,nan,True,ok,True,ok
pqMma9h5rn0,5182,enabled,2297293,30801.0,nan,True,ok,True,ok
u0PR11BKrTI,16188,enabled,6762338,72389.0,nan,True,ok,True,ok
KaRY8W6yl0g,9478,enabled,8343645,74861.0,nan,True,ok,True,ok
VBTAcACmcgo,3264,enabled,11137522,51154.0,nan,True,ok,True,ok
iNKzdbaCjxY,4248,enabled,2150592,42164.0,nan,True,ok,True,ok
1vcaPiX6Aw4,2418,enabled,2704103,41003.0,nan,True,ok,True,ok
MLvwn2xOPJM,52,enabled,53093,228.0,nan,True,ok,True,ok
-wYHDjU6uuE,25951,enabled,22338323,156441.0,nan,True,ok,True,ok
_3ZY3T8gE8s,1184,enabled,328164,5321.0,nan,True,ok,True,ok
M0iwwvIgrjM,64420,enabled,8314313,186334.0,nan,True,ok,True,ok
HRyHz3mXmLc,0,disabled,4716409,103648.0,nan,False,disabled,True,ok
0WW1HN0iG0M,625,enabled,813457,4871.0,nan,True,ok,True,ok
kFxvx0HN8aw,867,enabled,149023,2063.0,nan,True,ok,True,ok
sP5wyJGLih0,1705,enabled,4202455,15758.0,nan,True,ok,True,ok
COrifv5ENLY,4193,enabled,2536933,47154.0,nan,True,ok,True,ok
p7qvm1rlrUM,50,enabled,47348,954.0,nan,True,ok,True,ok
X3B3yFJgszo,14,enabled,5840,69.0,nan,True,ok,True,ok
TOLd0bMjstY,59,enabled,61856,1698.0,nan,True,ok,True,ok
-uYW_H9bglQ,167,enabled,114574,2823.0,nan,True,ok,True,ok
7MNBK3LNVRk,177,enabled,123927,1108.0,nan,True,ok,True,ok
LBINn20LUes,88,enabled,12846,325.0,nan,True,ok,True,ok
u6HUSw3-Cxk,421,enabled,405961,4624.0,nan,True,ok,True,ok
hgMNgarvg8Q,17228,enabled,5930164,68722.0,nan,True,ok,True,ok
y1C1HrD_QRs,6573,enabled,6814272,57846.0,nan,True,ok,True,ok
jNsU4g-d260,47,enabled,20449,332.0,nan,True,ok,True,ok
zG7evZuoJqA,83,enabled,120961,3598.0,nan,True,ok,True,ok
7rR-x6WoKFE,46,enabled,143139,634.0,nan,True,ok,True,ok
rbsWWdgdZNw,770,enabled,1424903,8635.0,nan,True,ok,True,ok
qlbT2t_6D5o,3,enabled,2407,46.0,nan,True,ok,True,ok
PbE_gFgl2EI,900,enabled,2811141,12113.0,nan,True,ok,True,ok
QQvuf7V5WB8,51,enabled,54751,637.0,nan,True,ok,True,ok
K8ws82DTJX0,151,enabled,5147,64.0,nan,True,ok,True,ok
327_M87IcOc,283,enabled,1393331,12625.0,nan,True,ok,True,ok
jaMS3hooAVg,4,enabled,2981,29.0,nan,True,ok,True,ok
voSCuhI7v7A,525,enabled,1726627,7102.0,nan,True,ok,True,ok
GG2ucUo5gR0,810,enabled,2034784,10925.0,nan,True,ok,True,ok
-yli5nAfiyY,18351,enabled,16848580,101014.0,nan,True,ok,True,ok
_rNUUy52CgY,101,enabled,25850,1286.0,nan,True,ok,True,ok
BbhX8Vtmki4,3888,enabled,1003586,13278.0,nan,True,ok,True,ok
nqX5K0QFZWQ,214,enabled,1156269,2132.0,nan,True,ok,True,ok
1E5nu50n8Dc,115,enabled,16788,585.0,nan,True,ok,True,ok
8s_PCzJfIio,21,enabled,29647,275.0,nan,True,ok,True,ok
1Kdw1G5KoD4,15,enabled,12581,101.0,nan,True,ok,True,ok
cw7W4f2dIw0,114,enabled,502349,1829.0,nan,True,ok,True,ok
B2tn4B4zKio,1,enabled,1460,22.0,nan,True,ok,True,ok
zTuZDs3UDX8,29,enabled,21388,246.0,nan,True,ok,True,ok
DE59Ve8ZXzE,4455,enabled,2193651,27645.0,nan,True,ok,True,ok
_RsIVxhiUhQ,0,disabled,5244369,54820.0,nan,False,disabled,True,ok
wbDXmduVR4Y,1396,enabled,455564,7260.0,nan,True,ok,True,ok
YDCczit4MuQ,2190,enabled,2335951,22566.0,nan,True,ok,True,ok
NdDgom1jf0Q,1465,enabled,916765,10256.0,nan,True,ok,True,ok
piuSD8WQqI4,0,disabled,1192231,8208.0,nan,False,disabled,True,ok
dP1AwJgZChY,18,enabled,135728,344.0,nan,True,ok,True,ok
Lj57yB-BYQ0,714,enabled,254886,5342.0,nan,True,ok,True,ok
DruEjbsvKSw,1405,enabled,1185119,9056.0,nan,True,ok,True,ok
ULcqFUa2qGc,647,enabled,154052,2023.0,nan,True,ok,True,ok
tAkXfdFGd5o,29,enabled,11377,146.0,nan,True,ok,True,ok
mzvsfpagdB4,1095,enabled,2227731,29090.0,nan,True,ok,True,ok
nc0R3HQ1axs,330,enabled,234260,2500.0,nan,True,ok,True,ok
rlFjJW777rE,5554,enabled,2923112,22974.0,nan,True,ok,True,ok
0ZTuQog6Xgc,24,enabled,14181,164.0,nan,True,ok,True,ok
Uw0IvUv-I60,1306,enabled,5085967,55083.0,nan,True,ok,True,ok
xgCBQS9Nbts,0,disabled,87788,1411.0,nan,False,disabled,True,ok
qhnTHNBHPsY,4,enabled,4809,68.0,nan,True,ok,True,ok
XLsy1U5DkwQ,313,enabled,739414,7114.0,nan,True,ok,True,ok
aUqLjGB_kyI,575,enabled,1825343,7721.0,nan,True,ok,True,ok
MBrmvLvBRwI,0,disabled,2767515,33982.0,nan,False,disabled,True,ok
jJYkes_H7wc,304,enabled,518905,4510.0,nan,True,ok,True,ok
TymTs09IvB0,6119,enabled,8801379,56369.0,nan,True,ok,True,ok
OcLar-n8eig,94,enabled,77753,925.0,nan,True,ok,True,ok
Xz6yBbBRr8Y,50806,enabled,24722567,517514.0,nan,True,ok,True,ok
GuqwQ-JQIys,1483,enabled,822705,14316.0,nan,True,ok,True,ok
-G16EX6b8Xg,28704,enabled,23966236,571796.0,nan,True,ok,True,ok
zRxtE6ovkfA,85,enabled,86707,500.0,nan,True,ok,True,ok
yIz9Qqp718Y,33,enabled,90095,774.0,nan,True,ok,True,ok
cjJgUKwmX3A,29,enabled,1493,36.0,nan,True,ok,True,ok
Knuh4m2P5nA,1122,enabled,1871544,22712.0,nan,True,ok,True,ok
1o6eXOEiH3c,2073,enabled,963755,21507.0,nan,True,ok,True,ok
0Z4JjgGquA4,5415,enabled,12634498,31177.0,nan,True,ok,True,ok
kiuDR02UAZA,578,enabled,692377,4940.0,nan,True,ok,True,ok
KINyi6XmPvU,997,enabled,258232,7972.0,nan,True,ok,True,ok
pWUm_X-lsf4,926,enabled,717332,11418.0,nan,True,ok,True,ok
YDIWtWlA13o,0,disabled,68338,416.0,nan,False,disabled,True,ok
L7sGXf9fj-Q,43,enabled,9668,123.0,nan,True,ok,True,ok
lsiYeumI43o,44,enabled,98748,554.0,nan,True,ok,True,ok
VnwSz3q4OZI,48,enabled,73673,581.0,nan,True,ok,True,ok
ef00uSc4VkQ,2449,enabled,1810902,14944.0,nan,True,ok,True,ok
B5V356k-9a8,10098,enabled,17018689,76620.0,nan,True,ok,True,ok
NTOCv6uoM34,453,enabled,76480,1154.0,nan,True,ok,True,ok
ZbEdcNAOicU,14,enabled,3748,100.0,nan,True,ok,True,ok
8ywolhltzVA,12668,enabled,12620985,53720.0,nan,True,ok,True,ok
rLVd9j1HSWI,197,enabled,49220,1964.0,nan,True,ok,True,ok
4m7B5IQ489U,335,enabled,96060,1895.0,nan,True,ok,True,ok
L_yu996VhJU,20,enabled,8278,312.0,nan,True,ok,True,ok
TAyC57bfgkE,274,enabled,89760,1444.0,nan,True,ok,True,ok
J1siZJ3yN8c,268,enabled,66530,477.0,nan,True,ok,True,ok
SnKL8S62O8w,605,enabled,880073,5890.0,nan,True,ok,True,ok
Akkw6-DFeXE,480,enabled,891579,7356.0,nan,True,ok,True,ok
kp-yC5gaVvQ,81,enabled,81182,781.0,nan,True,ok,True,ok
p1TpSJ9nLjI,398,enabled,968711,3697.0,nan,True,ok,True,ok
6D5APuZtY9A,355,enabled,197743,2720.0,nan,True,ok,True,ok
h1plQgwxf9o,334,enabled,411069,4246.0,nan,True,ok,True,ok
qArb8dtDYe4,193,enabled,159283,2703.0,nan,True,ok,True,ok
gUTQdflfwdU,39,enabled,11013,221.0,nan,True,ok,True,ok
TcYjPzGzcD8,3415,enabled,1526408,23467.0,nan,True,ok,True,ok
RKMtbcw9ZwE,166,enabled,284932,1565.0,nan,True,ok,True,ok
1YYjyHuFM1Y,1348,enabled,675721,14603.0,nan,True,ok,True,ok
YHtpXNYxk9Y,1527,enabled,1631964,27525.0,nan,True,ok,True,ok
lC7QGQUelok,4230,enabled,3887467,34845.0,nan,True,ok,True,ok
afzHsxXOJGM,5,enabled,15157,56.0,nan,True,ok,True,ok
LNNfxIbbJfE,2637,enabled,3771452,21054.0,nan,True,ok,True,ok
fPY6Dgj3jcE,18098,enabled,4771021,42141.0,nan,True,ok,True,ok
ryol9sVk704,4463,enabled,8377522,163504.0,nan,True,ok,True,ok
UIQb_y86NBg,158,enabled,1143989,3287.0,nan,True,ok,True,ok
ujsVjufMLjM,4414,enabled,8122182,43120.0,nan,True,ok,True,ok
U_w0fTfiz_M,56,enabled,28501,481.0,nan,True,ok,True,ok
Oi84d8U4Wt8,956,enabled,242795,4640.0,nan,True,ok,True,ok
DDL3UVyHPT4,2322,enabled,2698169,14726.0,nan,True,ok,True,ok
13oqcMyGbkU,54,enabled,10882,283.0,nan,True,ok,True,ok
xOr8drMMD88,215,enabled,101295,3599.0,nan,True,ok,True,ok
XjVO5sl3t3Q,77,enabled,45922,1160.0,nan,True,ok,True,ok
1Gr7E7phXKM,2818,enabled,4424836,30092.0,nan,True,ok,True,ok
3UfNg5-046A,2527,enabled,1881639,12792.0,nan,True,ok,True,ok
CbR9XF0whE4,1538,enabled,9679374,15217.0,nan,True,ok,True,ok
gSTs3Qklmr4,1555,enabled,217075,4889.0,nan,True,ok,True,ok
jPEY5Z7-JKA,37,enabled,178330,712.0,nan,True,ok,True,ok
gwrdPAZEUNc,0,disabled,20205,226.0,nan,False,disabled,True,ok
t1q_ECWpp6Y,615,enabled,169291,1422.0,nan,True,ok,True,ok
kEHJ_60o75U,1898,enabled,2628332,24948.0,nan,True,ok,True,ok
iSJHW17xAkQ,283,enabled,828295,6702.0,nan,True,ok,True,ok
uX_-x5oBKgg,3696,enabled,1864107,13812.0,nan,True,ok,True,ok
rP27yWxuY9s,11,enabled,8770,371.0,nan,True,ok,True,ok
