video_id,comment_count,comments_status,view_count,like_count,error
hDcWfBq5bxM,111,enabled,393256,1532,
BtHDTsAA3uI,42,enabled,24418,267,
pqe4AHTpzPg,925,enabled,528038,3840,
nEGTPVWnwyo,3084,enabled,985095,16680,
T9O6rfENh7I,836,enabled,514272,3008,
uNeVk5mzssA,0,disabled,22951,96,
L93bcUoLT_E,1624,enabled,5101614,33666,
-1GPvt7FRt4,5217,enabled,3444022,39369,
Im9Pj6FnhlM,119,enabled,112506,2344,
SwTSvzn9yHQ,934,enabled,3387700,26247,
QB8OXhvtOMY,7067,enabled,10809530,51770,
vxBrSvs3VkY,759,enabled,979268,3488,
oWahg8OWtlU,1885,enabled,252911,9097,
pmtmeXYW2o4,12,enabled,17499,174,
CUdnMkFXI2I,260,enabled,244770,2628,
nsAEReon0Ho,0,disabled,88555,1972,
gOsEVZIfCmo,6,enabled,3205,38,
qp3XT9Jx1bI,6,enabled,4160,67,
1EUtL4_bdpk,61,enabled,29448,557,
cJ_boE1nZZ0,357,enabled,312822,837,
lX-1CexeTUc,1460,enabled,704721,4177,
P72PTEioSyw,11970,enabled,2817372,17730,
sWaiZEeWvHE,8,enabled,544,14,
Nv3sYb8BY_c,29,enabled,82904,520,
QU3gS5mKMbQ,333,enabled,185634,4423,
y6abL0JbEI4,85,enabled,36970,540,
8SWKMMMvp-g,1420,enabled,1365085,8857,
VxFjio-xfM0,16,enabled,4929,56,
onJZpbC4KqU,1458,enabled,459111,9413,
pThox-ig-ho,90,enabled,173549,1041,
dViaNfK8krA,9590,enabled,9436550,180168,
l6FasjnqEBo,4569,enabled,2332817,32183,
hzAWq6btY2w,6003,enabled,5106238,55090,
eQA5BaLMHFs,2405,enabled,2581824,40672,
LVmFU6hwRqU,429,enabled,373152,4486,
e7tGkJp2HfU,2276,enabled,1783132,15492,
5vijt6GxD_8,1551,enabled,2346296,23689,
jeERYDPGRnU,1758,enabled,12720262,41897,
xLOi_bvWXEo,554,enabled,356582,3345,
mOSrtH9n0sE,557,enabled,5142839,27269,
WA8qkFtrpUg,4299,enabled,3264723,27289,
47GyO3DsohA,363,enabled,171165,1914,
0brngy3hCZg,5620,enabled,2851967,32762,
xVr0kB6SqEE,775,enabled,1278059,7747,
CMdqzuuyb90,3555,enabled,2250129,36190,
fWMsyD_RNi0,6,enabled,13248,104,
JUkfTeEmddo,70,enabled,67115,1298,
YN1bUAFc7bs,27,enabled,7891,162,
yxXjPy9m20Q,13894,enabled,2307561,42112,
iUUBQXs4zQM,1730,enabled,2796714,22857,
61muWPtLsEs,1573,enabled,1429735,16900,
GJVAlONnyNg,11,enabled,7961,192,
ahGo8NQ22Xo,2536,enabled,1794064,22705,
nBnRvmhly9U,661,enabled,160106,3179,
IvRM4fHKTQI,5547,enabled,3261029,46298,
udLPTJDDB-Q,20,enabled,10515,231,
PJGgl6qkK9I,85,enabled,565142,1645,
pRRUgI_iUXI,1337,enabled,2478463,22792,
wxBk9JzB5Lw,903,enabled,552218,9579,
VX_qI9e95_s,807,enabled,646199,10042,
VbB33IRYs5c,4387,enabled,5287466,48405,
Dvs30PTkdm4,0,disabled,15670,268,
pFxZyNnHxTI,0,disabled,1110902,20552,
TNs-mqqC27Y,40,enabled,27542,370,
h62tcdxa4Ag,1216,enabled,1028175,11511,
GexdxCIt86E,92,enabled,53078,548,
nmDP020rZGQ,1448,enabled,207017,4284,
Mw-x-7tbq20,193,enabled,154777,2715,
G41OcYF64lo,436,enabled,682362,6346,
s9sX9Adb9KU,5711,enabled,1937192,86734,
7yTt9N8_5LY,850,enabled,587939,4143,
KwkCPF_wSEk,434,enabled,2017835,9247,
z7Sh6yc3FHk,3117,enabled,4026529,17600,
wcriTfwUdfI,1500,enabled,993936,9681,
5S4dDGr1VYU,2325,enabled,1055149,10512,
_XsRi4BerjM,3,enabled,3385,26,
8p9DDIRSoxM,196,enabled,48655,632,
Yb-geBO7DVg,7,enabled,413,11,
w5bSVrPdH8c,1194,enabled,1911055,26925,
A1sgVb3YBAI,26113,enabled,13942796,264375,
xUm-6bNHacU,162,enabled,15918,590,
fHC8DfI13Tw,534,enabled,48319,1305,
BGPAM7db_VM,123,enabled,664462,2523,
_CACoKwOk3E,127,enabled,29775,908,
9JmCVLUMkAA,12,enabled,17276,191,
byuQOxiZbk0,591,enabled,1264548,11917,
J7N25qyU-48,425,enabled,554141,9776,
HXelZriTubU,1926,enabled,5299845,20611,
hhXDD2PkpIg,147,enabled,94757,1996,
apEK0-7oW7A,703,enabled,292867,9458,
dg7g0FLv_PM,3770,enabled,11701043,54261,
c5kAP0cCeao,0,disabled,2477030,5368,
FvOM9_tRu2M,1026,enabled,1582501,6939,
7YzGFwzhDxE,193,enabled,83031,1863,
tfBgtQs8l6M,2595,enabled,1820339,19657,
1NhID0fY0C4,73,enabled,238086,1804,
ZV7wrTbudOs,3562,enabled,2117558,27829,
dsyyq62uJ60,1722,enabled,5690497,21862,
B_SR_5Kl9NY,6,enabled,9641,18,
5Viy6VdjFag,2563,enabled,1033824,17928,
OdKgMjJL3KA,207,enabled,130679,1399,
tZw8tnz-uv8,6095,enabled,6042292,176230,
ZfDCRCPoV3Y,177,enabled,84966,356,
VHWu6JvzrJs,8927,enabled,4299177,54255,
dzIPjLwNgmo,704,enabled,1590913,8199,
m2Ht0KUoq2I,547,enabled,327687,4683,
QYH2uQ0xt5Q,452,enabled,295099,2652,
rIQH9xos954,4405,enabled,426175,6339,
U-lHtM2ti2k,273,enabled,66856,673,
HLm9NI4sTi4,2181,enabled,928818,14866,
XGTpqDj5fmo,254,enabled,60937,1007,
rx_B-hmWUbE,149,enabled,48911,1134,
0k7cHz-iQ4s,195,enabled,41544,504,
VNNLwdBI7Gk,3923,enabled,24371210,46368,
ioXoFHO8T1k,609,enabled,977924,5470,
-hSce1GE10E,23,enabled,5645,61,
6UCjUdTyr1w,5991,enabled,3877484,15498,
5f_RJpenvAI,17633,enabled,12255799,70911,
4WcdkItFjbY,2327,enabled,2133357,25605,
fW9aMoZURew,130,enabled,840733,3010,
5idaQec5hoA,24,enabled,203613,823,
Ew-b0KTPSy8,308,enabled,205691,3114,
7MtXCkKs18g,5967,enabled,3083632,54025,
t9iWCAWaWjU,2980,enabled,5150563,35360,
ZmeFsBuzdak,462,enabled,581288,6535,
26UfiKtOtrE,215,enabled,69065,1715,
iHi2OermTEc,5,enabled,247,13,
jPZ0ofY_2-U,66,enabled,11291,272,
VdHGqX0nuPQ,2094,enabled,1204972,7688,
lp96CLdrdPg,542,enabled,312830,5965,
9SbxPWJH8tU,224,enabled,134070,3197,
CGN_xByxGMw,1292,enabled,662571,13893,
funJHw0wIOs,400,enabled,553284,3265,
c1wg3ANeyq8,246,enabled,17191,232,
k-Hw_5kaYk4,334,enabled,189804,2013,
-hPRwRTQY8o,856,enabled,2247830,9993,
CI_Y6RLRtis,7415,enabled,11819625,40944,
h5i0XvMpWbg,3889,enabled,4738824,49829,
RJd9S6e_85c,91,enabled,60390,392,
WcrGyiKGEvg,64,enabled,25561,545,
K9aP4cdysAM,2381,enabled,2163917,16369,
gqsNHdfSERQ,5764,enabled,2938058,39679,
XQ1_u-z2UWI,1548,enabled,1161560,9873,
1TPdQyKGfwk,273,enabled,46045,582,
36NjBO_jkCw,202,enabled,56584,652,
38oKE-7LFJ4,3622,enabled,4170426,28478,
X1UDuzuuc5k,956,enabled,1754323,10992,
dLtrbr4rv2k,396,enabled,302397,3722,
XUrL785fX2U,88,enabled,141675,3697,
9rIyzmz5Hmk,81,enabled,25307,715,
OQZSwKL7HXA,226,enabled,64391,1467,
98vVChmws2E,257,enabled,360991,5157,
jEh0_uBmJe8,62,enabled,19038,465,
qcuCpOdBhcU,1331,enabled,536417,6217,
_M7OO9NrEzI,4347,enabled,4824716,24773,
zrGrpRXbOJ4,3390,enabled,1548594,29369,
yeIPDJcS9MQ,0,disabled,5877,82,
B9gs6Y_lnAQ,4124,enabled,630464,33615,
DXt1GqzlH_E,1229,enabled,320937,5378,
vx_FK7OLI7o,61,enabled,14407,185,
ltTBH5driHw,28,enabled,13322,387,
rlqafKgRmXU,4107,enabled,1196100,20665,
tBd1Am7N13Y,2435,enabled,833687,8913,
PBwS7svfqkI,3228,enabled,2273040,21932,
YLKeDUuWoK0,575,enabled,243808,4200,
sgIbXwoSv-s,791,enabled,2119743,7500,
6cRV87SyBCs,208,enabled,148764,3314,
uSBnvoWkBdU,1674,enabled,5782000,19909,
Jn5CvDgaZSc,2029,enabled,3845898,28521,
QewvvIpwUlI,589,enabled,1602711,3598,
MHB6viOnEf8,64,enabled,23473,930,
3AVmLf3jSsQ,101,enabled,111362,2715,
hAeTOUCmK_8,790,enabled,404998,6049,
GWUL_GgUAlo,1317,enabled,572862,9338,
1iYpwybwDpA,304,enabled,2352778,8238,
nNlFZva_ewc,1935,enabled,1134869,8863,
CH7hF8qNmno,68,enabled,31998,662,
FiR2iiV9E68,991,enabled,4851046,58284,
bPFnQ_PVKNY,3956,enabled,520850,15864,
3upCBO27Wqw,6682,enabled,2936098,30025,
pvs_QscDsWQ,888,enabled,1458576,7891,
OZ81LbiiSpg,829,enabled,9225625,27156,
VDOF09361XE,421,enabled,56723,476,
_jzhoX7V4qc,596,enabled,7076771,10755,
-mnALVtXvSU,1734,enabled,1748684,16343,
0PU2Ah1Y76g,434,enabled,171184,3042,
R72oScwrHRI,16,enabled,26358,194,
qKUq4uBHQPg,10197,enabled,4022241,60269,
e17Thb0XiDo,357,enabled,527332,6555,
711kXYm5L10,288,enabled,492627,3388,
1rodyk_PvbE,8,enabled,44393,101,
s0vbUoqEOUg,199,enabled,1421662,8093,
weYuuIZBOss,149,enabled,153520,1500,
BsAPiFdsWJ4,173,enabled,198381,2313,
E9nudSkPOiI,5719,enabled,8786759,86554,
RrSP2KsU7Kc,7112,enabled,2058418,22220,
2XJOkQQL5Y4,1435,enabled,890140,9571,
nTbsOTHtJGo,207,enabled,27999,408,
Y3JtUO7bpwo,4,enabled,374,12,
aUlimrFs6hM,136,enabled,133732,1302,
Hq0daN8LVyQ,2654,enabled,388820,9408,
T4r1zVp3r4Q,22,enabled,12563,135,
eDDMSULnTdE,3802,enabled,1882926,23492,
MtYu_B9eVP0,1128,enabled,449368,5570,
rm3QTiUcpHY,2403,enabled,1027730,8618,
pJ-9Fjr3Hdk,0,disabled,349231,5818,
BYOoWyoRDPY,7254,enabled,8946560,52001,
_7I8C1ynVco,0,zero,407,5,
ugO5uSWCSoU,759,enabled,1504210,8311,
bYXAnHUm8TY,330,enabled,114614,3117,
L9ssq0KufmE,5919,enabled,2815128,42869,
_pJ3WzHH3Mg,8,enabled,3599,32,
ylAO6Bg3E8w,242,enabled,28501,284,
DvCP3Gmxd8Y,904,enabled,3130824,44277,
NrPxOjofsZY,4456,enabled,3155452,34043,
yarsCzySIC4,3125,enabled,4086090,32432,
rVq7tz4jA-I,150,enabled,73611,1854,
OhdBzHU7sdQ,346,enabled,186483,3537,
8AnCBDIwHsE,710,enabled,483911,1630,
ONjVIeJ0HZg,7206,enabled,5520445,95714,
2NromoWOzn0,1181,enabled,886743,8505,
1KdxrKgwknQ,1430,enabled,591816,9765,
-3c-V5K2p88,8076,enabled,3144690,25235,
Theih2v9Tc8,3579,enabled,3991298,33684,
eXuT_83QI6g,244,enabled,65326,2075,
yXVuP1cvcJ8,445,enabled,1370741,7746,
p4a0F-7LWt4,3849,enabled,14958813,61332,
Uzcg_EWfy28,953,enabled,531821,4621,
xsZLVN2iriE,1094,enabled,10415473,35153,
Mmh1JGzKyEY,1131,enabled,314308,5901,
HVyUkKthTuA,772,enabled,1253104,8480,
TKDY7mfhq0A,1254,enabled,626376,8003,
d4ARyi9Y6dM,160,enabled,56129,1235,
NyGjHiYi3ZI,353,enabled,172029,1306,
wB-Sps7fx3k,1092,enabled,675213,12913,
f0vQS4CBER8,245,enabled,80033,1056,
0f6VCgnQ6LU,25,enabled,17541,313,
sc1YLWuOGJI,25,enabled,7986,200,
sPU5uaXjUVQ,3199,enabled,1120964,11768,
rRDKv_VGJik,44,enabled,34081,295,
KRfj8yD0VzY,155,enabled,17862,417,
b8NVRe9YYo4,806,enabled,147975,2893,
PUybvb18bVI,1844,enabled,1274261,6125,
COBICZWwkc8,4843,enabled,1221651,20577,
Z3f90BIYU7U,538,enabled,3109317,27233,
5h6qDBnJVAY,63,enabled,27424,463,
9BuLhF2x4Xs,4650,enabled,4992038,45142,
q-RzbVL8In0,380,enabled,60834,1424,
JYnaNvXZhoY,2682,enabled,5457861,48049,
OQa8rFsp-pM,5077,enabled,3905644,26908,
y0dz2ifRzxg,1531,enabled,706896,16474,
hXJOEqrl4GY,0,disabled,289642,564,
KZEgUpAnuZE,1893,enabled,1900258,25974,
HB0-jTeR2Vg,4937,enabled,4286826,103312,
8M4-mBGLPeE,3183,enabled,4741818,27825,
9ltRadPZWEQ,97,enabled,94564,358,
W-j0kFE82jk,22897,enabled,12119741,91429,
chvGNfsGwV0,631,enabled,493315,6883,
C0Z3Mw-1A9w,418,enabled,150246,2906,
9nuT_ZxWwb0,3784,enabled,2812448,28149,
pgtWGSQm15w,11,enabled,39917,163,
u70PvD-FZF4,26,enabled,15624,226,
pNgcIDj9sE0,0,disabled,20312,143,
6dNGF9PRkBY,2672,enabled,18940722,147445,
9LJYUkaL5yk,407,enabled,1460011,6261,
9ncC1R2klvE,1741,enabled,2315142,21886,
UlGeHPncTe0,4941,enabled,2891694,42308,
LZ8yTs5_T0M,36,enabled,38510,228,
Ke5Is2cs4Rc,2864,enabled,1721824,33330,
s_FHwR_dY04,540,enabled,156217,2728,
nAT-ahYN28U,222,enabled,168027,1526,
DItNtEGqoYc,318,enabled,134174,4456,
hyk9dRXKKbg,209,enabled,1043565,4908,
CTVzdg7B9os,1373,enabled,494014,7334,
qvu5Tfo_HTc,1263,enabled,2042558,12051,
RG4wov7W5jM,237,enabled,100282,1916,
qV-ztVH9glY,677,enabled,336307,4742,
dM9V9Od1xHc,1157,enabled,2481295,16328,
xl3gh_hTyhA,582,enabled,2946760,18626,
wPzUAIX_IVE,195,enabled,77712,1330,
2KMyPXGPQB0,11,enabled,6574,57,
8bWhdDQEnZw,3101,enabled,2264892,17265,
SmCq71whq3I,220,enabled,96155,1678,
BHlNIgcJUrc,3596,enabled,1978341,24831,
b0g50-j3kQc,0,disabled,145417,1038,
iFUOt5wfXHU,364,enabled,2571646,8091,
jN8A8I8N4R8,469,enabled,100089,1825,
-lc8DHMiIYE,1921,enabled,1117855,11132,
gg5PYU2CznY,3483,enabled,2475478,26217,
79p-OHjAt_g,2889,enabled,476550,7600,
w6prPFcFEbE,372,enabled,58308,1374,
BEXWz23D2wU,7443,enabled,3072797,20552,
fStQ3bBTsq8,95,enabled,31981,367,
QsQV4nDG7u8,4403,enabled,6902004,48346,
w8IJZRGcoz8,1016,enabled,1593573,10098,
bqCMP44fqxM,0,disabled,2447047,2259,
kmdGOXjvUTY,94,enabled,188453,1289,
kgFuqgnNZeY,597,enabled,7393337,13690,
ieZ3iCf9HX8,53,enabled,15225,353,
1LRaiX0ptqQ,34,enabled,35692,265,
yV5AfuGSdU4,28,enabled,50488,360,
U_reFBke_EM,119,enabled,51319,480,
hT7bJQBsmKM,496,enabled,732233,6242,
YRJEI8NsGio,186,enabled,13589,468,
EB9wnw5SvXs,2838,enabled,816115,3885,
7DUkvVFmGik,504,enabled,342007,1675,
asw97DWtrgE,30,enabled,27220,303,
Tk_lIr5j2kU,4,enabled,1281,24,
VWnzs0NWZww,8020,enabled,2809638,34666,
bmMWAanb4gY,99,enabled,66662,895,
62ZXWfA321o,2454,enabled,787220,8372,
y-LarSry8BE,240,enabled,113490,1095,
7UVuz5l1g7Y,10,enabled,32917,2532,
a15jXgmTBbU,3722,enabled,7214264,29204,
hbURFbm1jlE,660,enabled,2637780,11462,
LEkEf9kdSsU,1087,enabled,9256984,18560,
D4BG6h0j6Yc,126,enabled,40814,606,
dAB7r3DA0w4,2423,enabled,1581356,5886,
2Hhc1SbptPY,0,disabled,65059,360,
ZEh2lrttbKM,87,enabled,18730,373,
7uRiHWuvqfI,395,enabled,176349,3329,
5sAaNzBGtCc,7874,enabled,3961282,47820,
vjl2eJP4O9s,4196,enabled,11526408,35014,
3ptuCpOxT7o,443,enabled,1670780,4054,
ziwE4WIBjN4,945,enabled,1474554,10880,
1PidVM63yyY,250,enabled,502930,1457,
7cYgPMGDgbk,1016,enabled,699794,4519,
s-EVs2FPfco,558,enabled,331613,2197,
AORABZEP3V0,19,enabled,6394,102,
YVp6q68lvYI,1157,enabled,1180871,10423,
b0SuJxtXLnA,140,enabled,74983,772,
SUUTiQHno8g,5472,enabled,10081605,79629,
DTSu6UjvceY,416,enabled,180093,1389,
nai4HyeRnxw,576,enabled,1623328,8457,
Looyvy7QsiI,2164,enabled,2512671,32090,
AjMhJlrro_k,127,enabled,1001969,4142,
2C5OP4ElE50,36,enabled,22098,316,
2JfClOxmMAc,565,enabled,947193,7060,
_IYtTJMVKI8,2666,enabled,639104,12948,
QC6gsVTlvRo,2740,enabled,691582,4979,
MSqtLmrGQJA,2168,enabled,3120037,49032,
YGBzEN6_t6c,4151,enabled,1682647,18664,
B4KNQQs8I0k,108,enabled,34192,1026,
NcUchJEPd6k,339,enabled,220052,1724,
4a2W7ZeqRpc,3659,enabled,3620808,33077,
JJV2tO7Ad1U,653,enabled,5890141,27930,
cQ8UBY8x-Zk,1935,enabled,1500785,12513,
y98nWwKnzfA,393,enabled,194694,3642,
Mswr5cic_I4,9500,enabled,5227347,128393,
Id0ud_UfIK8,20942,enabled,3390397,42284,
NgJoRnmUtoY,0,disabled,782471,4399,
TRuPqaFWWpI,162,enabled,66807,393,
lr3au-ZdIOE,5638,enabled,3269989,28242,
XtCEe8ssRVc,2535,enabled,18290267,74260,
X45VihfG-QE,102,enabled,881268,2613,
Yhj4-pwi0sg,4286,enabled,25059424,82723,
6SP0DweBVXw,22,enabled,24333,330,
daI0FdA3wpw,1171,enabled,1094449,16829,
dh-agoAnKe8,9928,enabled,1981022,19108,
2daR-0XU8-o,444,enabled,177203,2794,
L7JQ6tr_izE,4956,enabled,5487818,39148,
0NpuyvsUVHo,3308,enabled,4035528,32865,
olQw2CWY7yQ,162,enabled,44699,1176,
TyKB84y-YvE,10336,enabled,12382975,51203,
NsBgzwgXjrA,267,enabled,94773,1950,
XXe5ZEqHABo,23,enabled,16801,283,
yPoPmdvlyS0,251,enabled,108389,2212,
CCBhLoSwhLY,522,enabled,132472,2618,
ihsTONOFVic,8361,enabled,14718969,346037,
a7nMhCOEptg,282,enabled,461617,6395,
3c1BWmw2ly0,1000,enabled,3466115,24977,
UZ_Lp0coivc,4554,enabled,812574,15278,
pCsHAK7VYUU,4685,enabled,1760714,9937,
x3_dJaZjwHo,5627,enabled,7458479,53927,
J4mExd_0CQw,5,enabled,3055,36,
NizJCibudx8,144,enabled,530460,2879,
sW1rC2aLOfU,1411,enabled,2030735,14472,
hz-iqA2wKgI,12349,enabled,15147403,78129,
OcskK2npFwg,2403,enabled,3413288,31873,
i6GYVgEUe0Q,100,enabled,38963,938,
2WBgxCktEIs,245,enabled,39741,1307,
DM91100gT4c,3425,enabled,13332052,113533,
_oRBarHnMgY,147,enabled,60207,623,
mW_t_nKqqaQ,38,enabled,29301,1132,
fwMsHbBlzG8,6,enabled,2071,45,
amBbZ7PcJGk,3876,enabled,8593118,69312,
WOw1mO6sx5M,12794,enabled,2499835,13998,
Kp8u_BX3gUA,10588,enabled,1381010,33411,
sfwnXVKdCAo,484,enabled,475601,4469,
uBuiM4_Bi2U,0,disabled,31724,346,
bpukw-UZgyQ,161,enabled,83281,2115,
awM6T_1Znaw,146,enabled,154689,1656,
OOhLRXWLHS0,2899,enabled,1882752,38533,
dLqOGq9tQKQ,979,enabled,1220924,6667,
E_K8IuJ0YJc,288,enabled,100468,2313,
aaU1Al8cMIk,493,enabled,2124018,9799,
ZFBvaOiYH9U,509,enabled,295700,5497,
28BdDT49BuE,884,enabled,4273023,22133,
JvHU-UOPrGs,6976,enabled,6944321,48114,
TUPLEVJXOXk,20,enabled,29306,331,
F8zvYRT8hxg,184,enabled,721428,6219,
YhkQQMDtRnE,15189,enabled,4589768,81655,
fZEwjx9kFNU,105,enabled,78238,1748,
7p_nPxfqNFo,55,enabled,85745,623,
OT5SWXebDww,147,enabled,2452388,13737,
mrra4A3ARUA,602,enabled,325160,4419,
6HToU3E6zFE,10353,enabled,3149359,34199,
didpRr0hCqM,7838,enabled,9491974,49151,
149lO9e-CjM,1922,enabled,2429996,21885,
PNG75B-EwDE,63,enabled,94296,1387,
a2-6F2zOk30,7846,enabled,19123929,151476,
EGbQk0ikxe0,69,enabled,28614,649,
MWj6STevPD8,1450,enabled,477615,3090,
Pq08trKEufo,2676,enabled,9214900,49721,
xIe-ejegc-4,2034,enabled,1782286,25177,
NESz9vIMOuo,0,disabled,55184,514,
NiLl_f5Llwg,2384,enabled,3841516,66372,
_v3ptRMam50,102,enabled,44246,622,
trVSZw-C52E,13056,enabled,11504339,106109,
3_q8O8xQnlQ,5483,enabled,9742532,53006,
fO6cjC0Op6s,1022,enabled,923910,7904,
K11IeKCIu6M,740,enabled,3469965,20572,
8HlkCfYC6f4,41,enabled,14931,298,
t4OEBQjE0bk,524,enabled,555619,5104,
aEP346zFHLM,2109,enabled,2590123,9449,
RLHVZ2elQqY,108,enabled,4440,79,
vEzOylq9rnQ,24518,enabled,4525903,149745,
lUkJiYVL4ow,2001,enabled,5566679,34638,
15m-p0gVNE4,10,enabled,5405,269,
h0GohGRRmD8,3382,enabled,2424080,22706,
gndDVuExTnM,3625,enabled,7583658,40163,
NYuu0NNryS8,9464,enabled,23111295,135935,
m77_wQWnSp4,0,disabled,64888,186,
LBf1bxP2Pro,3834,enabled,8242937,58263,
cjEj2DnJ5So,500,enabled,1151696,8667,
Of7CU5dpvi8,29,enabled,10196,219,
rPpaQTx2hMQ,227,enabled,283003,3575,
_qADYyrn5zA,578,enabled,700319,10411,
IN_kywkEyhc,1635,enabled,808619,6983,
gNie7TOut2k,3708,enabled,3053675,61413,
7kaGsSsvFlw,271,enabled,374336,2679,
we4maOly4UQ,5066,enabled,5552226,32908,
3oStcXtuDp4,8,enabled,472,11,
EkZv1DmDXVc,55,enabled,577237,680,
Q89Z5nx-vj4,260,enabled,561333,3975,
pPK-areqUAg,34,enabled,16659,392,
-eWWG1Lc9_Y,1860,enabled,1708264,16378,
uD-BMoEOpig,142,enabled,1784709,5509,
igLSdbF6yv4,16816,enabled,3863351,55596,
SoGwfhO0yGU,922,enabled,2863614,39864,
YHGR1mRXKlA,0,disabled,178865,1817,
Cq_Q1pbY5Q4,7306,enabled,6533710,67205,
aknKsPD9MKc,13988,enabled,11679740,53589,
YsQVB8_XeqU,13,enabled,8219,111,
RYz4YG2krIM,0,disabled,41577,2304,
hbRwfWqSBwg,4637,enabled,857483,15456,
mkBO1AThsvQ,156,enabled,608671,2175,
feOmQUbK_s0,0,disabled,204869,8294,
Y_TF9N2XlAs,121,enabled,165022,1404,
JO_b-YZU4_Y,3020,enabled,304702,4393,
_04DT_GlXPk,25,enabled,9596,257,
BVI87Bybuwc,207,enabled,1022065,4702,
NFFa95zbqVE,19,enabled,4862,192,
ZoemTySxFso,4803,enabled,4153889,48218,
IJHPrPCAEXA,546,enabled,4377796,11681,
7QZ4RboU6_E,6096,enabled,9315136,37978,
Bw75H5dKVxk,0,disabled,1217131,23112,
yf0s4Q8cLW8,51,enabled,24610,275,
9zJlI5VzAvQ,1881,enabled,2581673,20891,
gIkZT9Bhugc,1931,enabled,9960595,200481,
KtKzbboo0bw,728,enabled,259332,2140,
kaKpA_l4WoE,205,enabled,46326,905,
q_aM4KXTYPk,23,enabled,27300,223,
MW2x0GiJlO0,365,enabled,190694,4051,
oqU_pqD6OCA,49,enabled,11139,202,
NrIfVaWzlnQ,14059,enabled,7826469,65564,
A9t00pgrjRA,5968,enabled,1848571,27064,
NRD60VaEHQU,149,enabled,57971,532,
xr9vo10M0U4,49,enabled,121050,1074,
YRfUR9iVPHc,6909,enabled,8854878,65754,
lFfjB8kyGfE,0,disabled,4309031,23054,
S3DGvtvCdTA,99,enabled,205230,508,
XOm1bqRxCV8,134,enabled,1883930,9004,
sCiJj2H9szk,478,enabled,1764435,14266,
HA1LCLBLZ-w,792,enabled,319610,2396,
SKieDgTC8_o,624,enabled,289159,7199,
tEVJSS_SRHA,225,enabled,173801,4572,
CEZ_zD1cdXQ,11,enabled,60103,189,
nm_J0-Hzt9A,653,enabled,210243,4419,
QYBxGRgyDUc,3744,enabled,3629731,35709,
t_SEr0i2awI,174,enabled,61970,1446,
khVJLkvx60k,882,enabled,867744,11008,
pnx97u-caCY,771,enabled,197567,1642,
fZbIwpwggm0,103,enabled,233674,2146,
HGVpgRGHD8s,1890,enabled,287374,4846,
28WfafDEsjU,1506,enabled,4414428,18891,
1dRPa4P-hkA,2098,enabled,1884163,13673,
OpPRP0UHWqY,8,enabled,1086,21,
6Z9f8CiJG7Y,6,enabled,840,16,
IS0XyV_8AnQ,99,enabled,45980,1664,
RxkvChHDKgQ,540,enabled,363060,3504,
M91oUw8Hd6c,71,enabled,12072,269,
JvkbQGOvjxo,4431,enabled,2516454,31704,
I1JYKvRJ6Oo,3,enabled,450,8,
Buc-2L29Uig,543,enabled,1887493,10583,
wn2jKp37uHg,490,enabled,204496,2257,
KAzSEZqrbO0,662,enabled,1126526,6232,
0hjInDJRtHc,733,enabled,262336,2647,
Zskrp5C2kh0,8321,enabled,7376419,29631,
c_efBMq-LqQ,2574,enabled,668779,14577,
YlNlR1em__c,878,enabled,2720582,20756,
HuXO_NsWmR4,6161,enabled,2105394,17706,
0RN6W3zBV5E,49,enabled,34738,118,
WRYchBAdllk,200,enabled,339833,7496,
EKsBSKOA3hQ,299,enabled,3115304,10714,
RGL-2MxhJJI,215,enabled,594863,2740,
b2rdQgcv8CU,3401,enabled,4639624,40153,
cBi4txEe0vQ,134,enabled,1254221,2871,
M0ljVwOxL5k,869,enabled,770993,11790,
nYlK9GnfOb8,258,enabled,93443,2188,
lnFxzrhiBVM,37,enabled,13137,141,
JLhYK2dgqMo,5319,enabled,770207,6897,
jLw4Eq90wNk,2891,enabled,2451081,22573,
htOroIbxiFY,4510,enabled,9972227,44403,
dQ591CfNbgI,19,enabled,7359,185,
U8u1Aydxjl4,1486,enabled,470969,4436,
J4DCp1w6kPY,610,enabled,2840362,9494,
TL2p9E1yd4o,1392,enabled,1807267,12925,
3MS2da_u1oY,3693,enabled,2919711,21918,
olHpRkkYSSI,0,disabled,6008,181,
Hf57IfvxFng,1464,enabled,1782910,9726,
EZR2tVjPjdc,0,disabled,17026,327,
lYrqvYewUIQ,1150,enabled,1505826,7384,
Qngs_A2dnZ4,3065,enabled,4039885,76034,
w5LICH9PiIU,12269,enabled,4832789,21551,
XpMNW5aUIbI,301,enabled,1138217,8633,
4kUM3RRW8H4,1343,enabled,1981681,16579,
gBEvvW4DI78,1021,enabled,1471693,16247,
VV2U5PFJNNE,1829,enabled,1272071,18400,
aVHDjmvrXfc,604,enabled,573038,9024,
iDyVRuqrCZI,5156,enabled,6900736,40837,
KWt3H_jcr3c,1162,enabled,3878874,20906,
UYmeNInDzTI,0,zero,166739,2896,
TOCY0lfU1rQ,3687,enabled,7890113,75156,
XmyxQ8HNe7M,626,enabled,56227,391,
WOBsNIMnVDE,6169,enabled,5522069,59275,
SuvV2NCG7X4,1318,enabled,2501813,14464,
Z5OLzDmWWJ4,1239,enabled,2354880,8410,
JHTSPtnWqxo,402,enabled,61142,1021,
1ttf3lwC0-E,97,enabled,212404,1396,
V6ICe8ng8Dg,315,enabled,18962,257,
UmqSRioEnXY,94,enabled,63133,685,
BVZaK5a7vvk,793,enabled,1239733,8034,
pZbdz5uzGms,20,enabled,43034,75,
pwe-xW8-rHg,60752,enabled,10710433,313506,
x2l75JEuxcA,10868,enabled,10847851,134864,
8jKB0dRWkQM,7810,enabled,2044683,38936,
G9Kf8Vfcze0,134,enabled,81732,893,
TTNMUMmvQto,646,enabled,805549,7442,
6NxZem92X5Y,1753,enabled,1215480,18506,
rb6AfXuDx10,329,enabled,1373849,5769,
wfxdOjIvBiI,6999,enabled,5087494,45326,
VNKo1hoI3po,631,enabled,2937716,21092,
AGLWZPQH66Y,11141,enabled,13163282,137054,
tdqTp8F7OQ4,183,enabled,1896515,2402,
vsEPE3Jh_y0,4728,enabled,3670201,57857,
4HseDRZ0CEo,3067,enabled,2475832,29885,
EokrtVoG51o,2228,enabled,748173,15157,
Cn0pCvp0CPk,339,enabled,265912,5374,
LqWrp7RCgMA,1242,enabled,283671,5517,
uh8phgFP0Cc,1009,enabled,504656,7088,
1Ds9fVKCEs0,658,enabled,277413,5287,
ZkTUW-SVyUE,256,enabled,624180,3023,
Rq24m0bSzB8,43,enabled,672384,1039,
9qdDvFpMg1g,45,enabled,28660,668,
ASNUcYlBWRc,2242,enabled,1203815,19514,
hdTtqIqxdEY,120,enabled,21007,214,
hqIcHGRLxyc,0,disabled,21069,140,
jTFcWVNSGZQ,14,enabled,42345,313,
87s2OMWOsug,435,enabled,132492,2701,
iYLJjDZwtIY,680,enabled,1592516,7718,
JL9TOipHrIA,2094,enabled,1584017,21536,
brfOLeAjy8w,76,enabled,266251,1429,
yHAPtCJt_WQ,5,enabled,44621,190,
2_IxSxt0JrI,126,enabled,15688,252,
ODLAF85hI5o,2079,enabled,2006792,34922,
fS3wGCxZ10M,214,enabled,119646,1493,
aETKLVBjZkM,1,enabled,789,13,
o90yH5_fMbY,1142,enabled,1880939,41037,
noF0OvsJugg,1623,enabled,1737836,21951,
sRA6xdTsPiM,5854,enabled,2891534,28986,
Ju-AEhX8FT4,4951,enabled,4866947,34159,
c7meCF1r5XE,22,enabled,12136,407,
CVoksc5H5yA,3810,enabled,1558812,18841,
ZS5v2XnFbjs,812,enabled,542476,10354,
3ty6GAWj9QY,383,enabled,288710,1882,
gVWV2DB9Xg4,360,enabled,80332,1560,
kaTO7iNRKac,2560,enabled,2375715,23689,
vIQArwp3cLI,44,enabled,31911,301,
HovnTzQ7yIg,615,enabled,8363463,20054,
wooaBPLcjmY,2020,enabled,5793536,57278,
3AwFRwhNIrA,315,enabled,164917,1988,
_s39R_VKu9s,33,enabled,7445,197,
KmziR25Csvg,916,enabled,674962,6213,
bziY6o0ipI8,59040,enabled,6516498,64138,
Lbp5FiILKvw,215,enabled,162380,1233,
Z_tDyL5w36Y,2290,enabled,5043122,41077,
U3re0A_Piec,56,enabled,30321,477,
mHdy1xS59xA,11749,enabled,21485953,755074,
yn99ItFoopQ,370,enabled,474234,3755,
5kBHgqwPu1s,1013,enabled,672638,10989,
z6OeD32ZAnE,0,disabled,5384537,48208,
DE1cAWlHLhU,30,enabled,23522,175,
Z8SQeprQe6M,43,enabled,5623,86,
TmORMKTHuOs,4060,enabled,4049896,80659,
yHO3gU66CCg,1474,enabled,424894,5335,
TeIpFRN7sb0,0,zero,9178,24,
IconZSiBoPs,0,disabled,26361,398,
Sl7mO6Z5vWg,5888,enabled,4760254,36170,
9ONNX44QynQ,130,enabled,49610,1068,
61MPFIdErac,5180,enabled,13260941,113764,
rMXCy703zIU,31,enabled,2177,87,
5sYsF8Z5g7I,362,enabled,390582,5413,
IoKDQUi9nms,65,enabled,42572,341,
KzSwXVq0rRo,891,enabled,184008,3408,
D6DEagL4aFQ,2521,enabled,1279180,14195,
vSoxHrYfOdE,578,enabled,346882,2086,
nAyKEJUc6gM,1075,enabled,1061523,7542,
H1FeZBKD7lE,4644,enabled,1813917,35791,
qXZy2NDGaVU,5388,enabled,1377241,21262,
5wosC9QLQTM,3507,enabled,5688622,22313,
ShjRCYXU-xM,801,enabled,262886,5022,
bjIUHssc_VI,13,enabled,20280,447,
PXTAhwqqAmY,3421,enabled,596002,8608,
lhTQgIwKhoo,45,enabled,6369,107,
Zk8-NMLuh1U,286,enabled,1363641,8274,
-XxhX9rIZjM,608,enabled,4964676,11201,
nltJ0uSlUhs,575,enabled,201535,4089,
LZ9imO-PP1Y,0,disabled,403696,5126,
Ksrk3YpvZX0,10461,enabled,3878895,65386,
Pe7gDieRKKI,214,enabled,85863,1814,
RTnDs3ujHXE,8115,enabled,4950721,40491,
u42COg-qCMI,126,enabled,62312,1741,
EFkCSHbZlsw,115,enabled,116116,1567,
lby3EcvSGfc,3554,enabled,663505,9012,
WpHtn8uay7I,257,enabled,91114,836,
khbLWzR75kc,83,enabled,72876,2285,
NDrOteZX0Ao,6684,enabled,8291133,48912,
DM8U9h6QSCI,3693,enabled,2724674,27241,
jto8n1dBtS4,18,enabled,14799,125,
UfOgf9rT-Og,92,enabled,49893,791,
62SkDH82Brw,744,enabled,1918321,10510,
kxHK5mfwOmw,566,enabled,5118952,7345,
C3jh5E5-Z64,15,enabled,20179,182,
YWwqkKdv23g,18,enabled,8560,133,
wUNLGdqm_-0,1737,enabled,588294,8644,
xrP0RTb9ae8,2707,enabled,5359407,39640,
jKoxgxaNXEk,1435,enabled,586306,6737,
pv-7dgPoBn8,514,enabled,517700,6803,
KKyjkpFHPGk,8781,enabled,2613701,32447,
z1m5aRT_abw,17530,enabled,6015477,65913,
el9lIgKFMpA,19,enabled,24255,310,
TxQYjxPLH3Q,32,enabled,11010,341,
oU7siLAXVbA,2751,enabled,689527,15295,
eKL045fZ5A0,706,enabled,444638,2689,
IrlZjYcuDOo,94,enabled,84842,1268,
guKf_NDSKqw,1237,enabled,827867,14588,
cHEIue7P26A,9,enabled,38551,123,
47O_rpIa_vs,172,enabled,2028,104,
xTKmvLxqOJU,0,disabled,6061183,34559,
3ffMTn9cJX4,199,enabled,333444,3088,
vIsipEJSMww,26777,enabled,8293300,66292,
nKte92jc8L8,6301,enabled,6652866,31685,
pMDKpPn8Ftk,44,enabled,222867,671,
xR3zhlmSrrc,27,enabled,22266,850,
1qSi8EUDgZ0,177,enabled,31871,1113,
w7N2V81KzdE,1464,enabled,1694495,15468,
pH5qhadzPbU,835,enabled,63081,1572,
cXYtNhJhVDo,896,enabled,369509,5035,
e2QuVrT9V4g,1545,enabled,1742149,15229,
Vjl5xGzkNvI,43,enabled,10749,620,
QKoXwdwM4Uo,307,enabled,512609,4016,
3l_fdT5hC70,1484,enabled,1974949,11958,
r236ual6gyM,893,enabled,2322023,23719,
wWdsGfzdReU,535,enabled,1969334,6742,
9IIF8pi76SI,69,enabled,72115,2181,
M6V9h_16lso,146,enabled,1065306,1393,
j4_9Amxs4o8,13486,enabled,335770,2387,
M1AiUxS2kRU,2985,enabled,2873405,12708,
vgA2gxUwEfg,302,enabled,28693,651,
EqZfh8AfSGE,2889,enabled,2251842,20805,
QQ1Xr4Vzam8,1765,enabled,15651459,23267,
szsITKAs5B0,2593,enabled,424326,7189,
WoQFcHDHyrY,22,enabled,14659,246,
-XtReMW4jXM,226,enabled,2186718,4476,
qFBSj8xOhU0,2533,enabled,1320628,19974,
tC90kKbPuEU,166,enabled,63290,649,
CNfJj6L9BH4,566,enabled,2241240,8821,
bQ6oACsSsy8,1632,enabled,2079428,21813,
JLAnRDdK0kw,0,disabled,11457172,93448,
S9gP6jrLv7I,5823,enabled,2694273,42538,
xtAOmpnSwvg,172,enabled,165887,3941,
EaBOPZBSNCc,219,enabled,44710,367,
2LQyh_QwwX0,11,enabled,106952,62,
7iPRFFVd5PU,1239,enabled,2274418,12641,
cRVwUVRPvm8,72,enabled,131278,951,
G-vIuwqUO5M,202,enabled,144940,3395,
fhN7f1GtE9Q,7275,enabled,10566769,61310,
xQqjnyrT0ms,2131,enabled,8754397,100939,
Ed9DXly5VJY,3877,enabled,2964796,58359,
DIf5CKW4SOg,736,enabled,278514,3126,
YTH07sws92E,0,disabled,1385633,23647,
U9e3WA3ZHek,151,enabled,2003926,7311,
06JwbwL3yEk,49,enabled,68057,1693,
iftua6lS7vI,2909,enabled,115697,1435,
NOhyduxTOGo,2624,enabled,13109957,58397,
xpc62ygz3HU,1864,enabled,3265614,37281,
X1PsuaqmJjA,428,enabled,2196293,6055,
z9gRMUjeMNg,501,enabled,120226,4500,
BhKemHXgArg,816,enabled,481051,6466,
jncaJ_OJajs,958,enabled,101759,2877,
fC8Y0Tj2bsQ,135,enabled,39447,1033,
6pqGXh3CbPM,34,enabled,61436,485,
_pjzQgq6BzM,11,enabled,8685,169,
BDdKTnoRXuM,19,enabled,9703,67,
lVU8Hd2P8Ao,605,enabled,7116073,14084,
OK9udPK5a4Q,291,enabled,296998,1124,
tdFLruEV__U,496,enabled,216418,4360,
nx5HEciiKnQ,2887,enabled,1549459,16554,
n9IFaBH2vdk,2585,enabled,2738448,29272,
voNBzuI7IJ4,1024,enabled,5373226,18187,
XL_HO6oR44w,4874,enabled,2683897,24840,
SUHOWVgiBVw,17,enabled,7094,205,
dZclrwbNumw,366,enabled,117883,1303,
JPXyHVukMWE,734,enabled,1406407,6371,
mSwUNarKjnM,119,enabled,124467,1406,
4eO9SS3wvLY,5475,enabled,13389187,81274,
8hsm2QIEBkY,71,enabled,253454,1489,
ibYK8725OzM,29,enabled,26794,217,
rSlCVtsx3-I,6658,enabled,10281910,60753,
meWZBNSst0I,33612,enabled,20617315,127183,
luKsEWiGl7Y,5686,enabled,2048193,30785,
4GqxfvyIKTo,39,enabled,29094,352,
BBdUlJkqILQ,644,enabled,380887,5785,
dY_4ZpDxr0w,48,enabled,24018,506,
6IcTaDsLvdM,93,enabled,37854,532,
YNHFIA7Nlb4,1470,enabled,2931960,17679,
nUTtPoNUfYg,81,enabled,19286,758,
R9E-kkGdF0Q,68,enabled,2867,68,
Nte2Yt71ZQs,6238,enabled,8705701,97539,
Ib9wJOgH5Z0,666,enabled,1943524,7948,
lAB94vfRBXg,2949,enabled,1131955,7908,
_8P5tzURxek,1476,enabled,1099792,7817,
NC0zIJrX4sk,1750,enabled,1671214,8607,
5n38XDmdm_A,57,enabled,21581,349,
5Wallpu_h-c,46,enabled,12140,495,
MMIgYCpMbI4,836,enabled,3806721,11216,
xkpm22ZpmVI,63,enabled,80039,566,
_CtT6N4kjvU,0,disabled,2404648,26294,
GmZpqiFecBQ,239,enabled,95640,1790,
qaS-PtwBUEQ,12928,enabled,32782174,370640,
7kvEMyd15Ac,272,enabled,88141,1870,
OIscaRDn6oU,1438,enabled,17849536,18969,
Jr964GXQ0po,419,enabled,649057,7640,
ilMMiOAvN0o,1285,enabled,3016864,33686,
3XxLV2TAXeM,405,enabled,569449,4271,
ZBYVJbUmZAQ,100,enabled,33058,684,
BBsX4a7qXRM,2012,enabled,805394,14612,
OKbr2sHSYPc,0,disabled,68360,948,
CmXEScn2A_U,82,enabled,456209,1413,
0s8HO2rKE74,51071,enabled,16860616,156988,
E6zvKrhG1jo,63,enabled,3784,66,
bPEHAY1iKig,387,enabled,74674,1716,
qBdCEygLdRo,187,enabled,58157,532,
VIMzWA9cTZw,46,enabled,40769,358,
EvCNN562Ug4,570,enabled,198094,3482,
QbLMom6Qt0c,2904,enabled,17766450,112822,
5Wl7aF4qUyI,1836,enabled,3261344,10782,
33-0OTJ3h5o,210,enabled,1492178,4190,
t699W5_NJF0,1395,enabled,3494934,27585,
9Bu9CNANWw4,1398,enabled,997390,10504,
ld76DJfpnFY,5,enabled,16374,233,
i0xmZ96mflA,140,enabled,147810,1527,
ahzxUEoJBKE,848,enabled,460065,6206,
SgjtEx98UII,398,enabled,183725,939,
KRfO7Otjvfc,29,enabled,66657,492,
5NRapD1_jus,118,enabled,53570,1181,
U6TZzYdcRV4,4217,enabled,5433336,82041,
L0EPQsOVwQQ,1498,enabled,4467378,19993,
U1V5Rs3aWwM,935,enabled,1150411,23609,
0xJ1hJ5XIyE,2828,enabled,77316675,40751,
O9X-IzD1QlU,153,enabled,114458,1625,
ORTyhU7FTPA,855,enabled,3589953,20717,
34fAv_buRw4,2284,enabled,1733907,18179,
UcLhSNUyBT8,44,enabled,20226,227,
-WxpYyAywY0,129,enabled,61263,609,
BnEAn6rgOw4,133,enabled,200594,1705,
iv6vQltjS5U,4722,enabled,3421963,36601,
6vYGawK4ajg,2259,enabled,4523443,38132,
6vVla7hO8Mg,496,enabled,877298,2496,
vp_txd73U1M,34502,enabled,8055682,219643,
fwFxMW5NmiI,240,enabled,86878,1397,
nc0lNWf8ujo,74,enabled,13255,359,
wOYpd4X0gwM,10062,enabled,7226826,59569,
uDd7AtBQ89I,7,enabled,2156,18,
DEtBmM1gE7U,5334,enabled,5115342,57700,
lUzZIOq7u40,338,enabled,404999,2101,
hH-XntwV4FE,659,enabled,712962,8401,
pSmFd_I6B94,1089,enabled,744183,10178,
yWznXkXtuaY,30,enabled,17240,135,
qCnwXYuzoco,31,enabled,21115,338,
511EKR4ydbQ,2,enabled,6118,12,
9Gt_-yO72LI,3100,enabled,6558141,55415,
cbOti79_w58,21,enabled,2370,139,
6XZeIovgjIQ,60,enabled,57765,1060,
xa_vbbWao70,1028,enabled,1817297,8409,
WbcBFaoSxZA,10357,enabled,3783731,33926,
5B2dfZnxTk8,16,enabled,50979,252,
jQdHJHPoJ00,522,enabled,784171,4410,
wenionyOPlk,164,enabled,588728,5437,
vl7E31BLSmg,2248,enabled,2508945,8773,
NGBGN98b70U,126,enabled,116563,1064,
SvTv-Y8FdIU,371,enabled,716928,11859,
8pLStI_zJh4,1451,enabled,594454,16910,
D342wdr9GQs,57,enabled,30213,564,
tikJme4bO5s,60,enabled,101930,966,
itZybXoc9qk,1332,enabled,1711795,16468,
AmLwO8u0TVY,223,enabled,272978,2536,
PVb8KkLdDok,1287,enabled,1371452,10987,
HpyTI_slBtc,182,enabled,89280,2339,
q87o1pNWNS0,1951,enabled,655410,10797,
OMqTZhgvfGw,1773,enabled,5147291,28299,
Nr0xVQ8uDDA,2372,enabled,619343,6633,
Be_FMHMrMVg,119,enabled,58165,1308,
Giu4UkGbOew,1056,enabled,1201824,5790,
epbJi35lzEs,825,enabled,1020276,10098,
-Sigl30x-2E,708,enabled,872831,10974,
LOn8KDSQ-2k,580,enabled,1717999,11052,
v3BCYSTsyTg,56661,enabled,7255247,67042,
PcLrH2eIOWI,529,enabled,238728,3965,
zkGyMNalguk,5968,enabled,10853343,59257,
RpnON6Ohx28,18,enabled,10639,506,
gEKyze_-eS0,900,enabled,233033,6617,
451Oo0qa2wg,8,enabled,717,11,
l0zRont436o,0,zero,16920347,154161,
0hHFLBKR3y4,555,enabled,259831,3764,
HrW63XRYJGw,24,enabled,25493,338,
lRHntR821XA,18,enabled,14352,606,
fHgChHVN_dY,165,enabled,292464,4053,
G6QJzBjzfUk,245,enabled,82299,1981,
qHMlm07z8ao,5,enabled,1085,10,
IEoQJ9ZLok0,2148,enabled,805840,14158,
JQC65dyEEIs,126,enabled,101661,1835,
Oym7mRkW-pU,3047,enabled,4067968,31987,
sZ_-yb-TN9M,3554,enabled,18645964,76601,
zEQLjOfKlFE,2424,enabled,1184999,13686,
yezGH6Q-0fQ,792,enabled,776587,11728,
IwbQOsd7wks,144,enabled,29677,1130,
FUDs3bvc5a4,66,enabled,33137,392,
Y5q6jSWPogY,1444,enabled,1135317,14160,
0oBkr6Gxiw0,0,disabled,2399971,8480,
75TYdcWHx-Y,391,enabled,39838,476,
Od1Fu8Ll0Kc,51,enabled,2783,49,
wiKG-bWKl70,1547,enabled,849714,16444,
hu3ZIfNIzuY,191,enabled,20547,211,
wDGZLo4YKSg,2849,enabled,1121194,11484,
S-dFb9HQd7I,1157,enabled,4764559,26093,
yLxobXeKViM,1221,enabled,618565,12511,
nmmKAW3Rvrk,8495,enabled,2851520,46029,
EG93eIVuwOk,2664,enabled,2483412,21987,
FbDeckIMkt4,0,disabled,56759,646,
WbPwf9STNBg,189,enabled,61986,1278,
rgwsrx9PCk0,4446,enabled,1072330,21387,
AP1wWGqRAmg,308,enabled,27331,847,
XUBjho-x2hI,13,enabled,13747,120,
lHIqBqBt4iE,8768,enabled,2499116,46517,
7OqEwoYxujM,53,enabled,2846,42,
lP2Sm2nOmyM,120,enabled,18780,198,
VzvTfERlf-s,32061,enabled,11649413,127737,
xSNSAnBCtjY,6348,enabled,1708551,62274,
VN-cxU95C1A,74,enabled,22905,438,
3CbQaTrBTIE,8,enabled,290,13,
zFH1q6xGSEw,60,enabled,25648,558,
w5LDRkj_VkE,3214,enabled,7480629,142324,
d0d30A585g0,8232,enabled,23182069,75442,
NKTmqwzWJUw,1380,enabled,1314233,18047,
Q9-vfySAPnc,392,enabled,437835,1856,
QuheVlfZMpQ,1048,enabled,1025133,6073,
DcwDraePaIU,17,enabled,12486,172,
__PJO9Xid50,7509,enabled,2854513,18038,
4XWyZAu7BsY,3348,enabled,7184205,34887,
L3JDj8RVaB8,122,enabled,93405,407,
ZLNarQehTwM,986,enabled,4283255,8582,
Ck7yqX_ZIMk,6452,enabled,1987255,41672,
hIBpzQ9ewpY,244,enabled,155013,2214,
1OhRb3NcJCs,244,enabled,424362,3644,
Ahl8CG9Bx70,0,disabled,4233035,12521,
s3jjdHuOUFI,65,enabled,476606,1442,
qKvRlJRxDmU,81,enabled,92864,1082,
3pmu-cTT-Ak,10133,enabled,5077444,103162,
FSvxuekIVuk,3276,enabled,6132425,80312,
tzLYyg4c1gA,2171,enabled,5854787,26251,
SEnZxiG1Bvc,3506,enabled,11762748,138643,
x-P81XO1fYw,2339,enabled,4699687,23503,
xyoTRsPrzAk,91,enabled,281996,1492,
oUsIMpm3SxI,575,enabled,416205,3852,
yWReDUJK44Y,563,enabled,1089348,7712,
ekqp90s2F7Y,291,enabled,394002,4189,
YpuWtyTnoUY,166,enabled,65001,856,
1VIx_DT-O7s,604,enabled,1633612,9387,
9b1UC-mQwUs,1116,enabled,1754395,11914,
dqb9gkDBR64,93,enabled,44759,812,
YfHUX-BZ6NI,135,enabled,55820,1397,
FBTfFhlExzM,0,disabled,2557541,12899,
cOL8PJhNUdY,29,enabled,5804,275,
iXNnm8vCydA,329,enabled,297587,3090,
3YV2S7pWCTc,5061,enabled,9358703,122354,
cZu2KhyE0NY,14,enabled,12343,124,
WhyCm4aKHOg,572,enabled,1197729,8843,
ygiDcofmxjc,637,enabled,853907,7907,
5SVTOBWEqOA,584,enabled,107857,2649,
thvgw-dF2fI,3734,enabled,6860742,39750,
FOYMXjfqUos,293,enabled,488530,2924,
C06gNJwyUwc,9,enabled,6996,34,
S1L0jpv8hOY,66,enabled,41108,291,
JJTmwWMIhJ0,393,enabled,193951,2012,
gbVQpCBhluQ,664,enabled,1164956,7378,
ExoomgW2pOM,13,enabled,4683,59,
GRcedRewxSk,548,enabled,360406,3616,
QQQlQag4_cg,581,enabled,862460,10472,
K5PQz03nuNo,59,enabled,51828,478,
F8pLebqfGVg,276,enabled,120329,1017,
oXCAdGdvh7E,449,enabled,86727,807,
BUjl4EWjDTA,4907,enabled,1147650,15231,
YxGl-roTQTc,2892,enabled,2036823,7393,
tiHg5kOAk2Q,240,enabled,354925,6771,
Sf2ZLP7hQ6Y,1548,enabled,906305,9276,
XLjAHJaLJKk,240,enabled,1161953,3937,
xuOy4shDVhw,0,disabled,2607191,13332,
T0A9KBr7bFs,1427,enabled,2132107,17120,
4xVhjp-6So0,2321,enabled,6476532,18368,
gH5HfvJWdf8,8,enabled,692,19,
8jDwWSDGDME,269,enabled,31968,1238,
KNFxxwKX030,7441,enabled,2693726,23976,
48nPH_yvGYE,797,enabled,48012,1224,
9ry8hyOfEGY,772,enabled,319264,5889,
m_e_zP28M8Q,0,zero,1172036,6080,
a-2XOCNyKDo,885,enabled,97008,889,
xZ4FTLQC9lg,33,enabled,29252,878,
QWPwbQc2uJw,3809,enabled,6491952,23521,
Km2QR5camaE,446,enabled,324365,3899,
WlWEpRdcVCY,2348,enabled,3485771,21699,
XrNdDXoUYQE,40,enabled,41856,325,
oG0oxRgOfeI,2243,enabled,3378475,29565,
uGqpKSbbMmM,15,enabled,20032,200,
EiWdTTRVX-Y,3692,enabled,2482979,20895,
cbnVFvnixKs,1141,enabled,987044,17923,
voNsus-FOSg,409,enabled,50703,293,
TFns7CXSTBg,249,enabled,30499,291,
l1e62g1uDyA,0,disabled,95308,2020,
iTMmYX7MPGM,3829,enabled,2840757,24654,
-Isy7e6txIs,639,enabled,521109,8409,
gLv6tsTdpgM,4045,enabled,2676946,41613,
CAUvmzuPGUA,0,zero,1770,28,
aeynG_AfdTs,2833,enabled,4539887,20942,
SyFKv1iLis4,0,zero,2494185,27150,
cKL5uOi3m1A,0,zero,399444,2247,
6tfTSkj5fBg,2549,enabled,11682662,85636,
HvUzRm_Rs5c,6194,enabled,2900178,30849,
uQyLTdRW21k,1833,enabled,2223371,11512,
xgxq41t8wdI,16,enabled,5158,95,
sXT6uHVeAfU,8346,enabled,8153724,50507,
b9kObWBkHDw,243,enabled,48441,792,
JJM7nP87jEM,440,enabled,100219,2295,
51HzOxJhVgk,615,enabled,750232,6186,
YpqjbdeauHk,1446,enabled,4409143,26417,
2TdRXosMu08,5304,enabled,13095269,66817,
TrzieFhwnRU,263,enabled,731567,3345,
2L6bKkAUIfw,1128,enabled,9030781,17377,
u8iVUJr52ow,2434,enabled,2186311,26352,
MtxJQ3LqM5w,85,enabled,22505,501,
Zes9n1zEmdU,7014,enabled,5096453,39647,
5mBXyXR9aXA,243,enabled,1628889,7373,
DVtQD1cfgno,3483,enabled,10836952,57445,
qs6rcYnaKvk,647,enabled,1490127,14260,
x-U32adAGkk,39,enabled,4482,164,
REuNRW5bTjY,528,enabled,2116738,3635,
X5L3Ax5483E,949,enabled,440998,6574,
szzUfDkoYuM,3773,enabled,2462844,21653,
-elPeLiuEys,1569,enabled,1299238,40647,
J0yZpmznEY8,1248,enabled,436180,10067,
QYvEZb7DAiI,1838,enabled,2357475,30891,
rAhtREmnjzI,28,enabled,8316,161,
9CwRjQaoTlE,12295,enabled,7859492,72256,
X7ANQxZrjrU,36,enabled,12983,307,
itJxCN27y2U,7,enabled,24873,140,
fpggiZ6k60U,17,enabled,11671,161,
yJNwJ3qjLBs,626,enabled,352596,2517,
mtfuo7yl3gg,105,enabled,133524,1674,
2tg4051fYRs,734,enabled,998220,6469,
LpeYn6MiZMA,183,enabled,88783,1333,
-m86o6tVTyM,1291,enabled,1131515,12013,
O2DgcoiD1mo,174,enabled,249029,2174,
3HScBR9ylQw,14030,enabled,5449483,84125,
IvdohUPWg-0,3503,enabled,5224746,56677,
xkhUJta0rcs,637,enabled,942151,6440,
1HWVFfLdTT8,311,enabled,214780,4131,
ubMMonHPDdY,117,enabled,48365,878,
khzs6Jp_wTw,374,enabled,2208764,14327,
z3Is8Iiv60I,765,enabled,182298,4494,
ZV-VYCv1Jug,112,enabled,30241,703,
wqTlWceqbaI,114,enabled,90320,848,
1Kdc-8pZfWE,11,enabled,9447,137,
gLFazAtdU64,157,enabled,154632,2349,
Yi6yqintlH8,920,enabled,959693,13615,
7DsqljgfxQI,883,enabled,153057,4218,
BPiz0C78FB8,9227,enabled,1643767,27851,
pNk56aCSrrU,651,enabled,339242,4579,
KVtaUf05sn4,140,enabled,103313,3214,
fIM4S2wltl8,3659,enabled,3484169,27600,
Ed9aNq07qMw,522,enabled,164876,2940,
s6IJKwEs-RU,2,enabled,601,13,
Xl1nqcRuuCU,368,enabled,2059115,10059,
0azEQxM1chg,50,enabled,47459,375,
gs4DEzt53nY,691,enabled,2287921,9298,
VCpJwn-Rl-Q,471,enabled,181401,3340,
q9L6PzX-NL8,1329,enabled,761040,6697,
EIY3RcD_TCo,601,enabled,2438164,29571,
UL3FkpzJ55U,1205,enabled,1507925,10114,
WaEKF2eFbG4,17,enabled,12979,167,
H-8EDSFyk4c,53,enabled,16050,316,
u9CtzalboVg,4357,enabled,7299523,32633,
nJTDDJgFFb0,411,enabled,528422,8359,
Gz5_9MB0e-0,19462,enabled,6651256,64772,
X0xklpNNyWE,1226,enabled,583987,10620,
_bAnbHsDWa0,1784,enabled,1670514,13546,
QZfqhOD6RgQ,283,enabled,193145,3735,
HeLIPap9y00,1613,enabled,2197997,15521,
CYlXa4Q6VkA,14,enabled,73481,367,
jVwjvjrCotU,90,enabled,9241,397,
Wj_gpE-aa-Y,37,enabled,28187,1234,
qZxU_sJZqO0,720,enabled,1042407,11828,
G6l_Wby46Xo,276,enabled,1366338,5270,
-14kNK7zs24,1451,enabled,1495726,19404,
q_7KUC6CY6Q,1259,enabled,440577,6244,
2-0i-fEN-4o,11163,enabled,1559148,32096,
p-f3jSjLRZI,2190,enabled,1896023,13209,
cRQanPU2Fk8,6142,enabled,21935447,60804,
eF8ls2aPbn4,7269,enabled,1940662,21939,
Jal2cuuvdac,28,enabled,11111,205,
fgimvuXiTew,13488,enabled,5101193,38014,
TQty849xOBM,944,enabled,436430,7058,
ValBetFbshY,4273,enabled,7303033,94735,
xvNgan6ghU4,4304,enabled,6327070,58024,
WijudrmZGc4,18,enabled,14350,122,
4rReUFXiJ50,1372,enabled,1298069,12080,
-X94qpzUYao,202,enabled,146229,1582,
EhFPMTWSsso,5934,enabled,14720953,90672,
Nfh2870B3Gs,697,enabled,659539,6979,
9_bgRzQhO8w,1735,enabled,1465416,23034,
5KmJd02D-6c,1747,enabled,5240118,23533,
q1yvv9fHSw8,1650,enabled,2560723,26486,
40-t1Rr9eCs,0,disabled,2692397,3634,
63TwGcjN6y4,871,enabled,2859258,10594,
PF58SVa3oLI,1458,enabled,1080956,24464,
FSXYyNw6rko,24,enabled,67659,384,
5ocEO9e0Q1M,19913,enabled,7219090,66294,
6XdIZuCNVeg,429,enabled,384402,6819,
eOSD-f5nXkA,185,enabled,36447,649,
NWJoMfmu2p4,0,disabled,1582525,12243,
MEmAGJac7Is,71106,enabled,8535420,83748,
k9G_jNf0Xkw,4043,enabled,3256576,55279,
VUolw6HyZg8,7610,enabled,11361481,150224,
ugiZVox3Y1k,4877,enabled,2813127,33359,
NemacKms7qA,1235,enabled,6594346,38638,
HsNaTRZbwJc,8716,enabled,5285189,43588,
fqXfefq9VcQ,280,enabled,51479,948,
Mvuj5fCmLVU,731,enabled,77587,2900,
Z6BI1vnmsdE,984,enabled,1114617,15414,
_Ku2DIDMuOk,83,enabled,92119,980,
m7vYAvznp7k,925,enabled,2695350,8297,
1m5_rxrpsL4,2648,enabled,1011050,13824,
FExcvY6oqJo,1748,enabled,2549656,21012,
K3g2840zXKY,9644,enabled,16825646,97736,
WZsJ6BtOh60,1977,enabled,3118378,21473,
Z06PBEMtHhk,1711,enabled,2654095,13710,
RRCW1acFsxs,1463,enabled,521515,2665,
TYrZ8grFNIE,534,enabled,554998,7297,
qGJKjFHzuqo,51420,enabled,37158946,995943,
zWmG9vTAthc,6093,enabled,39567833,108889,
WpqI052UowU,223,enabled,698298,2919,
8dLAaZa9JJY,701,enabled,325841,5977,
5CVJsVnXd6c,8,enabled,277,12,
xT5YXIiHN40,766,enabled,756455,21234,
1kqWnxFR6_w,2290,enabled,9072772,41472,
WceAqfM5NCA,58,enabled,15066,207,
b2GfFl7c4m8,665,enabled,475906,5206,
fJF9sT_kL-c,112,enabled,56382,730,
x-uXnBykJv8,2505,enabled,927458,15237,
9bZVTxokbrg,6637,enabled,8892801,189058,
kWE2_-jiDS8,8,enabled,27291,129,
LMJaX6DLgCY,956,enabled,121514,1196,
RlmbBuMl1KU,1076,enabled,773624,6966,
DDTlhnBeR7Y,641,enabled,2126062,16069,
uxtWn2lsfYU,2101,enabled,4681843,25757,
6ObjCzedRs0,3810,enabled,7456201,72754,
qln3csFlSTQ,1379,enabled,1581792,10914,
UWrSzgkWD_k,39,enabled,12498,268,
WeSFqheNSYo,522,enabled,170335,2945,
I5M8_0Z7o1Q,1121,enabled,3201409,33171,
JIfKt49u-tg,51,enabled,11001,329,
ssTdkqVW8xQ,6576,enabled,5268423,72184,
FplmvpBrfco,3240,enabled,2523143,23227,
QvfR5tDOxyg,39,enabled,6947,89,
E_eL6bmjr_w,1777,enabled,287334,1989,
Rbo96dYm47w,5810,enabled,1789813,17076,
RuPiETBbRoE,4182,enabled,3285537,42978,
qz4kh996StQ,11,enabled,279,13,
nmXzl7GaARQ,44,enabled,44401,765,
envf09nZyic,1009,enabled,11817854,36321,
IWQH7MfWTIw,310,enabled,14677,561,
1hv1Opm_wFA,75,enabled,39179,708,
xvZZuy0glwE,3993,enabled,1821134,17895,
gykbz5ZXovc,21,enabled,3409,37,
Z8mKFBE_KNA,460,enabled,417494,4887,
R9YkrdjoqWQ,0,disabled,11822,470,
yMnn6_oBu1A,115,enabled,119150,2476,
LmB-CsnzZxU,16,enabled,14013,200,
ur-qpV4srEQ,0,disabled,3429629,6252,
eFOi3B_r4qs,5015,enabled,7160547,43112,
_qW8yAV8dJM,5445,enabled,5482574,53360,
F-0vAm6YwlM,401,enabled,5000781,15551,
Gz2oyqpkemw,213,enabled,393757,2757,
Uv6lPaGp7vE,1992,enabled,199037,4850,
DcIIhrc0vdk,8,enabled,1855,20,
uD1cF3UjSM8,1106,enabled,3367659,52575,
0vlUFSL2tME,602,enabled,4802099,6442,
ag-lPf7nbXw,144,enabled,86285,1187,
OIEuwPZNE_0,29765,enabled,5391873,51387,
k4IzBIezhB4,3809,enabled,8381971,53886,
6BzxdeIGE9o,1934,enabled,2019292,22166,
f5uU0igHmyw,224,enabled,2750667,4605,
S60aGfOuyA0,199,enabled,258148,4471,
HwSIZaWpvu8,3723,enabled,11575659,24094,
8NKI7J9RElg,10300,enabled,6594007,72196,
OO0zMHDktAc,2202,enabled,1087637,20629,
Ww3fe7_uU3o,12,enabled,918,10,
XnFgoeekL0s,3242,enabled,5274499,26731,
mwT8JLiFckU,422,enabled,344137,1586,
IKj8zlhWB_w,312,enabled,946557,6388,
7JoVjhRFnGk,28,enabled,9703,192,
_QT8qIIFDig,29,enabled,16530,327,
-w3DWR84r6o,2514,enabled,2356514,41010,
hTONQA3MePg,2463,enabled,885947,7718,
8ccFYRuUFJg,58,enabled,46709,597,
gXa-feLaDLk,258,enabled,740257,8937,
uShCUp2QYGs,6585,enabled,19308006,45708,
RLK-IBGfFBE,361,enabled,325321,4378,
-jOH2NIHAF0,2351,enabled,2540672,17992,
1sqa6K1FH4Y,3555,enabled,2395418,23192,
XaIFsDyC7jk,43,enabled,18816,222,
xvK772r9RDA,84,enabled,10388,177,
Je9fziS354Q,5068,enabled,1961759,28590,
OEjuZwVVEpk,203,enabled,89275,1732,
1qNxOjbBIR8,322,enabled,72315,1163,
gIUPw6xWKJ4,909,enabled,2566601,10459,
UdFDIXCG8w8,7,enabled,7987,90,
pZMvyfDKMoQ,2900,enabled,1938445,22991,
uq7mztW1knU,1061,enabled,7354188,32392,
w7ghvXj6ZYg,43,enabled,7483,133,
yooWRoX4O9s,234,enabled,67929,2166,
YdaZo-y3CWs,61,enabled,20849,196,
SzhVfJeO_OY,167,enabled,29398,1315,
_9av3RfAbvc,5335,enabled,5380333,58341,
wodqaC9NRI0,0,disabled,71685,556,
59_bq2HK5z4,28,enabled,26335,337,
Wd7NJWlKii4,798,enabled,266599,3921,
wI-gpyiaMpI,4721,enabled,4136408,27824,
vIC4eLsXrqo,61,enabled,39175,931,
eQ9kVUVddkQ,20446,enabled,21782882,118971,
USk_4K38gwo,24,enabled,21194,244,
mQj_wnN7vhQ,38,enabled,22691,505,
Ga6PDPR8gsE,1285,enabled,500387,9400,
uYcBAFFokcM,1808,enabled,723081,10137,
SDzB2cQ2gmY,32,enabled,2699,47,
3Fhs8etoMcY,71,enabled,35156,831,
p_AdAkhQ-e8,17,enabled,7780,180,
WbF-G6zxr0c,826,enabled,726277,15184,
xtOv_jPk1B0,1544,enabled,1707960,20218,
LzyLw8EtKtU,581,enabled,882086,9598,
-mqMDOJGnnM,1314,enabled,2028894,35422,
ivUNXD-lclI,14,enabled,63952,174,
jXaOl2j7a4k,774,enabled,1038066,3824,
pZYC6i9AEck,147,enabled,140057,1728,
E8KEF-Ilao0,7258,enabled,18542942,65906,
FFX8oEJ7u4M,21,enabled,15621,165,
3pnhqC9bGIY,657,enabled,166813,6114,
CDpq-i7Zg0Y,4515,enabled,4034590,76758,
y8Fi87XoZiU,245,enabled,156900,1104,
8mKQE7AvhWw,11079,enabled,2799058,34763,
bsNl-Nn077g,464,enabled,107871,4165,
XnH179J8eKE,1945,enabled,2674638,42695,
y-0C05fAhiU,34,enabled,11816,251,
Jy8skjRtPVE,143,enabled,989507,4508,
QWwDZTf0n04,416,enabled,582410,6324,
EZhgaXXQ9z8,500,enabled,1113233,8032,
Z8if0xxXFGo,12,enabled,599,12,
3vP8b5w7_YE,21354,enabled,1967572,32101,
sPp6gafspTM,1209,enabled,4989680,18035,
JGbwDb2B1LU,1080,enabled,1907942,12712,
T_nIF9JBlUg,0,disabled,349611,1692,
qqWWHKjyMu4,1632,enabled,318329,3007,
JDUEjjK2YRA,319,enabled,656427,5059,
FrYVhRkXQME,4952,enabled,5960116,39167,
eX2-RCfNpAU,816,enabled,337851,3499,
xJWLxxD0Hp8,9053,enabled,4210529,94190,
HMtSxYaP5Go,4777,enabled,8721540,46200,
LomxrQz-E3M,98,enabled,78717,1131,
34op_kWt9Vc,11,enabled,1655,15,
L6H0tp9XRNs,0,disabled,9729,71,
r9wV8FUbbVA,7666,enabled,13103950,110526,
SmomPZQLHQs,614,enabled,305165,7022,
iIe82dC35rs,35,enabled,8997,214,
iIvCAC2a0B4,367,enabled,463078,7028,
3gHfaWD4OGs,155,enabled,17638,547,
N_GERHIyyy0,2000,enabled,2249322,14414,
um_4I5OtSRQ,2007,enabled,7611487,58228,
tFMFYQ4Nj4Y,878,enabled,336388,4165,
v85ZbtSKL0g,2319,enabled,1591051,22531,
a37vtRhGUV0,376,enabled,1377311,5357,
WkiqqE1GfS8,419,enabled,2219929,9333,
UWkxUxCDaIE,4423,enabled,1059079,8213,
WnSVLUP-WJc,3171,enabled,8823997,25961,
shmaAXmDEAw,11172,enabled,16476858,68879,
iyQxa9MHJdA,5316,enabled,11163266,231785,
CWyW-q5cfIw,0,disabled,10083412,47346,
YPFVXrXLH_4,100,enabled,50018,931,
xdZWa-7b7Fc,239,enabled,106805,1774,
f4APKyfYAXk,1052,enabled,404386,8310,
kQ1VCl2Pgls,271,enabled,85508,1966,
RirOyRSCe0k,3241,enabled,2693504,30127,
LPL2jUURD1I,8746,enabled,4701887,82631,
8G0LBhlmGBM,29,enabled,52450,446,
UOXW1He4Tjo,15800,enabled,988245,21482,
D0C0blDHUkg,2005,enabled,5496414,22221,
QUMmXFB-QOk,32,enabled,139648,849,
QfUuNvsTctc,135,enabled,174128,1872,
-LikU99ut4w,1743,enabled,1745057,28547,
xMh4AaURpZ4,71,enabled,64571,2555,
uQ83a5NgyhQ,226,enabled,826548,4839,
wvpCQvFVp9s,1316,enabled,195462,4752,
l_nQ9Ug0X-4,7,enabled,3295,47,
JHutd0VPkz8,387,enabled,992068,5639,
jI0rcGqAX0k,34,enabled,4545,141,
-ueICUWe_1c,270,enabled,216118,2998,
yZDaganYSrM,3133,enabled,2757905,13374,
NsbS5j2duV8,10663,enabled,5504299,39716,
mU43MoVuz-k,92,enabled,33750,226,
voa0kxstJHs,163,enabled,129936,1765,
KXF7_mXqEQU,160,enabled,53327,423,
1QDm3eVVSAM,30,enabled,8194,227,
pRQ7reN1PAQ,1565,enabled,4621786,13125,
prWMXGN1E3E,72,enabled,139881,1101,
PBdOeRVnMnQ,1093,enabled,1857348,6003,
rvLQgngPdEI,64,enabled,379927,2382,
dtn579DvHa8,20,enabled,33787,299,
1g-a2iB_jyw,608,enabled,4271045,12934,
ZvElFMlmuJ8,228,enabled,608644,1848,
JWbSs-XK5Fc,26331,enabled,15621595,232490,
b-C4xJI5qXs,219,enabled,105041,1513,
Li4LAxoHVoM,34,enabled,9938,608,
NdHRAI9VdXI,74,enabled,137105,570,
5n1YmpM2DZ4,158,enabled,16969,397,
Lmfutzd0Y-Y,3876,enabled,10223096,41553,
mkGmlcTPpZk,0,disabled,66667,463,
XT8EJTmHbSA,352,enabled,1931130,10757,
dN2guKIoIkY,4,enabled,1520,42,
u8Rz8ScwLeQ,2094,enabled,292047,10540,
SIK9XIzCuhs,206,enabled,945166,6361,
JObv0BSWJz8,3260,enabled,11245516,58605,
2Cfl-aVbbz0,8809,enabled,15024573,198899,
jOcUFieyoe8,34,enabled,4244,117,
i7DlI9TcOUA,180,enabled,38997,1166,
JtC_6HV977A,215,enabled,81551,1143,
rBFwxaVYPF4,1664,enabled,1181561,15310,
e7l2IeK9Ymo,16,enabled,6195,205,
n4NewHVUXMY,6080,enabled,4261295,34646,
USSnNfT6qek,496,enabled,820275,8795,
vPwy_b3naTc,117,enabled,18841,305,
-xqb4H0q_1U,2513,enabled,2692223,45530,
lYo8y-HHHXg,788,enabled,141625,4828,
wrY93yYFhSw,1072,enabled,757891,9757,
rYVIAloANlU,1299,enabled,2911573,13252,
En7JjgyaUC4,2667,enabled,744258,16612,
2QrMiiJ0a_g,3374,enabled,7303786,36598,
-9LTXO00aYY,15071,enabled,13624782,262337,
EF63lBuOgy4,374,enabled,1271423,7221,
s-lzZy26q-g,393,enabled,282274,2365,
HKBUqDtvzKc,468,enabled,927296,5508,
D9s5Brovelc,1883,enabled,2935350,41915,
6LxSHMC2m7k,1797,enabled,4838224,77438,
kPQbjvS6DLo,1022,enabled,65790,659,
g46T19sztLU,5126,enabled,12049113,49313,
G1XOA1GqbNE,957,enabled,961782,11641,
JgEkxi9H1vg,103,enabled,282543,1140,
2BCRmhO_-KU,2199,enabled,1622663,13115,
ioPU3H_bpmQ,86,enabled,81575,636,
L502pfF_DBs,90,enabled,461087,3229,
y6Rmpw87QwI,985,enabled,3041849,9192,
WJOBZb4_kCA,259,enabled,135015,3871,
8-zzgV-kfGw,54,enabled,36145,337,
G29NRlx1Bh8,3069,enabled,1018041,12556,
xuXiiM2y3-s,3113,enabled,1363085,13117,
bzQ-ciKQEkM,32,enabled,32914,291,
NrU3FGID-Z4,445,enabled,146740,530,
dSeB32NBVUU,602,enabled,642440,6144,
fNgHZ7IIGv4,13456,enabled,2534532,38496,
zJ8ryGA3eIY,946,enabled,247763,2725,
UMA2mIukOK0,2084,enabled,1412312,10356,
Dm0uU6SIxZ0,14,enabled,8655,354,
Cu1tijlB8k0,2344,enabled,1743606,15449,
OBYGTqwRclw,1569,enabled,941874,8522,
i4Tt_pE1XPM,259,enabled,30228,437,
DPF0zB1hDKY,5890,enabled,6398837,72609,
wLOYPrSCxIg,7,enabled,11440,46,
6sfHv-oN8p0,395,enabled,41922,845,
iHIW0_SyIP4,68680,enabled,18642073,56025,
KSuDHcr_Exk,174,enabled,208332,2080,
aPr4gQc7AyM,147,enabled,92351,1412,
I-fCXYerVTY,1938,enabled,874728,17933,
NmrE9xrzt2A,1361,enabled,699379,17738,
xafrwqf6VGU,793,enabled,2042383,20428,
G0WwC9RTXNs,145,enabled,1148537,2859,
DiuzW7vIjO8,494,enabled,247570,4841,
4JbIMf7Y7tY,89,enabled,99872,810,
4bIPhtK506w,4063,enabled,3093374,14668,
YCjCZJdim-E,2817,enabled,2323977,26697,
1sLl75XQitY,1205,enabled,1907563,7035,
LMZLBx-pwRQ,237,enabled,1047394,1271,
wWrQb0M3qbU,623,enabled,173518,4110,
ViKX-5MoeaI,915,enabled,3830583,11836,
acNfwJE0bU8,14,enabled,12941,119,
ctaHnYUDIqw,953,enabled,2796317,15756,
lZ9Zpb7oWUk,183,enabled,133544,2720,
R2Cz8l-QKts,94,enabled,104670,1236,
7rm1iP5CzuE,4276,enabled,3163411,51205,
E201xeBONVI,121,enabled,108572,384,
Bc35TlTBX34,13,enabled,35685,102,
4Oz1BYGvTvE,827,enabled,179142,2181,
4OptH3ziCMs,47,enabled,35584,1153,
vBjN1g_siDM,2412,enabled,6765323,43596,
P3RG_q0N5e0,1061,enabled,1070196,10791,
auJ_yTdfJ1U,46,enabled,102020,975,
x5UGTfL9Mw0,23826,enabled,2464593,23288,
_9hI98BzyA4,19,enabled,10648,180,
VXdXQx_UScc,2,enabled,1705,9,
QIxzvtmF0t4,7345,enabled,1259825,16894,
jbbNai2HHzI,18529,enabled,1292334,26568,
wcDHKnnfZM4,1581,enabled,2076718,14050,
DXBAq5taLs0,671,enabled,3671235,66957,
3IFflCbx2Cc,3304,enabled,7921497,30176,
WM4qIs-FMrk,870,enabled,517303,11766,
NCF7mbQirXk,50,enabled,35029,490,
BHdSY5oxe5A,308,enabled,167387,2414,
HV6iJhz1QKE,582,enabled,184327,4028,
8ihJjbIgKrc,599,enabled,124160,2786,
r3dv1696kD0,26,enabled,25275,585,
RqEOQ-Qnxpg,44,enabled,22019,324,
6UzPXdPYZkg,2634,enabled,3583827,17270,
99QNJJSy3_Q,14,enabled,2710,15,
rPoRZ6JWVIw,11080,enabled,4375713,28002,
ntZ_PHhKllY,2671,enabled,3585701,29240,
VHAg_91sqmI,318,enabled,488242,3708,
GqqQ4fXO24E,133,enabled,209909,853,
HgWSbChPthg,1825,enabled,238201,1877,
HXmRE3KIFeY,173,enabled,182716,2387,
suO_6TUMvKc,4477,enabled,595997,7219,
xoxuONCg3qc,398,enabled,146715,2351,
n5LNzb3JHoc,1742,enabled,1590781,19577,
uq9QiQ27hD4,1708,enabled,2724638,24537,
6SWMb4Oh5jY,3929,enabled,2812744,44761,
eEY_QA-DWIw,60,enabled,59150,1833,
SaP18QTNdyo,51,enabled,26708,722,
TynxxmS44TM,248,enabled,479481,1750,
AUunRtEL5K0,6053,enabled,3013449,61253,
Pzhbd0Uu8Yc,766,enabled,448543,4815,
YiJoN3DU4cU,54,enabled,149705,429,
30eJArMHjoY,2168,enabled,1727306,9267,
ttgxZMHU7MI,23,enabled,19195,239,
omTELPJJ3ms,61,enabled,40470,453,
QEBPCjarKt8,4480,enabled,1889070,11902,
N3D2VFGizr8,0,disabled,35609,260,
SRMw1AQRLQc,2667,enabled,2875037,23330,
WXY1Dp-eWzA,36156,enabled,14235599,198059,
e2E_N8uBlyE,15,enabled,7348,164,
Bk-36FZEtH8,63,enabled,137487,1000,
XEQc_h9K1r8,389,enabled,1760730,6111,
zoI6nnwiR58,1837,enabled,132612,2561,
-C671buZDOY,1852,enabled,1446460,13730,
6oPcK9xYSF0,14,enabled,17821,309,
YzhcUg5muZg,0,zero,304324,4025,
5hmdNztgJ_I,3693,enabled,580981,12237,
GESwbDKTQV4,307,enabled,138055,1564,
G6BBSavPzWY,991,enabled,1012875,4584,
OQl_hVW7lc0,851,enabled,2829338,21835,
I9eu5n_P23E,2311,enabled,310634,4071,
63PWdao1TOg,4568,enabled,2442984,43301,
MR29wbOnMSc,11481,enabled,5374526,50714,
ZJzng3Fv8p4,137,enabled,108341,3654,
nnfMwwoLAKg,1117,enabled,299825,5516,
e_cU2H1baO0,326,enabled,69732,743,
4z1s64JVaIA,62,enabled,18656,292,
jxPsh86cTn0,1617,enabled,1485254,26556,
Kvdz0vrKW7c,493,enabled,431275,3410,
cgDkUnc1VGI,11518,enabled,10579923,41386,
3kztpCoQkWc,142,enabled,71208,642,
tTRFphTmoB0,7,enabled,7123,104,
_rnbd6u6gPw,1358,enabled,7073841,24720,
dkeUBCrRhpQ,1509,enabled,912053,8331,
-XdEgIfxT-c,149,enabled,32899,313,
aoLVqA1YW1s,11685,enabled,16256073,76444,
JU-dODmBYqY,208,enabled,170906,1869,
RMHYJ8Tsjog,88,enabled,166174,1600,
eGHF9UIVHKA,1365,enabled,4521558,13832,
zrzxFlXuIRM,223,enabled,44977,1010,
zNhbNHdp7Oo,57,enabled,264755,1475,
3dORV_XDoYY,441,enabled,29403,946,
BMqzm7m4uOk,404,enabled,744377,5755,
-XQL2qIbppQ,8929,enabled,5729863,72968,
oPzQZFI_HIM,3446,enabled,3253877,24017,
WtUKE5HdTms,10584,enabled,10659927,150734,
jlZlewNcWp0,7268,enabled,1466049,13289,
OlSmH3yZNco,8478,enabled,12344615,134034,
9MLZFQdpveI,2231,enabled,3429884,35685,
qdhHd-K7CDg,1676,enabled,2026105,11766,
fUh2t1BZHUc,184,enabled,2268786,6497,
jm14BeJVaXc,473,enabled,104540,1786,
_8dn5jFdOoU,1623,enabled,853459,11025,
xLzU36KQEJE,594,enabled,433068,4675,
Bck2lp38DOQ,130,enabled,34983,941,
IRp_SUhBXuQ,179,enabled,1487254,8967,
YdVamEfoHkU,182,enabled,26934,511,
9CYHjv622nA,267,enabled,53944,1505,
o1-r6GAu9HY,1672,enabled,555012,9547,
nTsbTdG11sQ,7312,enabled,2803002,24124,
KgU-agclBps,316,enabled,216210,2255,
G_R2C-R4NEE,21,enabled,13444,610,
HApacB0i7C0,3025,enabled,3508636,16184,
C2bmHCDd-mc,247,enabled,1871206,5543,
FjuL-Kf47RA,4167,enabled,5587297,50558,
fmC0kLrGySs,1956,enabled,2210742,33095,
QzI8DHi7ZLU,3559,enabled,3777051,25928,
aF5k2V0G2Ig,472,enabled,105394,1111,
9PEr-Oiaj0g,280,enabled,58211,1755,
xe1wrpUJvLM,58,enabled,46684,860,
194Zd16QASw,55,enabled,23970,1186,
9XdpZ_2i_Wk,9,enabled,41930,507,
iifvQHNrgKc,28,enabled,13112,471,
LdM_FS1RkCg,50,enabled,36968,530,
ZnX1IbIFUaI,275,enabled,254903,1573,
St8vFW9Kg-c,5301,enabled,2227902,61151,
7u-_-bm25rQ,115,enabled,17763,125,
aKYeekQpjUA,168,enabled,203665,2500,
-x4NleLytEo,398,enabled,98303,860,
EAzXjhZu-VM,562,enabled,467059,6635,
5HTzpavCRRY,840,enabled,879261,5787,
tECHHXEnC0I,163,enabled,29650,1176,
Z2x2gWD4WLs,432,enabled,790127,13395,
pwIiREBs2O8,228,enabled,115379,994,
WViqKHq96mw,11105,enabled,62549060,251794,
_KtX799wy8A,1581,enabled,698563,8054,
yYOIuUdawBc,795,enabled,82263,1866,
Sq4lbCC24js,5356,enabled,8035846,83411,
aKXLQN1l7mQ,25088,enabled,12553703,108906,
HrJEk2_5D5s,453,enabled,426853,7352,
SyhZOAoqqZg,644,enabled,2315676,9316,
J9pJB4L3xSQ,420,enabled,435107,4742,
fuRVAERmE1s,125,enabled,23829,811,
mCNuhoUvkFc,232,enabled,65241,637,
SBydXrDjL1A,635,enabled,802682,10542,
y1xbm4ADRTk,885,enabled,344887,5433,
s6omnoqEhMg,665,enabled,3243817,8120,
QwGDgNT-jTI,177,enabled,56859,1639,
FmDI0ctulfo,253,enabled,39416,1137,
pRKYWlXe-gA,4469,enabled,2306029,15760,
zjaU5ZHQTrU,848,enabled,790293,8573,
DtmwNfcKcRI,216,enabled,284121,5980,
E7c5IjCfkns,2174,enabled,1751814,21746,
U-hlto5hUhs,1299,enabled,7505325,26571,
O97NLsZNVIY,53,enabled,28688,598,
bGQTxJ_mbHo,53,enabled,20710,293,
iJtzDAp-MrU,94,enabled,33449,1040,
aHW13YsRmF0,70,enabled,14923,472,
pQhBv2jhjXI,42,enabled,11291,219,
gvVWLpd5l9U,73,enabled,21604,568,
E6LxfDFSZ0s,2943,enabled,713561,12212,
RYNUG3-KGIY,4567,enabled,15621458,149380,
SSesJarKEXE,5663,enabled,2496745,35695,
7_HezXbLxa8,21,enabled,23791,319,
xKxFkQpUh-Q,1084,enabled,3383367,41820,
gpanyYCXHj0,1845,enabled,5328470,24871,
nfWKsp3uT7Q,77,enabled,231691,2062,
O9GOecJDiEg,48,enabled,2743,84,
0xTSWW7a0ak,88,enabled,102777,2853,
osjASMRuutQ,2790,enabled,1040498,24368,
MzaBSb7DBD0,1123,enabled,1785517,14939,
2ryaPzxnr4o,193,enabled,75553,2430,
6nfHuM3DsNw,676,enabled,581480,7413,
wuLzlIjmuEQ,563,enabled,437633,6806,
yxWh1RJ7J5k,63,enabled,16709,474,
kQnNW4576us,417,enabled,701795,3124,
OQGeoTfR158,0,disabled,4349424,9717,
tHrE6BKIXrg,81,enabled,46636,1252,
YKUFtgcUlzY,220,enabled,401938,5077,
SYHOWFwIAzg,140,enabled,61361,1023,
tkpR5R5OPmc,32,enabled,14146,142,
e2cMS2SuWm0,10799,enabled,10598756,95163,
6yNLGy9PEus,0,disabled,270317,1725,
ashL0BWkOe8,55,enabled,11903,425,
qyty7PL8Xf0,242,enabled,146642,3094,
0jhkWG7Jnr8,249,enabled,135978,2117,
8O1exGDZ8JU,884,enabled,2904378,31355,
7ZwRM4XJX9c,0,disabled,5860524,8674,
Clw7KrLPmwk,289,enabled,1350350,2667,
4Si-wW8Ym2Y,1022,enabled,171087,3439,
4D12u5C1M98,274,enabled,57993,599,
BRp7aFBkuWE,58,enabled,25273,419,
DO5KExioJ6s,2172,enabled,1123266,19848,
wbTdtyFotMw,47,enabled,8162,205,
Pf9DQsY7Zss,0,disabled,3545782,27685,
0N_tkrYu8Hw,4351,enabled,6057989,86846,
4GBMWcDijlo,24684,enabled,5194863,88676,
qZ2B6P_lEI4,111,enabled,108908,857,
ukTd8oDhQR0,14376,enabled,4835094,64961,
xvLtggm3ji4,57,enabled,6937,259,
1Xe1b65M86Y,0,disabled,730763,6667,
K25fl-kvr1A,689,enabled,6418101,18228,
RHhXZ3DUED8,2522,enabled,1877136,22030,
IfiYbVHzFHk,13,enabled,280,7,
c706ibJgtnY,21192,enabled,16237792,80973,
UagF0dyxoe0,8334,enabled,1622430,31530,
VdoAFK3FD1Y,2841,enabled,16254369,44411,
xHJpynvNYkU,19,enabled,25450,329,
TBkt5DJUscU,455,enabled,175216,2102,
9QDFZ9xK9qg,456,enabled,626690,12311,
GL0aHhDuBBs,4221,enabled,6187714,37767,
HrSnBVIjPr4,224,enabled,754108,5734,
v5Xixm0mmJU,276,enabled,234527,2741,
JTMg-GXrQW0,0,disabled,56197,651,
LNog172H20Y,1847,enabled,2123101,27957,
umdixqHIs0U,796,enabled,323062,6544,
FwnAJrQfX4Y,680,enabled,459575,5440,
ySaAj-c39DE,184,enabled,78455,774,
Edr9DPU7vk8,7,enabled,5043,269,
wvY31L_LXqA,3475,enabled,4885564,80492,
zwcVmX_9jFM,74,enabled,134302,3849,
h1CGXy_h-iI,125,enabled,134181,854,
NxxWAoAU7NE,33,enabled,126866,694,
DUXvnuR8qAg,2527,enabled,3664505,22820,
zkcd5Hdk4Gc,316,enabled,62096,1282,
E-dPJF5AiF0,57277,enabled,11725961,82511,
IliFD71jJdY,403,enabled,270311,1526,
UXb_C-3bdCc,3050,enabled,712637,17604,
auahRt7V0Eg,213,enabled,98641,1308,
JXFi82DSMQs,24,enabled,21845,247,
wHiLstj4M5c,6,enabled,1161,15,
EMQtimSyBXI,7766,enabled,2336680,26359,
2PD55fyRBxI,37609,enabled,13511701,53604,
1jxYcPSJ7sg,45,enabled,16094,311,
J2Fe_8pvV8g,296,enabled,78123,907,
09R151e5Ukw,26,enabled,20068,303,
ciSxJdSpBVI,136,enabled,40092,397,
IPOSIL8DkF4,4507,enabled,14935450,61548,
34Nm9TNYVak,25,enabled,18615,297,
ORpcyU6f9cs,1337,enabled,3275065,28089,
XkkJuMGQ37I,796,enabled,161910,4780,
NP5CucIwh-g,10197,enabled,7892955,79664,
pg1_Gdhg08w,0,disabled,13864,615,
6kH-RdptzDQ,3383,enabled,753269,19115,
__HAhVuftbo,120,enabled,123123,1045,
tEAkNTU4PRA,5255,enabled,452536,8629,
YVpsDCSqg4c,152,enabled,36975,390,
pEn2WvT0xLo,231,enabled,40718,480,
pOBVtQvNAzE,1425,enabled,2550130,28167,
xYSEiSwI5pk,1989,enabled,2958694,35655,
liCm9ocup2A,4742,enabled,6410304,39533,
1YXnR_zJOBs,2560,enabled,4257215,33695,
lXv_Sd3nmAk,204,enabled,223068,4555,
OeDeWAaXAXk,214,enabled,1463768,6749,
WKt9EqC_jdw,3709,enabled,2259556,35606,
dnUTNU9f7CE,257,enabled,1401186,6588,
jM2CD9x9jOM,3814,enabled,1602366,24387,
2tefoNsmgEA,1268,enabled,237180,6684,
0L-W_MmgxGU,444,enabled,222360,2583,
swKhiWd7Igw,6860,enabled,2281635,31126,
4jXHbh0BKV4,16623,enabled,7081551,78278,
_hP_UGqobz0,3755,enabled,4442207,55848,
qQBIiol_eOQ,8,enabled,109749,503,
a5yDP3Qs-q0,1730,enabled,5701872,36009,
wrP2vA_vK7Q,27,enabled,9091,284,
wi-Zc6NTlDA,2489,enabled,2222655,20943,
dOMCouqr3eA,227,enabled,38328,909,
RaoSpLcVAlc,5568,enabled,3576901,31021,
bYLEUfJtf80,20,enabled,6346,134,
g-hiZ4PDEyg,62,enabled,158417,877,
GhNA-OoQwVo,806,enabled,5177002,15716,
C9u2rNVnZWQ,697,enabled,586924,12277,
vStNkklZv6E,0,disabled,38304382,255078,
Rc711jTrKL8,67,enabled,77434,800,
gLflhddUiu8,38,enabled,32724,239,
-0_lveHgGTU,110,enabled,301780,2233,
-X6hR6-dwoY,3354,enabled,5790276,57888,
311xbnWSH5M,15,enabled,7335,173,
KPLy0jTgL-8,1993,enabled,3376909,31121,
Cip3LmqQ7Y0,20652,enabled,6465074,77742,
AXoqGEI6tp8,0,zero,37460,250,
0rJidP5TxfQ,54,enabled,62355,878,
PZ-q0BIfvbA,39,enabled,309577,812,
tiKQXuZsJxI,20,enabled,15247,514,
ChRxLHZSzUU,0,disabled,2627846,7101,
zAuWt3DFbv0,297,enabled,1209285,5218,
XIXdrbjlkYw,2386,enabled,2918836,22303,
LBRd2ucG0pw,1228,enabled,2174765,12141,
ZKimqFFesNk,67,enabled,46552,1358,
rItRaHpgOVw,1880,enabled,6756816,27685,
9tXEr1cps4Y,75,enabled,50175,756,
fygZoZn__-E,2572,enabled,1588531,19442,
3b-3CnkcVpM,1,enabled,1481,23,
lcawK3l7cew,37,enabled,476587,2812,
KlrWjq0UhbE,2553,enabled,2962065,31631,
ESF4HK-nlKE,1186,enabled,1876262,15108,
A4f0GXeR9Q0,0,disabled,3277313,17059,
uroUGaX-4Po,809,enabled,1053432,10016,
HvmwLr9Hvo0,95,enabled,2363508,5435,
Ba7N98MVzvo,425,enabled,238242,2201,
s2xWuD90IvM,98,enabled,42097,425,
ap4sOPa3iek,78,enabled,16898,426,
supVs9ycy_0,816,enabled,1143337,9490,
_irOaSMFasQ,375,enabled,2406812,16393,
KGE0x5dIpxA,152793,enabled,28323404,523610,
UCGu_1Kwct8,17,enabled,4093,29,
o1KBLnJAjF0,90,enabled,46268,399,
OUeTlgfRDv0,1572,enabled,1309303,12335,
ARH8Yt2fpvI,12172,enabled,6574748,56690,
waU85ZoWJhI,1250,enabled,635871,19696,
kR523F9XZXo,2806,enabled,2373037,18038,
AUjf16JdqyM,27,enabled,18563,329,
m0omTTXTeBc,342,enabled,1061184,2952,
29iupijOvd0,0,disabled,230961,3189,
EgEsWKQLKK0,63,enabled,42376,1517,
XdEoKYpFR9k,10525,enabled,3894615,38164,
xobaE9l0mIw,1355,enabled,1456585,9911,
VQP67YX4KNg,53,enabled,244930,1006,
Fq6bluwMCLs,140,enabled,135555,2311,
hD_4AYx74L4,30263,enabled,13986784,83637,
E9oZh_DKGQY,657,enabled,339640,5428,
8tjMM67-aao,728,enabled,588628,7497,
aXuk41q9WG4,1154,enabled,2065861,13407,
-Mz-6-L6XZU,377,enabled,245483,2872,
ooJLwwWuaI0,18,enabled,473,13,
EB_-ZA92I5w,2011,enabled,4502312,21039,
9bdsH-TMXE8,994,enabled,2944998,13779,
pi_FiRo7oVU,12420,enabled,4532893,66408,
VyL6WzvIhUU,1066,enabled,10180112,46895,
JcCDlfV66ec,37,enabled,20285,306,
8q1zO40PZVg,180,enabled,237738,1306,
jnl6i-AEkhc,27,enabled,38624,509,
_1DTzRjQuME,285,enabled,221648,3730,
-r3SEz2rd4M,27,enabled,114657,612,
DcL8gP1w338,6,enabled,588,14,
b_yyRHdbIJ4,9666,enabled,3932261,33135,
eGoT_VqIVKY,496,enabled,68033,1941,
fjIbLTaLaoA,38,enabled,140795,904,
-fC9rdruL4g,827,enabled,3962226,14298,
hOUqXWk-nCI,9320,enabled,4345940,40492,
j0YlNyBph_Q,1241,enabled,239872,2219,
pfbuDv1371w,38,enabled,8562,259,
rbeoFRnYQzI,3009,enabled,2602768,23856,
o3bTiWl3YS0,4029,enabled,2904618,8396,
S7S5FKCRnPo,592,enabled,6097957,10964,
Bbwls8imO5Y,121,enabled,32044,640,
m72SF3G4RA4,1959,enabled,3860455,33687,
VHyzxD9yzvk,91683,enabled,17760384,206386,
OvKcoam9u6k,0,disabled,10261555,83229,
RWpYVOsdaho,132,enabled,150650,1532,
k9hFLYWb4E0,1615,enabled,5826292,23214,
-bG_LuUKbMQ,1107,enabled,1745998,7519,
Usgp1mgwOio,570,enabled,5066166,12751,
vG65DqYgTnI,425,enabled,748201,3705,
jZBAPmDkqd0,5570,enabled,6909219,46493,
K8rI0KCIQBE,1048,enabled,649243,4485,
QjLRwDo33hk,2106,enabled,1632822,8345,
ULBJwz97-4k,1064,enabled,1905215,11953,
p1nR5AQ-CRU,404,enabled,73532,1803,
0g1QzISOTpY,6,enabled,403,12,
UTT-_ngZazo,147,enabled,44822,1553,
Zuc3jkLrYaU,92,enabled,50565,793,
I-UHy7RBJFU,63,enabled,39277,263,
GfgnsnDfaJw,98,enabled,81038,1263,
3LhyG6q585A,0,disabled,40060,364,
pKqItgqVvLA,884,enabled,1335542,7330,
tMc3NCxnKBY,7,enabled,2903,88,
aP0Omqh2Wxk,3842,enabled,1913996,21955,
o7xnZb221YU,1211,enabled,1281448,6199,
GUK_CMD6JsU,460,enabled,342970,6401,
RjJR0dVeXR8,29,enabled,84733,619,
YFNpff9W-BE,54,enabled,16339,331,
24QTajuS62s,1163,enabled,602914,7423,
EOjWDMoxf1U,15298,enabled,48349147,407780,
iC_Pjvu0auU,409,enabled,165981,1981,
LS5fGI2O-PM,42,enabled,9996,203,
AzbMb9zxtG8,38,enabled,11737,256,
8nSROkUm7Fg,508,enabled,125579,2085,
-jUsQ1x7tU8,1303,enabled,1427706,13231,
R8Dy-V7NnYw,2870,enabled,10464691,134209,
vin2CjR7viI,1593,enabled,9361444,58818,
PIFZQ3nkGio,7,enabled,98269,155,
-Szmv3WKPys,631,enabled,2258810,17311,
H2OJ-ypohfw,178,enabled,38636,1251,
xWoTAEcQi7k,8360,enabled,2427549,38955,
XrPFzU3zi7c,1768,enabled,992290,9895,
BfwjhOZPOh8,3429,enabled,2686396,23986,
0KvtEr3iH4c,335,enabled,2751075,7707,
ZIZaiiGwRFI,1097,enabled,1520748,10115,
wcKcZgRQPbQ,110,enabled,72386,1938,
MglmeOowhYo,195,enabled,418849,1741,
mZSsmxUuMfI,17,enabled,8756,407,
727BL_s1-Kg,5437,enabled,95126698,418957,
DxiGyr4u0nE,73979,enabled,25648381,158395,
1jRoxM2y4ag,30,enabled,8730,102,
jPKy4i3zdZU,53,enabled,28999,310,
3WVDpstM7cY,32,enabled,7403,83,
_nDQSHN5ztk,5545,enabled,9628480,106435,
qf_PtaIdx-M,4,enabled,1895,54,
cMGnZsleNv4,22,enabled,29292,392,
8spDQQXxTYQ,3072,enabled,1210948,12237,
InJkqGuAkyQ,52,enabled,80142,719,
ZnhnmSlFJeI,773,enabled,1136740,7191,
8Dncv5Y5Y4Q,274,enabled,331918,3175,
A_aPgPq6hMM,8733,enabled,41450684,129990,
qK8vKyYy8kc,400,enabled,488874,3424,
UPku0k7w6rQ,2506,enabled,4332610,63125,
1e9VgFl9ru4,17321,enabled,5941011,78669,
OZbWtUe5B3Q,847,enabled,5917622,19938,
4MbZ0t1SaNc,743,enabled,674994,6554,
7JIO7dyivLw,1313,enabled,4527436,22038,
4wJUVYsvnIU,7,enabled,377,12,
LpaN_LatEDQ,39,enabled,67985,413,
R92kj1EeSYs,7068,enabled,6395020,62982,
plxjkqG3SFk,11381,enabled,4169183,32998,
cwKEEY8wVzQ,263,enabled,66602,1308,
A5IozaDvlG8,2841,enabled,1594917,18769,
tg803wPzFEE,1282,enabled,3255361,17895,
3yn416sDSnc,27913,enabled,12953402,199792,
rqZe-36JCWQ,12,enabled,4133,68,
G-J1f-ij_fk,4934,enabled,3556824,48066,
nu43b-kKTXA,807,enabled,6059168,21317,
nKKhXPOq-8E,3190,enabled,2648585,49533,
j1FN9rokq_k,3109,enabled,2747478,27573,
RhT-cGWQJbk,4801,enabled,2404099,23258,
zTSVug_5Iwo,372,enabled,464161,2900,
wSzxKur2b20,586,enabled,458819,8517,
O_4_GJfQqFM,277,enabled,149848,3067,
fVLUIkOwwVo,0,disabled,15803425,43134,
1yXxQjm3ctw,362,enabled,96446,904,
JLV9mW1P0m4,15,enabled,158633,48,
0_d0SFFYW_U,56,enabled,3622,38,
5QyPYq-LNBk,22,enabled,8779,202,
GJjh1eq5aQA,2599,enabled,1329366,10355,
PGbsmsDQxe4,1614,enabled,1273019,6645,
4lvobQDIzBo,84,enabled,28623,510,
pfeqcswflUI,1158,enabled,1767586,14232,
Q-cYRckEL-k,1247,enabled,7305943,12951,
FWpmAATfQyM,630,enabled,161216,2993,
aduEw_1Te6A,34,enabled,14224,251,
xnzoJB4UrO8,98,enabled,38558,713,
QWJe7pCjb6w,1076,enabled,1038094,12889,
Remn8CsH4cM,20,enabled,19817,289,
w0Sx4nKSKbg,792,enabled,894612,6241,
4w6KAASo5Ic,3013,enabled,12547837,94440,
FRDGlIJTVt8,9061,enabled,22634788,466415,
tHxTZbCiCHI,26,enabled,11405,268,
hR0PqJ3hp04,482,enabled,392034,5369,
iGOMdo2lC6o,4181,enabled,10541305,22988,
WEQsZVQ81II,0,disabled,1448616,3122,
8jF-PnEe8so,5248,enabled,2409057,17349,
h-HniMHV4lc,35,enabled,26469,363,
Zlo7x8SYQmA,457,enabled,1222743,6956,
3W-7ko-bLug,0,zero,4420907,53044,
ndIw2X9ilrw,315,enabled,24767,282,
8-AyUIo8NjQ,496,enabled,619279,1774,
hQPwWNMkkkQ,94,enabled,268987,1922,
o5uVAPz6FEA,38,enabled,7796,370,
JsYNgHbhwaI,16294,enabled,14036956,278149,
FFFaXFSePc4,28,enabled,24567,427,
LUw7K-CrDCE,34,enabled,4631,48,
0_HqTWe3rIU,3637,enabled,7418907,18793,
wGWFkvMyWF4,15795,enabled,3807274,50628,
oUkRu9A9wNI,845,enabled,444826,5642,
TOhnJJX927E,275,enabled,1432317,9475,
GjWAkSsnNkc,181,enabled,64623,1506,
BX2mo3yw75M,7497,enabled,2738713,30417,
ZX6kfY4428w,3342,enabled,3324762,35261,
nPG7MDhYr-s,47,enabled,29197,354,
m46Lt9YoFL4,10,enabled,2647,16,
Ytbneh1gPh0,3553,enabled,388057,3912,
gUqkD4qIWY0,4465,enabled,8033608,69161,
i2jh1zDfpEo,1335,enabled,3894428,26751,
sx4dnUWh9Vs,88,enabled,241302,1377,
ePK0FbOxY3s,231,enabled,120350,2902,
K_XDh-GVoPw,5186,enabled,2475292,43658,
m5haByNlrHQ,202,enabled,161010,1244,
-dAtfh79ZkQ,1379,enabled,6593789,34161,
cPqUJiJD690,675,enabled,2407973,13193,
g1vt-azbx_I,38,enabled,21758,507,
tH_varhTH6M,1269,enabled,603459,4879,
ohG5C6AMwAU,1217,enabled,1078431,14694,
MktN0B2oGnM,1163,enabled,1621841,8858,
YL5CE4BPtKg,2192,enabled,5117697,24204,
zSwSuvHBxL4,36,enabled,139782,789,
QiQXKdDR1S4,80,enabled,43686,595,
Ui-FGdf932U,1086,enabled,306620,4412,
c8K7ItJuprw,285,enabled,138691,2494,
smMXTTk9VJE,6520,enabled,7622039,42372,
hojPHhLUuJ4,1268,enabled,5515880,13832,
NnO4GQbueaE,93,enabled,836681,3411,
1_2faukku3A,52,enabled,13816,363,
lDVUBG3PI0w,495,enabled,39534,1083,
Hjg2iUrDkH0,3107,enabled,5266971,21654,
POEjtktj-1k,4081,enabled,4083140,25722,
tpJtdVFB1mg,6760,enabled,8431760,41991,
r61vQDbCBLM,1099,enabled,2114310,14465,
kMz44HzHcjw,29,enabled,14721,281,
-VUgDcoJFjY,6234,enabled,3156044,38149,
BUcNW1T1Fh4,0,disabled,525002,5397,
m7zESelVZzQ,1058,enabled,1548865,10829,
2HfUoWr4KBQ,754,enabled,497750,8732,
GKfI3GGaFmA,0,disabled,3060692,20600,
PWQ6eVAa_Yg,66,enabled,637600,1530,
E_XVuVqo1fA,78,enabled,89713,368,
117NjItJkYc,1003,enabled,6239408,19749,
cMiXSBkDZ7k,500,enabled,245682,3259,
gKhGjAhRLno,524,enabled,2926986,19618,
hqMWV9FmG_o,240,enabled,94846,849,
0wVzPJdv7oA,1312,enabled,251762,4939,
aGXrH_kTcFI,580,enabled,1953080,5974,
WShss20bz4U,14441,enabled,21703390,146433,
6Ng4Tb7On88,56,enabled,7504,49,
x36TgVarn8s,215,enabled,37245,447,
7BOy5nLL2Ow,735,enabled,2904836,17411,
LzefVqRNiqA,14138,enabled,4661964,66568,
Q1bHT2k0XEw,87,enabled,59672,690,
AhoH026WM0c,7326,enabled,8308163,50775,
GUWE1MxtcoI,11544,enabled,2508266,42056,
9LmJ6YBmOKE,613,enabled,243642,2518,
3kDcjx7J0kI,233,enabled,96248,2353,
ddmLot--P64,3949,enabled,1854463,26335,
vbHSBXcYLiE,809,enabled,1689865,11828,
sONLWHuYo7w,29941,enabled,24420938,521924,
SALJnjbC3N8,5,enabled,8102,116,
d_7ilUZCR5c,1401,enabled,7522487,36971,
AsvlgALMR4w,24716,enabled,7323341,72957,
TIs37TiZY-Q,1549,enabled,1280167,32108,
LGRy0QcEmhw,3598,enabled,2487823,30536,
y4lmSfA1Xk8,803,enabled,581776,10800,
B0dOyBLM1XM,279,enabled,268732,3275,
aXl4Bpw30wI,32,enabled,228079,1012,
gD14h8Ba5Vs,27,enabled,26509,324,
U_OVnVuDQ1Y,226,enabled,765844,2513,
Gq5-BTT8yTY,297,enabled,1045572,6432,
fSN4w3OmS0Q,477,enabled,29734,853,
qO_yAs6dPmI,55,enabled,129063,899,
A8g6ty2uQ2I,7503,enabled,1506057,8908,
-B_a7VOeKuI,13254,enabled,11551473,123677,
dCjv_n-Frao,226,enabled,302917,2354,
eDakJMunNI8,5127,enabled,2280004,33290,
qxTMiJH-lcI,3115,enabled,4153927,41086,
zWZrJwyWwTM,3071,enabled,6096943,43218,
WGKIfiLwl3U,196,enabled,18259,192,
crDFmPnPXJw,10405,enabled,4535927,59208,
EEBt1UQxNyM,1551,enabled,4514567,22664,
97g6fGKxbLs,213,enabled,344319,2412,
Iz_yM8-fvxA,231,enabled,320903,6927,
9HYHg5TCg-o,311,enabled,66238,2601,
Eyj2oF9kE3A,471,enabled,1539379,4401,
5P2jzgIDrPo,350,enabled,482566,3194,
OSLyf8i-yWY,257,enabled,448258,4152,
S-iQpvtykdk,89,enabled,709781,1525,
DY4PJ55kZJc,2410,enabled,336853,3697,
JzR0MiObqzw,15105,enabled,6935942,68303,
ctHL3iuIFRY,139,enabled,58412,1379,
RCrFTOt9cM4,362,enabled,145654,1294,
Fisr4YY_2L8,91725,enabled,10982230,208061,
0OBbahGZ3Hc,792,enabled,505584,5008,
IlcxgGtM1nw,82,enabled,23132,714,
g-bKgMjQ2Vc,9800,enabled,3248977,31165,
m0_5eA44hOY,20,enabled,14689,281,
fLoVSKAQjZA,7342,enabled,3075918,46350,
rWiudqY640Q,46,enabled,18823,273,
u6q_71owyVE,140,enabled,425890,2204,
_JMIBCTmOb4,135,enabled,63925,1493,
nX1Ka7OrRNs,751,enabled,284399,3097,
cEOzkvtsTPs,625,enabled,95523,2688,
dVpF2Wg6Fh8,16,enabled,6686,376,
qTa0QWw_DJQ,299,enabled,404907,3070,
dwa01hHvRHs,1741,enabled,2300750,13149,
dgC1wMSAQ9Q,141,enabled,62704,1084,
F4ii6s-_78M,4,enabled,12442,97,
taNCapxvdbc,275,enabled,68388,367,
HjID1ugr1fo,208,enabled,115141,1912,
aEbxdE-QDhY,559,enabled,1632337,6605,
RARuzPDMUX0,1209,enabled,1615690,30046,
QdjkWcVKP-s,4403,enabled,698029,7418,
WTewS0tsZxc,1275,enabled,2653493,15290,
Tg2nJPJekNM,44,enabled,13970,166,
W5Ww-quvXvU,0,zero,8924058,72977,
1MAqvbASIXo,1030,enabled,233699,6713,
i0i6s__cuqI,1375,enabled,237966,4632,
u_qiiKr8GCY,1486,enabled,5169750,27843,
I749CQJhK4A,7,enabled,2998,52,
WjU27d6nIGs,616,enabled,62881,1057,
RpdM7_N50jA,1044,enabled,394162,8265,
PGeGXk2WvPA,1906,enabled,3159710,18093,
feJ7Wj0yYVw,2363,enabled,12401183,22036,
ujNBLk2IMLI,23,enabled,15129,153,
3pxLq7nQxUc,105,enabled,227728,1088,
FOY7KYzJBrI,439,enabled,105507,2563,
gE6MDvvUERA,522,enabled,1978120,12161,
HlX6abSrZaI,1284,enabled,238406,3392,
Mqkx1mYRG4o,79,enabled,135365,359,
nJMHHKrAAtM,52,enabled,39494,875,
yGNlGh-bxKY,30,enabled,122395,472,
8q64NU7UV3k,9826,enabled,3482308,24044,
1uK0xZI-hX8,24,enabled,5424,177,
uyhEtDQCmqc,174,enabled,84162,1113,
KGw325hQZ5c,1074,enabled,2065155,19664,
uAfNS34hJqM,53,enabled,18469,939,
tgMJSe2kclg,61,enabled,86931,637,
JWY1bpbmyS4,15732,enabled,16637739,58556,
ibko62c47qI,246,enabled,162333,799,
VWbd1vxUxds,273,enabled,120819,807,
vhyQOyCNeVE,1620,enabled,2972863,14167,
bLAHXuCSgAw,4363,enabled,1426494,19414,
yRicasJ4i3U,72,enabled,39574,666,
NVZogi7lSjg,87,enabled,109909,759,
XE3XJK8CG6I,1485,enabled,14355907,61104,
PKp8FuQ52eA,20986,enabled,4550514,108587,
Tq3shfCkmSE,19,enabled,69432,454,
2H6ejhcBdVA,198,enabled,727184,1287,
gfME4arLPpk,780,enabled,856997,4857,
NRI1rnf46eo,1998,enabled,1943910,22276,
Gx6hjtMxNVQ,20887,enabled,12926584,111079,
DjnbD50P_1Y,0,disabled,305341,1460,
w6MdBryWRo0,0,zero,4533,32,
SdzEDNlMpOs,111,enabled,1032791,4890,
b37iKMzC1C8,457,enabled,634287,7711,
cfWM1kdTuMk,8074,enabled,7862885,81929,
idKjGrcMCt0,1464,enabled,578498,6813,
lxZz-FJEM-0,88,enabled,56946,781,
MX4L4IcrCUs,239,enabled,68242,1055,
--JYHaQbBlc,6051,enabled,22609315,116428,
qPhVZExcGXg,15313,enabled,45970489,159893,
j4laeNtDyBw,36,enabled,38589,537,
kQxTHQdAYaA,12,enabled,2309,39,
SJMlzIwzyQE,7083,enabled,3859979,60859,
hBggWc6rWEE,16858,enabled,7013965,69692,
6K9eXRlO_UE,99,enabled,53893,416,
iPW75ZO4pIA,0,disabled,55036000,196842,
YyY3bZ1W6qA,6,enabled,747,9,
VtF6Lis1ML4,6,enabled,18673,43,
gm091w0sSKk,14164,enabled,2996023,38777,
aGJLOXqZEmI,4639,enabled,3236942,64152,
laW5_Axv3AE,9758,enabled,2076057,38014,
IzxQW9EB4Bw,984,enabled,2214452,17013,
LWDFU-Dd30w,1587,enabled,766127,7237,
Jm8tQloinP8,1223,enabled,443172,8628,
16nEmrIw3nA,19369,enabled,21440859,128777,
K1GkmsedvAM,706,enabled,443639,4005,
OK40bsMztMM,7539,enabled,2242455,39146,
lSz8tSThon4,8273,enabled,18017384,77655,
FVTMZfTom80,3101,enabled,12769495,56689,
lItjp8VSyEU,136,enabled,251380,1790,
IGKX-rGaRuA,163,enabled,92955,1571,
WS9MgI6Jv9Q,65,enabled,66371,1071,
TCr7Qbo2Fag,4865,enabled,2031328,21631,
EtogyOqFkfI,3387,enabled,1036765,7403,
q1XkekFx5Xs,447,enabled,531639,8200,
MuuOWNw3oGo,2092,enabled,3097922,24522,
sbiCTHpnDM8,1611,enabled,526318,6715,
EXEJy1HgpkA,2677,enabled,1459619,12332,
zEEL1pnS1LI,2286,enabled,1525719,28570,
VOJTIsGVSpc,187,enabled,70478,546,
fodb-ICRxj8,31,enabled,11178,307,
56JLUsgRGJQ,318,enabled,649583,5914,
mH31FYFPy7I,6556,enabled,9569809,35311,
_n8KpD5ztNs,1123,enabled,639452,3039,
YnzQCSUisqA,406,enabled,493339,3887,
DQQm3__MMFE,926,enabled,2148464,7413,
oIoXdKwrt8w,17629,enabled,7427567,100726,
AQD0lvUdUEc,0,disabled,25340,368,
0vF8GvyjMP8,2972,enabled,1745679,18886,
d4GT6YoFKWk,4863,enabled,1257566,10012,
ip62Dn-CpbY,3370,enabled,10405574,37306,
rKatNrDfR_I,25,enabled,7135,165,
UxrgLdzmbeA,142,enabled,56271,444,
xcb8oWumuNo,917,enabled,1651852,11658,
Z1n7PNyxSvE,599,enabled,180432,2816,
r2joQySslZo,816,enabled,190696,5554,
Quk88piD8PM,230,enabled,455717,2717,
GfzKpJk-kAQ,256,enabled,109032,2786,
ZXC_X_pfYyM,41,enabled,55330,248,
hcoKr4E3mJ0,53,enabled,13452,388,
Cyep_NFISLc,974,enabled,394757,3988,
w7Z8W6ChEAE,49,enabled,19578,227,
808rpVA8bFE,799,enabled,5887591,22407,
q5m0WVhYMX4,13142,enabled,10184001,83489,
zdWvL1kqjvs,1942,enabled,985720,30598,
ka-fnOnb-pY,30,enabled,814279,1343,
hf156IK8y_I,400,enabled,994023,9466,
4t9WBish3Qk,969,enabled,1376481,,
4jDQjsF8j8w,34,enabled,10034,243,
rrhj0m5_cgk,252,enabled,138041,1949,
h3uxs7GBbt4,2144,enabled,4777438,32007,
JI6NSL0gJ2Y,589,enabled,1440359,11049,
t5MkOw1gqQ8,1723,enabled,1602238,12754,
0lbseqh9fsg,27,enabled,11633,256,
ce1r0vNwTls,4465,enabled,10407203,38574,
4tpaKfYxG3k,23,enabled,33320,433,
NaJ5_75_x-E,1481,enabled,362401,6815,
mjFhV4OGSJ0,7624,enabled,4502695,23631,
-ss-nmT7oAA,6355,enabled,7433351,112556,
lhQUxd9et4I,1351,enabled,3648310,45786,
wVZz948krxY,49,enabled,15777,520,
3NLUI-OmQKI,1498,enabled,1166790,9391,
e6ephuUQJ6g,0,zero,19776895,111920,
Vht7ngKZrsI,2529,enabled,1811030,24552,
Q2_AUsjrdSw,3128,enabled,2575943,22689,
xHkXjJ2Yff0,7371,enabled,7538005,102004,
cHIW9Ic24bs,29,enabled,22517,141,
7HfD4cvY3ww,4001,enabled,1743685,12668,
xob3yuw9y1M,809,enabled,776370,2479,
fRlwV-gO88E,90,enabled,31118,805,
V-tQVt0cWbw,45,enabled,21331,320,
QyO-OL5T8_4,22,enabled,5778,210,
9_bFYdMYG-w,5593,enabled,7498582,31659,
imzGkrg4fSI,1677,enabled,493528,6402,
erko5I3a97c,2825,enabled,1937177,25754,
sv9X6pNURYc,85,enabled,50468,460,
c8erpQwQLpI,411,enabled,31450,902,
CSeUqg74vOk,3532,enabled,2742378,30323,
c3SXahnwMVk,20020,enabled,8841184,88929,
xkIFvYmiFlQ,17,enabled,27476,221,
OBj1n8guSrE,0,disabled,8131736,69762,
S2eZawMm-go,689,enabled,2368422,5266,
jvCXHpQFgeQ,1654,enabled,428837,5010,
2USVSYTjkus,148,enabled,370945,1820,
7QGkqvCFsPg,233,enabled,642091,3455,
bgc40jgLGag,2748,enabled,1938967,20756,
U9G7L7ehLOs,624,enabled,195093,2963,
Hjq31Xk1MZ8,5976,enabled,8516416,61213,
d3m1750EWes,0,disabled,29692,141,
T8fbNsj2dyo,7496,enabled,3264538,28612,
gKfJ-S59iN0,256,enabled,35942,1031,
YNUEAxUGxyE,3843,enabled,9224267,44336,
g18pXHwRWCQ,8323,enabled,8650821,55658,
VTO8XqHXl1E,469,enabled,175768,2563,
efntWhKG554,1724,enabled,1906188,12865,
3WO2MMflNA8,1945,enabled,12787202,58100,
LGsxCSq6Az8,328,enabled,351117,3054,
Fiy8c7PWGm8,623,enabled,233544,3905,
N4D54PqeqL4,8309,enabled,2990828,30108,
qDQQJ3-lK48,650,enabled,115878,2085,
ad759EpRjPM,24,enabled,9322,108,
Zii22W5Z1jY,2507,enabled,783933,8124,
e8S677fqADc,919,enabled,1247917,12293,
Nd6FU6hT3t4,16,enabled,12089,249,
qGZu9kZi13o,52,enabled,39444,150,
lY9XHZbxMc4,16,enabled,7813,41,
49p6xAN4dcA,533,enabled,348964,2608,
2Gh5MH4H8n8,0,disabled,423409,4474,
e6LQq_Qz73k,662,enabled,453458,14988,
c0UdIUC-Gfg,11278,enabled,4123226,73912,
kyBZlNKr10c,185,enabled,1472936,2812,
2gDB8r3mBrM,1636,enabled,2588353,22278,
fN2AQkaZGzk,1741,enabled,11121060,34851,
u5SyBLMtNXY,137,enabled,101642,2837,
fS95fb6RWIY,28,enabled,12054,190,
v4q7FNYH74s,1639,enabled,512626,9649,
2ILAkWciUnE,1653,enabled,4947992,27385,
N-xwypKbcio,3159,enabled,3718487,33911,
Br63rn92hPw,356,enabled,148156,3615,
Xwy10b_WJeE,517,enabled,176441,754,
SophrK8MWRM,187,enabled,26102,857,
ZlIs5JIAcog,51,enabled,39092,709,
5ueSUnUL3ek,20449,enabled,15231005,205673,
8oiXweumDfg,2024,enabled,3489553,38892,
U6NUxYibbJk,309,enabled,306278,3450,
s8qnYmUarNE,15371,enabled,7673634,58050,
7V3FpP_001Q,6700,enabled,4423997,63729,
zKSdnj2A7w0,71,enabled,374883,1368,
Mq0yEI_xpb8,2644,enabled,16291359,50690,
hnKiPEy4tW0,20,enabled,23043,353,
jEfv-iN1j4w,79,enabled,122463,456,
9fIcosEjdn0,1426,enabled,1740743,22597,
r3WoaXyXkBk,104,enabled,72517,1167,
-V5IikKCuyg,0,disabled,16609473,25257,
HHgyRNK1PVc,333,enabled,167086,3873,
gi6tZ-6D_fI,9,enabled,1850,16,
eS9vBshE3Xg,7809,enabled,14071072,81100,
ZZhclrlQ2Eo,9901,enabled,10663493,229835,
zX42MAs0vPo,577,enabled,156532,3179,
URqSPBaxV7Y,832,enabled,183643,6007,
R6gsrO8QWnQ,856,enabled,318339,6320,
h924kiLlvA0,741,enabled,4486267,16233,
Gyd3ChxHWaU,1490,enabled,1378127,9085,
4PqInJzMoHk,95,enabled,15743,531,
eZ2RGKYA3sM,13,enabled,1837,30,
-WOFikAp_Mo,1113,enabled,182557,2636,
KK6LwniJJXY,61,enabled,32845,473,
fsm8hRktyKk,1028,enabled,5919817,10143,
GmSUU2Xd8lQ,1465,enabled,538357,2928,
ySZZ_2fsIlw,774,enabled,1352626,13656,
zh0WpPx-AwM,1051,enabled,3875593,30270,
0JsFDTdtPcs,19,enabled,21064,44,
SlYhG1H9MqA,865,enabled,4497042,21580,
U28JHwyySYs,650,enabled,815893,4328,
jdlglBMoEqg,465,enabled,39968,282,
LBJWGg5dnlY,252,enabled,464776,2342,
EEfEPHRyd74,2294,enabled,4473493,33126,
gr2qi2Fdi7U,14,enabled,22642,250,
sSNbWk14obM,14,enabled,7639,95,
s1z4HL1Hu10,172,enabled,59504,963,
ASJG1ItPiro,278,enabled,1796075,11525,
9EN5YFY_GZM,256,enabled,154285,1648,
oy4f7oVFQwE,170,enabled,23301,1037,
sHFoC5X-fzY,404,enabled,372829,2036,
YKswyBOf34U,573,enabled,181091,2726,
zR8JHMXZERg,8,enabled,816,35,
zuv4jZ7gOAk,4416,enabled,2073970,17397,
RyCqbivfz08,10371,enabled,2370337,21658,
JMhXXr6gddc,360,enabled,258039,2032,
0fRNLkmZvg8,16711,enabled,18399907,181195,
l2te453brZ0,70,enabled,61343,494,
fjFjv8iXio8,309,enabled,730946,3768,
I0w7yEObkIg,234,enabled,80402,578,
dFcI76D_kXc,13797,enabled,4661627,53043,
E3mjY7RsbA8,402,enabled,142050,2797,
HiqM3joN4YI,2,enabled,1299,23,
GDMxrxyaa-4,1768,enabled,182880,5496,
wUvlgMheXTI,3016,enabled,2654536,14924,
yDupmynj8V4,164,enabled,170959,1264,
-fjXflOeRP8,177,enabled,1252513,1663,
wEJMsezPgH8,8707,enabled,20757399,58070,
n1yVlV7L1A8,58,enabled,39773,715,
Uf-2Qg7Z_hY,49,enabled,58149,640,
xkyKXY8qR2E,200,enabled,74877,651,
TzINpIJxQfs,624,enabled,2419721,7883,
bjMEIxuaDUA,1918,enabled,7055442,31354,
Yo4WsJd3euo,2252,enabled,785350,8761,
TenEUk4oFDI,1971,enabled,857138,7776,
4Euc9JAL2sI,504,enabled,2515727,9243,
Knuh4m2P5nA,1122,enabled,1871544,22712,
c2HSLd-e0cA,859,enabled,314202,1893,
TekvqXzKmtg,12,enabled,30862,59,
kylswICFMrE,179,enabled,1179533,3815,
AEB8fUopN2c,789,enabled,951203,6872,
9mwR0eS3O9U,2679,enabled,4717486,24727,
z27Ov46LtJI,917,enabled,316496,2167,
As69HtwoMNo,0,disabled,40047626,262820,
IwzEbFZjj0M,40854,enabled,9785369,139658,
smTm7ESzc4k,96654,enabled,36398731,234573,
4BMd8XVqusY,213,enabled,157699,1633,
hzEhD198T30,811,enabled,8625348,17652,
Fn2TGi57XNs,47,enabled,327779,1138,
bvoP9jUAnsQ,665,enabled,522765,3734,
J923u9FGMRw,303,enabled,329269,2062,
qNUmCtCV_so,134,enabled,1372806,4075,
44hqIGzxYb4,560,enabled,613216,4997,
qMPTitxLhKo,2010,enabled,1008468,15416,
8tUq2ATGXZc,7,enabled,259,9,
VEIJnNZX8Dw,2094,enabled,454093,6418,
-lwEKJOkDfI,124,enabled,25713,336,
Xz6rlnQE9_U,1041,enabled,1213442,24559,
0z31wmly39U,39,enabled,35392,612,
c3Pqt771hqQ,346,enabled,222722,1919,
Pgp3dCaNuVY,130,enabled,263201,1215,
Lq9wipOftXw,17993,enabled,9584126,145068,
9gFW47rBoyg,7644,enabled,2752158,38609,
zHWXRbFYNFE,462,enabled,92850,2025,
OHwy6cChTR0,305,enabled,1506066,6903,
SETNqySnmgE,301,enabled,59048,2308,
mamzeZaUqRk,349,enabled,242839,4530,
aDmvXdhhfu8,5835,enabled,3803287,73824,
-vQiRL4rAhk,16439,enabled,2988519,25029,
V1neQzgKL38,3197,enabled,5278931,35637,
rfrSLD2Q4QU,7186,enabled,5498990,33841,
03Ge6L0Bbis,0,zero,5195,25,
k5GOxyvX2Nk,1153,enabled,1932940,4641,
9mrRjL3bapI,1140,enabled,1515646,10989,
f1qvvD8N17c,11430,enabled,11743267,89930,
VAm538gWpFw,5,enabled,931,13,
vaA7eecpAck,437,enabled,287151,5689,
Owjm9AKn4bg,863,enabled,184757,4836,
mjxdbhabgjA,30,enabled,17766,359,
rSBAryA1KMo,2849,enabled,3197765,22529,
LNBsO68JACU,2619,enabled,1586120,22251,
5p4hQw-tIuE,8487,enabled,3551082,59972,
FL9ClSwOFq4,1719,enabled,4596618,9693,
6lvoonMd0_o,443,enabled,283575,2501,
MVi3U84NmPA,110,enabled,1814933,7819,
W9XTGWuVXMg,11761,enabled,1082753,16556,
6M-fXCtrv9A,789,enabled,1307975,8641,
jPp7eaJDhzQ,2802,enabled,2124154,61025,
kbijOmOPDeY,269,enabled,378839,2765,
TQwDIO097VQ,95,enabled,170594,1545,
O0BjbDNxvt4,2715,enabled,1575861,25618,
RddIiS4tSr0,105,enabled,40936,553,
8XJHEe1hhPY,755,enabled,1608466,14186,
TaqQjk7zAZ8,763,enabled,4663808,15706,
poNKcNksU8s,177,enabled,161130,1599,
HQcz5ySTQU8,444,enabled,502074,3777,
xjaOkITAwQ8,122,enabled,636098,937,
TyaTVZxlQSk,21,enabled,20302,292,
o0yzktFZp3g,190,enabled,754276,5491,
UnHohdIkEQs,2135,enabled,1070934,12061,
6HhEhpb1RIs,4583,enabled,2917283,9496,
ItznKylqptQ,70,enabled,58677,602,
o4UfdMJKIYs,157,enabled,281500,3334,
eA8sRiQzgBU,3641,enabled,712328,31001,
dpFceizsq-w,647,enabled,748130,3407,
eJJPC323_f4,1075,enabled,676959,6295,
HIEDoaCZ__Q,25,enabled,7653,350,
Y-eez71F18E,1515,enabled,192476,5734,
TN84sV8FYPQ,6297,enabled,2446727,46072,
ILIoGtgUtlw,266,enabled,292985,3682,
i7ds5UDyjdE,11427,enabled,8296238,54265,
N1-cVbrB3bc,21,enabled,114672,471,
gbaz9_b4skU,1080,enabled,639705,6951,
RW-QQ_KYCYQ,4091,enabled,6485462,73250,
wcWNl-Q9P0w,7387,enabled,5744652,59539,
v_VTaI7VHdU,2060,enabled,1856043,11333,
vnSHESqeBY4,5978,enabled,10491582,90785,
SWDY7FKEBQU,262,enabled,199706,2633,
85t40mxxzEI,73,enabled,86103,963,
WwaLOSHHUiQ,73,enabled,138082,1001,
-TyJlHVGeJ0,14102,enabled,5778160,47399,
Hh0wW41a4WE,39,enabled,14555,558,
LoJ1uLhctRY,6242,enabled,10322900,130126,
45ky8yz9D3E,31,enabled,90080,648,
NWiv_JdjvyY,341,enabled,3680439,6173,
CTBNDmnFwnU,18,enabled,8937,132,
CSoP-ezfRfk,642,enabled,296100,6004,
qTHDgfnXdxo,2074,enabled,525549,12463,
y6a3AmdmkOQ,81,enabled,270463,1128,
Qskq9WmETGg,98,enabled,342897,2680,
lbhfDyuJaOc,69,enabled,42206,439,
BCtauwn0USk,5732,enabled,982316,16305,
E68Z0GRBWJ8,9850,enabled,10995369,117737,
SiwnMfDogng,3124,enabled,2184939,22671,
BZoaVIbw1HE,1550,enabled,758522,9809,
jBxkkwMfDWM,1057,enabled,5496667,29989,
V-5-1ffAe9w,11597,enabled,6834150,56272,
f3z8llK4f0g,1566,enabled,2001520,18460,
NLQf-Q8zlG0,10767,enabled,15437346,231829,
dA1UlMVLhnU,4011,enabled,3234630,19629,
s5y-4EpmfRQ,2193,enabled,2593791,48999,
v0EmmxOLjHo,71,enabled,14525,358,
Wmpqv8P7I5o,1221,enabled,772086,18115,
1O-wPD2qB0g,1241,enabled,632770,9192,
2eeFmO4qw5M,232,enabled,149892,1727,
W1_mXRfrNbQ,32,enabled,3690,93,
6ewtdwxKeA0,948,enabled,3878497,16379,
ilwnYbT5REk,3458,enabled,8852548,69842,
iEaRewGdB5c,419,enabled,134566,950,
B-x84eoXYCY,1548,enabled,1164161,28899,
RCYWuBRGNUY,0,disabled,37138,2460,
-_7Dqs5unqs,1634,enabled,1080638,21476,
7lAhunSloMo,169,enabled,129676,2142,
yYB-syEBUp0,867,enabled,2309947,12903,
LU83cvEaMpM,89,enabled,112847,1380,
RMSbkBWIO0s,13,enabled,52296,580,
rxICmJthL4Y,137,enabled,368119,2069,
Z-AE3guPGBE,1138,enabled,272348,1923,
GHaBdTAplkQ,113,enabled,56058,596,
8kyneEcmb40,122,enabled,193744,1356,
OO4F8XOpGaI,1390,enabled,812156,12675,
HS_rSh52SAg,8704,enabled,1765923,13985,
NInUcHM_vyY,2755,enabled,2635057,33338,
xF9fnF_KFLc,482,enabled,622019,7909,
93TRQD-QEDg,1129,enabled,11523024,34483,
04rXtGrErRQ,5904,enabled,8883110,52780,
88Yrv3Bp9QA,201,enabled,96965,2212,
IsSx4jNbIes,122,enabled,31496,485,
C6nLYV56_Yk,1499,enabled,2850372,14008,
5BEbJKtSLs0,126,enabled,99648,3337,
_yVIjw_wouU,24,enabled,128027,1667,
hEl5tXXYJho,264,enabled,332885,4116,
Ukg3gemPPUc,257,enabled,1142063,5864,
vdwkAXttZ3g,111,enabled,325586,2161,
VNu4ZsrqCMc,6914,enabled,3385998,49230,
3fdG0_oDddU,828,enabled,698440,3703,
42BoN42msFU,129,enabled,55001,1229,
IAikFyk986g,223,enabled,183913,3627,
xiJFp20S0QI,70,enabled,12463,353,
siKyQIWquag,7,enabled,1754,21,
Paf-iSf2Mr4,8473,enabled,4234834,39356,
-ZRCv3t3-l0,273,enabled,83210,656,
ERozmHJpOkw,239,enabled,112390,2338,
NZLvoeyLUTA,6479,enabled,2815669,34973,
FRndydYo9Lo,916,enabled,2933282,36026,
2-na0vSS5Vs,142,enabled,346427,1028,
Prj5uxZOd2s,313,enabled,413035,3942,
1260vejJyfQ,3897,enabled,912677,7368,
qc4Anl-rN2k,362,enabled,267784,6130,
HIt3X0GvnCM,6,enabled,6386,102,
xRAqq1reiqc,3528,enabled,1102060,7534,
mzpWyoCxGtc,2875,enabled,1808451,34801,
YHev24EXIMo,4674,enabled,649392,10160,
JDlfOULWDbo,430,enabled,268147,4066,
DsU7BEee8CY,432,enabled,1003010,8600,
KBc6S20LfKM,323,enabled,156861,3009,
FB-Ghg8aRj8,12792,enabled,18644256,127773,
-eVBSWATkJY,1143,enabled,2115918,9299,
aJ6iSIdp-3o,13425,enabled,8096811,63402,
F3Bzwxoqqq0,30,enabled,14812,266,
xQiSkOdOG_Y,11003,enabled,2301316,23436,
CQOS3iRHDYA,108,enabled,85982,1841,
P9xMAnkj47M,889,enabled,232481,5217,
2Y5QVa9HpBw,4361,enabled,34850972,72110,
ynfmMH2Ph78,50,enabled,33487,312,
2Sfs6nQBmJY,9034,enabled,5250868,54368,
MWAOHeZKdkk,660,enabled,77345,422,
AjLBByVD19o,8,enabled,1922,13,
vfN1ovAZeYs,47,enabled,17173,789,
mI2UQE9tF-w,37,enabled,12742,90,
CiYnCqMH80s,4069,enabled,1452883,22292,
X43ZudPWcEg,672,enabled,391154,3836,
swhftRwwnA4,214,enabled,325571,1333,
f6B-rAVKtzY,0,disabled,5832386,10949,
cIxnbmTaEkg,71,enabled,34822,548,
GiG65J9-Bek,56,enabled,1233,33,
KGXV5z8YGSE,75,enabled,31021,653,
PIp5xKRsSck,35818,enabled,8725242,62793,
xxv42CCHrhY,201,enabled,56057,1068,
9UFvlJ-Y9rw,30,enabled,7930,194,
7lcBEOYAlaA,203,enabled,183338,1635,
MV1yPnnOCuM,1693,enabled,854282,11790,
QH9IvVv3RfM,310,enabled,485704,2941,
4hGrz817I0s,7284,enabled,10489430,61932,
5gqOg7vycKI,2716,enabled,2653471,27472,
pIAYlrsU958,2482,enabled,4676759,14219,
fyiyPRN4dqE,6,enabled,9098,68,
xjOw7GDNOus,7075,enabled,4103848,58347,
oXdDtopNy0A,207,enabled,102514,2258,
Ryl0yQMF02I,385,enabled,156792,3150,
vjkqHRRSy_U,2942,enabled,3050225,32343,
RoAt1sWJqSo,59,enabled,11336,376,
QjMqiymtY-8,2290,enabled,680002,14225,
KO9h0v-pkZA,24,enabled,6641,119,
Puz3N3zlg-0,561,enabled,617499,6388,
z4LpBP5pAuQ,1263,enabled,790984,13786,
wup4f7XQSxY,10593,enabled,6975559,84626,
avsLRW7n-R8,12151,enabled,15863137,72773,
xMQDn0g10ps,555,enabled,3023610,18107,
9d_3KRYBjL0,1230,enabled,2364990,9564,
LuUs5INkw94,236,enabled,194294,3754,
MUXYdIFN7KA,3567,enabled,400042,6171,
b8O32J4_ODk,28,enabled,13030,213,
1Qg0JXz0OX8,1042,enabled,398785,2530,
KNOSm9wvf5o,7196,enabled,1655865,11053,
0-VLNiEbDRo,684,enabled,564696,9933,
wwLH2de3FfM,113,enabled,45524,1873,
8zOO8lMSn10,2761,enabled,1728785,10782,
toc_ibk4j3Y,25,enabled,35296,249,
jSG0aYwaSZA,73,enabled,154678,728,
CvjOJcU0LjE,387,enabled,1223282,8971,
Y0IVf1cgUTU,6228,enabled,3927488,96349,
XsvSl6vE47c,933,enabled,5351832,32728,
RO05ZgNF2SE,55,enabled,51412,389,
5qY5dnMlR0Y,39,enabled,14014,267,
xNx0q3Mb9fI,774,enabled,150108,4256,
Wp-um12cGXQ,95,enabled,39919,662,
JIYuOQscL6A,1620,enabled,1076263,10327,
Mo1lDsESD90,7981,enabled,22186096,197334,
A9_mFX_-wak,1143,enabled,1343578,9560,
4VWb3ZZ1U3o,1189,enabled,1103961,13038,
xH2LQn8S4rk,776,enabled,264316,6880,
QDCqBWV5hW0,195,enabled,614404,6663,
_JzGB_Dh018,165,enabled,97316,747,
yy0XNyOsikE,599,enabled,1862683,17080,
CARrs4cMp1k,104,enabled,19985,427,
ZH4_-n_sMmw,17,enabled,5700,85,
1BgWM5LE_i8,8075,enabled,5029344,84778,
zG6Q0kSy2RE,305,enabled,67578,2242,
AVAPcIIKrl4,25,enabled,62679,310,
v_aURWtopg0,5,enabled,6229,101,
i5llRygr-0E,195,enabled,648978,2892,
ClP2lcRR-d4,672,enabled,152630,5962,
k4kDT82hxF4,201,enabled,88372,2080,
XGTDx8aZ8jc,491,enabled,122967,1637,
Td9QfBnIqk0,929,enabled,473413,5091,
QwgJRk4k1HY,968,enabled,287366,1570,
LppGjGfjuX8,35,enabled,98514,697,
FtfrKkScT_Q,358,enabled,316276,4634,
CJ-2NKO5Ixk,4326,enabled,2996078,32142,
IvyHolI93xE,2027,enabled,4207547,48057,
p8T54syDkDw,1974,enabled,534106,6475,
JWECaawgzi0,241,enabled,109337,2612,
DCVRQliYyYk,4,enabled,316,13,
ber4OFqbJ90,319,enabled,133468,5599,
HLgrlcThayI,45,enabled,35209,563,
_o-Vd3kqnIQ,665,enabled,564877,4824,
dCmONFGrVKQ,636,enabled,562287,3935,
nxXRObxAiOg,5,enabled,1133,14,
zEwcxLOmP1Q,1041,enabled,693183,11033,
zmJEKmg6zFA,815,enabled,257698,3006,
6eSYZRPqdb4,225,enabled,491862,3376,
tf4YFa6-4Ws,335,enabled,114430,2627,
xDJrSz0b_TQ,3034,enabled,1280762,12202,
QGgZmu-FjxM,41,enabled,5559,229,
4Qq8hzfEmwg,140,enabled,103082,665,
XWmv_Ox44WA,95,enabled,710672,2271,
JmdwhSvSlbE,3,enabled,2880,42,
ytbxl8BGhlQ,2724,enabled,2518936,13242,
MRXxYL2MNQU,109,enabled,1055688,2785,
BHRP4VClZQU,0,disabled,2551264,5416,
taVvS-dCG2A,1435,enabled,1885674,19022,
xwDa-9oWohw,301,enabled,252483,1211,
S8nrENQyzb4,0,disabled,14431781,122436,
33qdRXqUCJA,3829,enabled,1189674,22324,
BuW99v6ZwQM,399,enabled,166579,2117,
3OLOn8Uk2Eg,656,enabled,685019,17168,
oQ4rDBzf4Hk,567,enabled,1769066,3441,
fyNpBZ0F7M0,38,enabled,19140,408,
v4rNOLZgKF4,1262,enabled,12550581,164263,
G--NMrvXxMA,0,disabled,4907898,16566,
uE6morUlDHo,1077,enabled,1233516,9646,
dHlEge-TsMs,7364,enabled,2112905,40625,
UOhIo7QfP5w,305,enabled,124666,2437,
IRlf3OGCJXU,632,enabled,377011,4280,
oFVy37CzhCc,0,zero,1180,3,
P5T2xZ3s2L0,1092,enabled,447000,5631,
dPieyaRPdhc,5828,enabled,636964,4942,
aD3pUDIAoBY,377,enabled,160880,2412,
zN007md9h8Q,1603,enabled,1754695,13361,
aFlJhW6SmXM,10,enabled,4103,104,
H9i6VzWfh0E,754,enabled,7775032,44102,
-iS_Hg8ygBE,32,enabled,17192,179,
HSQFyNGAA0s,1816,enabled,1366248,14309,
lN2YRBTP-aY,8952,enabled,2668791,46994,
tDzfBAImv2E,75,enabled,39441,777,
QbpEz3AxnVY,2495,enabled,942056,14997,
6vm2CR2W6Iw,710,enabled,857459,5999,
DnuXHj_zRbM,996,enabled,2253462,7713,
RidCe02KM_0,201,enabled,610122,3443,
JzTYdMRkvGU,86,enabled,45882,679,
p3A4rZdzGeI,335,enabled,189357,3859,
0U8zD3RL2zQ,230,enabled,443695,2228,
uhTlvBzjQFY,6274,enabled,6751159,106262,
0MDHl845tgQ,71,enabled,34307,371,
_2F2N0P86iw,73,enabled,13823,411,
n174VWdSlCE,4327,enabled,10223940,38492,
fQyglu53_rE,1005,enabled,846733,12112,
PtF_OylW-PI,12326,enabled,7757818,54837,
hpqlSUUi6Gc,15758,enabled,5454172,51841,
RPdgj6yYrGs,178,enabled,247346,1042,
zv8dXvflg08,449,enabled,453216,4841,
BpHevgaorYg,4117,enabled,3902583,32825,
8kHvE91rH3Q,82,enabled,179193,4833,
KZVd-MvFbO8,1789,enabled,481689,11582,
34b8Et5QrCU,12981,enabled,6846436,69065,
ABuQruo2BHU,1609,enabled,493223,8509,
48QORACenZ4,34948,enabled,6434596,63844,
4EZBbP6efGM,14253,enabled,7355370,100404,
6bssEwwhxqc,6890,enabled,7780274,50208,
RGtbdsiWKTE,402,enabled,81435,614,
zAwAsGbTcHQ,56,enabled,17462,679,
awDh1tB1N4A,2934,enabled,108715795,59592,
atuad2GUtIA,274,enabled,102957,3895,
jM2EUNJdnRw,0,disabled,9671,211,
8SRFhVksTvc,1127,enabled,1146971,25435,
RcqEiI9bpCg,10474,enabled,5142357,57919,
Dk43ntUCX-w,403,enabled,123650,3015,
Oqq5tgday_w,1738,enabled,10927548,45553,
B53wbWwOoQo,6856,enabled,1155140,25394,
-onba1IaVFU,12062,enabled,7376788,42032,
fB5DbbWOtCg,164,enabled,68683,619,
UhmT-2AchUY,438,enabled,181154,3335,
Pfpd2YuSySU,3025,enabled,1806296,24293,
iHSKFgPYySM,4904,enabled,40575917,203941,
tgL545fBVGs,269,enabled,969217,6257,
VjuYAAGFsvc,35,enabled,119751,745,
37OPB4f9gzE,91,enabled,16778,570,
OuM0XS4Gtes,14414,enabled,3771730,39272,
EuN2m9IcCTg,764,enabled,1747048,21475,
qT22LiVF3CU,401,enabled,339383,3399,
WZmVAfiMdnI,1827,enabled,549438,6905,
30_7Q3zLsj0,143,enabled,82091,1349,
pU_Irs_J2co,301,enabled,1183505,8866,
dnRJ5nM2mo4,4910,enabled,954568,13769,
FnHw-0bUvAQ,12,enabled,6799,98,
A2MSJaLMO98,1135,enabled,1231345,11231,
v0n2wEAiOcg,3901,enabled,14473501,50586,
mh4WnmegojQ,3133,enabled,1979133,18955,
c4I13WL_ttg,327,enabled,781759,2980,
UtYwGZqOH7w,1229,enabled,397464,6683,
Es2IWe6yRPI,1016,enabled,1261167,16461,
HDgdkvMySDo,0,disabled,924331,7470,
y42bEarS0s8,697,enabled,284933,4325,
bvsa_VJaoXQ,1770,enabled,699978,11976,
a7efEqgpIrE,1025,enabled,1146669,6586,
eAe-ZN0FRfM,10317,enabled,4056518,72526,
nH56QTxFK-Y,76,enabled,51602,456,
JDB49WvRbKM,2406,enabled,2609008,15491,
Td6m6eXRWSs,2244,enabled,4986561,22194,
hmVuFvv66gs,35,enabled,10990,229,
LsA16ox5HCA,177,enabled,187840,818,
6N43gP99Z4s,25729,enabled,10657645,86038,
wBpxehKYskI,42,enabled,17880,808,
a9RZFbn8PXU,234,enabled,477666,2643,
K2H8B-sDcAE,3568,enabled,4212799,34304,
ZK6I9SbwSlw,48,enabled,17343,287,
CtQdDIsRdZc,459,enabled,661931,8082,
FiDFjSQ8Vqw,5489,enabled,9502412,198000,
doxW1qRFtuU,563,enabled,3099079,15678,
xwUIgS8Bu04,64,enabled,41023,552,
B1ayY7yQsqM,4844,enabled,2926142,33002,
b4zUQ33ovUM,1744,enabled,3288875,66559,
4wmEVk_ldWs,2752,enabled,1875194,19766,
p0ZFqRar9Vk,10742,enabled,2432141,32678,
3OTVBFggREE,187,enabled,267557,1992,
wUsZce2kKgw,32,enabled,15444,285,
oBSlllgy7-s,827,enabled,4119299,12510,
ofvVORLujuI,416,enabled,76655,1974,
XIz26m-5N3s,4115,enabled,1433874,28484,
Ia4h_qRjxX0,1183,enabled,352310,4545,
INFH5bfQemk,92,enabled,100371,2229,
1jAtT94unZg,7,enabled,48962,140,
DNcwW_mQ_pU,0,disabled,6187693,9019,
JbAPSJq2A_k,178,enabled,316784,2290,
gbxxYILwNWY,3764,enabled,9137499,190277,
woVlb7Udrx4,0,disabled,9162612,34210,
fbgELNEy7fw,92,enabled,226553,1368,
sX86f5RtDKI,3107,enabled,5020558,26994,
2iQnom_VSPQ,1464,enabled,1926850,11897,
CSFGaPQlp1A,0,disabled,7701,102,
EiuNhT2NZvs,170,enabled,69841,2440,
5B8cjFk7gUc,421,enabled,130545,537,
-65nRNFagR8,10,enabled,6659,47,
ZaZHh3Yy6x0,44,enabled,70773,835,
nqKYrVE1d1E,2500,enabled,6664947,60667,
LrzmID2oiY4,2418,enabled,1490756,20545,
Il2idnJgg-k,241,enabled,27553,924,
5fgERVbtADo,7705,enabled,1132330,12594,
nXntiXb1fmg,706,enabled,2443164,7758,
f6FiSHJnnCc,0,disabled,4293595,8531,
c0kgOAlwDd8,22,enabled,31154,360,
-Uqoe8Ys8b8,1522,enabled,636406,11002,
AC-hU6-dfzQ,300,enabled,244268,3079,
lyjel1xoto8,78,enabled,16793,331,
APoFRoebzhM,31247,enabled,62346949,234344,
CJQC9GLyvYY,0,disabled,2966380,7598,
sUmFdbfeOkE,179,enabled,176795,2515,
77qrO_G3rWI,1099,enabled,659966,17908,
5qlvtlix2k8,4563,enabled,4473341,41691,
zjzsdvG6Fm0,624,enabled,76001,1828,
3St0aYZHLRk,18,enabled,8551,202,
3eUpZYGaKc0,3253,enabled,1148564,15070,
EMTLNCyU_Cc,509,enabled,1421073,12571,
tjnhu2UFHWg,737,enabled,2084507,10628,
g0AwzYIRdMI,2198,enabled,1184780,12921,
UTJU8snYxMA,594,enabled,166827,4390,
bL4YokWfb2w,572,enabled,377257,7391,
-EDIRR6DXR0,7867,enabled,5973524,78222,
LCiWNRi3dq0,357,enabled,1652094,8326,
TaPpUM6VaDM,8923,enabled,5892776,87331,
LjNislOnAbk,1074,enabled,1632465,7870,
f9IMkhcZXn0,11,enabled,24940,210,
nUzbZI_0p5g,6295,enabled,10624930,40419,
y36j4GSXdq4,39,enabled,14342,709,
eRvZu_50iUE,3747,enabled,1128871,21106,
-dbhsJzr7UE,393,enabled,2978624,6479,
job1XCk3PIY,5941,enabled,1215792,26220,
XY4QOph3HMQ,315,enabled,284692,4208,
15dd5nfmWh4,6872,enabled,1357917,19319,
0mccdi3V5HE,16,enabled,4863,61,
p4sDjT-q7z4,983,enabled,471109,6947,
YN10zSFennw,3367,enabled,4817847,27621,
jEzwndXO5Q0,1799,enabled,613302,6710,
_OlOGX5WVw4,1197,enabled,218577,1422,
CG7qzIiDiHk,54,enabled,24019,308,
LWDoj6TzF8Q,1841,enabled,4251088,22509,
XNPnwr_f6Pg,9433,enabled,4221183,46548,
DwXvLGPaj1k,41483,enabled,5171131,29109,
EtgvNKoacOY,166,enabled,215989,2794,
kGk-6hc3XRo,9335,enabled,5692104,61010,
nl3NjVdDCUI,13,enabled,6125,159,
AvyaM4CIagc,21965,enabled,23185999,296790,
FyT-y0rf6Ho,14,enabled,8759,217,
4LJzbmtTtes,594,enabled,276885,5353,
AYKgkG7gi0c,2873,enabled,22477033,63362,
O2cxqCykkcQ,1704,enabled,918306,7743,
s6CFi2EeThI,1365,enabled,986246,18596,
6MOSic_1GKU,665,enabled,1314452,6935,
K5R-j_oytyg,114,enabled,287365,2030,
f17lyOPBQ-I,1145,enabled,3186365,18942,
NipDOZ-7BRQ,512,enabled,232474,3479,
ZGl8vrceu1E,4066,enabled,15118180,52943,
nM9Uy4j4ePk,7286,enabled,9359689,29724,
8Ztnn8E4zxM,31,enabled,105068,216,
hP5AfBKORJE,185,enabled,204786,1688,
SeyxdiFkj64,2143,enabled,1750004,20253,
s8gyiAiijKQ,344,enabled,954270,8995,
uMN0cGnzgNk,138,enabled,20162,301,
vTucLv_7FWs,358,enabled,163775,1503,
3PF5NLTjUGc,208,enabled,302166,2138,
AKzUxkUAIPQ,15162,enabled,6033403,36815,
NBEmJbvVIQQ,1590,enabled,944763,13955,
lUaNo_L7AKU,1127,enabled,9930663,25723,
hsPbUR1Dj3s,505,enabled,172973,2367,
tsJ4dnDMphE,2079,enabled,664778,9185,
LKs6eJs6_ao,153,enabled,74068,1975,
gi3bchv-N4A,27,enabled,94163,373,
pvALjt6y3yU,111,enabled,26012,349,
834VIlWRWEE,122,enabled,694158,7283,
fTwgO8_tDdg,565,enabled,3034766,10267,
oWaMAgr2SkM,0,disabled,945516,6281,
RkBEEiG-wd4,2116,enabled,3062286,24856,
CoV1K6Yd79A,181,enabled,45300,513,
WSGMBK4-X0k,0,disabled,3233994,8763,
X0fRdlxq23c,268,enabled,128000,853,
tCWQuMpArI0,42,enabled,22207,445,
twpOQ6LaN2k,78,enabled,23840,450,
xn8JSRAScmc,3436,enabled,2402902,25515,
DN5VVNpCUQw,5976,enabled,4485296,37468,
K8MwhIaQcEQ,175,enabled,56536,1414,
Y2EViUZzb3Y,171,enabled,778781,4141,
ITrtE5U6oaA,1657,enabled,1238602,25761,
cScKgXZ571o,633,enabled,1298817,8966,
q9TMWl3GDko,132,enabled,144145,1214,
QXjv7mh9awU,665,enabled,435058,9235,
psh_iNG3Csw,9275,enabled,7120527,43066,
CLQLUWJqxNE,4602,enabled,885198,17422,
Ws4Doah0zw8,171,enabled,98039,1993,
SseHHn90bxs,49,enabled,48583,333,
p_8wosB8w_A,908,enabled,1282824,4686,
-rptJi585-U,2,enabled,1178,7,
n3rJUMdcOd8,4463,enabled,2017594,19124,
yZb3qsnr1Bw,345,enabled,271462,2669,
iwyGbbLSsMI,1007,enabled,500355,9247,
eqN3tlR4k38,5,enabled,26765,1748,
0zCesB5JfwQ,115,enabled,124449,3751,
FAepicOM-UI,310,enabled,616891,2178,
AojiX7QFuxM,658,enabled,308079,4048,
lbzTfDfljoU,453,enabled,783432,5519,
xylIrtB94iw,28,enabled,58063,340,
2noOfgkRKs0,15253,enabled,2432037,29181,
MpbSvJLy2wY,273,enabled,336154,6885,
lm7ROD7CLHw,216,enabled,70662,799,
91ak84i7bmE,129,enabled,49951,1581,
roU7-JmrSnY,3062,enabled,4202975,36486,
APqnfFT6OxY,222,enabled,177408,1243,
yi_Q82-e6uI,4712,enabled,852512,23429,
5InlBdjpj9w,8,enabled,5501,403,
jQEci13iQEo,45,enabled,12598,306,
PU06GuQ7svA,131,enabled,183352,849,
V2CciVqSA7g,43,enabled,88481,688,
_KeWSPQ4tcw,30,enabled,7319,568,
FNLqPQ3vCt0,18,enabled,132921,528,
XrJr1HToN2k,1012,enabled,3233549,17063,
pliOAe89rwI,9665,enabled,6725547,71009,
xlS1OfYvurI,15,enabled,9914,71,
8ufjWgYVDyM,15,enabled,9628,347,
9jBXGmWIj34,1026,enabled,514589,3644,
774HJQ9AdRk,12050,enabled,4366508,86578,
jd0YnWBnUGM,321,enabled,860098,3675,
75x0yB3x00o,1607,enabled,7187108,35275,
SzLNZ5NEeOQ,1684,enabled,417725,13978,
jPnua-wFYuE,373,enabled,258470,3810,
1IKjNrgDeIs,2558,enabled,765552,9672,
xlnud-AsrnE,50,enabled,42026,815,
el73D8ouA18,61,enabled,40819,413,
ayAtONNBj40,792,enabled,749589,15675,
RFsAbtAMPuY,250,enabled,293441,2430,
1kDn_Euvf44,509,enabled,4164625,15741,
-J_NwcNDM94,0,disabled,5457571,26058,
nOq82kf4O3c,0,disabled,477369,3214,
5xQH8NSGRzI,11139,enabled,16414846,92312,
y0923ck6JcE,62,enabled,26941,444,
6ucUgmUflos,7,enabled,15060,130,
3Ka7B3hCg08,10952,enabled,20262295,368479,
O5Agd0H_6oQ,965,enabled,3783667,18453,
bXhDOQhOwjo,616,enabled,959094,13937,
DrYNJkwVwC4,1206,enabled,808922,16206,
kR1KRvhnliI,0,disabled,831816,6038,
vCDvigqGUL8,24,enabled,33407,431,
NKdQRTkQE4U,703,enabled,346837,6546,
1qLJwXJE3yo,915,enabled,289074,6769,
ii9E2Nt_4lw,2719,enabled,13300993,134019,
4P-vxk3wS1M,21457,enabled,17190228,207645,
X_MU85-Yzjc,11,enabled,22543,264,
bwW8AG4CKE4,4196,enabled,3543843,48806,
_o1Gz9pNHc0,3619,enabled,2430911,12478,
kNDapxeu_9Q,3913,enabled,7237708,87365,
4qBydei4RVg,2649,enabled,5578053,27418,
FekZTMQ9ovM,16547,enabled,11884428,93210,
ZeLcCEVYCJo,603,enabled,419456,4106,
ZnznxfYXr5U,27,enabled,31636,211,
sDNAnPMX564,803,enabled,100088,1601,
gykeBdj6S2o,463,enabled,122710,2419,
ndxssbwwGZU,1991,enabled,3468156,13587,
ZtlI2Yhiivg,481,enabled,246770,3090,
3c9miF5ujNs,7,enabled,10475,97,
2KJzyB57n7w,5,enabled,23083,46,
bEV0MCO18B8,26,enabled,98762,865,
XdXWpEFGEUE,255,enabled,297796,6437,
XPgHLSxwcSs,888,enabled,360587,5189,
Px8ncdwPldE,158,enabled,84876,2871,
NN4PegHL8dc,3074,enabled,5436240,43973,
oDvMqM35Hdg,641,enabled,2752319,10421,
DFH05nZ4-u0,6810,enabled,1676501,8149,
ucQe-3XLEDE,1357,enabled,3754040,20616,
ILU2aiRaugg,30,enabled,44162,271,
f8T4u4Pn1jQ,1727,enabled,629876,8685,
sULV-2aA0dI,666,enabled,363513,6863,
NcKuK7mrsNw,199,enabled,313288,3138,
6b57uVMhM4Q,3482,enabled,2102416,42896,
N05FSw-va0M,206,enabled,631421,3360,
q9fu3SBm-PU,5406,enabled,10172277,73147,
4hlPxKSOPwE,130,enabled,36292,1278,
S9d2QkCncuE,7339,enabled,824342,5621,
JrbnTZPjg0k,2172,enabled,7828477,105000,
CCzC7yooam0,1254,enabled,891638,3885,
KBgB0VMcRYQ,669,enabled,255630,4490,
eKIzYWq-CRk,3290,enabled,10145637,31794,
Nsu-UBhWYmk,223,enabled,89947,1700,
kl_cZNi3r8A,2758,enabled,2031827,27537,
bxBSF6Nh49A,894,enabled,595511,3421,
2-zbRsyyAKM,7276,enabled,6625298,67773,
evvwk6IFoSY,29214,enabled,14723326,142716,
ieMF_mjow48,137,enabled,1161731,6836,
oyxHLbcsV0M,1207,enabled,3431121,16327,
g5C0TXYQdqc,5106,enabled,1624767,44883,
EHyXQMl5t3o,569,enabled,2660650,12534,
xIrrk0-WxMI,530,enabled,594711,3434,
eio1jVXSarw,0,disabled,9314,153,
ZMSxwX8TWbQ,1335,enabled,521850,13220,
kGZvE_gO0GA,1127,enabled,419160,7018,
lnKnxlziPkA,29,enabled,2654,86,
09VQFGiCw7Q,215,enabled,28533,1132,
hVBKuzXtodw,1459,enabled,1376167,8630,
9JqDWUv0068,14520,enabled,12700771,75607,
JyW7hKZWjzQ,4284,enabled,2592045,32047,
9KcJbyN7ipY,626,enabled,1769022,12658,
npXFztJBVzA,5901,enabled,4715988,45323,
-DcQ3ISWRyg,0,disabled,40395,950,
MSx_rMsPy08,1154,enabled,183735,1218,
vVR0Wf51vuM,891,enabled,54239,1362,
mh9Z3Cd0Aq8,4684,enabled,963259,15942,
5s-Q708g-fE,1803,enabled,1991922,19023,
2lnDCGM96M0,44,enabled,9875,325,
pFmw2G9ixos,9064,enabled,8914106,64234,
rBrRxTLvV64,92,enabled,33630,596,
8nBeyWqmd6Y,206,enabled,130828,2154,
fp2iBZ924B0,575,enabled,266032,2883,
MqdpfgjMiXI,283,enabled,55025,677,
5y6v5qcYwHo,1027,enabled,917040,16261,
q_6r6qnUVfk,2273,enabled,745068,16041,
vty3wkEbMv8,5648,enabled,2013250,27848,
z6n-58XukXA,10,enabled,3416,65,
FX5oIAOC1aE,208,enabled,63609,1064,
d0bSIvqalgE,2566,enabled,465116,6095,
_unAfYphJjY,9410,enabled,16393276,134559,
JqRSkaLGsQA,23,enabled,21435,250,
ytAGaQtvd1w,10,enabled,602,10,
AsSB8eFpx9E,0,zero,849388,11390,
8aMJzV8dNeY,228,enabled,259911,2268,
iCRyq-UAOBY,678,enabled,632602,12136,
0qYlSa7qdRc,478,enabled,901038,4004,
W3TiLnePV7g,69,enabled,87579,658,
uRZ_SxJ7tnI,41,enabled,126642,805,
IUKEzK64kug,45,enabled,24785,447,
RWmdKFyON5s,7869,enabled,21582046,115729,
FgBixSFoi8Y,45,enabled,12880,167,
mGxpw4K5Tq4,18074,enabled,35634872,394330,
nK5bj8iJsvs,2100,enabled,90223,961,
FSu19nz7NlE,1302,enabled,5477636,17170,
DZAUuK-z5Co,19417,enabled,2603531,56898,
fnm5D6URseI,132,enabled,923357,2188,
UXmCFYMR1Xc,1282,enabled,184316,3584,
azSYefZhv1s,41758,enabled,8469589,232682,
_J0bLR4vYrU,2,enabled,453,10,
A60kWg9IRSA,2,enabled,934,8,
Jn81ra2sw7o,1077,enabled,360278,4719,
_QNghkvS6L4,1143,enabled,1419123,11255,
lLn30znyaOk,5910,enabled,1695763,7532,
LsoYmWsAsbI,38,enabled,5994,200,
Evl1fc4MikY,93,enabled,87396,674,
sPoJFOn04g8,256,enabled,126066,1508,
ZJTFcPvHEjs,1635,enabled,973475,11789,
m8RMv0tkwVk,5433,enabled,3242359,38490,
5cmAbkMTeZY,20,enabled,74958,275,
Fzs8iR3Nyes,137,enabled,126114,1422,
6_AnYabucKo,1306,enabled,1522715,27601,
j6dWirO1WQg,121,enabled,47917,832,
JT9yYXKY-i0,226,enabled,43730,1840,
7Po3ClKtUpc,115,enabled,40969,1473,
9OITF6aY-48,2154,enabled,3651629,14116,
SVcZiuBsZwU,4,enabled,9386,88,
VUAS6AhQLZk,997,enabled,261667,5916,
n9R5dgKgVi0,87,enabled,91484,1753,
sn1sJbjZqx8,161,enabled,280270,6261,
jDqFzw4AQa4,118,enabled,124718,1551,
lRfri5r1lCE,614,enabled,202477,6145,
8W56AheQRkE,5984,enabled,7400628,105894,
I009BvbLvwk,4928,enabled,480919,7703,
msL5jCuau9c,3581,enabled,1812834,15749,
ZmzTJ-JOLx8,3412,enabled,1051108,7085,
2AYWcxyNyQI,173,enabled,94969,968,
7vKkcW6HAPo,85,enabled,161051,905,
bvyRvAkAWJs,2998,enabled,3513937,43695,
UHO95VQdK4c,333,enabled,37095,1524,
PInj7PB63-I,24,enabled,20188,369,
kSU-wnNzk-I,30,enabled,189450,784,
GbmunpHcxxE,3472,enabled,1853120,9503,
lUgosf8LufQ,6123,enabled,1847003,32878,
s6KlF0fSeSg,2867,enabled,1434818,9220,
ebsnDYC7udk,2849,enabled,415909,7180,
V9WQnyTTF-w,1294,enabled,8539095,28841,
b80PUuWeCjA,1622,enabled,532446,10922,
LKvsbUiZzeI,16,enabled,9912,142,
6GJ6HaHhjMk,65,enabled,843060,1777,
Dj7Nk92il2k,43,enabled,7837,196,
h4LlHXz7WgA,0,disabled,98104,702,
5fFw72QJbFc,264,enabled,71853,1597,
bFJbRrskxnM,288,enabled,1099612,4547,
k2kYe5nOjz0,231,enabled,263872,2796,
cKszJ_wE4KI,181,enabled,82969,1172,
a5PkySpZt0o,589,enabled,1830770,11136,
z3RXQi5WU4s,695,enabled,801394,6562,
YI4KdnMEFZE,533,enabled,462008,7791,
RycjL_fYH14,15885,enabled,11763886,266536,
gP-Ztcujztw,5392,enabled,4067380,47358,
7EkJdJj5KYU,777,enabled,4196650,20217,
lHLQTB7Byqg,1963,enabled,642539,14749,
z3LBshsGJsU,222,enabled,143331,2398,
RpXiFhlcAyY,68,enabled,43246,519,
UD6nD1g8zqo,11419,enabled,5327751,88762,
KB_15Xt5T-M,1247,enabled,175167,2455,
OQ-RJ72TNCE,6242,enabled,2437316,29093,
pJzBBtbf7bk,512,enabled,874562,7334,
cC6sIO4Ls88,1765,enabled,1636162,6836,
nIz0beO9SP0,676,enabled,1331597,10143,
UGG-VvqO81g,2228,enabled,2976950,38166,
IVACjnYXf18,1350,enabled,2125189,26768,
9MgDN2Rjk44,994,enabled,4175427,23079,
5VqhIzigk1s,6641,enabled,19569978,71790,
uFfMvSv4M_c,1315,enabled,2388289,11976,
1x3dZYuFopY,0,disabled,11634886,247031,
ixlgbdjFaYg,18113,enabled,7170686,251317,
mfZcc1OCXTg,163,enabled,56953,322,
u1bpI-49BzY,1115,enabled,3496217,29191,
o_haqn8fvnk,67,enabled,4146,65,
6vTR8DbC5Qk,50,enabled,8500,202,
HzSnL3J3_PY,731,enabled,503235,5245,
d-ETZ1r3FvY,27102,enabled,5215442,88035,
4w188beHMto,29,enabled,17315,318,
OcS02M9lGs0,4628,enabled,1504349,30157,
v66C3Ef2r3o,13605,enabled,17257895,81227,
cuDDZe3MYvc,1324,enabled,1650895,23289,
UKc271fj2ok,8896,enabled,32087923,277924,
RLadIgyt0qo,17,enabled,9572,354,
Pw9zo0XnGS4,168,enabled,37963,814,
vB4099CsDpU,231,enabled,107364,1669,
JbK8uKuq4Ac,581,enabled,286197,5238,
xHIykZgE7HY,99086,enabled,3241947,49435,
ozJdKFd8pXw,7155,enabled,8909289,206700,
Nj_3CDfByOE,694,enabled,462279,6463,
JjLNIjN4vYs,5076,enabled,3474004,21133,
PR_KB1b7B-A,6978,enabled,3830461,55055,
Mzf2I8C4Q24,37,enabled,26229,284,
w5Jq4Dxwcr4,0,zero,1554925,12438,
-YbxjN53TDM,30,enabled,48953,435,
RBftKSN2ey0,104,enabled,161623,3368,
x3gq1p_CwCE,950,enabled,2313862,19609,
gTAG0ZWwiGs,3030,enabled,9584847,35746,
P6NhDB3yXFY,7340,enabled,2730755,39457,
QaraSn8u7mM,8111,enabled,1740726,24991,
WYhvnyOPhFo,34433,enabled,17911369,167660,
JwtBA6hnbyo,583,enabled,262864,4325,
2tIgpBKWRHg,412,enabled,231988,2544,
snniTFCvvpo,952,enabled,325303,5981,
iMcyIXdMWPg,838,enabled,2729975,15941,
k-n_RDM3tns,181,enabled,55800,851,
yvinJsqSknU,5903,enabled,4401242,41387,
SDaWVYXBxZg,5762,enabled,2449500,26371,
DBBQ02Xu0ew,314,enabled,299318,4946,
_tP5iipeQUQ,114,enabled,399530,1850,
qcj63adpexM,958,enabled,205860,4349,
SJRAj1Rnu-w,62,enabled,68442,729,
hCUUPg3tMzY,15,enabled,16943,531,
6eN6vHRwi3s,1959,enabled,776454,8528,
9PN3JOGzVJM,4253,enabled,1608569,31765,
mN47CXTHOY8,624,enabled,218120,3620,
4azZc8Ugpe4,525,enabled,194186,4394,
rdmIJ9q6xqQ,1604,enabled,493759,8889,
UY-u6E_gaNA,63,enabled,52083,903,
1-CfD0iBjKA,96,enabled,34122,1736,
d7LfenRoTc0,11,enabled,4279,119,
0gIp8lU8HKg,29,enabled,40699,420,
Uxij9V_abwk,54,enabled,46725,483,
fFb4kuWGjDk,5793,enabled,2200081,28428,
_Up5xtiw1_o,35496,enabled,2062099,26221,
ZtiYlGeV4Fk,9270,enabled,4040000,33357,
hFTnTPl_9G0,2106,enabled,1599813,13851,
bvOstFxpX7A,17,enabled,7104,106,
qXA4x_uve3g,16098,enabled,8903401,137710,
Ib5ClFrYaXo,3160,enabled,1191261,18540,
uLaPMIsyieE,329,enabled,486738,2546,
OKGX7gQnxpc,16647,enabled,46479444,1289200,
K_d6fsnZv9g,21,enabled,53814,472,
L6H71QMJPUI,7715,enabled,3897088,51041,
04pAmVYXQBM,1075,enabled,361278,1710,
enXPo5k2AcM,114,enabled,34038,876,
4R0qUZGavnM,478,enabled,248961,3195,
KBpGxb_unmc,470,enabled,102776,1558,
JkVOwRRKb6k,489,enabled,352520,5131,
rRD_JIfF5zw,2876,enabled,684710,9780,
PFUo_1X_YEU,955,enabled,365947,8350,
c3LfgHTJn-c,4054,enabled,2417555,21890,
6x9g4JzrRpo,18,enabled,20986,225,
raAWkdEeWUo,130,enabled,141862,3970,
ibwbImumq4g,3018,enabled,1909442,17547,
E9ur2zH9_PM,7,enabled,187,11,
cF5zjNLVdPk,146,enabled,350035,2250,
XwAjpmBzZJs,310,enabled,95767,946,
a8XLsqmeMUE,1065,enabled,3288931,22030,
0uxk9g-NN6A,5240,enabled,11498764,76307,
g3IF5MswmVw,2,enabled,6960,53,
y3DAhPxP7hw,1168,enabled,4035084,6680,
5YuGHBmv9wk,10202,enabled,17303266,100897,
2WRqD9F7G_A,1107,enabled,399166,8619,
G2vUD78dOrk,200,enabled,134197,3820,
u3Kk7PG_Up4,315,enabled,162663,1671,
sOhhtQTNoiU,0,disabled,69024462,221916,
GAd73BSTLV0,741,enabled,189362,2193,
2DNioliqOug,3203,enabled,9840246,248821,
-fhglaeWoyc,10,enabled,30820,297,
e_-ojQ_uGIw,22,enabled,42388,320,
bxJGOZlyGHg,768,enabled,1431223,4154,
imssgkGqVNc,4478,enabled,5177095,31567,
2WE1vL8gAWA,170,enabled,4589,79,
R98E2abtwy0,2,enabled,1566,42,
HNM6wUfxejo,1499,enabled,345093,7267,
0KP15lwyZYo,990,enabled,2810821,10375,
aXj-ZjxUIDw,552,enabled,648108,5582,
CafuK3DKVFI,0,disabled,4442955,46880,
IoJZGtIAwyM,436,enabled,157653,4456,
CW_zRICmTJk,5513,enabled,3343771,37440,
zvduo1w8ZiA,167,enabled,1401427,10485,
2w5mPb9XAlM,1371,enabled,840517,10687,
hzNP6Inb24M,4981,enabled,1970411,33036,
elvg7RtIq8M,30,enabled,14744,258,
Qm8qFKC3aMk,922,enabled,5690716,45154,
9eSAG_9c9z0,13,enabled,11654,124,
b0KSxH37gVE,205,enabled,1526244,4119,
ewuWGYcBZko,1,enabled,1651,43,
xogJ5cPZumM,1356,enabled,1524934,9056,
D6wmz6HQBWc,1352,enabled,3782177,21761,
Rh1pXkFczSg,2639,enabled,5782620,30248,
GeCrvPe3FjU,728,enabled,328777,2670,
VwBGoIO-4T4,5233,enabled,4132899,39524,
ZM7r5H1dVFg,98898,enabled,24505092,315236,
bK75CblneeQ,38,enabled,78147,1579,
W7WMs9xddeU,1057,enabled,457133,3826,
wwirtjbG76Y,1641,enabled,709074,7552,
0OKXCtarfMI,3,enabled,3195,43,
qh8Jvk0Jm-I,0,disabled,67009,338,
KkEeOrhjaYc,24,enabled,26440,976,
hT6lY31kDkE,798,enabled,2244470,6742,
QwqMbj88lT8,111321,enabled,12757837,232911,
7X3LC0lSf-8,795,enabled,4330052,17576,
emOl84euLfk,14325,enabled,4034441,21275,
nDh7xG2_Eio,17,enabled,14133,253,
INgwKE5xejQ,49,enabled,185491,860,
ZERbnT1eWFM,0,zero,914823,7527,
vzW48QrE6bk,1619,enabled,1414271,16598,
aOuHy_-UaE0,1728,enabled,1891984,16120,
Dau_f5FN3Io,1242,enabled,2801859,13555,
ok8x3xDWVy8,924,enabled,563136,6950,
5FOcqRA2Wgc,620,enabled,2557138,8997,
hrGhIrpv0BM,14,enabled,1250,16,
OYKPvPbm2jA,9581,enabled,12193635,196800,
din7ogl1Ewg,128,enabled,214643,1089,
Hn44wy93smw,292,enabled,315548,6209,
A0Xqsf6-KEI,1317,enabled,1506431,20514,
aNx-1qiST3k,265,enabled,82539,480,
Y66mqSOV9js,505,enabled,435648,5807,
31UmSck4i8U,40,enabled,23864,131,
x5rzPgEV-NA,8802,enabled,5076010,41097,
Zd2WXDkdnSY,20623,enabled,8605848,117008,
flCDCPsMKoM,131,enabled,35923,977,
chcun4_DdGQ,278,enabled,44691,1290,
5eLQkh-4wXM,30,enabled,11647,199,
o5iUZbLigtk,50,enabled,19608,986,
Dhsvwu3xEnw,89,enabled,127736,809,
DUifCq_mWXQ,145,enabled,608060,3703,
Eb0VCVyOOco,165,enabled,80700,1062,
q-dQdSXnhAY,5168,enabled,20149081,82979,
Y8Mx-3DvmAw,765,enabled,988479,5350,
SDUWutN67f8,3417,enabled,2804542,8550,
7qCESSohvT4,10929,enabled,4594545,61477,
lKxbgy3n4cA,11434,enabled,5675255,44768,
hLozMwCrM9w,4322,enabled,3675903,24851,
tkRSIaf-VJs,707,enabled,223641,5413,
cix92rAvErk,169,enabled,764463,4312,
C4aHphlpzB0,72,enabled,9330,220,
qixKtRIQIC0,142,enabled,29332,620,
8KDBwyU2kto,10,enabled,2181,34,
vjKOL9O-CXQ,5,enabled,586,16,
EAN82Gdz7Jo,355,enabled,1110614,5592,
Ri2852ICTh4,32,enabled,39581,414,
4cdU17WVqN4,202,enabled,381355,2307,
-RfsfNsp1vs,9518,enabled,41622736,747376,
ZG93cyyRWbg,816,enabled,681947,12844,
KTViaGA1cqA,1566,enabled,8601593,38404,
L3GJiAprbRQ,800,enabled,710120,6909,
7ZLfBDeqU6g,1205,enabled,7282658,56365,
PFxmasZDI9g,191,enabled,51639,1415,
hHv3mHwg6y0,24,enabled,151827,1245,
15C40ArADd0,1210,enabled,722578,8145,
H2_ua-lCn60,3078,enabled,3752113,29273,
GMFVQwdS21Q,2402,enabled,1538145,21227,
6KTM7bcauRk,20,enabled,11159,138,
RYovaSaVBAg,1337,enabled,69315,2045,
Iz8LtbrCMs8,57,enabled,85121,708,
jUj1kh-JpUo,574,enabled,135306,2384,
TCm7B-inSOg,387,enabled,156319,2910,
F_TtvDbJ1kI,2254,enabled,1178763,11706,
JRUTSGBX9sg,3141,enabled,1119866,30835,
5pUz4wrFu7g,157,enabled,74728,2530,
mnV0BaqBWxo,9860,enabled,7158542,49436,
ipWLeP59tG8,77,enabled,19917,458,
fJrmbhGSH3k,80,enabled,11806,138,
SDIsHJxEvjw,3942,enabled,1319604,24476,
tyHHTjYxRKA,61,enabled,53549,664,
mV-0nMPpshM,5469,enabled,7356456,68686,
irihj3tg8zI,142,enabled,40274,1281,
6XCLWNG7Fb0,570,enabled,2196647,14856,
BicD0RF_H4g,4804,enabled,4476041,19720,
Yrgh_kXNKxM,3341,enabled,1702076,30289,
7GT16s87M-k,2359,enabled,1951288,27264,
kKXHcySbawo,1058,enabled,2750643,14075,
yBgYPkfpsFY,121,enabled,68742,1534,
1W-mVDuE6Ig,591,enabled,727779,5076,
5o9bGoaIBww,33,enabled,32189,159,
kE0BbuBKJ7g,836,enabled,3676393,21402,
SF_UL0TKh44,109,enabled,62280,1063,
mDIkpI414YI,28,enabled,362706,341,
PSKevgNg3xI,790,enabled,2998903,10137,
XfNOQB2PN-A,23988,enabled,28604097,236515,
Tn5e-QxuGlg,103,enabled,65838,721,
MqHxDv3ri2Y,999,enabled,789059,14356,
0uATfA_WoTA,8111,enabled,9258779,124880,
gUF0kxQhosA,103,enabled,175541,1004,
20easSWzGRg,134,enabled,908802,3609,
lNWPbA9_ccI,2519,enabled,989308,11964,
vQQ8dp2RveM,128,enabled,215311,1030,
aqV1SkXWTIs,51,enabled,66827,735,
76_NaD6DqyU,3969,enabled,840646,15425,
_-7_FJcamz4,0,disabled,8978,206,
tL_SGsOKMW4,1119,enabled,1874930,27137,
5NIZ9kKEqSc,44,enabled,15075,333,
KNHrqoUjtzI,1729,enabled,3531345,20326,
-tyDRH17x2I,0,zero,426051,7110,
CcuRe39tGK4,34,enabled,42930,461,
oeRmZf9SIto,825,enabled,1655892,9009,
g7Nuwo0LLGk,5766,enabled,8045800,43158,
aBXTUo-VmSY,2479,enabled,2310737,32786,
b-eCsGN_gxw,1085,enabled,256091,6241,
SP8fXBiTePc,93,enabled,67731,847,
Cw-MrF3c4sY,299,enabled,171645,2738,
Qm2JaN6zRh4,2510,enabled,4063897,40464,
uZgttCbLYvQ,55,enabled,9886,332,
4O7eVYXra6E,15,enabled,9773,161,
ATZFjJA2izc,1685,enabled,11362033,53413,
_TRAnRCDdh8,148,enabled,37543,571,
wq0toVR5QtM,45,enabled,49864,400,
V9kvCJ758fw,249,enabled,117826,1617,
rqzNH3B0f2A,309,enabled,80658,1210,
F_V-LUzfwPI,51,enabled,259597,1020,
6B_GAZ3jHKg,1924,enabled,3511668,24800,
LdIFn98zLcA,6851,enabled,8951962,58697,
cw41l3SyiEE,41,enabled,2041,53,
98vY47SIw_w,53,enabled,810717,4790,
hYbBcSTq_bA,2004,enabled,484491,7056,
Zj5J8KWkNRs,28392,enabled,8676338,94907,
fsXeJpHeEOA,1020,enabled,535324,10140,
HtQ-84NFTG0,507,enabled,101004,2998,
VXGOfLg6hPo,34,enabled,47270,604,
IUPTwbjQJdw,133,enabled,66565,903,
X9cFa2L2ncE,39,enabled,14233,338,
WAwNec0tFQU,0,disabled,153098,621,
UKAHm94d80o,73,enabled,12599,354,
BJOBsISlivY,1279,enabled,687110,8979,
y8sH_TT47tY,25129,enabled,8002212,90557,
8jfTdH5I4y0,551,enabled,265501,5260,
n7qiTdSCKkQ,4790,enabled,1991756,22313,
X8RlqcMZqgU,32,enabled,42461,444,
5zaBjnkg-Kk,17879,enabled,5603560,71922,
brOWALdRC5U,28,enabled,5742,144,
cJ5bNwscHU0,4057,enabled,2002230,35645,
__T5edF6UK0,776,enabled,406157,7508,
VYuwhwdzM3A,71,enabled,47713,289,
eVcoivuImXQ,1976,enabled,2789914,42979,
bSkkE4hpLUI,70,enabled,158220,1204,
By-KcYGVTCc,1162,enabled,5055940,31677,
YslQz6wH_Wo,1053,enabled,1031155,7976,
yj9YM9-Aihc,120,enabled,893541,1876,
dedlBQQDmDE,1541,enabled,250356,2702,
TabmOgxTVVU,1719,enabled,5839293,27901,
C9hDdSZq8Qs,29,enabled,21412,242,
F815eqx6BMI,43,enabled,23765,231,
8rjBc_Lwrq8,315,enabled,302366,1019,
W-ffqY-n6PE,898,enabled,255348,6694,
us3UVXR9kfo,674,enabled,1632475,4983,
54fLSvIPTI0,18,enabled,9530,245,
q9YVywJEYmw,2339,enabled,797336,15237,
SNRZMpA9_mI,2552,enabled,3352103,32054,
42zR8ColBPU,1206,enabled,1393995,12528,
3mP1enywJMI,7330,enabled,5289394,44366,
IoZseQRJpAs,229,enabled,137093,2473,
l0BRAvqfwZc,3461,enabled,4185952,31570,
KS5rg_k0zpk,2404,enabled,10621112,40807,
5L8mx0_7oI8,61,enabled,33324,640,
WNU9qQ884uY,30,enabled,9092,161,
s0489-KShn8,1427,enabled,1288098,14439,
Uy0TBu-1-38,6134,enabled,2720931,34096,
rW53E3ToFRw,300,enabled,880031,1621,
sbXf0x5gIi8,656,enabled,1343058,8710,
SIzEJfDcZpQ,3449,enabled,1567821,33152,
WeonnphUUAo,234,enabled,198014,3775,
_CVw_tFlacc,375,enabled,1036981,6024,
oso0u74NZ98,55,enabled,156776,1091,
Xc6EsA9wFdU,3711,enabled,892521,15724,
iI4e_F7Yy1g,428,enabled,143994,2182,
AyUVsNPZC2o,7,enabled,5669,109,
n8CS0JE1aKE,31,enabled,68083,454,
27zD-GUjy1k,104,enabled,94005,798,
YbvpqyfmUxU,8333,enabled,6018809,76153,
tiEW4-WGTFA,129,enabled,89785,1304,
tJZLB_JYnrk,229,enabled,1627112,5497,
f9somyEzpaY,7253,enabled,6061155,56706,
Fmxai0y5jjk,108,enabled,948607,3618,
rufj8ldbQLg,671,enabled,215703,6055,
LZvGRxHGhaU,5,enabled,4611,375,
gRpxpxGfjhQ,826,enabled,172035,5120,
5rqON5NqaxE,67,enabled,13402,356,
193637HOYRI,11495,enabled,4180731,19235,
Ji3VcobCbr0,290,enabled,727462,1650,
IRhhp8dBvZg,111,enabled,277506,1929,
6vEVdDk7PM4,14,enabled,12951,145,
YA2fgelD5Pc,1086,enabled,1025509,8742,
xOlKDKUQsKE,12,enabled,58562,147,
fR_TvmwNmJc,638,enabled,1583007,6607,
ym4uVS-5tSA,11819,enabled,105573761,206885,
HNpSUBRzQ1k,43,enabled,61094,620,
_Hjnz3Rc2Cg,1595,enabled,2679014,22883,
bU_tR98ucSg,7914,enabled,1895711,31807,
pUj2SlD-DI4,37,enabled,11644,191,
1VIlNmnjrAE,1751,enabled,1385743,27575,
rTyhKmB9fMQ,40,enabled,5546,184,
UP1BuHpGTjc,818,enabled,140314,1952,
6yxgQeESO1Y,0,disabled,3656335,6561,
JtSWZavX31c,135,enabled,31545,1078,
Wi5OU2R_96s,1874,enabled,1586296,10124,
--mc5lTTIQk,101,enabled,81611,754,
gq6oxzvcpPw,264,enabled,1274246,5881,
BwPj6O-afX0,24,enabled,6128,203,
_kbN9m-GlkM,305,enabled,447662,4964,
MnWoFeIyMFI,10474,enabled,2894161,48987,
EDRZCJxGoIo,5083,enabled,2761517,26943,
N3jL1GxZh5g,21,enabled,25336,185,
ZsO-f4iqqMw,1036,enabled,1146389,17156,
QR_RN8USCYc,15426,enabled,3005461,48000,
oZgGHCfRIOI,156,enabled,39011,1319,
LIemCBAYKUs,8,enabled,7382,250,
GR-vYp6pXLg,118,enabled,139920,1553,
P3l4bl9AEkI,4,enabled,41680,93,
Q6niHFCtO5A,32,enabled,118797,285,
jEdxixnii_U,225,enabled,157690,1132,
BfcuqAn2lpo,931,enabled,1180895,9743,
p4hMMmnANSM,25245,enabled,17106418,223019,
RvJPxq-S_LM,8,enabled,1115,18,
DkZjR7cPTZI,3236,enabled,2952261,32676,
LKA7oSeoNLU,2103,enabled,1156637,20114,
0a0rmxCaCzY,1130,enabled,1619131,8113,
rxFZkRTlydI,1710,enabled,591984,4905,
nStq5zEQvVQ,36,enabled,30981,477,
s6_J6I2R9dk,725,enabled,54874,2513,
-aUVcej5Dyg,2915,enabled,3726943,84512,
LTurDWdE1dw,98,enabled,195907,975,
paAc260OD8c,3,enabled,1905,26,
r7j9cBnpfx8,290,enabled,2902370,8780,
v0ylg-sS3aM,58,enabled,55774,648,
LnAYKgf9lYo,923,enabled,2544890,18393,
ghp3Lcmk4l0,543,enabled,585838,8131,
U3f1tmYOqpk,6,enabled,1648,64,
Ucx0gv8G_VA,2076,enabled,4491175,33191,
CPHiJYpxe0Q,3030,enabled,871577,14575,
YFNJ1jMqcbA,563,enabled,1401184,6536,
zj0xF6tdk5Y,761,enabled,3805936,22526,
YIfirBuaV_c,7445,enabled,11065383,76698,
JXN5xwMI00I,991,enabled,1674627,10221,
tr9q0nQXIF0,232,enabled,258913,3655,
oT9PwbL_7Go,3,enabled,3925,49,
RdM-iEwNcpM,2115,enabled,553777,4955,
2ssz3YWFOdU,115,enabled,41999,1902,
-e1s_Etn-A0,369,enabled,798104,4723,
-sCHKdsRlzQ,2681,enabled,4894474,14946,
pVErEqpqIKo,159,enabled,51821,821,
M27_S6PpzvY,4384,enabled,1137953,18199,
EBkTQDhFhWk,7683,enabled,780398,11121,
48--pjS2sLU,476,enabled,267683,2369,
LgKfXZ2kARM,12177,enabled,3119970,28509,
IyBFfouLzhI,964,enabled,3586413,11953,
1vXfPDyM69A,7,enabled,13795,75,
Mr-ABS4iqu4,0,disabled,7935060,99617,
iq6XepAVUiQ,13479,enabled,5060001,46593,
VVlWGb3InYk,2685,enabled,1698042,19991,
0Ivhdfq7hhw,317,enabled,64072,1285,
ZlMZk6jpRnY,101,enabled,5802,153,
AtXkxsEgrG8,694,enabled,477507,5685,
hAHK7oXsut4,2249,enabled,1481206,19351,
R0CYOQ0qDu4,657,enabled,603547,5132,
8bqypohrl_4,41,enabled,42492,383,
euH4Y0K9mB4,156,enabled,92317,2001,
cFVEoXlNmNg,94,enabled,263528,939,
Rjw5R7Sl0mg,18,enabled,17797,189,
YzlNIZyN3TU,178,enabled,215466,2386,
OlYDfkfJbhQ,271,enabled,182086,1306,
nDmIqLjtyMU,1704,enabled,940545,10158,
IIAzewE5dB0,6,enabled,4635,72,
VMg9eOphzqs,2001,enabled,2044875,18129,
DfdQhu-hrW4,1582,enabled,1595414,6267,
KgoW8Dvedq4,656,enabled,701094,13558,
EAPCQ_dRx5c,27,enabled,6329,182,
FaOE_Uwoca4,977,enabled,667365,9780,
M6lfiu9RIBY,62,enabled,42876,629,
riJ7Ry9ikdo,582,enabled,1072702,6824,
1l4O9VPM2MA,9228,enabled,1611601,47884,
dykcSJdpQG8,371,enabled,479651,3977,
Lbz9VVfVnhw,408,enabled,128248,2419,
yMTtZUTveGM,140,enabled,81999,1204,
Fzz2LPtQs4o,2849,enabled,2144979,33794,
UC5hfl24lpg,17222,enabled,4770169,44597,
dzDaq0UZNt0,7971,enabled,4344403,52809,
RzF7pXAoi4o,46,enabled,17004,276,
ByPAHp3Ndaw,22,enabled,10402,564,
uiLnuPcd-aE,529,enabled,1105096,11447,
LC1HTT4SbSY,12,enabled,2578,27,
NTUaW4pEzN8,358,enabled,441950,6406,
5S7uCR2qUnI,3977,enabled,2018275,34701,
juCE6UYkHMM,170,enabled,141541,2155,
SJLENbI12-A,28,enabled,2010,34,
eg5LZhMPdsA,2010,enabled,641787,9047,
PjLbABSurIg,170,enabled,86145,958,
dHfJ4tP2624,35,enabled,114775,528,
Qu3sup928DQ,275,enabled,872759,3847,
6SmN-hz_LNo,281,enabled,267539,2908,
XxDAyBHNEh0,99,enabled,16183,471,
XvvYApgB4AA,498,enabled,543214,4590,
fu-fjcRCGXo,4425,enabled,2744011,30632,
KV8z3vE59O8,27677,enabled,5633123,75231,
VyJAWuLlkBc,79,enabled,51043,553,
R_c3LZx0tF0,4013,enabled,2548210,25856,
aO8X40p2LMA,0,zero,832100,3718,
B3cotRGNWdY,1918,enabled,13118815,108244,
3MuMPLoQZN4,753,enabled,325367,3036,
eN8t0jA5QUQ,696,enabled,1017822,11497,
Jh6QiH9ZVSk,4039,enabled,32859286,112974,
4x1XSYMpSq0,2736,enabled,3093735,58679,
jTdH51Zz2dE,7232,enabled,4798413,21081,
oF1saSpUTcM,2785,enabled,1312122,18527,
E6_KUdKj4WQ,4600,enabled,2434520,33337,
m9D3hKHS9K0,5586,enabled,3205142,15940,
eGqabNGrOCU,140,enabled,20658,336,
9hX4r0yOAb8,627,enabled,711735,12225,
iP-rOQPsWRs,114,enabled,67697,991,
CYD8zRDaE1I,25580,enabled,11816682,66744,
hPGB1lR1wQs,0,disabled,12910,454,
ckh9ehBQewA,27,enabled,27779,1160,
nU_67T-CdYc,1208,enabled,334078,2653,
PKp8FuQ52eA,20986,enabled,4550514,108587,
e01GIoFak2s,231,enabled,753642,4385,
0f_xpcMhCNA,487,enabled,735780,6882,
pt70U8D1OWM,41,enabled,13324,378,
c3aXPrbGok4,204,enabled,81912,1812,
pARLS8_t9j4,850,enabled,68838,606,
jwu5atqoHFE,14,enabled,24153,135,
xtcXJX7LfqY,97,enabled,47952,1055,
-qrO-aGzgBE,429,enabled,872521,6069,
rc5dFhhkALI,45,enabled,11562,208,
Jnei1md-Ia0,121493,enabled,77122226,331569,
d_9YsLIVWIA,1763,enabled,1116531,4779,
9lmpi_rG3I4,14,enabled,6094,74,
pz6WcZlwX_o,2433,enabled,5966150,33064,
hK-jmsd7fpM,151,enabled,44572,709,
1pJvs-wpJwc,2267,enabled,343676,5304,
dKJlUiGkYtY,156,enabled,144003,1641,
KX4vMWakRRk,11944,enabled,11006657,73560,
lbO33OhC9sA,15,enabled,17526,654,
I3MQ7t7m-3s,3571,enabled,675442,5012,
nsmoGov8bTI,2431,enabled,2278977,17393,
YzA-HMq0rUA,11832,enabled,9169585,67733,
VCzrL7m1WaY,110,enabled,12291,542,
5UgL_UIYvI0,7532,enabled,6051334,127458,
z_qQaMc4HTI,2615,enabled,3071604,32554,
_DTTE7_kiLM,33,enabled,40846,275,
w-sG5_2X0SQ,935,enabled,655522,8089,
CmSDpSCgk7g,1315,enabled,629598,9451,
JopNqvzMIqE,924,enabled,4639492,31413,
VS8GKBIa0X0,311,enabled,125853,961,
gsTjM2WFAeE,6301,enabled,5656064,90902,
hFMFDCAEM9w,10739,enabled,2672569,15494,
p1SMKbMiduM,700,enabled,1784149,4944,
YDIVGAStilA,2273,enabled,1640306,23068,
aFoWqIGjqL4,0,disabled,6428,49,
zaK6vYyTW9A,1252,enabled,310743,1957,
Uzm056zdXfE,9,enabled,15609,495,
j7U9V__YBrA,1332,enabled,288514,2367,
7oFtLoXgJd0,640,enabled,408079,8356,
u8hYcvoJlC0,1050,enabled,2782521,27420,
KIDz7Oc1nnw,32,enabled,22038,235,
f6UvXFw1u9s,6257,enabled,6667622,32745,
Q5On3Qzgu1c,169,enabled,47486,399,
LyEfIKUZLhM,172,enabled,56801,1636,
U4PL_1h2jDk,3244,enabled,816157,17103,
V2NGadLtdjo,307,enabled,182377,1866,
z_6ARuEEqjo,125,enabled,10399,574,
v6LJ8kWEcOM,22872,enabled,24254300,108998,
HPSXi8Br4fs,0,disabled,3862059,37441,
CatavGKNTp4,581,enabled,986112,3311,
ZHrkb5vxIgk,29,enabled,33514,431,
iudQWp80DhE,5108,enabled,9907908,98767,
5nzl6Ca_3L0,786,enabled,1228198,7015,
M2C5Y3cp10A,3207,enabled,15164394,35725,
qkc8oAr7pIE,592,enabled,1110588,7969,
3sc62J6T07c,87,enabled,32746,928,
AyjZ2o1SPWY,621,enabled,325027,5054,
qQAEeKpNiHg,983,enabled,1279795,20842,
019tvNUt5jg,77,enabled,749698,738,
EYpXLjdY8Fw,177,enabled,258232,3166,
10zPdCAeX34,1212,enabled,1295926,21287,
0jBg49dckXU,141,enabled,432260,2169,
Kjn-lhW5RqQ,521,enabled,776014,6345,
xSyEMHU6fQA,107,enabled,35829,840,
NOdULCFV1ZM,1750,enabled,6713877,36290,
UzNgN8zPo8E,241,enabled,126816,3441,
klE-LATsYqs,17348,enabled,5534948,55391,
tII1WY9XIYI,1446,enabled,1358124,17824,
jgu4XTvZ0AA,8788,enabled,826124,15029,
FUwzHKC0j28,80,enabled,57919,1284,
DyTFn_lsR9E,292,enabled,92799,1963,
C-h4kjTjV9w,397,enabled,107558,1999,
Q2DcVRpyA-A,1824,enabled,5663183,22634,
7HpM3SXokU8,666,enabled,18066669,31006,
G3jkyjWt46E,6,enabled,376,18,
X85Uj4d8-hk,172,enabled,151538,5036,
8OXRDVnZ7f0,108,enabled,165970,1347,
szTkeGcrz3c,2569,enabled,854215,10308,
fn6D-Yjo6DA,348,enabled,2375923,10734,
uRnfPKxKNDg,100,enabled,158353,1470,
r3rUslJBmbM,148,enabled,40663,1346,
tjFqmidggN8,878,enabled,970775,6899,
ZZ_ArHbRubQ,909,enabled,753076,10755,
_K0Ka7Mkqus,1519,enabled,4729164,16365,
6OFxNu2BXpE,5,enabled,117,3,
JlsjRLPAdX4,10,enabled,9542,26,
05WYZM2GOBc,1050,enabled,1122952,4541,
0otAdagZVz8,1103,enabled,874307,7519,
KXYfxFiM030,230,enabled,984060,3183,
Ho39QqK_7-o,983,enabled,698900,7500,
-dlAm9Fffsk,1438,enabled,4617397,18851,
xqSOXbC7EfU,136,enabled,65034,704,
35lhqO_1Alk,10803,enabled,2061274,32530,
7kvfkWm4n-U,34967,enabled,15034918,101330,
kFox5Q1OTf0,6062,enabled,3875780,18833,
9bXATNxzTsw,622,enabled,2201652,5118,
DGfQaU_pgY0,24,enabled,6441,95,
VV5Tw9NudsM,128,enabled,114514,1847,
pZqzj1pBfjk,311,enabled,33060,344,
0OCrs_KEEX4,271,enabled,107452,911,
ftB5YEjt3Sk,1992,enabled,976652,10308,
omcQ4Cb0Hx8,388,enabled,2259615,47678,
bjAdq34nR8s,1752,enabled,57323,827,
0dmevuht7CA,94,enabled,43149,388,
_LGy0mNBKCg,42,enabled,35758,463,
0CJYMiPcUZI,999,enabled,273143,4887,
5K33YblO8Vo,685,enabled,799957,10978,
mrdIADWtqZU,55,enabled,61088,287,
2Bdmrp1wdK0,524,enabled,507441,9347,
voPPlUD6R3g,165,enabled,2432538,5018,
MBrCeVqr3OA,6364,enabled,1198424,33923,
92ZAQL7JGzk,3881,enabled,2735544,34099,
cUuYu8d0CsU,5230,enabled,3914229,73176,
fPxDjkqAE2I,2135,enabled,3427943,72473,
NF4nBCwO7Ng,163,enabled,102736,1087,
ovIxYCuPr5U,429,enabled,185379,4273,
mADIe97PbNk,94,enabled,66750,546,
Qqv4ZFRDB1g,6,enabled,6326,92,
-0S0xwCNMGY,141,enabled,24616,251,
H5BWGh3EqHM,5040,enabled,7006673,67850,
jYngIIib9vo,6073,enabled,3320605,35699,
n6KBCoPivUY,1761,enabled,986960,16601,
9EvB5RJmLLs,781,enabled,440697,4471,
3t7o0mHRt2A,14495,enabled,8648626,101807,
-cSk9stRzRg,10,enabled,11164,202,
uPN6W1hwXsc,151,enabled,42685,1659,
BgWpMAisUow,261,enabled,879281,5836,
-Gfqh4PUqVI,11263,enabled,1805733,40187,
fYWH4VTYRsA,9139,enabled,1818831,23487,
_ilXASG4diw,33,enabled,27304,369,
H6X7oQXIyfc,19,enabled,26737,243,
FFX5I9UHhyc,574,enabled,98485,970,
TwJqr5mWUmA,6132,enabled,2803315,30717,
58uVu6vnCIE,7996,enabled,4548386,36656,
PabR3d9LORo,92,enabled,37399,315,
JmrpfzId6i8,8928,enabled,5694955,42496,
Jtgg0Mhe2o4,14,enabled,9573,40,
jNimZaIALjM,1360,enabled,2298523,13248,
JE1pJJWwF7Q,53,enabled,29276,390,
CoiAQj1I-nk,24,enabled,1348,15,
cuIsNp6UFFU,25,enabled,30168,405,
1ooOPOL6JgE,980,enabled,635506,13580,
PxEYGXF4kqA,2087,enabled,3825573,22555,
3XtTRfkkqqQ,825,enabled,255958,4537,
Ax9mnkdoQ3w,481,enabled,297930,5087,
7ziekx7f2xw,499,enabled,580628,10468,
35Bvr09ucZg,6031,enabled,4273048,51263,
6Q1hCqI4NRY,0,disabled,276016,2217,
N2z5dSRkv_I,1867,enabled,2934378,24142,
byXgz1gOjAw,5642,enabled,10671503,84977,
-Npj5-kdehI,453,enabled,546640,3675,
hBRVmDHssnk,795,enabled,712301,10463,
ffh3XCcmItE,1136,enabled,1521380,26540,
KYHN8m2d0l8,11,enabled,5137,149,
yuWtVYxZIzY,1202,enabled,1239863,6911,
CFBqm1SIL3c,4099,enabled,2157990,34776,
0Cde8L-QDFU,0,disabled,4170378,49957,
NFeK8JLkOCo,848,enabled,3181995,10411,
OEmysTAAh9E,14,enabled,17397,231,
I5C328zphNA,14681,enabled,8960731,87394,
A3Y2GZgWXt8,329,enabled,1000666,5487,
_nW8T3J_nBE,10351,enabled,17105800,173074,
8ve_gSkKd7c,124,enabled,205363,2272,
1nZ5p7lUsyg,119,enabled,126779,1413,
v3kiwa1jOy8,565,enabled,1042702,11592,
PZseUKIts9Q,363,enabled,113367,2220,
Kurs5mEOv_U,4165,enabled,1392645,19954,
wIEaGieNr6w,123,enabled,9171,214,
64iu9cx31CM,542,enabled,1143520,17116,
Z5CigvO3MOw,136,enabled,49209,532,
mmoQcL99Vng,3323,enabled,4550054,41452,
68_DzaznA_Q,2593,enabled,1041954,9431,
RAZPjHblJ64,369,enabled,150893,782,
wgVssf01vYo,9780,enabled,2520725,34713,
HgFsr4vKPFg,1388,enabled,391470,9973,
D1ip387XBPI,7287,enabled,5644863,31980,
nnDXmveeD80,24,enabled,8930,456,
A7oSwX-mi60,442,enabled,1942127,16270,
TMQpiigRKTM,56,enabled,66059,373,
lKc0Xu2ElQM,4361,enabled,3716027,36477,
M2NDnzdMkbg,26,enabled,17521,269,
y6CnQvZh9KM,225,enabled,66086,1745,
fcyHO84Bbds,5201,enabled,31059473,136585,
62nADG_HHWo,0,disabled,8010799,48659,
830O4ocyQX0,658,enabled,2586484,8826,
lb_d3bsQZAQ,1796,enabled,1982202,21440,
2htVMOC8rsA,1273,enabled,1814758,19141,
3DP-MYEMwPs,252,enabled,273820,1449,
o67RUr11MAk,2654,enabled,1860809,26422,
RMMd2mrJnVM,5449,enabled,3489421,31672,
WCiTX32O-Bg,14270,enabled,10188430,84115,
DWVB_5IzmrM,62,enabled,71919,471,
5xPxl-Rt2HI,1301,enabled,1375666,16168,
qpjekNiiJK4,9795,enabled,11085125,214330,
9MZDvhAqybM,1213,enabled,4994385,32770,
eh85Le1tCIY,34,enabled,1325,42,
VGTZYjzgwZU,2410,enabled,1574902,10442,
iVbopWyBR5Y,183185,enabled,48942523,528674,
fEj4yECaf_I,2999,enabled,5636635,29029,
gvMHs3B0GqU,11599,enabled,3374003,76262,
k3ofpyDTVzY,426,enabled,363174,2134,
GcK5t0UONis,26,enabled,32962,1220,
ygpUke6lok0,7,enabled,13763,122,
-kGjlNumLyk,0,disabled,1020007,2596,
VvSJlsF-nCw,2580,enabled,11149237,29391,
1wAZqipDQ8Y,2714,enabled,7494801,22275,
W4AOdOhERY0,3160,enabled,5174361,53812,
UKzfwEyPBIM,8053,enabled,1831931,26061,
XpXSsJ5oDco,2367,enabled,1096512,11926,
FfsmLgD2ZFM,1076,enabled,6571642,25256,
oGh1Yibm0uI,176,enabled,135428,1149,
LH17Lp3aQLg,154,enabled,511941,2290,
bsYl-YbgumE,750,enabled,119670,2595,
n-BYuxFOTCo,7449,enabled,10748632,74911,
YgVBG8uuxx0,52852,enabled,28977245,238547,
3sXczWhu6wg,67,enabled,265167,859,
88zNy6o7l0Q,2466,enabled,1828639,13796,
1Xsv5etAWIo,13,enabled,979,17,
imFdiy9OyJ4,2030,enabled,1851146,31217,
aXvcy6gp6mU,301,enabled,483855,4739,
pqMma9h5rn0,5182,enabled,2297293,30801,
u0PR11BKrTI,16188,enabled,6762338,72389,
KaRY8W6yl0g,9478,enabled,8343645,74861,
VBTAcACmcgo,3264,enabled,11137522,51154,
iNKzdbaCjxY,4248,enabled,2150592,42164,
1vcaPiX6Aw4,2418,enabled,2704103,41003,
MLvwn2xOPJM,52,enabled,53093,228,
-wYHDjU6uuE,25951,enabled,22338323,156441,
_3ZY3T8gE8s,1184,enabled,328164,5321,
M0iwwvIgrjM,64420,enabled,8314313,186334,
HRyHz3mXmLc,0,disabled,4716409,103648,
0WW1HN0iG0M,625,enabled,813457,4871,
kFxvx0HN8aw,867,enabled,149023,2063,
sP5wyJGLih0,1705,enabled,4202455,15758,
COrifv5ENLY,4193,enabled,2536933,47154,
p7qvm1rlrUM,50,enabled,47348,954,
X3B3yFJgszo,14,enabled,5840,69,
TOLd0bMjstY,59,enabled,61856,1698,
-uYW_H9bglQ,167,enabled,114574,2823,
7MNBK3LNVRk,177,enabled,123927,1108,
LBINn20LUes,88,enabled,12846,325,
u6HUSw3-Cxk,421,enabled,405961,4624,
hgMNgarvg8Q,17228,enabled,5930164,68722,
y1C1HrD_QRs,6573,enabled,6814272,57846,
jNsU4g-d260,47,enabled,20449,332,
zG7evZuoJqA,83,enabled,120961,3598,
7rR-x6WoKFE,46,enabled,143139,634,
rbsWWdgdZNw,770,enabled,1424903,8635,
qlbT2t_6D5o,3,enabled,2407,46,
PbE_gFgl2EI,900,enabled,2811141,12113,
QQvuf7V5WB8,51,enabled,54751,637,
K8ws82DTJX0,151,enabled,5147,64,
327_M87IcOc,283,enabled,1393331,12625,
jaMS3hooAVg,4,enabled,2981,29,
voSCuhI7v7A,525,enabled,1726627,7102,
GG2ucUo5gR0,810,enabled,2034784,10925,
-yli5nAfiyY,18351,enabled,16848580,101014,
_rNUUy52CgY,101,enabled,25850,1286,
BbhX8Vtmki4,3888,enabled,1003586,13278,
nqX5K0QFZWQ,214,enabled,1156269,2132,
1E5nu50n8Dc,115,enabled,16788,585,
8s_PCzJfIio,21,enabled,29647,275,
1Kdw1G5KoD4,15,enabled,12581,101,
cw7W4f2dIw0,114,enabled,502349,1829,
B2tn4B4zKio,1,enabled,1460,22,
zTuZDs3UDX8,29,enabled,21388,246,
DE59Ve8ZXzE,4455,enabled,2193651,27645,
_RsIVxhiUhQ,0,disabled,5244369,54820,
wbDXmduVR4Y,1396,enabled,455564,7260,
YDCczit4MuQ,2190,enabled,2335951,22566,
NdDgom1jf0Q,1465,enabled,916765,10256,
piuSD8WQqI4,0,disabled,1192231,8208,
dP1AwJgZChY,18,enabled,135728,344,
Lj57yB-BYQ0,714,enabled,254886,5342,
DruEjbsvKSw,1405,enabled,1185119,9056,
ULcqFUa2qGc,647,enabled,154052,2023,
tAkXfdFGd5o,29,enabled,11377,146,
mzvsfpagdB4,1095,enabled,2227731,29090,
nc0R3HQ1axs,330,enabled,234260,2500,
rlFjJW777rE,5554,enabled,2923112,22974,
0ZTuQog6Xgc,24,enabled,14181,164,
Uw0IvUv-I60,1306,enabled,5085967,55083,
xgCBQS9Nbts,0,disabled,87788,1411,
qhnTHNBHPsY,4,enabled,4809,68,
XLsy1U5DkwQ,313,enabled,739414,7114,
aUqLjGB_kyI,575,enabled,1825343,7721,
MBrmvLvBRwI,0,disabled,2767515,33982,
jJYkes_H7wc,304,enabled,518905,4510,
TymTs09IvB0,6119,enabled,8801379,56369,
OcLar-n8eig,94,enabled,77753,925,
Xz6yBbBRr8Y,50806,enabled,24722567,517514,
GuqwQ-JQIys,1483,enabled,822705,14316,
-G16EX6b8Xg,28704,enabled,23966236,571796,
zRxtE6ovkfA,85,enabled,86707,500,
yIz9Qqp718Y,33,enabled,90095,774,
cjJgUKwmX3A,29,enabled,1493,36,
Knuh4m2P5nA,1122,enabled,1871544,22712,
1o6eXOEiH3c,2073,enabled,963755,21507,
0Z4JjgGquA4,5415,enabled,12634498,31177,
kiuDR02UAZA,578,enabled,692377,4940,
KINyi6XmPvU,997,enabled,258232,7972,
pWUm_X-lsf4,926,enabled,717332,11418,
YDIWtWlA13o,0,disabled,68338,416,
L7sGXf9fj-Q,43,enabled,9668,123,
lsiYeumI43o,44,enabled,98748,554,
VnwSz3q4OZI,48,enabled,73673,581,
ef00uSc4VkQ,2449,enabled,1810902,14944,
B5V356k-9a8,10098,enabled,17018689,76620,
NTOCv6uoM34,453,enabled,76480,1154,
ZbEdcNAOicU,14,enabled,3748,100,
8ywolhltzVA,12668,enabled,12620985,53720,
rLVd9j1HSWI,197,enabled,49220,1964,
4m7B5IQ489U,335,enabled,96060,1895,
L_yu996VhJU,20,enabled,8278,312,
TAyC57bfgkE,274,enabled,89760,1444,
J1siZJ3yN8c,268,enabled,66530,477,
SnKL8S62O8w,605,enabled,880073,5890,
Akkw6-DFeXE,480,enabled,891579,7356,
kp-yC5gaVvQ,81,enabled,81182,781,
p1TpSJ9nLjI,398,enabled,968711,3697,
6D5APuZtY9A,355,enabled,197743,2720,
h1plQgwxf9o,334,enabled,411069,4246,
qArb8dtDYe4,193,enabled,159283,2703,
gUTQdflfwdU,39,enabled,11013,221,
TcYjPzGzcD8,3415,enabled,1526408,23467,
RKMtbcw9ZwE,166,enabled,284932,1565,
1YYjyHuFM1Y,1348,enabled,675721,14603,
YHtpXNYxk9Y,1527,enabled,1631964,27525,
lC7QGQUelok,4230,enabled,3887467,34845,
afzHsxXOJGM,5,enabled,15157,56,
LNNfxIbbJfE,2637,enabled,3771452,21054,
fPY6Dgj3jcE,18098,enabled,4771021,42141,
ryol9sVk704,4463,enabled,8377522,163504,
UIQb_y86NBg,158,enabled,1143989,3287,
ujsVjufMLjM,4414,enabled,8122182,43120,
U_w0fTfiz_M,56,enabled,28501,481,
Oi84d8U4Wt8,956,enabled,242795,4640,
DDL3UVyHPT4,2322,enabled,2698169,14726,
13oqcMyGbkU,54,enabled,10882,283,
xOr8drMMD88,215,enabled,101295,3599,
XjVO5sl3t3Q,77,enabled,45922,1160,
1Gr7E7phXKM,2818,enabled,4424836,30092,
3UfNg5-046A,2527,enabled,1881639,12792,
CbR9XF0whE4,1538,enabled,9679374,15217,
gSTs3Qklmr4,1555,enabled,217075,4889,
jPEY5Z7-JKA,37,enabled,178330,712,
gwrdPAZEUNc,0,disabled,20205,226,
t1q_ECWpp6Y,615,enabled,169291,1422,
kEHJ_60o75U,1898,enabled,2628332,24948,
iSJHW17xAkQ,283,enabled,828295,6702,
uX_-x5oBKgg,3696,enabled,1864107,13812,
rP27yWxuY9s,11,enabled,8770,371,
RMjJG0hGkxY,956,enabled,1765527,7031,
-sjSwqKavQ8,414,enabled,129388,2571,
4Ant-PrNxYU,22468,enabled,10130357,114749,
k38bTcaoCPk,59,enabled,60622,2304,
8b6dUkeQQMg,1392,enabled,1405405,9804,
1fPu3UUkJkU,86,enabled,16646,781,
9bza8Uzoh9Y,991,enabled,2180963,30142,
APi-5QcLQHU,259,enabled,1009165,4709,
uQzWV_TwM-4,1038,enabled,368561,9030,
h2HE1qOLdE0,27,enabled,11330,248,
1ZGjZJTPvD0,860,enabled,5863210,29845,
JWZoNiwGqFg,1582,enabled,2243360,8852,
_TlMHVyDmkA,7110,enabled,13564156,93614,
WVB2GSlyrSk,3287,enabled,19501772,66663,
9NgfAsg0CsM,57,enabled,10362,268,
8FFHibYdoUk,1238,enabled,1076962,6528,
1Csyn0YEb7Y,37,enabled,39045,490,
fBHvoJCYAr4,757,enabled,455479,6596,
CZZHPBqiSjA,335,enabled,118314,2768,
rs8k01Q1iII,8637,enabled,9568633,156238,
oefgKdpkqs4,76,enabled,91863,578,
nkFhylZ5ZeY,856,enabled,463094,6974,
lniJGGmKdPU,3483,enabled,556241,12799,
JeiFgGZL4rY,164,enabled,72568,1950,
K_Q6A15R6Fw,839,enabled,541886,13079,
vX-OOfbnD9w,18080,enabled,10991130,131534,
FxDlSu2LIbA,3735,enabled,1699782,46764,
Gc4ZgKuAfiY,132,enabled,349055,1274,
thz6RC4VdCg,102,enabled,32525,350,
8JM-hdLDmPk,6,enabled,2204,36,
8nC8mpwAOWw,450,enabled,632220,4136,
cAGXocVGShM,183,enabled,402017,3029,
psxZP3FiYPo,636,enabled,627099,4417,
ym1uxG8GGj0,30,enabled,15100,407,
lymdcMcnH0c,975,enabled,839059,9124,
NTuu2Gx_4H4,12232,enabled,3575483,49261,
S9Sl2HMzhNQ,750,enabled,803664,8842,
tclEFBLGgw0,1913,enabled,951665,12474,
KyD8jt6tSCc,2833,enabled,2153630,19891,
aPIIVTHSW10,358,enabled,378628,4603,
XAcUd0FESsI,2940,enabled,1155223,22723,
wDJp6ho7fDY,1048,enabled,599075,10160,
FAqH7bXNBVI,52,enabled,58772,578,
ybCPBuv7P9M,12,enabled,43726,276,
CorSPPUHG8w,1225,enabled,438473,6204,
pbGlmdJ2oXo,226,enabled,57452,1086,
2ceo3e-BsYM,2501,enabled,4956803,51736,
DtFhl98XsO8,7953,enabled,4773888,68981,
yuf7rq6iBso,47,enabled,2393,35,
PUAMsz55JWw,34,enabled,11675,175,
EpUab4NG7rc,3261,enabled,967156,10055,
rW4Yalrl2cQ,0,disabled,600151,5906,
VbJrNa-JbkI,10,enabled,2707,58,
16MoY0asz-Q,2288,enabled,994325,18869,
RyDItf69E40,0,disabled,5490722,20788,
FyxkIcN-OGs,975,enabled,6300858,21891,
6ULGW22gBKM,1390,enabled,2260457,19444,
61wBfoWxlsU,95,enabled,31077,842,
7VSBlNBvhoo,711,enabled,271922,3930,
JYbdpd6ZmXk,13867,enabled,4175770,46394,
coXvns0jNUM,25,enabled,39064,323,
XOzTsb4vDK0,1109,enabled,773279,9230,
JLE1CudUdeY,4551,enabled,5352813,58361,
_Bct_fUT-h0,844,enabled,270030,5606,
EblEjwnk3Cw,129,enabled,128084,1495,
dpnuJ7Bo4fg,3119,enabled,871752,22427,
ibe-XvERtH4,70,enabled,89962,1644,
hGTq39ZGHy8,2160,enabled,3429461,15168,
1deGR2h10hI,4086,enabled,2033608,14796,
Saip_BCBW3o,3217,enabled,1389683,18179,
hMcMxn69F-k,737,enabled,348709,3469,
61_cdC5J22I,1056,enabled,1373159,12510,
1W3F5MRO3hI,265,enabled,2192935,4589,
FN5gBg7DrLM,185,enabled,42414,335,
jbiGrR108qw,3,enabled,2625,35,
5TSBE687SsE,13,enabled,6008,71,
QX_WkmkwcdU,0,disabled,26350,488,
TnWLNENup1M,11,enabled,59870,285,
7s5DoGy1Bfo,7408,enabled,30418872,83058,
Z60wb_DOS6c,2,enabled,595,16,
qkj2UqvBnzQ,81,enabled,255975,913,
7exevL4PBgY,54,enabled,77243,1097,
YIH3yv6ZfKY,8959,enabled,23642190,80670,
fRaX2jbxUjw,225,enabled,159020,1764,
DT1kg4vKARE,360,enabled,67106,1033,
7jZjGDi66EY,777,enabled,3539857,22872,
jaheWmJyoCI,706,enabled,209211,3168,
f3jlFF-5kTg,1027,enabled,6077200,27487,
KoinX0DVgyY,104,enabled,17948,462,
eCHpB2fyfJo,894,enabled,3477098,17892,
hFZCSOq-JVA,307,enabled,130758,2761,
XhSd2JntwuM,28,enabled,76592,694,
-bKVA2RMk1g,78,enabled,45810,732,
DknnDB9NHnM,135,enabled,179334,1791,
Z2Rr8xleRlk,925,enabled,4289643,48204,
RVMQoUsYUK8,95,enabled,18949,518,
0Oq8LEzXkjA,4514,enabled,4305644,40570,
1vXfPDyM69A,7,enabled,13795,75,
KoC16i6Xud8,12,enabled,5075,76,
lZ7SKUuZA6g,2070,enabled,1893339,15127,
-dLJ4UQhb2w,411,enabled,119951,4035,
S4Rgu7WYH0g,692,enabled,2140783,12117,
17c6GfXVw8g,232,enabled,1601901,10216,
n5XDBHDK9bU,8,enabled,8584,80,
Ivzak3THDMY,2355,enabled,2724848,23004,
jHR86WoZJwU,2533,enabled,1748967,16578,
ySwgm9MMJco,6,enabled,2150,20,
CChHkmmrBPw,2192,enabled,797747,15383,
AAe1ALHcS7Y,615,enabled,119000,1558,
oc29wEdRTH8,3277,enabled,1361039,18673,
ANbgKuGrgGo,37510,enabled,17045540,85287,
72NfSwCzFVE,3350,enabled,14273755,64589,
c03vgKDUKN8,6136,enabled,3554629,47023,
nrz3yP_gmuQ,127,enabled,35060,1210,
vK6a6uYJBhY,1024,enabled,3140955,19464,
a4iRAriQ9m0,0,disabled,165291,5414,
oSYi9-Big7s,1057,enabled,1780976,17131,
MFSIckati7I,4765,enabled,1432292,15107,
1VhGa9Tc7QI,5699,enabled,4107653,41857,
K98ZyAFEgoQ,274,enabled,243416,2272,
3oaycSfG1jw,85,enabled,38120,1705,
DolduIxtx5U,587,enabled,1758939,5143,
KFB_jTxEECA,9609,enabled,2344870,53407,
n2C2--coChA,229,enabled,2373512,11628,
iChsed-7LNg,26,enabled,8627,260,
H-EtOKn6qXs,127,enabled,1004271,3074,
gITPE96MGw4,642,enabled,10496508,44571,
pJBRQQkT85s,11475,enabled,12823195,90870,
gUppezqI3yc,1132,enabled,2023094,24398,
I9EEKfDWL5w,10,enabled,18092,236,
cO90rUcu0w8,157,enabled,181245,1667,
txdYBo-7M0Y,138,enabled,30123,1039,
3ozKRQkIuPg,6088,enabled,47859017,165948,
wsEF9ExxzVU,8,enabled,881,17,
K-V3vfggtDA,3591,enabled,5529231,25047,
RYUf6XLxa5I,448,enabled,2518571,8326,
hZRH_A36d-I,0,disabled,134116,2369,
d1UE4uUWBtQ,21,enabled,7252,241,
OWdh36LwpCI,160,enabled,316573,1863,
1GwtKtCQnYc,3960,enabled,3197087,56362,
T07oFtADeuA,920,enabled,1918466,20451,
B8jIQyKHL6o,76,enabled,52612,588,
HPf9JPH4iVg,644,enabled,1079587,5376,
zf8UU9Us5KU,4059,enabled,5965328,53411,
cF8QjYwEpFo,867,enabled,2081475,21549,
1qxy8nF0u1A,4243,enabled,4435142,26167,
Qjf02DqsIjI,18,enabled,6536,83,
xHH31u7Wf3A,946,enabled,1361693,10846,
EHC-CQuy788,410,enabled,198145,1782,
NKwceo_zQGM,1568,enabled,385019,4637,
-Xp3uqsotes,566,enabled,531196,4548,
GcS4kdmSAFQ,162,enabled,31929,1619,
7sGYy7Q5f5o,94,enabled,24840,796,
S6iXgtli4ag,11870,enabled,15996695,145561,
pHAI4t-G22U,14,enabled,4488,56,
4_cPefrMHyo,7727,enabled,2586405,71452,
MKCkAR0pRuI,903,enabled,2013576,31479,
eLdmvZbXzo4,2037,enabled,2428698,38510,
8lh-UTkiM4k,18,enabled,3628,99,
ONHwjpdf5mQ,1979,enabled,2281027,13581,
NU6BpkTbM-A,0,disabled,611026,1285,
3Vk5Qrzb1RI,248,enabled,1173530,8301,
Vj7X9LtGb0w,691,enabled,627928,5661,
HctL2ySCyT8,225,enabled,134046,1386,
BP4M6G8AqXw,2808,enabled,5086996,15585,
IGt0VAqYwMs,514,enabled,213384,4891,
Rv7-obkdiTs,3533,enabled,9800910,153616,
JDFr7usnavE,1832,enabled,703505,15443,
751MqFU6vp8,150,enabled,1910530,5061,
87AqQ1-_bO0,6,enabled,5036,218,
tpLLst4-3fw,85106,enabled,60487250,756559,
Oz3b0Qp2Ong,156,enabled,149950,1633,
-t0jPT9c-qI,5640,enabled,3277110,32169,
UpRUdylMl-c,30,enabled,2339,33,
7jyTpVtkc3I,1434,enabled,3626765,16744,
0mZY95d0yME,3839,enabled,3506485,44584,
0YpGaYSx6yU,332,enabled,194992,4091,
z-xu84EHcsQ,701,enabled,320541,4336,
7t-NZRA61_s,5879,enabled,4262478,38992,
aI0brXWE_Cs,3903,enabled,5436717,29205,
UsmgoIVDG98,51,enabled,17308,548,
Im0Tz_GENao,1405,enabled,1297877,8507,
DUkO1Znikuw,225,enabled,96011,1472,
qDEOSKwWTpc,2557,enabled,2200722,24802,
9xeO_o1nmo8,21,enabled,11102,540,
c2gKsnRzSHw,979,enabled,550672,6892,
fE2a7mOznFQ,5,enabled,503,16,
dpOdVgnNkXo,12,enabled,6689,334,
r-2a_8aw1wQ,1770,enabled,1420289,13874,
7yNDXjIiqQ0,397,enabled,353469,7432,
zwxEvRxWT4A,5368,enabled,2283875,31524,
GXn_cG8-qs0,0,zero,3582564,59270,
ZJu8Kh2fzu0,206,enabled,127196,851,
fL_xT1nzBgU,7230,enabled,7018757,57316,
KjAx5VAPOUM,24,enabled,15441,426,
CSjg41maDg0,2900,enabled,5096776,23742,
2nXfD3UtJtM,310,enabled,369788,4330,
TlK-pp8p8sw,9571,enabled,7219731,87873,
y5KuzI0GeZo,2374,enabled,5776953,59244,
vDt--T2o_Ws,177,enabled,211853,3527,
FkBmAOwkVIE,2705,enabled,1771122,27104,
gCNbVEY78ug,179,enabled,44202,1056,
BE18znhORU4,2925,enabled,3620051,49859,
AZGPf2cQVyg,13576,enabled,7346474,34902,
2ea_Wg1ZzoQ,2491,enabled,4769765,57935,
iE2gYX5k4No,7558,enabled,2911421,53899,
YzyeAh8Y7Xc,9706,enabled,2168016,32491,
MOOlw0qcUNs,14,enabled,3710,55,
LbwK_9_dzzA,1281,enabled,314141,2775,
hL4BkymZqRI,101,enabled,8346,111,
GMpeUz2eZko,0,disabled,7257,184,
eVxqjzOM6Fw,71,enabled,101979,1028,
AdzXFri-Kbk,80,enabled,535265,2695,
gJMz9gRhDLY,7771,enabled,4317936,37275,
1juc7_7gnB0,2226,enabled,13647851,59587,
E9Ij-HaqErk,17,enabled,1611,30,
N-SPhta4pr4,278,enabled,650247,3877,
IisDQUlJ-D0,0,disabled,714165,7620,
UpyAHLKyVE8,2,enabled,1829,14,
UOZAcfRJSJ0,491,enabled,3510897,11862,
IBbQByoFa2M,4078,enabled,767468,10736,
d8TM8UA6JwA,1476,enabled,1463574,15535,
2sfrao81SMU,419,enabled,184555,2701,
qaViE8LpHXg,0,zero,1053459,3745,
BWo_tYF0nAc,1829,enabled,2313296,14584,
QGiku0fmlNM,1340,enabled,3941220,38604,
P1m-MThFJ0I,228,enabled,38667,626,
B_Vws_T_Q8k,2712,enabled,2204920,23392,
of2xfcKjCHs,2202,enabled,1740905,33976,
BjXTmh0YFhE,320,enabled,421286,5103,
UFsV5NrTnlU,219,enabled,56492,1886,
lfveMR8pxwI,3003,enabled,1179805,32605,
tSiGZ6cvCls,826,enabled,2673631,8655,
x2ZkVPkpjJA,1891,enabled,1537953,16538,
D2m8b9eY_TU,1810,enabled,162991,1217,
Q2E8Yu4v7d0,274,enabled,98097,1394,
C2jnzolP3fo,1136,enabled,242881,4788,
EIYOZ7KdY1Y,65,enabled,13485,860,
754gPbt9SDU,613,enabled,1713568,13263,
udBNMcQ_z_c,1266,enabled,5863645,40264,
LddOP6N5cE0,1024,enabled,3792112,16143,
XhPfk0xkQic,695,enabled,262910,3713,
MDXb80uEf9s,0,disabled,56212,1123,
3ZDSSjBeCas,49,enabled,123327,365,
GHCMs0w0dYY,844,enabled,1491242,10844,
RZIf0BBO7to,133,enabled,38505,894,
cDGtsH_WZhw,190,enabled,14740,627,
ZvXgHiS9-zQ,2416,enabled,10951609,45367,
sErfI-6uwYI,519,enabled,723772,4899,
IfmSKHpk3tA,223,enabled,61079,1452,
b1EIo-D4Vqs,40,enabled,78247,556,
TA_0UljHMSw,9,enabled,1219,12,
2Gpa_uJh5DU,5,enabled,16667,82,
jVkPEAMBVaA,22,enabled,17527,244,
X-EsuFLZ5t4,926,enabled,783001,15236,
wDOvjrlym3E,37,enabled,325710,411,
poq6AoHn4HM,6728,enabled,18663921,241670,
amsAxR26ryU,0,zero,6176177,103484,
P4tNeWmSESA,134,enabled,28666,647,
XeBWChqsYwg,5014,enabled,2004689,28866,
-KtqpIMGhyc,186,enabled,150563,1211,
aaX3js5sBFo,3343,enabled,2377215,21624,
Hbj56TsD2ZA,3891,enabled,1985264,19129,
aCW3Yz_xM3Y,803,enabled,728060,11288,
qTW9Q7KE2iI,858,enabled,475235,12357,
kTRO0DMJFRE,1721,enabled,1868688,26228,
V-qpyszCrv8,126,enabled,155234,1067,
vb2x_05qThA,220,enabled,54071,1218,
eXT2F5ps91Q,426,enabled,219006,4283,
8-nLe1QbRkg,512,enabled,442274,4633,
z1D9bv9oedc,462,enabled,105839,834,
7rhDHSoxV_4,5923,enabled,1437270,50771,
QR_HsVG26vc,27,enabled,26104,354,
UJrrNAkvOdM,2487,enabled,3633634,31559,
Ff5WfuepdcE,7934,enabled,6980958,23819,
Lkik4QxZxTs,23,enabled,18923,157,
dxauA6KIYIM,146,enabled,31657,849,
WIbTZFXLSA4,0,disabled,40130,268,
y4V4-50U3As,75,enabled,59776,527,
lv1Ut9XqVyg,2153,enabled,3247773,88372,
NSHkrxknfy0,194,enabled,252969,989,
lRfmojPQ0s8,47,enabled,50062,455,
u8YXTywUnp8,49,enabled,18126,345,
zJqjsYY8aY4,9061,enabled,5647856,94331,
e57V9FANrAA,20,enabled,20698,339,
7blfbu_E3gA,202,enabled,866744,6450,
x-uPBFOujc4,23,enabled,7990,133,
RNwt6xLdZ4I,733,enabled,611626,4678,
M3OeVz7Imm0,26,enabled,21303,241,
n7gzBKPmj04,61,enabled,47332,522,
A5ughsPP2S4,1360,enabled,1169304,17803,
x_uWxkFRPII,130,enabled,33558,716,
d7VvIlen-6g,6873,enabled,4900978,58928,
ZTJxQnTX4LU,1483,enabled,2459649,11300,
GvTAT55dYZE,8414,enabled,5218779,103570,
lI5UkNGmqG4,156,enabled,330348,1443,
kWplTlAWdU0,803,enabled,4299163,5450,
YzEntbfjbrk,539,enabled,586945,6580,
hQuDu5KV-hQ,55,enabled,59682,660,
IXth-KOXvaI,146,enabled,189080,1295,
0RDtwoAt1do,28,enabled,12391,345,
iwFnhim7SG0,1510,enabled,7656425,38709,
3101Vei8_OM,336,enabled,881970,7124,
OJiHrzdhgNQ,821,enabled,2470580,14248,
vtDbsogi4F8,59,enabled,36946,521,
tEum4jgbM_0,0,disabled,1676,38,
pM7xo_VWJis,1971,enabled,836703,15245,
nEwj51xdrh4,694,enabled,461954,3408,
NiJ0Lqtx3J8,606,enabled,6935416,19825,
3cy2cEowIrM,1445,enabled,2519955,27557,
aboV1HnpqIU,4862,enabled,1971647,10688,
UTt33udwRw0,8775,enabled,17536204,103890,
yYPuBDP1xdc,376,enabled,278617,1978,
yJ6qaml8U9w,348,enabled,201243,3410,
_mYMzRnZN4E,40,enabled,41618,377,
2cLMgClppLM,111,enabled,202092,2202,
8Su0t-0KCw4,177,enabled,1005206,2666,
Hf_02DCLBg0,11533,enabled,10308190,40650,
fX0SD0NIWM4,23,enabled,23551,272,
gdvRELkXOfk,195,enabled,40535,1366,
HxuR-wqgN2A,0,zero,25094730,262335,
SDhWVg49mPU,26,enabled,17716,272,
zdW7d0WpiIU,574,enabled,574582,6584,
cgTE_09hEDU,2383,enabled,4423437,78336,
v13o_AMW_wI,4265,enabled,6145258,89480,
MP4aknbqDac,260,enabled,1515686,12636,
zmO4-zZrYrg,35,enabled,218359,478,
xNExe9Tm1zE,13590,enabled,2990999,24695,
yH-CcuD-PSg,10,enabled,7060,153,
jozS03WsbsE,15,enabled,11037,199,
p8to55HOxas,36,enabled,85136,596,
GkYxAKisV_M,16,enabled,14536,229,
V8wNhsK4YBA,2601,enabled,1306038,22066,
8zH2LDNg9fo,5699,enabled,7448351,81627,
HjQHP95rzrA,45,enabled,58381,540,
FRBX9rluO_Y,337,enabled,433636,2954,
lB8IXYwOAT4,201,enabled,3319666,8164,
425USN9WyrE,2132,enabled,263316,4354,
wyRqWAQnHBI,1621,enabled,1652234,19596,
ATta1X2HS70,978,enabled,2369422,10303,
i-lqILYtfoI,3,enabled,1811,7,
WnlYITW8Ohw,1538,enabled,1504965,12173,
QQNZ3olVBls,621,enabled,442697,2848,
VZ3NPWUB_5A,5327,enabled,1042135,9443,
Xjilq1MFgCg,77,enabled,45028,1377,
cGURCEXZcbM,417,enabled,593246,4075,
U4Td3OJw1lg,898,enabled,4071487,9544,
Bq5ebnoqqE4,302,enabled,505385,4739,
GKihRaDulsE,9129,enabled,3811239,40044,
mZP1t42Xcwk,321,enabled,175180,3369,
NaaFqj9IXSw,1176,enabled,1711098,7363,
3ksXeqRm3Cc,28,enabled,10143,96,
WiX_O7hBTGw,13,enabled,11802,164,
f8Ml2Ln11Uk,159,enabled,37011,1006,
ttlaWf0pGts,3572,enabled,3443303,19011,
1NFfyFSBxxk,113,enabled,210385,2816,
WecRsA8ChT0,4720,enabled,1640204,29552,
Fckf8lO2eJ0,1797,enabled,1430632,24155,
6yn0XPojn8k,59,enabled,1798,41,
oLR-POrHkrI,87,enabled,185982,1175,
LTk3YkJd_o8,7500,enabled,18092118,123310,
Pus0NhxJwFc,620,enabled,2490856,19185,
DLqV5_aD-ps,900,enabled,723673,3349,
GT5gP8AJB0s,58,enabled,39846,893,
wESuMyTv8sQ,76919,enabled,55321990,319541,
aGHBXGSNqc8,3999,enabled,2482464,15042,
GxJiUqNzdRU,484,enabled,170022,3048,
OAeiPiwYdH8,397,enabled,193056,2529,
cdzUh0AypK8,108,enabled,620787,1488,
4wJWB4CqJIE,6409,enabled,2668874,34533,
6OPPVspEX_Y,0,disabled,8141933,75732,
H6i9PiKyuas,152,enabled,55731,1530,
3z9gO6U5U2Y,2435,enabled,3098764,34263,
niJlId3N68s,20382,enabled,10080740,127276,
E5Fnffk8ApY,142,enabled,125356,1736,
o50h51729Yc,457,enabled,274553,6564,
r2SNEdn8jbw,59,enabled,9714,117,
bvM8ToIVSmg,424,enabled,333894,3962,
n99Q1sc3E0g,7298,enabled,3799061,43488,
QUgRDYehv0M,1524,enabled,9407570,52963,
u6ZLrxmHR-U,101,enabled,30217,870,
K6LXNUju89k,5227,enabled,1808488,14880,
Insk0blNs3Y,9,enabled,1942,19,
CiGNiceZ5lU,6728,enabled,1664936,41314,
cMXTVY5VLy4,343,enabled,947360,4886,
zbVtiPg3St4,1653,enabled,10619622,38615,
VKHf8pyeGnU,359,enabled,2614027,16894,
5ZlOn9V_MmE,19867,enabled,16176660,58196,
7ZIBul5CHJE,304,enabled,1594663,6074,
brZPDoEyEhA,7058,enabled,1684490,27495,
WUyF2oGFIEM,5324,enabled,644235,15127,
XA6l97M6PeE,256,enabled,199685,1772,
zt9bJtUpEpU,2837,enabled,2893445,25079,
qbi_wVdlb-Q,37,enabled,123323,1238,
_QKdnGgnerg,893,enabled,1311839,10467,
mIY0pXMXKm4,4674,enabled,2133369,24551,
g0cSYXOjplE,2324,enabled,4402367,22236,
El-_ChMu3aU,177,enabled,67046,587,
A5BnuuqptOk,499,enabled,1520496,10830,
HclrKUmO4V0,678,enabled,146804,2247,
HJCIFRVaR_M,7977,enabled,1486876,12072,
4juWQC8rGUk,2957,enabled,2576595,37312,
-qKMK9LGI1w,1687,enabled,540974,10099,
3zwpDi6Gt_8,1457,enabled,317901,5430,
tO2hPBXwMH4,213,enabled,52746,1023,
BlLY-OqHyCo,0,disabled,15041,155,
xn1udi9gLZ0,2117,enabled,987688,9968,
HD__XMF7Qrs,9,enabled,348,13,
WBN3nSzaDaA,0,disabled,64899,1689,
JPatMzkol6E,218,enabled,333729,1519,
x3GvCQJVQfs,4313,enabled,5650169,103399,
688kLzwzJss,649,enabled,574917,4863,
IarSBa3xe3A,0,disabled,73823,366,
igN4H58WTl8,32,enabled,34212,205,
DbqLZOj6epI,1017,enabled,1816360,15246,
1B8KkgUdWas,409,enabled,232523,4238,
ullt3Ziqcgc,1362,enabled,757247,13955,
Q98J4e5QLt4,1635,enabled,2201632,40684,
7NnvE0n0NSc,1208,enabled,625207,6143,
xl_j5vCOR74,672,enabled,102501,2241,
DYetyYSJ05k,15,enabled,5137,271,
Q3pZL-ed9MI,3551,enabled,5858816,50654,
dmYEOZq8aZc,569,enabled,388923,8317,
yZOmttLXr44,2064,enabled,2872032,32034,
l2e4sHinM3k,0,disabled,3321425,20066,
1BlAah7q_Qw,3801,enabled,10520705,29466,
PCKu-sY5y3U,2157,enabled,685190,12106,
EZgyfYaLXtA,247,enabled,112010,1876,
OZLR8bJPQ58,93,enabled,5484,76,
OxSZBk7D0hU,3561,enabled,3349423,25467,
QOrsGtg9QoE,372,enabled,233495,4048,
Zj9dN77m6B4,62,enabled,105831,581,
_fYS8gS9Q0M,316,enabled,1852065,6047,
Kd1JyGSc_Jo,197,enabled,67356,1812,
irstMfbm7Xs,25,enabled,2156,26,
q2-Xh_G2tXw,11362,enabled,6002245,43320,
Pmw9f9eY6LI,229,enabled,427017,5069,
njnnN75sMMA,4819,enabled,52865794,152700,
4feLeF4PJwE,1008,enabled,1116703,10580,
qUqSexDQlyk,319,enabled,341325,2757,
DgwYFFkE8gc,5408,enabled,2353452,19381,
myba3XPYlpQ,587,enabled,457471,9133,
4DdJfASgKH0,118,enabled,77966,1722,
GqP6QbNu_rM,14,enabled,35661,288,
pTZQOspwX7k,4003,enabled,2608663,21701,
3VjwSPxLUgs,2357,enabled,771642,22453,
FTKtfUMqMP4,6872,enabled,2453181,22998,
jSBcGvO_f_w,13256,enabled,15014185,128652,
uuN1EiM7NkE,8,enabled,2365,42,
AoPJW6WNFjQ,5985,enabled,2851230,32549,
wOc03MFmy4A,797,enabled,1799783,48794,
ms1AzNr0wVc,2743,enabled,4698921,39208,
8lK3oDF8tCg,0,disabled,4152085,23393,
Rlth9TUWaQg,25811,enabled,13029932,228317,
vRKf9jFZsIY,41193,enabled,19575070,152976,
utmgNd1sAqU,1654,enabled,2928176,22296,
ChDBLlluoII,485,enabled,164095,2660,
_E3SQ7obrdE,34,enabled,2657,44,
iMYvjV6dtBU,470,enabled,267769,5413,
ZJb51E3P5G8,2105,enabled,2444028,11738,
oN2mXJlgDQI,1734,enabled,1186480,9927,
kOimn6K0DG0,6658,enabled,13035383,89548,
qhxcgqUi2jE,288,enabled,1074989,5022,
xhWX9U9uHSg,1952,enabled,1864487,12659,
-HWUNjO-Lvo,8679,enabled,4579828,22380,
04sYtsb9lHs,198,enabled,676871,2626,
fb3pDrf80E0,915,enabled,1384884,19196,
bqzUkvHlQ88,5810,enabled,10660553,39611,
A27EpAkIvdk,19,enabled,12602,124,
pY8Qw5Qaves,171,enabled,47482,1039,
Y2_ZP-APEDo,2343,enabled,817832,22914,
ktddFSm3nTg,4615,enabled,3510949,20233,
EzUe_kHw_3c,522,enabled,2216894,11743,
iqfx2PNlSG0,1340,enabled,6420006,39867,
OIlveC1Z5ow,3087,enabled,4281251,47492,
I-7JzVEByMI,1997,enabled,710358,5098,
rafCkN60AoY,910,enabled,857450,9006,
C5CujmIbouI,56,enabled,18338,379,
Xxy_D5CYp14,49,enabled,115695,1256,
D5scRqKrcxc,208,enabled,670293,3653,
XJWIsTWTSDE,708,enabled,1715132,16604,
mAQhmUi-ygk,46,enabled,14389,162,
xb9txnYkdGI,824,enabled,354804,6201,
LnOcGSpB2lA,811,enabled,895289,6842,
sKWIBs2EzQY,0,disabled,609596,2665,
hm4Gsn0DCrA,218,enabled,52993,754,
xEVhoRZFWKY,989,enabled,1176063,9369,
39Pn2MlyCYA,1866,enabled,8979765,65710,
iRIvZ8x8sfw,1648,enabled,717575,13191,
VJjgFeGszT8,577,enabled,942498,10867,
DF3rVoATbwE,661,enabled,162662,1153,
NMcB8ZXAhEk,615,enabled,557202,7913,
25WH7XRF__Q,99,enabled,19196,472,
ltsdEHuWtN0,50,enabled,121148,892,
YevTl91QVys,1475,enabled,5767721,17380,
pYIV2aCkgeo,29,enabled,35237,462,
O3Tfgjs4CyA,2047,enabled,3841724,16396,
uAkwLM0SC50,165,enabled,52048,641,
6Yg1yP1CTh4,227,enabled,159144,1167,
n3SzBJkrim4,823,enabled,334040,4233,
Mve9HbpfjzY,3744,enabled,3797518,26193,
4iLJo9d51v0,2611,enabled,3437023,53986,
A9Yb5szZOeA,1516,enabled,2650507,30196,
cAkcdYiTUP0,16,enabled,11428,102,
dxU2HFe7tmY,58,enabled,3191,62,
S7jpbqvhSVI,2785,enabled,3723215,22867,
J-ek8drxFJA,6067,enabled,15229620,124511,
XTqeVMnhmKE,126,enabled,100548,2185,
iXjc8qklxks,8862,enabled,40972275,61627,
ZN6FV-v9TtI,457,enabled,194582,5571,
a3qRRHnQdHk,303,enabled,2094860,10766,
zJjeiE0Aknc,1304,enabled,200930,3818,
UBajK5yKw5M,642,enabled,2020484,19141,
ryZfY17X2Rg,1288,enabled,416727,2145,
pLLQFhJQ9PI,158,enabled,132431,963,
HPpmezOwKCg,453,enabled,554742,3238,
7qZ0gPClAqo,54,enabled,84423,766,
zqWdmP94a5E,40,enabled,9388,213,
N-K5NsVX58Y,191,enabled,48248,900,
FezkyApo8Ro,1148,enabled,2059999,17036,
qBKOA_WF6_o,713,enabled,527900,6477,
IrEPRl809Os,187,enabled,43371,1205,
4QFINtHGivM,582,enabled,460424,5841,
Yy6b9BGxxzI,640,enabled,535967,4169,
qIF2Hoh__7g,24643,enabled,13554904,122536,
PPdOB3gPnQI,564,enabled,361976,9897,
zwoZ-hKSiCs,696,enabled,2296612,13469,
T7hrkrDy3Xo,1100,enabled,1402883,13996,
OW70LTaPH9Q,584,enabled,140372,2342,
ah-Yr1ptg0s,0,disabled,276303,1032,
tOyTjXFeHDo,611,enabled,245768,2635,
ziq-2JifkjI,2284,enabled,1703207,14096,
EIO1B6B6ckc,727,enabled,789965,9876,
HTMZ9g0AWGA,267,enabled,235222,3973,
ENQxTlxSY_Y,6876,enabled,3448433,21658,
gTjiYC1ICIU,8320,enabled,1190169,36779,
kmEOQbXdPfU,7655,enabled,5200350,42629,
j2CHte8ACJU,16,enabled,37870,315,
wZ0Z18M5G50,6,enabled,4469,39,
Hdl4jaswfco,185,enabled,30218,233,
WtVQLkkDNio,11,enabled,821,32,
NyQcxZTMisw,25,enabled,20052,235,
eHkpKXm4nvw,143,enabled,776678,3166,
K3XrIMHFkjk,136,enabled,66046,1883,
LLjT1qXXDjs,115,enabled,29654,1037,
yiOYsoriYXo,5,enabled,30610,145,
MW0WoSPJ22o,3678,enabled,2872480,29177,
bGbDqQrPJ88,0,disabled,12800,163,
uNk06sPjAws,13,enabled,9163,97,
G6-k-48Tzbk,5758,enabled,3205992,39457,
e735orB3QHc,394,enabled,29060,330,
He7yJjbg5nY,34891,enabled,4817963,52842,
L-FuNNZ_mxc,3715,enabled,4274913,26978,
hhQCK_n0BIE,1639,enabled,4689644,26789,
zg7j8W4pQqc,1287,enabled,664098,8312,
S0GQaeMSOeY,3539,enabled,1212611,19675,
KmwxpFzEx6g,2779,enabled,2969332,17998,
LpuLY9IfUPA,3,enabled,33078,150,
VjJRJzLu8Nw,1033,enabled,2838574,19279,
UM8_dL1iSyk,1030,enabled,711651,8244,
cehUkHrYS3w,610,enabled,238412,2839,
60XNqr8MOsI,2968,enabled,4540306,40289,
3LQyVaK_Smw,4224,enabled,4452792,21678,
Z5aYq0ASSHU,12199,enabled,7348794,114325,
vSa4x57IV7U,54,enabled,76678,332,
AdQBBlfNlc4,517,enabled,185018,2389,
eVZci2D6GCA,7358,enabled,4507591,35344,
nhcddSVmJYw,8027,enabled,6216002,62273,
1jWtVVmCElM,258,enabled,243104,3561,
DW8OVfjdxdg,6638,enabled,2155991,17698,
Iqy904qWDJs,11136,enabled,12021286,31637,
DX1xB50y7EQ,1514,enabled,1300866,15391,
jVJKr2Fk1A8,65,enabled,42800,538,
mSBcG-SStqc,1270,enabled,1651636,13300,
JO1_pW666cY,12184,enabled,1947403,35590,
s97KQDR9eMw,1124,enabled,833438,8237,
pMaKr4VVL2M,787,enabled,267768,4649,
Gba72u5q9DU,0,disabled,23773,390,
uWHs6T0nsrQ,5895,enabled,1709591,18506,
bCHB5aQu-z8,13112,enabled,5359099,82586,
ElRMkMVSaS0,75,enabled,138022,1260,
nHL3lq7wskU,58,enabled,10680,167,
a-4jHl1MjZ8,30,enabled,2607,35,
uTi1px7V0Rc,8566,enabled,1492583,29548,
FUI1hw5Iw1w,1940,enabled,3706594,17000,
4tmEoQ_QDFE,19,enabled,37470,360,
ONi9IeBvRUI,31,enabled,7319,169,
d2Vyyal_zDY,6497,enabled,4442832,22967,
Q3_le0Twhkk,68,enabled,159470,1009,
ruxwPiuAt04,633,enabled,391826,2844,
ag1Fk5erUsc,2812,enabled,3082646,46755,
LT6xUAmG5z8,13,enabled,5318,76,
--Qzn85_lhk,1178,enabled,1297038,9931,
qTaklcWDrSA,613,enabled,422477,8802,
bql89QMBCr4,2110,enabled,4964696,22858,
11QSHr4UByY,558,enabled,684797,8352,
W0PDdRUzKwI,467,enabled,545541,4273,
IVQAkpmLnXY,42,enabled,25352,258,
Q8-NgZsUp4Q,1430,enabled,246135,5532,
5zYecEOv2B4,15,enabled,7738,211,
A0CnbOkF334,270,enabled,105788,1847,
xFyBgkdwt1E,92,enabled,83842,1438,
VqPC9h6H6II,1057,enabled,175825,2089,
y3TAfaKxexY,22,enabled,14093,209,
_G8yTZ0o4JA,0,zero,13094,44,
Pr11DyYT1s8,241,enabled,173770,2080,
OCjl6tp8dnw,5868,enabled,10408177,77244,
c8erpQwQLpI,411,enabled,31450,902,
Lkik4QxZxTs,23,enabled,18923,157,
4G6xAbvZNvM,83,enabled,213081,2254,
Fiu0AS9b1so,5383,enabled,4123413,15314,
2Qi54PVRdDg,4529,enabled,1139135,19506,
5UYvIJ-6zM0,1718,enabled,3162000,18028,
yg-enhH9iqQ,1176,enabled,2369932,26695,
noarixsaobo,12,enabled,48265,124,
AF-J-e_nZHE,75,enabled,56721,558,
65s-tHESZZY,4676,enabled,1220447,18626,
4t73-NmzHk0,3428,enabled,1772900,23661,
JHe_GJkiCnE,54,enabled,7627,253,
qb6hMCQPTRE,1065,enabled,800230,15946,
rbK8z3BhX30,746,enabled,2706339,18385,
OKkBkowoG2s,6512,enabled,1262245,32241,
hz6GiJcH9Lo,1955,enabled,9221448,25215,
nCmXFmRkB28,67,enabled,179978,1502,
Oci9sFH721I,706,enabled,215284,4398,
OAaLyhs9kQw,863,enabled,1340095,12716,
uGAeBQ7NBks,4807,enabled,3955009,35275,
8lPvJeq_wF0,238,enabled,161209,1653,
w83RVp7QlF4,356,enabled,1790588,5269,
JuKmtYvuDlk,98,enabled,43492,703,
aXm8Hrg3N7k,1937,enabled,729181,9019,
Qz4exf4d1j0,615,enabled,1056203,13286,
DlQ1rz69csY,219,enabled,128788,1519,
Gdo6FUffcjo,442,enabled,666859,2549,
4jwOKWELPlI,3852,enabled,4852190,29044,
dmsC4T7UiNY,1508,enabled,1397733,15954,
LLuLYBmUyW8,4748,enabled,15672530,71172,
R51h6reX6wU,4050,enabled,5758266,76393,
4kjjT9-fSIo,54,enabled,18130,863,
hdQ9KfstoDo,1626,enabled,2841303,13679,
4bpqXBbnhms,1287,enabled,202682,3505,
VR0Xc6lYBGY,1012,enabled,664713,6568,
CUI4OeddmEg,335,enabled,981547,5255,
ZryCBn4ZWdg,657,enabled,540953,3657,
fo1sVjCTiQA,4200,enabled,6483258,37750,
mIka1gZz-bQ,217,enabled,115308,1986,
Rc5oj7LSkyU,918,enabled,1708375,10056,
kArC6ZlwetQ,12123,enabled,2440651,54940,
C6jwy1yBbns,713,enabled,233943,1164,
sGaD6VbUk-E,2451,enabled,7891645,27066,
B9j9tet7-24,20,enabled,41434,292,
3Pv9WlDOzFg,0,disabled,18832,189,
mCz_airKzzM,1280,enabled,868390,5455,
Nw_t4b1Z5lU,1194,enabled,836182,10534,
XTRUfBxPX7E,239,enabled,27859,1118,
VcLEEADb334,3520,enabled,6005120,32960,
jZWQW2JCdVg,546,enabled,345219,4497,
S6im6bl2y64,7,enabled,5135,71,
A2FAaR9BaE0,141,enabled,58489,741,
FXwix8yKyh8,750,enabled,624581,6397,
D_dGF42MhTM,417,enabled,237154,3061,
xSYVSREhgqE,92,enabled,52429,1668,
ZqhwLRrszUU,58729,enabled,51240472,424282,
s9ixts1s6LE,48,enabled,56155,449,
mL20T_3qAp8,2553,enabled,377335,5277,
4a7S5z5vsX4,0,disabled,4653859,52655,
mrjObiRNel8,2,enabled,1454,21,
ASixQ1g0M5Q,4005,enabled,3628168,35441,
bir5fhjCvPg,3363,enabled,3396250,75276,
r5P-f5arPXE,45159,enabled,14069096,87623,
7D2YHoZNegA,1255,enabled,743643,10207,
Fpk4q1oL0OY,419,enabled,153047,3101,
IUAZWyv72go,457,enabled,944545,11745,
YXkteRCnWUc,0,disabled,122792,736,
FBFYV7y_D-E,1231,enabled,4166559,27752,
RFOqs7v34ak,84,enabled,56386,601,
7H32ugP1LBM,303,enabled,200218,1933,
sZG20Mq3Mew,7415,enabled,1977310,12633,
BKNHFIRO9Qs,1131,enabled,438579,7698,
qI7MsmJlinY,957,enabled,161948,3547,
Z4M_ARhvODE,1411,enabled,667744,8468,
tHCEc6AxK3g,1406,enabled,2917523,36408,
D_S-ki0kUlo,0,disabled,81327,1537,
NrzMnD8_3Ug,464,enabled,137964,4388,
Wssr1g6Kb3Q,927,enabled,1601906,18237,
XJSlXMjaZ2I,627,enabled,723461,8890,
63hcuBJU924,2900,enabled,2867154,21315,
8scyeDxk6Ck,1486,enabled,678043,10420,
cIgVjbcKRM0,363,enabled,163275,5149,
Q8q5h_0PiRU,520,enabled,529170,1752,
9uC-kqZ7Kj8,1104,enabled,2097692,14888,
wWo-GdbEmhM,3440,enabled,4725813,37128,
b-KEGTo4yPM,349,enabled,102520,4321,
r0JtGF0BLZk,8056,enabled,13345366,85583,
osXo6yB8xNw,5054,enabled,11824159,123568,
fxIP_k2FTWk,2196,enabled,2022585,9610,
PUDoAHOPWdo,0,disabled,321795,3972,
WY7F5IPVbfo,0,disabled,402015,6567,
zqhrbxr8th0,6,enabled,6384,52,
Ma07uKhz9ys,1573,enabled,3945978,29489,
pY_KXUR0Dbg,251,enabled,85841,1647,
U5DH9izSF1E,863,enabled,1128643,9632,
Kgtx_RZzop0,1143,enabled,3494484,43534,
XVsDYtLJW0A,405,enabled,550400,4555,
dPsS9sw9Iek,193,enabled,220557,2858,
WLqNAs9DT98,0,disabled,169477,1400,
0jKSQWhzT7E,1001,enabled,5632314,19589,
yDgRyyHwCyI,13414,enabled,2106041,17695,
CVVAz1RZtHU,1048,enabled,573071,6134,
zvrTVifZ7ZU,1641,enabled,590443,10961,
y4V_3w0rKYQ,39,enabled,108669,861,
qev-xnvFcyE,544,enabled,1225806,4273,
pZ9BslFqgU0,1875,enabled,2292654,13252,
ACpxIfa6eEA,209,enabled,151372,1539,
I07p0KZS6XQ,66433,enabled,37477086,226733,
MsNwe_12iok,2358,enabled,5370069,28758,
0J5tArDUCRc,509,enabled,437396,4908,
fWyzrjTOyVc,201,enabled,32102,663,
N86v20slSIw,1733,enabled,2741533,18049,
jT8eRkC6FSY,28,enabled,10143,287,
dxa0GGJNWtI,3117,enabled,746504,7440,
wCUdaQXrjzg,3592,enabled,1588554,20795,
Ft5nEtZtexw,591,enabled,2032272,16464,
vWlsNOaj1sQ,20624,enabled,9499806,96004,
RMPxx71ICxk,5071,enabled,13035092,210549,
2q_r8yc1_wQ,1537,enabled,1177825,23637,
bsFGGdCmXmQ,580,enabled,687441,6667,
WRhLXNKJZpA,117,enabled,279992,1498,
_mTbrFXdqp8,70,enabled,384415,1433,
cpRLblddInE,24,enabled,32397,957,
pLbvb6LWvsg,101,enabled,65857,468,
KRv0gqlXNd8,26,enabled,65008,1139,
uAIdugBsL94,249,enabled,155233,2540,
HVjq4gfh_EE,30,enabled,7889,225,
AQa7qn0bxsQ,541,enabled,74055,1476,
Q5PkEqzQdlw,8184,enabled,2974032,31206,
1s3HOGyQ6-c,10,enabled,11794,35,
KueMDjwqx54,255,enabled,8664598,13697,
jQZtk-fCWQ4,7573,enabled,22327799,70862,
1KDkVe0BiaE,193,enabled,90566,1554,
dtPniT0p9K4,0,disabled,1493702,15090,
s83Q3U2mMTA,556,enabled,578765,15570,
H0aLj5KIY5g,156,enabled,221544,1355,
MYywFYPjDwQ,123,enabled,33562,434,
0o81YZrNiqs,6207,enabled,10846918,69185,
q4Rv-luhzRg,0,disabled,5456809,46058,
N3iv-FKTstU,105,enabled,62048,601,
QnJxA-uCUv4,312,enabled,75932,492,
jNvb50wLR-g,1316,enabled,622440,15841,
4dC9FK18PLU,58,enabled,21549,357,
BN2II_ZH--c,280,enabled,425385,2096,
p1cAGhppM24,4,enabled,21092,63,
qyuSQ58zGMk,167,enabled,60268,344,
MxxhKeXOp_M,231,enabled,140639,1896,
iU6M9Osne7c,5,enabled,6707,115,
KMpR2m0Ut2A,1607,enabled,1162464,10821,
9Nc4Ud8nKvw,106,enabled,929859,4697,
QS8sOzo9Ztw,86,enabled,29865,983,
nrOT7q0aqc4,101,enabled,112127,687,
5a_Qron1EFE,1160,enabled,1941109,15627,
wmv0UwkbsZY,2737,enabled,1758294,24965,
yulvmU0BLiI,4039,enabled,2254972,28435,
y3cRbMJHc6Q,2562,enabled,325239,5604,
q_5n7URd2Gk,26966,enabled,32183343,260131,
IsdX3-MHrUM,7450,enabled,3913907,27864,
dgH8kYjOb-k,78,enabled,27134,530,
7lKB2uaMOto,506,enabled,262905,4498,
ecltjGpk470,2090,enabled,1238161,18561,
Of3LoqnCYn0,18,enabled,15754,664,
dw_z6HF9heM,62,enabled,61872,536,
_RTcCI5DrjM,4250,enabled,1192034,14179,
isIWsaQEecs,89,enabled,51458,1205,
YWfzYPFKOyY,3,enabled,518,15,
L3SlSdirzZk,0,disabled,105820,1553,
oVMenZEt76E,420,enabled,1147861,5332,
J0wiUWg38BM,1484,enabled,4513027,39582,
kD1IFGPtixw,0,disabled,270838,4593,
up6hK0dIYeI,732,enabled,124158,3699,
fcmoEbbeoZI,3076,enabled,590375,9701,
MA6qX_Fa-W0,2665,enabled,4955047,20653,
kNPLfdU6kBs,1871,enabled,2772265,19138,
TPNnU1G8As8,57,enabled,120911,624,
XpA-R0TNVrc,2500,enabled,4465718,50670,
6XV71wBqfB0,81,enabled,24999,755,
NdGR4ScXyH0,124,enabled,109760,524,
wJ2uisQtbTo,126,enabled,151649,1230,
gOngJUc5ZtE,12187,enabled,9648098,73066,
5IvTyXrUyQU,7650,enabled,7407683,61582,
mXfahVh7MCs,35,enabled,50392,376,
c-TLJS8cdTU,968,enabled,857176,6229,
IdcZNFVp-bY,256,enabled,288435,1213,
Ah7jZI_pzUE,4869,enabled,15162928,145959,
OVUdICuiuSs,237,enabled,58422,1812,
wZIfM2kIyp0,2067,enabled,2464849,28504,
sNHhh_VCdVY,0,disabled,77459,344,
prb0ZLJwRGs,43,enabled,52694,436,
MzJqB_YxVks,1194,enabled,1793741,14450,
Ly5hFMplfOQ,2007,enabled,4989359,17302,
k4-UAGrjuCA,1643,enabled,1359042,18296,
EnRtSBpFUFc,1455,enabled,975283,21099,
6ZK2QoCCccs,13074,enabled,1791019,32561,
RNMrrsOCzd8,60,enabled,10973,300,
DmkVmEb5TwQ,1670,enabled,1300169,21952,
QVQPOPfyXR8,814,enabled,378084,6259,
Ht_X02Oc6nc,11399,enabled,2100659,26819,
sEl6cXB_riA,15488,enabled,3779839,33914,
79e_cIE3Za4,1743,enabled,1190963,28275,
AnnTo1du_hw,2365,enabled,3834914,32638,
Awj2gu7M-BA,141,enabled,277167,2087,
ZjmzdJpwCME,185,enabled,139399,2522,
VEsMopVuVDk,876,enabled,406270,1497,
VJufKeKV6t4,197,enabled,619901,4299,
yGvGRyCj5ow,33,enabled,115673,843,
c9OhBLe62M4,10624,enabled,5820815,30126,
udAYV6iJrao,7435,enabled,23538004,175772,
BhGXr8A3xyM,64,enabled,7344,279,
T8HjBS0KVtk,378,enabled,564044,3873,
qusyr5O4mlU,1740,enabled,859266,11866,
1DMAOBco7Mc,2929,enabled,6492880,41841,
c66CMNhZCkw,63,enabled,21166,271,
bcxjQTAb6NY,2181,enabled,1990776,17410,
ZMJ5xERco60,2753,enabled,1160446,18146,
p8nZp_TsVRo,42,enabled,40719,431,
EmqJMixThzw,3180,enabled,532352,5242,
jDy0h9tkrsg,3246,enabled,4921964,43333,
_JuuYUNu3kU,68,enabled,23882,274,
El9y7HWySJg,102,enabled,454980,2438,
YgEX0Wp76pA,158,enabled,51937,834,
VOOMjaLU9Hs,306,enabled,190596,1870,
I5xgvyzZ7ek,614,enabled,335766,2362,
wJO5o5ezrKQ,5250,enabled,3617790,19884,
U7gjzTGOs-Y,276,enabled,104342,1129,
vvw0WFw8nO4,102,enabled,12249,254,
pIB1oABcWho,17281,enabled,6368457,79498,
VQ5h6Uc12xo,73,enabled,85295,322,
KA4Zgy04N4w,1675,enabled,3248748,36479,
8xr-FCxYxz4,38,enabled,29760,452,
59Tqx6GFriA,143,enabled,277709,3674,
1TxzkOEaSA8,281,enabled,247053,4918,
ttj4xV8YTIk,180,enabled,317342,1783,
sBnNuUcQdBQ,4060,enabled,2400374,23819,
_gLF3JRIFVA,5285,enabled,2543058,35517,
GKW4M-AvNSA,208,enabled,71582,1025,
qZs6L1-kEak,181,enabled,123509,2769,
XYwXAmi_j8A,1073,enabled,557239,6246,
J3FJgWVswFk,631,enabled,641079,6144,
Dj81FCZRNlo,159,enabled,35278,650,
7Cq4z7GU_40,1778,enabled,184266,3208,
PjP1XJxHc08,13898,enabled,4394490,77616,
ByRHSUVItYg,220,enabled,83164,1163,
jl-71flUh1Q,2625,enabled,879221,16451,
3zedhjlDdD4,22970,enabled,14034874,470935,
6blHNJwEP1I,7,enabled,1584,41,
2P5LTEPccsw,0,zero,384695,7144,
Ww4h22RC6j8,279,enabled,538543,2413,
1TLnfbY7pOw,244,enabled,145216,2293,
g_XIhpQHt00,623,enabled,123661,2138,
rY21SiEm9Kc,0,disabled,308314,2835,
ndzPsTulYk8,2884,enabled,2177210,20564,
odSqFsCR9ag,136,enabled,150241,792,
oqA_2sRBmM4,62,enabled,56435,1463,
JYaIP8v2HZA,40,enabled,53869,593,
jsFam77XI20,247,enabled,188589,4772,
sZG20Mq3Mew,7415,enabled,1977310,12633,
X0mUYKLbz1U,8713,enabled,5677374,51762,
Egp0LRGXjQM,314,enabled,257148,5891,
lNkxJ0OcVpI,256,enabled,68650,2059,
oQdNqqbmaIk,62,enabled,73036,246,
Z2VKUMB4JMc,3015,enabled,2062383,15376,
XEDIYo-8jCE,325,enabled,112596,1509,
pR85CgoP7VI,294,enabled,3163693,13858,
cQ1VLfBg040,1367,enabled,2303127,18229,
J0o2YNys7DU,5,enabled,16682,73,
Ftbl5xIi0_4,136,enabled,225498,1247,
umlYYwaYY8E,1461,enabled,3144576,59518,
vobbh2Ah7Es,3114,enabled,712974,14361,
hzffWi3Faao,5027,enabled,1694194,13383,
DomAONSSKhQ,21,enabled,87081,462,
nR5AIdM23h4,53,enabled,98581,795,
7T8mxrMGtk0,8,enabled,3868,51,
yDtSgSZVxLs,207,enabled,354253,2649,
pz1eY9MSWYM,7883,enabled,3974316,21329,
L1dEtSyn6s8,315,enabled,113802,3469,
9sQ9CzwMmk4,128,enabled,88238,2312,
EjZNK7V5lR0,10932,enabled,3869104,31698,
1gtnHRUM3Ec,8,enabled,2913,27,
cFkgC_A3JJ8,494,enabled,433782,3468,
s3Ehmi4xHe4,53855,enabled,9528288,133475,
lJvx6dAtOWE,2263,enabled,842414,17402,
AmrbqzSQHsg,5826,enabled,249096,1493,
H7GKVHb-sok,1219,enabled,2776666,6876,
vbwBChCO7H0,194,enabled,30785,1158,
CHRnkoG_tT0,13,enabled,11017,179,
o-A2dc_2daU,11621,enabled,6461759,54646,
Sa_VqKj0dZY,635,enabled,1388068,6622,
E_1JYNANuew,800,enabled,956681,10048,
Ho67HFaV0Eo,6,enabled,1105,9,
TtMQVrfGmtk,379,enabled,242692,3780,
oYHdg_Xbj3Q,3360,enabled,2264490,33230,
0oEvJwWRmKU,229,enabled,59639,2046,
ZXC_X_pfYyM,41,enabled,55330,248,
8dcBsClRv8k,6347,enabled,2089775,28093,
UHREmBqFe5M,1406,enabled,2437926,21569,
cm0oxOL1-Ps,56,enabled,4204,80,
nhLiN_d2gfA,6,enabled,629,13,
Gg60lml6o7k,131,enabled,63411,608,
QZjAuRdB5Qk,393,enabled,1054231,6571,
i9rnOr628qM,702,enabled,945036,10601,
EIQZjiWksKE,672,enabled,565479,6436,
27RN00r_Li4,3415,enabled,3192391,23117,
NOUba82PWzM,1126,enabled,277412,4415,
gT9Usi58EIo,2014,enabled,1331072,14329,
ulOaexhJfm4,1343,enabled,636533,7472,
IJFGTOzDgLk,165,enabled,129126,2388,
_n8EqnUD_CM,335,enabled,165503,2838,
RzeESd91lfs,758,enabled,3156848,22955,
39KUEJCbB2Q,764,enabled,676603,8876,
d-ZGAuoBaeQ,76,enabled,18181,654,
uFtt_zGKMok,701,enabled,187932,2936,
_9CD2PleHmU,429,enabled,444069,4092,
VdjYl1j9Re8,27,enabled,9692,258,
XuvqgPa62xE,288,enabled,36123,1130,
xhnaZ_R_P1s,4916,enabled,2188734,23450,
GqSwI-ENC0Y,0,disabled,1783240,25924,
zvn7Zaq03VU,257,enabled,49708,502,
JT8hdY7WjjI,0,disabled,16910888,60077,
6Mg7Wm7IJd4,2243,enabled,616139,13730,
xb-sPv_aF1k,120,enabled,139320,1223,
KETspdNjHEw,5089,enabled,11594184,114051,
PzPW5msevJ0,3131,enabled,4518964,19784,
0n9qGr9EWQU,7,enabled,2241,43,
PYxPXko642Q,991,enabled,269115,5069,
IUyLqumh4nE,18,enabled,13535,239,
3HzXjf8s9zs,242,enabled,866284,3156,
IGrVg-ZOGig,240,enabled,136249,2106,
nsWE_8ZIPQg,4736,enabled,1789514,29857,
dwa28LEObew,1606,enabled,430409,8144,
Hlr6HWPUD-0,171,enabled,74926,1518,
icFMdguQQWg,192,enabled,65491,635,
NilGrhbmhtE,203,enabled,74880,1718,
qjWqAyckkec,997,enabled,1392953,11336,
znud7Vh5N84,1895,enabled,2996417,16355,
0QU8cIY_l2I,87,enabled,60817,553,
mkJKjdbIuRg,4506,enabled,6383866,48793,
qbwFuLTDx14,8497,enabled,3110902,10670,
8zy4yvHAtfc,7516,enabled,6438751,38218,
bokKzyq8QEA,131,enabled,133511,1347,
JtRK-BeejsY,53,enabled,17421,382,
i65V9mTMgFI,6,enabled,5204,48,
anttOoIxhsk,0,disabled,61709,313,
-Y9Mnv-euKo,73,enabled,138425,389,
MrGgnpmWCOQ,10321,enabled,5293127,44966,
8EciKwx4MRA,5,enabled,879,16,
j2MtJxiMKUw,594,enabled,243304,7254,
A4ciJkxxc98,463,enabled,175645,3603,
Mue3iWNeZnM,2980,enabled,3927052,15025,
JmcAqbqQpHQ,27477,enabled,40508922,490920,
qyynNACFhJ0,55,enabled,1414,31,
2gpNGHLpZKk,63,enabled,8350,208,
QiwtLBQrjG0,5521,enabled,6387222,75262,
0n5lrZU_fKg,513,enabled,612761,1727,
SPSz7T1c80I,6904,enabled,13506068,78833,
ZUbXnW3ImJU,222,enabled,217262,2030,
I6rVZ94Od8A,3593,enabled,5984775,50849,
xZ2OTrpgv5I,933,enabled,5984750,36347,
2WkDLVu6suA,264,enabled,725122,5085,
8HHGRq518eE,30,enabled,3990,65,
RVyIMGru-Ow,584,enabled,1462674,6449,
uUMg1eiTvSU,124,enabled,39413,359,
zSt722U7tzk,972,enabled,460812,5658,
mww5BL096CQ,91,enabled,12149,156,
YNJ0rQMuelY,241,enabled,138159,3680,
GAsdj-YaZaA,8376,enabled,7401625,36220,
98I3cGOwkwE,113,enabled,108643,327,
UHGke_1cOLo,0,disabled,15402,311,
k7ekwJzQEKc,2649,enabled,3568013,60847,
GGvZ6VeCMQ8,0,disabled,18527715,74179,
QG-TT-b93Kw,0,disabled,566937,1909,
AMuhZLrQzjE,4,enabled,5722,45,
jop6Cgihhvs,2763,enabled,4023173,43469,
dh8r8xvJIDs,3064,enabled,827357,4896,
pxeULtuN23A,18,enabled,6443,325,
QK6TNJYpRCo,3588,enabled,1204220,10798,
75UQLg_x-P4,638,enabled,1049854,10827,
JxpZwgE9TuA,505,enabled,797274,2685,
jpsxYoWG3ng,6335,enabled,1611132,36863,
e7K8oUPs8Qc,484,enabled,370662,4218,
CZ9WES_6RFw,559,enabled,443200,3826,
mviO5csmjuU,1286,enabled,652764,10326,
cI_WIcpcvDA,78,enabled,71746,742,
gbwoly1SuvE,4023,enabled,765807,23005,
6qtXxHVY8PA,902,enabled,1324125,27965,
8CZWfo4MGTA,72,enabled,1258457,3253,
eRqOJnOZGV0,527,enabled,4334790,15142,
UegxgfMXl20,151,enabled,9248,224,
EwnDa434KaI,148,enabled,63687,585,
AhqQr-lJd1U,583,enabled,2055405,9431,
a2lrwvDpecs,5267,enabled,2276732,27216,
vSMMiUrB8k4,8404,enabled,6494609,62842,
YRfd-rn_b_4,7689,enabled,22547595,73061,
8W6u3xayEuw,87,enabled,302135,1868,
_7B7yVKMTJ0,216,enabled,45844,441,
GW6xhJkCA2g,423,enabled,6202443,16230,
KEgeGS9oVhk,6827,enabled,3341202,52369,
n6MLMoEVqAc,69,enabled,24677,707,
sENK_HIk12Q,131,enabled,186351,2584,
2T9VpnqYDG4,248,enabled,126379,2809,
Al2T7HA28Vc,637,enabled,186272,2320,
3312poOhXUc,86,enabled,10579,129,
6R-bB9LzKqg,311,enabled,179297,2560,
Cecc5T454W4,904,enabled,896069,8849,
cCQPtBzLwck,0,disabled,49603,251,
gEy6XOR8ejI,13,enabled,21862,242,
plyug4_Kabg,3508,enabled,692876,16657,
fzxYR8sdAUg,549,enabled,2350467,10265,
_8sq0BQ3Sc4,1509,enabled,3886543,22481,
KnIN5I2tfGI,9102,enabled,4562179,56357,
mjmqtMn4bsM,203,enabled,928273,5050,
EbGIdwCr1RI,11493,enabled,6227162,56824,
0NPjDGgRXBA,9331,enabled,3054053,44475,
N5gG8eUm3gQ,624,enabled,1640713,5999,
-KyIPwJcFZg,1896,enabled,1536992,18769,
OBlYIHuyXVs,2083,enabled,840507,10561,
joHP5kYVR24,789,enabled,260010,3012,
xPxkUHdznQM,303,enabled,86262,1421,
iMGdIPA7T64,28,enabled,26197,318,
ApSOX0-sS1s,35,enabled,109335,615,
Gz9tzrMDKKQ,1495,enabled,1455556,14812,
i5temwLLRy8,2031,enabled,433982,2409,
JPXjycw-A0g,3025,enabled,1780374,39124,
5erSZj4x0WQ,983,enabled,5817721,48727,
WfZX-PrwVr4,411,enabled,1096569,7779,
CBTXN5YAsNA,396,enabled,1312718,9497,
8YfaI0H0L14,2632,enabled,9582823,22045,
0KMdtfgdE-8,6366,enabled,3319610,41524,
wI3ddzi7JGo,7188,enabled,2187579,30730,
GNZMKTrR5Uc,349,enabled,1920649,10129,
pO3FMPFFg9g,4471,enabled,3732384,36332,
OXHkpQkZSdM,270,enabled,26300,839,
zEdQoEW9rWA,1375,enabled,1479458,21525,
1XM2-pkxJ5c,19,enabled,13359,166,
0JUP9z5qjbg,504,enabled,1610931,14424,
IdBtRTw_jyw,1156,enabled,757981,9350,
ZvAw659U1nw,1118,enabled,460074,4418,
mHzxyYw1Pqk,0,disabled,4791830,35483,
pyzm1G5si5k,94,enabled,89548,810,
L0X4dM1ve4g,532,enabled,245524,3832,
5JMaSb8jKtY,427,enabled,175473,4526,
a2pOPVAl-7o,746,enabled,2177667,11334,
AYeqJhmjSQk,16,enabled,12441,225,
0X0tYPocMBk,6386,enabled,2818685,28074,
AMD6c9oN1Ys,6458,enabled,12097014,43251,
ik158i0SpX8,5,enabled,7801,57,
2FM_8Q7EIiI,175,enabled,364250,1508,
tCJSEGqN_e8,3392,enabled,11563561,63801,
gZdqAgVt16I,35,enabled,34829,350,
vwL9kkZAI9w,617,enabled,982045,7514,
8NprutQu5nM,428,enabled,279502,3530,
L4hhRZJnOwA,26,enabled,16776,262,
5UGFnQuVyGI,939,enabled,6343861,17288,
zy194bjEh78,3770,enabled,3118240,50535,
vUMwuZbE7x4,135,enabled,128515,2019,
bAUVuxcYitc,622,enabled,1102136,7258,
5LsMcXNYjqw,534,enabled,202386,4433,
Uq8CVA_DQow,14,enabled,22500,274,
JBPD7Xwnbuk,1249,enabled,185790,1748,
MZNhF0fGu8o,5126,enabled,3052190,28189,
wkXSFzYghuE,455,enabled,461385,2896,
XAVqkN1WqzE,5886,enabled,2426847,34747,
sBd3LcvQ-Gg,69,enabled,25460,600,
T3CIpGQWQNo,1414,enabled,1418461,16296,
Q_I2_QtnqO0,21,enabled,33815,192,
kgt8nFOXCpc,8657,enabled,3021294,14030,
YrsaL33woys,894,enabled,1459618,9737,
a3WBZjgngxo,6663,enabled,7210049,108546,
HDXbw_h-Pew,2195,enabled,4218261,35778,
EAFLed86mro,5562,enabled,2627589,51755,
0JNnpWi7eeM,1824,enabled,1954528,13902,
Jw37gQlUUOc,19461,enabled,9829793,72243,
D-HsOw2m1Lw,4949,enabled,1383938,15002,
xAVStoTQl2s,215,enabled,164547,3977,
V4lOjZvtVO8,10353,enabled,9216562,267203,
nCrhy26HHdI,714,enabled,1621973,8467,
ydCgf5FILUY,2254,enabled,3284613,38622,
m2O2uxpYtW4,73,enabled,121135,1169,
HLCnkidJoRE,95,enabled,56097,547,
OgyaEWIHLIA,3927,enabled,1535650,20955,
cA06WONF7lI,1553,enabled,953675,11030,
tRlBBiCflmU,3134,enabled,2733374,41389,
Rrg6Y_Iau5g,1113,enabled,2250040,12273,
KDehy9JdGw0,37618,enabled,34808121,510805,
4fcBzLvOHMI,123,enabled,39742,712,
19hrJVSdo_E,268,enabled,166637,2734,
4Z-NIwntoWY,221,enabled,1027362,2791,
NAJ1Z4kOyHA,1516,enabled,3418978,12512,
sTrS88wVJC8,1431,enabled,4805333,74121,
QZuMJMj7SVU,13,enabled,24276,152,
snKLDML8rXE,4330,enabled,1839523,24773,
C2_jMlNyVa8,950,enabled,666604,3914,
1FU9fsfNyG8,14561,enabled,8248092,76177,
dCFu4H_RD9E,293,enabled,22515,245,
XJNm0PP_WrA,24055,enabled,19453755,143502,
wC50ozqE7e8,6378,enabled,7319529,88037,
zfuDmWImPro,2250,enabled,1591151,23841,
YojBpilJB00,20374,enabled,8305855,103052,
o1sf9epCGzY,170,enabled,96986,1117,
TGPChotTV08,882,enabled,203517,1364,
QtMmgzGYih0,9848,enabled,3592197,31431,
ooliYcbPypo,17923,enabled,40389891,374758,
7u6yB7xqqvo,3921,enabled,4484124,44569,
3ubxQ5t0ckA,24,enabled,22546,211,
sbh3yMroOb4,215,enabled,328826,2849,
PeG3PGuevEw,986,enabled,456660,6348,
_POy748DVyk,2324,enabled,5586321,15048,
hm8yNXppPpc,13,enabled,6536,135,
KBK8S_ENq5Y,4520,enabled,1695654,15586,
bttQjRoab50,541,enabled,359571,4609,
WYOj0qIYNTM,41,enabled,17923,290,
mG8wjnBKBPA,29426,enabled,22521820,357252,
jREwKDkCC-w,616,enabled,3487250,13475,
NZgf1VsbsO4,11271,enabled,42585989,536003,
zSIWjXlBylA,9130,enabled,4990243,35925,
nFXnqwlJezg,0,disabled,39917,1067,
pMPV6PxXpcE,123,enabled,24307,681,
7n7wDN60iZk,72,enabled,50055,626,
XrwfUux0Y-Y,68,enabled,93941,758,
T2TqAHkBv2A,1746,enabled,3120975,44889,
6BNbo2pomd0,750,enabled,922709,9891,
R4VlaAbul0I,2272,enabled,1234829,17037,
Mr5Pl93L4yY,2443,enabled,432260,4508,
PyZkzfMd_34,675,enabled,490482,5592,
ibiCd0yKo4I,0,disabled,1431321,12202,
tmAbeQn-v9Q,1907,enabled,3102852,16911,
Csk7aXiFMtM,1344,enabled,1102904,14305,
Qx8NoK6hdpc,4595,enabled,3001176,26002,
JGEShR6-Uao,2118,enabled,897381,11874,
VOoeQE4H2F0,18250,enabled,32903236,105485,
ES6BGxpBD-4,646,enabled,1052634,8770,
dpuWsgv-JrI,337,enabled,317505,1804,
G8JemRjfgH4,43,enabled,33961,350,
QwEZu3KrwhI,291,enabled,58550,2584,
uInTCD-aqeA,4082,enabled,3716371,33183,
tknhyYTkbXs,21,enabled,11229,231,
T5jjpqOHhM4,4788,enabled,1330691,14031,
7H-H-QpHwyI,1429,enabled,5743301,23631,
E87n65tgsyg,2145,enabled,731330,8658,
cd1qB5vPSIE,1139,enabled,516257,4640,
pG0T-YTkXiY,34,enabled,20382,408,
cC7mHyLwvF4,113,enabled,2209,47,
wLHd91tAI5s,1728,enabled,1509215,4765,
MrdVshDh1Ns,675,enabled,198033,4477,
Nkz6fubz4Vs,5020,enabled,2779901,31973,
4vm92JSfkOM,32,enabled,22869,524,
be9RJp4f4Pc,0,zero,23641407,205901,
822yxGSEK84,607,enabled,770827,9470,
t7oQjE6DBmw,3015,enabled,2108750,32358,
CPxa4ieMVRc,173,enabled,37830,1050,
FojpfgBg0WE,330,enabled,92067,1076,
6e05Q68vHsU,0,disabled,1877156,13575,
9QJvdMoovGY,606,enabled,1113124,3034,
h0oYjcEYiIw,23775,enabled,2256173,22415,
OlZY1dUbLmI,912,enabled,3753296,15429,
bMhNjuTeV-Y,3534,enabled,732208,13267,
lX_m_t3cAR0,88,enabled,40246,254,
7eeSARsChhQ,168,enabled,412494,4503,
WYoRNbygGEI,18208,enabled,6289680,119550,
W2DLNkp2IBo,719,enabled,131708,2752,
m2GhKFDh_EM,630,enabled,1746080,10730,
6nytBvacyzQ,274,enabled,90834,2017,
WGZs-ixh1Vs,3271,enabled,4226947,23471,
FqKZfz_oRKY,4089,enabled,3826591,31142,
2SQI60l1zxI,1288,enabled,255746,2976,
Is7r173LQNY,1000,enabled,1900976,17747,
zswlntbbyWk,12,enabled,6015,161,
9HZsEq3v2tg,1043,enabled,2112758,16502,
zI4dgXTd2ys,350,enabled,224335,3464,
fb1K1krTqnU,232,enabled,1549338,11760,
tG7FiTjn9eQ,2019,enabled,7920931,40316,
vqJGS81V54Q,698,enabled,1510199,12915,
zkIe78RdDsI,2212,enabled,6046991,24711,
NpGt9qYEC1c,494,enabled,97627,2502,
QVQEXubPHBQ,456,enabled,105656,1161,
-FvpAe3MacM,2939,enabled,2870897,27947,
4v6eT3RzPhM,4664,enabled,2562166,41680,
jf-zUkWjfmE,955,enabled,1889854,19692,
nGXP4ot1OdE,7,enabled,29014,151,
Q1XspJW5Z9g,754,enabled,1049104,12902,
1tEokVJzNIc,739,enabled,537705,4376,
FCdkOL6OUf4,915,enabled,128194,1658,
onXrz29hBGk,1500,enabled,437797,4428,
SSOnqgsfAlo,289,enabled,645508,3270,
CVXyS5sx_SI,243,enabled,198196,3557,
EDmK5Y6SnNE,71,enabled,24802,605,
JANbdXIUVrI,371,enabled,159276,2774,
7800MEmZYpI,1005,enabled,2165583,14369,
GQZLmcCQ9Uk,461,enabled,576462,6128,
R78HrfgisCw,1161,enabled,4434899,14410,
wv3X5uHGKKs,12762,enabled,15342666,345029,
TlNA9Bu8aF8,2529,enabled,1742801,15268,
1gkeqTCl9Ig,707,enabled,4949331,15342,
Dg_h91bC8pY,934,enabled,3307829,16463,
F3rp-zuUo8I,40,enabled,67791,621,
Rk3oEJrQ4UI,3040,enabled,7970578,85751,
QefQHBZLHZI,65,enabled,117260,1396,
qtaCIGNhEsE,35,enabled,60604,641,
h_u1FGxphUc,97,enabled,34239,891,
Dm09LvHlAmA,312,enabled,1241085,2857,
cUDvNPbql64,1144,enabled,1863080,15373,
IbrYfkajMUE,506,enabled,180560,3188,
BtSukcxiKn4,84,enabled,33991,1242,
FBvJW_zPBfY,15406,enabled,14272298,120796,
1xgywbgMjUQ,436,enabled,1256447,6810,
cZ0l-n40hRs,4272,enabled,10452657,34650,
HQn-gkdUdyU,6337,enabled,22557714,317680,
sN_b1IEokkI,1992,enabled,760560,11758,
58kDMw779xc,7340,enabled,90730246,134202,
KO_OatBerX0,426,enabled,387988,3644,
uNJv_1J6zZ0,1272,enabled,332643,8847,
2ITzU55PzOs,1826,enabled,6104520,36738,
O9E4xb-pxyA,165,enabled,278625,808,
nicGmgC8rH4,0,disabled,58139,810,
u6mTU0P-y38,31,enabled,69830,271,
EyQoTozcetM,1328,enabled,282140,4161,
Gfv5d6dEuwE,2255,enabled,3739303,10758,
HJCoMn2WO34,0,disabled,410098,5129,
eMomTUf4VXM,381,enabled,49496,1220,
ZK4lXJDevYQ,1006,enabled,2758428,6516,
d-AyiwYbVNg,1488,enabled,1404947,9934,
P6_m4h0w4N0,1490,enabled,108421,745,
9iOXBfcDYv4,834,enabled,598754,14855,
9ZAr3zwTIh8,3569,enabled,16550010,48666,
_9-NilOpQUk,9,enabled,23217,573,
cPzonnKZyP8,0,zero,1221839,13768,
Yo3WJX9kP5Y,3,enabled,241,3,
RDFcRBmOnZ0,19862,enabled,8204906,85341,
H8XWy2AvqlU,3127,enabled,2430191,26172,
NRk_kiaOoE8,70,enabled,20154,384,
7cdWhZ_VLPk,72,enabled,3588,71,
jE2HOuhEwIg,157,enabled,43955,1427,
kaxm0HemcZg,436,enabled,457672,4972,
So9iCqdfUF4,8201,enabled,20138040,62835,
6Y0H4VTITcg,5461,enabled,2121985,31112,
ywcw2XXGlxE,63,enabled,3948,81,
CD1-9Jic_X0,1557,enabled,1920853,14202,
YSxiF5_jE3o,141,enabled,27817,296,
43n9c-Ui_ds,110,enabled,23775,255,
KrBODC7waH0,0,disabled,19792356,10447,
fe8C2eMO6ss,272,enabled,50911,1511,
lyjel1xoto8,78,enabled,16793,331,
v3ekDvMMiYA,711,enabled,467729,5018,
YnDL_gKQKkM,7108,enabled,4108533,55386,
E34pVC2OzKc,345,enabled,70372,3066,
Wp4XdmfD_eQ,283,enabled,109616,2030,
LxNlxrQXoQw,522,enabled,1406538,5135,
Xycfr1f9MBA,352,enabled,1128857,2799,
u9B0qIuCfrw,167,enabled,163812,1042,
fMIgEUdvt1A,396,enabled,116221,4648,
Bnsm5032OL4,1503,enabled,803471,10679,
OuQ7Ri5WKdk,13,enabled,1489,28,
JKcNU6IJmUE,6,enabled,2600,23,
DSTONenerUw,101,enabled,99180,826,
XFCdyi3gUFk,13984,enabled,5722229,73509,
zgunOunziaE,8793,enabled,6201649,70200,
9g23BtPMcrw,227,enabled,67361,994,
hx5RM9LUD6A,1036,enabled,1888607,14637,
8cKMJ7_pAAg,836,enabled,16991,222,
A--Lp7J7jIg,750,enabled,524642,5833,
8DyXMBUiIgE,5044,enabled,15798780,42028,
hJz-J5yU0w4,465,enabled,236008,2246,
yxdRTaAp5Fw,47058,enabled,41408701,615202,
ueFDOAgzrRU,3236,enabled,752201,9619,
R5MoaO_56Go,1743,enabled,1259133,9223,
h-IxGskfTHM,0,disabled,1013,20,
52Jy0-ImqXw,1049,enabled,128300,3509,
Yvs5B-3mHdg,0,disabled,789280,2033,
wTVQN6D7xd0,63,enabled,33281,267,
LWw8Xw--Qpk,1755,enabled,961632,5030,
QK1jlPgn9Ck,20937,enabled,9710274,108398,
0qIZlecZ6M8,303,enabled,307012,4197,
QvB2IO8zmDo,1060,enabled,3692357,24944,
9tta2ndTDtk,1126,enabled,7658716,18284,
pmH4Fn5PmfE,3128,enabled,1211682,23794,
BKiUKSbXaiQ,3872,enabled,8711493,48648,
rBW0bZlwDmc,1843,enabled,2184957,10890,
E1YgYonYh7A,21,enabled,15947,158,
esgs5XqLW2Q,13895,enabled,24639980,121203,
HoAwrL8oaHo,567,enabled,807008,13000,
f9e6VpGuA8c,1,enabled,29700,99,
Dzr7SPXX-54,51,enabled,19572,296,
Q3GjmzY_FLQ,1817,enabled,1705491,7696,
tKdmb7bdw40,147,enabled,6166,491,
_kmMlkm_Tss,815,enabled,4091257,13120,
gHJ6gZ7Q554,323,enabled,156301,1636,
C8Z0Q3E_RgU,4948,enabled,5386725,57434,
-vIY-bzdcXA,941,enabled,461349,8040,
-aNWmctYD3g,49,enabled,57558,502,
-LuqLb7c6s4,5182,enabled,5974843,40773,
zx9PDdP004Y,27,enabled,6766,135,
t2wP2DdgQnA,1021,enabled,3014695,18296,
-GsLw4R7BRY,879,enabled,445202,5345,
xFjsSYHwHu8,9678,enabled,1847446,26889,
ZUpHsLg5em8,7227,enabled,6010476,53119,
3i2wjQeqhHY,153,enabled,118220,384,
rlO3HhCBb_U,2,enabled,442,15,
dvq3KsgOi9k,12688,enabled,4012120,61092,
0NrhBdjy9tA,72,enabled,57602,783,
Y85bS1GWlS4,6144,enabled,3316111,36449,
SRH9skli1BM,656,enabled,417341,1524,
1pVpop_3yA0,11,enabled,2248,43,
sOyMlOba6yA,5264,enabled,27452255,102191,
JWIfwryQ6f0,2948,enabled,4430291,40384,
rOA9mPf7GnY,1190,enabled,668236,8190,
ZRmrSWb_9rY,46510,enabled,24388770,294861,
KQ4Swd56dQU,44,enabled,152138,791,
vOwLCI5kqdw,114,enabled,85002,623,
U18THcipImk,5174,enabled,3595835,54337,
7ohQKIBbfvA,250,enabled,107693,1555,
Df1M5mJR0Qg,148,enabled,63419,2042,
Gg7DgPUS6yE,1488,enabled,95172,2733,
aH5xcqm4ga8,39,enabled,22804,453,
0aS2fmHVF9o,7531,enabled,26115102,48477,
tea5OrZOuwk,1855,enabled,3412611,12664,
3Bz6cDSryqg,217,enabled,213051,2984,
FcJE04mh39s,11755,enabled,5748615,58131,
lh2PS7KbDY8,453,enabled,243939,3885,
RhOgl_L0srA,3434,enabled,12531405,106630,
c50NBJ-lLYI,3295,enabled,4470272,45439,
p7afH1bnVEM,1142,enabled,512654,6683,
O5sBXKS8i2A,70,enabled,179251,1312,
y13F1SqDxbw,976,enabled,1120539,19296,
N3k2y6CEbI4,123,enabled,92290,1129,
9eOGZ6OXB1E,303,enabled,1100082,2500,
7qqHQ6TvVlQ,688,enabled,61158,2927,
weItytharbY,107,enabled,114196,1432,
TBdWcaVYFJU,1798,enabled,2802162,25722,
Xuk5VM3sy-U,691,enabled,279299,1818,
KdiIr_wMjG8,1155,enabled,9482258,21539,
puCc8kAJYeU,287,enabled,76244,1240,
jdpG22PFoL4,939,enabled,509743,9282,
RAVX3XkY6RE,2355,enabled,2132897,20757,
EkrAdaeHUkU,0,disabled,9015902,18454,
Fk0HtAy_ZZU,129,enabled,47836,892,
NsRSRPsDGCs,308,enabled,357942,7373,
up3tXTvIBHI,160,enabled,39167,759,
AltofRTf-I0,0,disabled,37644,197,
jVTGqTcSUYY,6,enabled,2517,28,
elUziSOj3F8,2692,enabled,605285,6724,
6aNXt2xIFPI,145,enabled,109132,1622,
TI-c3HBo1YI,26,enabled,11019,278,
h-VbnfgbL4Q,833,enabled,126680,3101,
peLH-gAC1PA,9461,enabled,31312973,230140,
6jyuyX5M28o,3018,enabled,10927289,44433,
bjYrYEjoWYg,2628,enabled,1622759,18678,
x7uqMF1xPR8,2420,enabled,391518,7137,
KrzD9s6FC9s,0,disabled,14890686,69443,
K2nGhT6JsdE,340,enabled,292179,5203,
koOhht3ARTc,120,enabled,52915,706,
pc7JiMEDdv8,3,enabled,840,14,
DLWd1eVVdac,1225,enabled,2183868,18841,
TxaAk7kDTiY,122,enabled,128855,1006,
tEXAQYEfz2I,31,enabled,50023,186,
HlImWoYINXI,2909,enabled,4377379,49685,
0IwP3JN6vRU,190,enabled,69146,2172,
7LKVCtIT1iI,36,enabled,33529,228,
bWq7SnKY05M,1258,enabled,2457647,19501,
Tx2r3U9wFvA,1307,enabled,2211268,15585,
0Pn97VXdKFc,5598,enabled,5875102,47484,
PcAhCwwrFhc,327,enabled,3626232,9691,
77DOR-X0eew,1011,enabled,800798,7282,
NPupE49Wxdg,93,enabled,49105,677,
Q4hTW5alobY,195,enabled,75182,1524,
Bi6pcwUbTB4,262,enabled,152646,3082,
tEbF9Jpp7E0,15973,enabled,2937012,54215,
aBg7GOi71_Q,79,enabled,512393,1090,
HJisXI9SS0k,4485,enabled,2015405,30254,
vuLjLwEcPkQ,4995,enabled,1670946,26588,
uw2CeZq6CEo,145,enabled,62506,682,
ApRn_fgntJ8,47,enabled,14820,296,
pn7PBFHn5xg,5884,enabled,5525067,44135,
IN333L7RMFI,399,enabled,687428,6093,
N5gFpYUuaKE,0,disabled,2960944,21081,
mwoUnNnH6L4,2286,enabled,2433781,8044,
eQKkkGEuTJ8,256,enabled,324045,2098,
Ush6tS5Vk-A,6061,enabled,3852261,75856,
pGlqVeBzMt4,2309,enabled,1119372,12863,
AxforGyezHc,1202,enabled,857635,8940,
hdpqABS9_Ko,939,enabled,316843,4982,
ipfgj_i4kzQ,722,enabled,1568857,9609,
Ivkiks3wypY,4077,enabled,9326453,75557,
uDiuX80Ldr8,6875,enabled,9975008,43578,
DeYzL9kJ2PU,8,enabled,6377,122,
2NXse4yUWi8,198,enabled,132475,2496,
5rd0tX4qC3U,6412,enabled,981202,22998,
UFmH8kraWLo,22165,enabled,5096421,58322,
f4oc2-Y-1J8,88,enabled,47412,1470,
pTftzGy3_nc,304,enabled,418201,3387,
ETE9pb-ftHA,1728,enabled,2075548,19259,
fw-S89PZV2g,1163,enabled,3313331,9272,
YwUGI6tqnek,139,enabled,25874,499,
FPgeCRCaDzI,259,enabled,1030910,5016,
mTw88PnXfNM,92,enabled,77709,666,
iPcx7GLLPWs,357,enabled,440038,4760,
o_LYjOmslsg,207,enabled,77117,1073,
9Dm9Wh9ascs,22,enabled,8368,250,
rA6hx707x8Y,186,enabled,201963,2321,
Q71v1xfVF8I,0,disabled,17804424,173737,
izLw-GmkCto,188,enabled,167200,1569,
XVSHmJdiFhA,0,disabled,36500,299,
-eEe_NJQOfI,57,enabled,74289,1056,
6xv61L-KhPU,3163,enabled,13916684,203032,
ZKAQvRPME0Y,86,enabled,120035,805,
rl0lImsnC7A,103,enabled,83816,478,
dy41gdo9Jvg,964,enabled,2221485,17882,
1XhrA5oAoYE,16153,enabled,7062300,52548,
54lq7ZuvcU4,1198,enabled,1781726,29250,
DCmdhcQMeyU,5635,enabled,4244367,32527,
NC2vn6Xg7s4,341,enabled,175074,1575,
nKvVPK--dPo,5940,enabled,3738534,46274,
L161lrzksHA,166,enabled,53430,1253,
u68jjXJ9_hs,587,enabled,255322,3258,
D95ZZ2PH94A,10,enabled,3732,25,
zuLLetnvugI,99,enabled,16940,128,
DgTR7kID8eQ,1134,enabled,85862,977,
OQnomz2Dj8k,78,enabled,8487,281,
_EliL-Yepxo,10,enabled,1553,15,
dbU_zFsyxvQ,503,enabled,155486,5225,
Q6KY4hZI89s,137,enabled,143261,1423,
fDX3VHukh4Q,30,enabled,74174,541,
3QQZl1t1VxE,3069,enabled,2626433,34418,
smhnPYNdL2E,2174,enabled,654086,17130,
rC5Q8jYWN2U,5989,enabled,3006198,33149,
JsOiR3PbVFU,1830,enabled,685175,6055,
Ep9fPTMgofg,869,enabled,796884,8550,
aBBklDsDJ0A,504,enabled,174771,3369,
ST0RV75_jhE,87,enabled,362816,1871,
w9x9cpt3MV0,229,enabled,254757,1843,
s4ePynJoHLA,2009,enabled,1607311,10818,
Nv7y0XEv2p0,5559,enabled,3154741,59853,
E8z63t21UQg,10001,enabled,4100598,54129,
r7_wBYafOKQ,774,enabled,464780,3381,
9ODX5XMsLYQ,74,enabled,81567,1018,
ES5jQYZYE1c,165,enabled,35060,540,
ZO1xRXSTF1A,10,enabled,5208,68,
yWIe2bEmpPc,52,enabled,131754,872,
rGD_Bgdb14w,18,enabled,25407,471,
3hitExLs_Ys,14343,enabled,18578404,129650,
jPtcoKswYDk,19,enabled,25312,225,
CBJND0l1bKo,2440,enabled,3075704,28005,
OL9h7ITre4g,4386,enabled,12296640,68619,
mPfUrG21nLg,3024,enabled,1396210,23699,
nHVUfVFAZmY,182,enabled,83014,1942,
Szahr27ReQo,2601,enabled,5329044,144800,
LV7PAuSMYwk,104,enabled,56109,847,
ncID321zXCM,2483,enabled,970686,5599,
8TrW_KUBExg,2120,enabled,588044,10576,
Zjv0zW_tPZU,276,enabled,48814,667,
US3TBMm17k8,329,enabled,271590,2044,
YALaiXgpgog,5278,enabled,2867782,36820,
sWyym9bO1fU,227,enabled,285787,2163,
ugAUMbceVNU,19555,enabled,17424403,109808,
rqZ9EusZaBE,81,enabled,76425,632,
_K_2UQEUXeE,24,enabled,40500,744,
_y3q-2Hie_g,3374,enabled,3432659,29959,
Wvp6J-re4cM,312,enabled,219818,3732,
mJ05s4W8jPk,3643,enabled,10588507,85621,
gxKyPrkmYDc,3719,enabled,12602748,56802,
IMjT8JsNOJA,588,enabled,3194806,9804,
bM0-Di3Pdik,4802,enabled,2181210,34988,
17gCRKvA7dk,9857,enabled,6666819,54711,
TIiVB3WI8uM,210,enabled,1906515,4177,
K7ypLNknbeU,275,enabled,410940,2792,
V_KBnLUTMIg,23468,enabled,3489169,41985,
riHuycpvii8,462,enabled,81266,2114,
ST99myb9DrE,778,enabled,297855,5850,
s7QFNzaesxY,4566,enabled,4366514,22761,
-FwgVxnhXsQ,2203,enabled,4599166,18119,
Kv6q9tWpXVc,38939,enabled,3060750,56073,
KfjRMWgDWok,9,enabled,9218,124,
8wvwOKT3h7I,7168,enabled,7146184,52026,
Q-jDzZYMn6w,119,enabled,127077,804,
mvPHcLA-Bl8,5077,enabled,4285212,17697,
RJoT-pszIxQ,10677,enabled,16747433,120633,
Qhva041iOFM,112,enabled,262339,1197,
VxhPCJZXhfk,81,enabled,9057,379,
gYRXeTDbm5Y,53,enabled,474023,773,
wZdYJscU4b0,614,enabled,253438,7825,
dClUbJwCICM,52,enabled,47778,473,
6DogXzVzcQA,3482,enabled,2801354,26861,
a7KCXycNgUw,2087,enabled,4609042,16485,
8FCxtgsd0Mo,1,enabled,159,3,
5GvN3-Ng6co,95,enabled,124727,1741,
q31eiR2MuQ8,125,enabled,37439,794,
KfwsHCxjlJ4,15809,enabled,10656374,114536,
_NQCTzUgI8Y,2538,enabled,7936943,46636,
2HjOAuDDvlc,135,enabled,427051,2131,
n0HX4GZqXRA,2528,enabled,10334484,75594,
oYduut1DdKM,1757,enabled,1160776,11138,
uVxSZnJv2gs,711,enabled,327500,7534,
0HDZrYdqaQ0,2325,enabled,4322967,42175,
Va7S-Zry5Js,1246,enabled,2990712,57742,
3V-QR7DyahU,1489,enabled,286855,5706,
qERHIFVlZR0,10457,enabled,3783154,57360,
UCgERDCYii8,32943,enabled,30796545,327834,
26IjVMqoTIs,352,enabled,284586,4695,
TmMMwuqvCu4,7,enabled,13879,139,
rbJcxxafg4w,5370,enabled,1214243,29608,
RV6YAWenWpU,6739,enabled,13987448,194720,
tYLH9Qp7PKo,884,enabled,1580452,11076,
jRDY5sezLKo,1011,enabled,603360,5119,
wmG2uTLIavI,0,zero,594182,7932,
zhMWFQoKqb0,817,enabled,319240,4953,
BtRy9i0XOys,20922,enabled,11052659,121799,
vVQTdoHgsVc,26,enabled,20555,478,
GEtIhxm_NP0,68,enabled,6481,194,
diWNqw0ZOA4,260,enabled,126501,1335,
BLMKNIateO0,20,enabled,47204,231,
EcMC_3B3mf4,443,enabled,162116,1923,
Z4KEyrnJhU8,725,enabled,905639,4155,
6PU2DjCwuOo,2120,enabled,1478828,26143,
bwlD7HP9e2w,1026,enabled,321331,7158,
HfJpaRLJ0VI,122,enabled,969311,2639,
0DKaD_htPPk,715,enabled,714708,3649,
kG12e6gqggY,3374,enabled,7137881,37423,
EAflrU4BKvc,193,enabled,255046,1867,
ZdJ6m63twio,7407,enabled,2019946,36127,
qHkCHD5HNgQ,8,enabled,6101,54,
QHW5QlcZ38o,40,enabled,3500,51,
CDx0RoE3zZ8,4092,enabled,4967465,36693,
VA_wDVy6vLQ,7371,enabled,550354,37493,
uc_m-Hh346w,6489,enabled,4083189,40486,
dy4t05lGQdc,3767,enabled,5447586,24649,
o7P5BuarD-s,245,enabled,1373784,6093,
3iim3CCygU0,3044,enabled,18933894,42804,
YKWGQyz-oLw,22847,enabled,7782845,66441,
tJW6vCbj2gA,205,enabled,73115,1831,
0YQJftzuCaw,46,enabled,26300,660,
QysdhJuR_kE,409,enabled,994451,6702,
LEjKjISVdfQ,645,enabled,514815,10787,
XCWxKwU_Qd8,28,enabled,1002,27,
jVoBxyXUR8s,1252,enabled,680312,11927,
7lylpi32ibE,2400,enabled,1656666,25504,
lk-RNpisvkY,1604,enabled,1482537,20328,
xeM516-yQqw,65,enabled,12838,302,
z3n_TXQjIpo,571,enabled,462430,6336,
j77iEDlQPqQ,492,enabled,519239,7656,
OdJnRxYjOmI,4594,enabled,11891321,174903,
oycequ2FEBo,838,enabled,699733,4740,
u9C8Pp1sS9E,13067,enabled,3433002,38785,
mADfcqEEuhs,206,enabled,116450,2769,
X2HnHaeEZok,1918,enabled,3213890,26851,
7UVeXaV4mgc,32,enabled,22042,659,
4KuBj4AvpMo,0,disabled,287893,906,
RWvJxsQX_Wc,0,disabled,115119,2484,
mZj17EADK5g,280,enabled,123679,3269,
-7WGI3JoxAg,4208,enabled,7745590,46623,
-USOVBDTFZw,6865,enabled,7287844,56850,
0UdarIjbq88,7026,enabled,2465925,25826,
i-igmAff4ZI,1158,enabled,6084823,32219,
Z5H1R9HYmF0,569,enabled,1037513,10748,
nTFuzk3vKlw,3026,enabled,10999338,40735,
m0ABOrxSKsE,2574,enabled,2832454,21894,
A0YSmiV_KCs,57,enabled,72006,519,
Pry3-83Pq24,4794,enabled,886733,23186,
Q_1dPXPJ_aQ,44,enabled,37207,1312,
u1WeVsMR4O4,1329,enabled,527076,13386,
ZBrlK_MIfe8,308,enabled,387901,4870,
J59sVVadk-4,217,enabled,141993,3213,
1-drtOAgH_o,0,disabled,6691787,22536,
L0TabnDseT4,725,enabled,1331839,16982,
nVHMdEnOGhY,17283,enabled,2834066,17287,
XEUqA2hEl0U,30,enabled,13467,647,
Xnk1HTGHAjw,298,enabled,385463,3767,
o_QsSRGGW7Q,894,enabled,1485891,9057,
smnvJGzOkhU,10043,enabled,2890694,53620,
FC_l0CebiE0,1971,enabled,3792812,16310,
2FAkkYbFteU,36,enabled,60194,681,
V1HyH4dsHMM,9900,enabled,52311903,395617,
x5oSzh00ZhY,2333,enabled,942476,20865,
PP1UagTJeP4,23,enabled,4696,370,
EkJ7oSVsYfM,9,enabled,11338,128,
l-LXbikumfI,5896,enabled,1978336,40894,
nAzqGn-LHCw,10568,enabled,5994872,87836,
itsAKqAdl0Y,211,enabled,47648,1113,
LBfU-z1G0fw,9383,enabled,28712962,121584,
KRxBLwN4PI0,380,enabled,1703394,9359,
V-x90C-ug4c,1714,enabled,1105459,14065,
-2TsCVVVbyI,8424,enabled,11816475,128553,
mCEr-eNiR6Q,830,enabled,455150,5789,
2MpEdfGERo0,917,enabled,1255914,8066,
me_IFF37gR8,632,enabled,525391,6209,
CJVf0SThYbY,84,enabled,485373,2667,
agM5DqZIvFE,2078,enabled,5328635,22203,
APIiJBIHmkg,60,enabled,10471,133,
_duTLjnL9sw,197,enabled,35755,1040,
79xEirMTDfw,92,enabled,218529,683,
cAf-4zAqGUw,190,enabled,74140,1755,
efwLjAfh4ho,310,enabled,104502,2900,
GlBYewv-VIo,465,enabled,535751,5491,
Jqeu44_Q3_s,86,enabled,35978,233,
WbwWn0m03lM,4011,enabled,1791222,35627,
kkz2S1CynLY,10390,enabled,12348776,65411,
54a-NPz0sHY,2982,enabled,1925628,59217,
eGB7s5hYkKQ,440,enabled,159112,1601,
D-sgJyjH_XQ,1282,enabled,4577949,21227,
HdGYvzCtUVU,883,enabled,4136099,29925,
W4Bx1dnARjA,21444,enabled,8007716,58258,
vJiUQ80ro5c,141,enabled,40512,1043,
XmF_Cc8Vhgc,1771,enabled,1599608,12744,
HcvqW7e9CRc,320,enabled,169717,976,
kmXrN79zsa0,21,enabled,263736,1314,
oz7TE5xh7eo,1093,enabled,1675522,12205,
Nie88_Wsu-E,39,enabled,283599,760,
roYZm0uxeHo,4630,enabled,2493316,27363,
LLfdNdmB3qk,156,enabled,326616,2909,
etifRufySPE,64,enabled,38497,489,
w6aUlX5-ow8,497,enabled,803535,7871,
N4wi58Ge-08,9,enabled,14529,209,
GC_ztQ-3Puk,1125,enabled,113611,4769,
hfB27ctlAJs,316,enabled,1885281,11655,
cfZ5lExKMQs,87,enabled,35139,981,
e7dNnLk3QN8,140,enabled,587703,3017,
CUhN7Qcj_yU,1410,enabled,741750,4784,
kACwbzotkAs,449,enabled,3474380,8918,
cmuKy6sKgB0,850,enabled,581287,6712,
mHBXRHupdr4,387,enabled,47073,291,
WdC1sq8h4Cg,660,enabled,400740,4988,
jGNJRARoI0g,1365,enabled,1407562,6892,
KMFlD1_j5pk,975,enabled,1016150,24298,
lu9BgUcT9VA,23,enabled,25591,1014,
qA_OqY1GAxo,218,enabled,35898,712,
iMkVwr-K4WA,1931,enabled,5111741,30739,
ll7nM_e74lU,2168,enabled,1065715,16088,
E5w3JepWhFY,3586,enabled,10011029,66728,
m3hQGQz2Lqs,4412,enabled,1009964,7387,
bBFSETVZzvk,461,enabled,600146,2058,
ljQHdgTMSXE,491,enabled,108903,3164,
SqHL1puhq64,344,enabled,1611323,7635,
jy5KEmvORgo,17693,enabled,1717918,20049,
YDoyjeb7HTM,1413,enabled,874623,11242,
FXWBejTVh-U,218,enabled,154913,1690,
M9xSzK4nJ6s,163,enabled,214903,1036,
iTe9OEETTYk,1009,enabled,616964,8345,
-Ib0yGGFcpA,193,enabled,162877,2398,
JZKyqt_RKOE,4271,enabled,7747701,36672,
0n-id-rwKaU,6116,enabled,1560578,13611,
T2iMuXYIy9o,812,enabled,343575,4266,
VhJgO0EIOqY,66,enabled,163640,1469,
ZjCXuA3t8kI,191,enabled,2471524,8646,
Xx8uDfaxL4I,495,enabled,1645615,10532,
HgxWuoo8lt8,1155,enabled,5747514,23717,
-4iLcxsRSII,20,enabled,71099,176,
UvQ0tTS8CTo,34602,enabled,11521795,74578,
fwa_5tebsnk,2433,enabled,3675842,27858,
KKhVTDCOxzw,1136,enabled,689384,13177,
dCciN9d0T6c,2777,enabled,7481326,43129,
_m-b1a6EnX4,983,enabled,1176564,10188,
hWV-UOEC5lU,571,enabled,988316,5633,
jUfQar9sKoo,21,enabled,32274,215,
EWe6ER1_UEk,933,enabled,3242230,8215,
d6t_wE6yMbg,2242,enabled,6762890,51524,
Zdm9CkximaA,234,enabled,232670,4772,
btZ6LcUrCeQ,0,disabled,1256529,19104,
d1omBONP5p8,171,enabled,290559,2168,
JXmHYsyY8bk,23139,enabled,25829064,169581,
smiuqfAfsDI,77,enabled,167034,1168,
rXRAyGVr7KQ,31,enabled,45395,831,
Ns-A1-PFuJ8,2400,enabled,1492629,13348,
wPnmqg3HD5s,20,enabled,42132,152,
i1ZyOk4La9Q,272,enabled,137508,2293,
MvHCknDNgqY,1408,enabled,2183323,14200,
zXmdYaxHO78,27,enabled,21519,200,
6KSjznyrAo8,24,enabled,22892,292,
AaHSBz9_Q-Y,42,enabled,34742,480,
gvFM5b-6x3s,6684,enabled,4413894,33072,
KaHqGWSWJpQ,7,enabled,2421,51,
kMANwvYtx8s,1980,enabled,3480525,58081,
ReXeEKQyCKE,144,enabled,249056,1714,
tSom9dr7gX4,2,enabled,21736,150,
HJCaQ0Ojlto,40,enabled,42865,409,
DW1CAO5APuo,3985,enabled,5183040,39667,
eGJjhcazaig,0,disabled,855647,3501,
GvftuABfwnw,1286,enabled,686735,35938,
yR5604eIPUY,47,enabled,58774,289,
669jI1uRIQ8,10258,enabled,3325279,46117,
OkLAVbR_FVc,1998,enabled,3002713,16580,
ma2ffcloEXA,97,enabled,80503,2874,
HsRbwILr7ok,237,enabled,56180,1490,
WUmLGDa_m3M,93,enabled,4968,101,
6LPb42mWDys,0,disabled,501037,1307,
t9O4usHigKg,2573,enabled,1344338,16373,
FiWVwdUbQPk,743,enabled,515482,11289,
tft1sD5NX_k,82,enabled,61325,1111,
J0Ie6sXlvqg,92,enabled,51915,730,
VslDc8mLhbM,0,disabled,1605037,8536,
-B1NGZwSWx4,11,enabled,2066,20,
7Ea7bxqSDVw,19,enabled,10576,411,
8JTvVgCWP6M,7,enabled,256,12,
Uu0r6b6XteA,611,enabled,129966,5406,
WfzDiC4NZVU,33,enabled,32570,365,
hQ3RMDt3ONE,1462,enabled,568891,4563,
TaVT64pZ8As,69,enabled,110261,423,
ACKf32wZ5Cw,905,enabled,170744,3778,
X8zDSl5HY_A,366,enabled,281101,3068,
Gd9bPiJ93Hs,34,enabled,63165,1626,
2v5JMusWtQI,8598,enabled,3884291,37108,
Ayy6wUOhkoM,315,enabled,247084,3319,
amUBwjFiusE,193,enabled,259694,846,
-VftEjNefFQ,0,disabled,1951571,1742,
YUMv1-pgs0g,990,enabled,72173,1115,
cNy42hmZqng,389,enabled,195236,3447,
7iiEGZ2kpFk,11066,enabled,25875696,75068,
075BFom_oiw,644,enabled,8573510,28260,
7ytbavHxawk,566,enabled,248463,4474,
xn_aBXN1Jlc,3540,enabled,5660526,31881,
3lLNgKjFAzo,755,enabled,299553,3394,
Bp5c6JfSUmY,684,enabled,918984,6954,
EXQbKJFmPXo,68,enabled,240899,1919,
LNV-QFVgpLY,1049,enabled,250486,2209,
z0oWukialA8,3255,enabled,12647454,36347,
MFkXpeK5H44,262,enabled,187750,2948,
d75KX6-iGyo,212,enabled,1416126,11230,
8rnrqqci-nM,38,enabled,12254,425,
G7kiczPFf2w,36,enabled,353797,365,
dC1k4_VU2b4,142,enabled,41287,1283,
vaGX57BXFHs,41,enabled,17115,367,
gqxTATHAvEc,46,enabled,7418,154,
CqyT8xzb3iY,77,enabled,33573,858,
v61hfc6u6ew,47,enabled,30095,517,
xS5-uAkC5ck,183,enabled,2110070,6085,
wf1laG5Jp34,1706,enabled,2704366,14360,
elzY9Gicktw,241,enabled,122245,1222,
WgKC4NozEpk,444,enabled,1302015,4865,
cVKoHSdhA1o,3431,enabled,622997,5845,
8MMEeYqqQAc,3852,enabled,2743587,19885,
wb9u2f_pbD0,7464,enabled,14919765,64528,
l_PTOY_SA-U,663,enabled,385471,6694,
-e8f3vgi-iQ,6371,enabled,4705091,33428,
-JuqoWtI2Wg,2343,enabled,756354,20169,
usg-s5LF714,122,enabled,57252,797,
brRyO19I_ms,913,enabled,3070090,26705,
g5kynvgQ-iY,3188,enabled,723809,6417,
6sllPvTgOUs,24,enabled,23836,149,
V64kfJeC7t4,16820,enabled,2564710,39875,
U-1GMJZPMZE,4310,enabled,688339,21846,
tK1Aq9v5Vso,274,enabled,682641,6922,
LWxqsbr3sc4,246,enabled,410435,4337,
sbDSj8x5CZU,375,enabled,297540,6377,
6hl3JWYhNw8,397,enabled,215397,2338,
6RHTeok5EGY,2163,enabled,1113642,6752,
RcIFr0POJYk,5925,enabled,9550367,128399,
Q1yRQ2A078g,267,enabled,339137,3442,
Zsfk3CedTTE,92,enabled,335644,1757,
Y2Vc4ruT9ys,2011,enabled,2372059,16472,
EjynxZ5P76k,84,enabled,126210,1258,
qmKLH9f-vJ8,30,enabled,50819,388,
TqJCHZzgd4M,14,enabled,318796,341,
FPAuNsRVi2M,1665,enabled,1043744,9001,
DYcld8iDoEc,1358,enabled,2513440,27904,
8QSJVqey1XY,513,enabled,1094187,11405,
LNOAC1HYSKY,122,enabled,76410,1004,
0cZq0obHo6U,1056,enabled,625213,8448,
ako96rxKFp0,12250,enabled,5817790,61715,
q-dwr8nCATI,2796,enabled,26396347,55980,
5nqLzDKvp7o,176,enabled,175840,1242,
2F6QW8W6kvQ,800,enabled,1182263,18353,
KhKR8YuFFoo,21627,enabled,16094063,102943,
f4NOJ42-BKM,35421,enabled,54572628,201208,
5IIuuo7Kp8M,11547,enabled,13170755,53187,
HLVCubFinpc,13,enabled,72484,309,
b6xf7zyWSF8,114,enabled,29719,631,
PKrMIINPCG4,15,enabled,66978,550,
41Q20KkhOug,893,enabled,463479,10718,
9DB-ZpcsGaA,283,enabled,447917,2526,
q7kJdvlK85Q,681,enabled,423581,5818,
p7kgQ24yfhk,393,enabled,509482,4452,
PxduVIdc0Lo,6,enabled,1969,14,
R-XH7ylO5ls,2743,enabled,3685888,30301,
ZscMZOBOM-E,140,enabled,1063317,2504,
5gahk7WO4T4,129,enabled,32421,506,
kFw7qON-Vgs,6690,enabled,8150931,74800,
3u40KEhfBI8,1,enabled,3357,20,
Vgj70MSUFho,4335,enabled,757293,5510,
tR1qQ2CzNio,115,enabled,59546,1125,
4JiVJxkHaU0,2783,enabled,2687410,22654,
NOX3oF_FJkA,2172,enabled,6725608,42877,
EmMOSk_Dbuo,35,enabled,15592,115,
eCQLWGs0qQA,546,enabled,255229,3159,
e4ReKdhb_Gk,9661,enabled,6332374,48887,
glsOzrSvh2E,464,enabled,149491,2098,
0dC_4IqXgTs,2261,enabled,7452462,41639,
T83lRJk6hHg,1417,enabled,370634,7859,
YDRWr87yTlM,661,enabled,8340306,12818,
k1cFYwviYos,467,enabled,1041335,5211,
zTUbEHZRd1k,2275,enabled,2027261,23196,
n1xxlxXefeo,538,enabled,279785,3929,
Wg2lFtVc2Yc,2392,enabled,10153534,54567,
OH1X8o3QUOQ,292,enabled,881850,3075,
AeshbRV6m4U,20,enabled,24448,229,
4yAyonec3oI,369,enabled,1022607,1572,
YL2qR5-WCZs,1022,enabled,517178,13627,
ft2WsStwHhE,22,enabled,5656,246,
tOyMPGtWbkc,2309,enabled,38921886,73187,
Z_DQBflcPkE,857,enabled,173197,3456,
oojkE5dx8i4,40,enabled,14003,320,
qemK2_0SEs0,1527,enabled,679312,7217,
pzkaYWs0WwA,15,enabled,16399,525,
6a2j9YSlVys,240,enabled,294279,2278,
tEBQwYfgyIs,104,enabled,42000,723,
7p_hPnZcwLk,55,enabled,13932,405,
Yb3UUwc-TBc,2111,enabled,978188,11025,
ar7K50LdDfg,161,enabled,75893,1657,
K-RGVLwvdSg,2585,enabled,2852487,20732,
-dCh9ynZ6Qc,348,enabled,64577,404,
fW9wb9RrYgY,61,enabled,16480,307,
w5phiNUwZFc,546,enabled,151685,2490,
paTnv1MsHq0,673,enabled,611803,2631,
DE1ciffkBc0,3373,enabled,1844886,12871,
80LkdCVRwcQ,1177,enabled,6795657,40083,
iOyhd9rO80s,10549,enabled,16843178,57645,
w-o84C8NwaA,6846,enabled,13833035,91422,
N24EfTHdJX8,368,enabled,716731,6441,
TzxWHqY-CFY,61,enabled,154540,990,
9sn5iYFKySQ,607,enabled,681369,6233,
Y6U739ndi-M,89,enabled,55325,1969,
UEBkoIaGyxk,4727,enabled,2674479,32728,
TAVkKfU6q6k,70,enabled,14486,317,
iFwpLT38ujY,982,enabled,199119,5993,
nagVeYYt13s,1597,enabled,5772048,27523,
U24_BP8etfE,1598,enabled,585327,5373,
Il_KGsw2miI,38364,enabled,21371543,189294,
UXoRCKm6LaI,1293,enabled,3681123,16733,
Xg6wzrc0aNA,848,enabled,2182723,5060,
F9jvBCnxu24,2224,enabled,6707325,10866,
y4x8MRWULt0,171,enabled,123972,1409,
6o3suuYv0mw,67,enabled,20354,436,
Kt8RupLIkBQ,49212,enabled,24580970,342862,
qXM-r36L2q0,707,enabled,191889,2084,
TEiDNaxMrj4,342,enabled,573226,2984,
NsUeszNr58c,23,enabled,16700,174,
vW6zm12utnQ,573,enabled,917733,4657,
vADCp9L7uJ4,8494,enabled,8114177,69657,
4jKYHDxUj3Q,10751,enabled,9259279,132817,
WKWhdahMYrU,2,enabled,1564,19,
6pMZ3_o1YGs,5272,enabled,5714141,36036,
aGhYbKogjCk,405,enabled,81733,1242,
h95BNaTdHwI,2875,enabled,5664435,33907,
TbDy1JheDhg,749,enabled,2259030,11331,
5hqaqQ4Mb38,2096,enabled,1651557,12101,
tBS2vZ9fwao,2036,enabled,883477,17170,
_fVpa7_bF0Q,18747,enabled,3912138,60446,
Xm-X2GEUrOQ,553,enabled,863554,5263,
ESUzfPRHJS8,145,enabled,66105,803,
j1VEbGsnr90,1519,enabled,3732410,43578,
lMFLORlboGI,360,enabled,354728,3228,
7XOMkCCl-TE,2874,enabled,12116151,144082,
TJl8hYTQIc0,12932,enabled,9479822,114167,
UMtOEvLQMBM,130,enabled,57958,1341,
Hfzg8Hy7tuY,470,enabled,1985205,34438,
6fTMcXOrF_o,199,enabled,249631,1984,
JkDS7bRO7TQ,1504,enabled,808947,14008,
jXkY_StDW74,26,enabled,8913,147,
PnZjEyKwBEc,62,enabled,72095,491,
Dzu8yXE4KNg,1627,enabled,874498,14016,
UlgbwGHF8GQ,8184,enabled,4219470,20647,
0s7NW8ji2rk,856,enabled,680561,9773,
xqpNZQTi0Ls,43,enabled,93694,486,
-N39QeNqhBg,117,enabled,9109,131,
slrO_8ud1Jo,6508,enabled,9774027,111436,
lqbfBIz22kQ,832,enabled,277403,6065,
NHjnAOD0rx8,5922,enabled,1245397,17694,
DtYDAcM4Rjs,233,enabled,167134,2655,
3L2mijdPoos,920,enabled,612378,3394,
QTCHPglmCGI,521,enabled,1235595,3064,
h8xuGS-vPA8,26042,enabled,10402931,91352,
2bha4Dhiprk,324,enabled,224098,3573,
znebYZMlPOw,66,enabled,13122,383,
ARFu2I2s1Z0,80,enabled,35542,1010,
5CII100zf7k,394,enabled,29857,264,
deXqwzQcABA,16,enabled,6479,503,
LvBODTFs28A,5191,enabled,1468302,31427,
5fIaUK1fQwA,21478,enabled,15479310,234178,
mIvxvCPVQyc,3799,enabled,1532344,21923,
iWax16ko5dQ,199,enabled,2612871,11549,
fAe0vxCIB78,231,enabled,344026,2586,
E0tiP3GcRF0,1453,enabled,6768881,21849,
PWjEwV48rbg,4566,enabled,2559977,35593,
VrSGBwQGuMQ,1234,enabled,8879990,131934,
YBWTq9oPO58,1139,enabled,430669,5157,
3HZS4Se02TA,2265,enabled,1243505,14878,
miT2vIDz-4w,54,enabled,75025,864,
EuyXF2wz2Ds,119,enabled,45345,981,
jsUuHKnOPTI,1666,enabled,6800510,23517,
uh1ehyDBtKg,296,enabled,54542,1182,
6hvsUux5l4s,17,enabled,36475,238,
yWhU40m-6uU,35029,enabled,35742957,465167,
Iv6wSneHKB8,13781,enabled,13054678,164492,
uiYdieEIa2s,138,enabled,143404,1189,
2KWztLOQaTU,287,enabled,122342,4959,
Aw576b3vubA,263,enabled,444349,3476,
Hb3zbnU8ylw,309,enabled,728320,10676,
4DI0nz0G5dE,199,enabled,109058,1076,
bbomiNd_EuI,118,enabled,150247,2734,
xrLw94oC6D0,1763,enabled,1936993,42269,
ipoy0oPMgfQ,38,enabled,13350,288,
ST0c3xuWx0Q,715,enabled,791469,10306,
Bnpk0djOIhI,386,enabled,403816,6737,
-IWk5NkxQF8,3755,enabled,18670523,163698,
H1YrUqwGzzU,331,enabled,5031533,10645,
Su_D_EfHryQ,1344,enabled,656181,8903,
0o3ENJLcVh0,78,enabled,51897,461,
TnVrwtgf1K8,61,enabled,26020,563,
d9tNcboMwTE,1563,enabled,2489877,18851,
enZmWB9aH2c,121,enabled,127842,836,
NW67c6igkOs,542,enabled,112497,852,
CZEuG0rN8r8,0,disabled,537088,5624,
2RstiSCRE08,140,enabled,33855,965,
EopDXM4A0HY,27,enabled,10370,257,
O8TttxvDaws,3266,enabled,7300152,73932,
ZuefN1LCMiU,10964,enabled,8671270,39860,
55x_TBVjt7Y,0,disabled,875771,2101,
H2DogI4sVCs,220,enabled,48341,795,
crX8Zzr7tyU,14335,enabled,19226559,113346,
9qOlB8GpHqY,856,enabled,1197716,5091,
IXubzeiDmD4,50,enabled,66411,643,
FZGZaM8HuTs,121,enabled,30013,392,
nVThCKvIUF4,532,enabled,659707,5060,
8ACSMweq8MU,106,enabled,23259,859,
Hd1c9VNdRW8,419,enabled,1099810,3959,
Hr_mlGmKVko,1650,enabled,114274,1426,
-3eSDPZxOD8,2321,enabled,312053,3543,
fzjSDDG2FcQ,467,enabled,366138,4503,
1cqw8-ongtY,154,enabled,229261,987,
FTI06Qh34xo,2138,enabled,1527873,21340,
duKwGnalv6s,640,enabled,890733,4411,
M5SgGlx_lls,779,enabled,5145401,18974,
XKCZUlWcOTM,162,enabled,91493,2008,
tHdv5ZrSgYg,18,enabled,46493,217,
nwcWynXqlNs,199,enabled,111810,1806,
0Jon60rx7A4,21,enabled,16645,203,
fjBr8NUHJtk,237,enabled,142286,1729,
Hxsbi2IWlRo,45,enabled,16031,624,
wL2zhikLm0g,3081,enabled,1876263,27452,
oney3Y3RUFs,119,enabled,151825,3877,
4zJ9LhUgy18,2818,enabled,2190302,18478,
AwvzRAT5TRg,166,enabled,1638928,4598,
Y9ebAMzt-oA,12524,enabled,18409579,88305,
6ue1z_JzWtU,468,enabled,141293,5177,
NaA9Mwo9fyg,163,enabled,47027,527,
pfD3AsJjt98,245,enabled,87800,2252,
grYMnPN9sYM,327,enabled,243208,4361,
gidVYJsVwdU,7470,enabled,3095454,43159,
RT_b-XvC-Xk,718,enabled,1985782,15065,
WGGx3L-lrNg,2954,enabled,1904406,22196,
L3kE4199ViY,83,enabled,22907,146,
1XALOZptyyg,1472,enabled,3910212,10534,
poc3gz4gGFc,74,enabled,59198,1799,
pcET2e0x0PM,0,disabled,2902730,18292,
IePmkne_VhQ,491,enabled,483472,3761,
4TjoPCOWRI0,1261,enabled,1933386,31933,
Dxl8pzV_574,89,enabled,34551,1279,
lKWhEYyqlaI,770,enabled,168357,2151,
HmSl4g55PYk,803,enabled,250192,3017,
AMeDBH6TccI,1619,enabled,2565396,22588,
X25OnF3TQys,28270,enabled,9791708,119985,
nNOijkGjH1c,0,disabled,630002,1458,
_Wu4LlKTHOs,345,enabled,62663,2184,
YvHTzWMczGk,70,enabled,26834,735,
PvJxxQ79pIA,8285,enabled,26718732,71684,
rQFZdcPphwU,561,enabled,2376166,16775,
cngxhYvzVJ4,15,enabled,7951,106,
rsda9zcnEZE,656,enabled,2041894,8095,
kQYbLuYqoFU,4047,enabled,2426533,10917,
VUOyEYZDz6M,6,enabled,18276,65,
apOM8Wprb7M,54,enabled,398735,2067,
h2BNLiuh_F0,1011,enabled,984499,6974,
RKU6x1n9Hak,0,disabled,218634073,664581,
gkgF9lZbGHA,1011,enabled,7020050,19118,
2BYirI_dfkA,1182,enabled,2075378,13331,
9-uwrtTzYOU,642,enabled,273304,7487,
FETn67CkBfo,213,enabled,625744,6843,
9qXKPLek4I4,2785,enabled,1646088,36258,
2eZeAKxZzC4,116,enabled,16380,309,
2Cr4ZdLghWM,832,enabled,365956,2903,
86ltPV7Ku0A,8245,enabled,27402108,177406,
tauNqKD8aMg,3539,enabled,5752698,31069,
bw-QLnmfxBI,19,enabled,127289,764,
RrpHaJooAAs,3155,enabled,2772394,26089,
x2JzKy5c6PY,7751,enabled,9900718,87494,
hZLahqMZ1Z4,929,enabled,1128090,8912,
kM4K7YFSCgM,5354,enabled,782885,19996,
ZWTYKbewc9c,1,enabled,1514,6,
lDcEk5bcdMM,2518,enabled,10457,304,
JKag3pPxJuI,6,enabled,2934,49,
xjZJhUureKc,48,enabled,71607,383,
IHgRGn18FsU,841,enabled,280656,1014,
3uR7Me4s_rY,824,enabled,291690,3955,
fIj0urpT6Cg,373,enabled,247297,2722,
MAGAqGKfdNI,3480,enabled,2903812,24269,
Z00z6Aq-Jdk,291,enabled,316169,4817,
5CVryVEBmjU,22362,enabled,5858398,68428,
NOuGHlQSQig,3116,enabled,6800370,22331,
ZVH4zs50IQQ,2229,enabled,1104377,14026,
YZ07dhBmuds,24,enabled,12153,141,
OxMrufFJQMk,883,enabled,227534,7550,
Uw30gWESpTw,2667,enabled,7569218,36050,
YoljB7kIikY,4680,enabled,58717636,54874,
qcdgfSwh81s,133,enabled,438160,3108,
fgSHlqSsGMs,1339,enabled,578579,12555,
0tfvm5ISrBA,530,enabled,892095,10185,
mjpaPLnpzlo,6838,enabled,3250849,19763,
mV3Gl4oh97w,0,zero,2611062,25542,
W0uT01T1hRI,133,enabled,81904,2810,
5BaptfJtJ8g,2201,enabled,12587473,60866,
fcn5XSIT0kM,897,enabled,3314152,13100,
NLp3welRSNw,4085,enabled,3089631,28047,
_UIDEBOhoqQ,69,enabled,43413,488,
6nVuijKIZSY,227,enabled,94809,2075,
QCn6y5Xk4Yk,324,enabled,106107,3173,
k1nh9XaiYwk,1685,enabled,2093211,18025,
tnqIyZIvqNM,3011,enabled,906364,6915,
Rx8yfYRQSTc,4261,enabled,2861769,38061,
UTxfvBQcTMQ,569,enabled,1711528,5883,
zhrmXPxH7E8,2983,enabled,1461169,17788,
JMrGNOmza64,133,enabled,66017,1245,
C8_9wEKIb8o,612,enabled,489482,5362,
2oY4JgIU0XI,391,enabled,244325,3638,
kkFFq11j6dQ,35771,enabled,93557697,1299207,
Xqi4Wcm2OOA,985,enabled,1153003,7715,
WvnV4w4PAjo,148,enabled,19831,230,
IehFRuebSno,958,enabled,896508,11085,
nwecjd336Po,765,enabled,497377,3486,
GAZB-6ZyO9w,83,enabled,10151,127,
3D859u2_E8k,0,disabled,2139057,30676,
hG4eGUv5nVk,120,enabled,34260,1626,
Ts44hYDhsJQ,9447,enabled,4719505,45150,
0YwlBl8WLb0,1507,enabled,2412840,13730,
-eaoYMqPHdE,9,enabled,942,11,
ab8pYqhSKbw,1438,enabled,19940193,32598,
KLjJykkJTJQ,154,enabled,120004,2604,
gUmNROSYGjQ,6933,enabled,13354790,67411,
jnDyj7Gb8cw,1982,enabled,1613742,31491,
RBaVeVBhRhI,139,enabled,40506,2503,
aTN8HtBP0W8,46,enabled,28322,256,
agB6cYYsQsg,1143,enabled,554730,2695,
9HCyvFCIgF4,946,enabled,1342387,10853,
vYhEcf9eNa0,118,enabled,37680,1075,
S9KBrj8JcKk,75,enabled,24386,139,
GHhFtkGfaWU,0,disabled,15934113,65324,
2nSpQxpBcbY,412,enabled,1931047,6619,
8QmH05ejvag,0,disabled,9138844,22788,
M4h6VESyP3s,180,enabled,176706,3584,
8uP-vCRGbsA,0,disabled,905697,5792,
PYFtChe117w,2602,enabled,2354385,43037,
ccJBwI-jCII,1592,enabled,887685,15929,
kcxIvh_J7gw,197,enabled,83156,1515,
mqZVcHikifU,63,enabled,102963,543,
B-ZSw6JaD5I,262,enabled,31408,797,
6avmcxEAsyw,23,enabled,11055,221,
XqqEUkiyk8Q,1234,enabled,1107931,8165,
Qoo7_9uRDbM,2322,enabled,7693343,55795,
JR9QBiyRRgA,2784,enabled,5974411,37236,
GjxTd9Sm-3M,141,enabled,196546,2208,
p-F-25ZmaH0,512,enabled,279929,3552,
YmwBSzXus44,154,enabled,32031,341,
n1dV7ZOrPJU,119,enabled,20745,960,
QnMAQbK_cko,190,enabled,139136,2442,
RZllika67LI,2423,enabled,882570,11634,
TaGgemDobLg,140,enabled,35416,1159,
z71bRy2pY08,0,zero,2689267,28375,
XayNKY944lY,17444,enabled,8084291,236776,
5kW5K08wdvI,1377,enabled,805086,5069,
w9aaVBqUllI,1096,enabled,863850,16677,
DiBZcvoxhjM,0,zero,1737831,2397,
Bvwyx8IxDYQ,0,zero,554115,10814,
lK23-zm-qQQ,447,enabled,1237436,28140,
ByqIiRUuoQ0,1273,enabled,4457376,22431,
EJ1UFWRLxeo,0,zero,11527271,79111,
xLptmqmMWtU,1378,enabled,1054836,6150,
aBxlJkcHDSM,4367,enabled,10283803,77613,
Wmu_JTm-o1Y,1,enabled,2704,21,
uE3au-1ji8Y,102,enabled,20610,113,
90lejF5TzGM,6037,enabled,4561069,75540,
XeCyi5jNQmY,26908,enabled,34087579,288085,
7h9vkrbP7XY,498,enabled,291569,2609,
txBN-zGSHxc,1226,enabled,6638767,24822,
p-216-Y6Cac,443,enabled,426699,983,
EbEiByQzBOQ,15819,enabled,13399861,642648,
j6uJkI9DE14,14358,enabled,5910535,127623,
wplX6t4S7p4,3712,enabled,14766255,26692,
-Of_yz-4iXs,9800,enabled,4841923,109539,
KjVve7b6-YI,1149,enabled,1876621,19279,
_iTw4EL_gAc,1998,enabled,1749555,32133,
CgQfRod_Iv0,4293,enabled,2201843,18553,
NJRYzZD87js,14875,enabled,5070726,54169,
5imXD1LPnwo,957,enabled,742707,12224,
aWJqGZzzXIU,352,enabled,206948,6673,
p8eHl2ZoztE,0,zero,6096617,13886,
84a-6tSI9go,2254,enabled,868092,9375,
YUBhXDjEDUI,6,enabled,53227,382,
b5YH-4HJ_08,604,enabled,121775,2848,
j3LXPmiEB-w,778,enabled,534792,23887,
nIcvnU9t7S0,2571,enabled,14131374,146978,
dL5eNfm_Ze0,546,enabled,206146,1348,
lEXBxijQREo,7068,enabled,18882429,358708,
rqS0wojA_ug,35,enabled,21970,148,
AtSPaYSzOkc,646,enabled,415879,13607,
Hh-N_GItTWo,2553,enabled,5335130,59911,
vJUXwCDKOKc,270,enabled,760014,8215,
AjRJzTfjucw,1017,enabled,2081107,17433,
3MqYE2UuN24,27352,enabled,20764260,509375,
qDjr1PieZ0Q,107,enabled,430002,644,
Dj-cIsfBVn0,0,zero,821,10,
gcQ7LHsTNdc,2932,enabled,1640013,77408,
BxCuyeptGMA,3541,enabled,2043464,72255,
7y9CLWJvia8,8851,enabled,15230312,226834,
_Cv5ldhxpLA,899,enabled,463078,4632,
9CMhvvcjuF4,4,enabled,43111,234,
0GvPi20-PMU,0,zero,3325670,10206,
_WGmcdPSSsg,16665,enabled,13792948,352913,
whV5oQDvVWE,2198,enabled,2672080,38182,
h-Kzub7YXQM,0,zero,1179367,2048,
WqfzXUIq_rk,1077,enabled,1675333,7721,
mp4GBpmRTUA,45,enabled,188828,1454,
cuza_ivea9M,0,zero,748776,26143,
FAPw7NJSd0w,626,enabled,308241,18567,
zPCSzcEJDeU,240,enabled,163171,5303,
oz-XiYNCo7o,1896,enabled,12162965,33148,
qG2SwE_6uVM,1144,enabled,4388557,45846,
cg9jK0H4lL4,15375,enabled,15215804,370519,
NL9lQ-DiL80,35298,enabled,21535757,188918,
fzw11U3JnN0,145,enabled,59523,318,
XKhl2QQUCOs,1337,enabled,539559,12728,
13GQbT2ljxs,1237,enabled,5202569,9601,
_QxnRSgbSCE,0,disabled,652773,9776,
-GwG1_TkhQI,2012,enabled,1040066,4724,
93vjY9RY4-k,1150,enabled,2213848,4456,
g3GhDWMb_3E,11185,enabled,7064437,142164,
zLLUexAdrjI,2233,enabled,4686407,79352,
WBZHdbfuFtw,36619,enabled,8226760,107709,
7Vd1dTBVbFg,8946,enabled,10110627,120593,
GyyW5GssEJ8,308,enabled,851984,5033,
O5dESYvuzdc,1,enabled,69218,6,
BVn4wmJEGWI,12,enabled,59465,81,
C712ijrnvwM,164,enabled,151528,304,
KDM6ojYCH1M,0,zero,45260144,74248,
HGEMscZE5dY,3374,enabled,3142443,29431,
tywH7Dxw4kI,0,zero,19243808,221859,
0XrH2WO1Mzs,94,enabled,590571,3623,
zkR_E8jw6qE,597,enabled,3107604,21666,
Xl1XBJLfIDU,3952,enabled,1499563,23927,
q430dWj9sG4,4619,enabled,7901746,172853,
wXGkeTEdUDM,1204,enabled,5027219,19541,
VfOR1XCMf7A,3353,enabled,6201914,52175,
tZcySbmO798,8960,enabled,28279455,284239,
RehCW0KM8RM,2990,enabled,1750487,37022,
oA33qsdC2L8,329,enabled,300028,7046,
jUBak_x449M,5,enabled,24940,120,
tmUximhgYnI,3300,enabled,7993339,107182,
4lHnT7cSgRU,3984,enabled,1642095,32639,
LGB6ZEjGm7Q,5230,enabled,10574394,173270,
VmLuX2G8OGk,28,enabled,30507,120,
-33wt9KKGxs,784,enabled,128529,1071,
WFA7Jg7nit0,47,enabled,23458,532,
wgsYH21Gh0Y,1397,enabled,4549840,134573,
NC8p8ez-tCM,561,enabled,3101312,43279,
a3sviTa8hZw,1377,enabled,3448166,12419,
W3u1ilylgLc,2573,enabled,11825678,77949,
ExkzLItTh3Y,1359,enabled,1717908,20087,
pXCCBeuMWLo,237,enabled,4999453,3191,
e_FsexOFYzc,600,enabled,405050,1874,
Zce-QT7MGSE,28799,enabled,73934916,384585,
K7imG4DYXlM,1897,enabled,512169,16507,
UaiNoRmhCg0,1885,enabled,4781376,43317,
RSBiXhgBl9E,467,enabled,246218,2169,
MtCMtC50gwY,5797,enabled,12916925,75686,
Um0eXp8BXZM,3817,enabled,3378181,57089,
1l26UFQ06eQ,24856,enabled,17335448,285068,
cKe4DhsIcsw,5547,enabled,6374960,249659,
V6Tsrg_EQMw,7649,enabled,3660252,26110,
-nNZTnMczeo,9536,enabled,1632562,14215,
0uSOiu_WUDw,3249,enabled,6932171,65018,
yX8yrOAjfKM,19283,enabled,18603623,218966,
KbvfsIVYcUM,12,enabled,11254886,10159,
YfReIQEQeDA,2560,enabled,3392927,36315,
engSFG20kaA,0,zero,45099786,272181,
LZOfMttL_Io,2597,enabled,1252691,17754,
_dHuNPs_O88,3801,enabled,1234197,22521,
Wp9NUrNssv8,3220,enabled,625997,10070,
3zDHSLDY0Q8,9300,enabled,31030455,267985,
WT3TwF8oVis,3821,enabled,2221390,111098,
NHA9Ffaal2M,5211,enabled,10748835,204342,
bkm5InNH7LM,406,enabled,212390,917,
8RETFyDKcw0,5276,enabled,3482654,27237,
diZWOBb_5j0,4336,enabled,8621410,109507,
_GfrmVnmIwc,38,enabled,22918,213,
d8sOXwlJkto,50,enabled,32080,135,
DsiayV5LuD0,0,zero,8790869,23211,
5-f92FwB0XA,1161,enabled,3312937,40450,
QOCaacO8wus,21435,enabled,14190305,303711,
yrtzCt4uZnM,239,enabled,35023,159,
hLrFyjGZ9NU,26263,enabled,27077644,355168,
DCHrh5AUv3M,16,enabled,149656,479,
wgPymD-NBQU,7394,enabled,9881953,178536,
mpaty9VujYk,5187,enabled,1360771,11927,
3bOFEXrE9RI,41,enabled,148441,600,
FMEe7JqBgvg,12585,enabled,5316463,54792,
9PiYQOzvG80,36,enabled,173788,776,
Qwd25JV-jnU,30051,enabled,12930200,388664,
wVDzxuLKdbA,115,enabled,3020868,1740,
3-Mg75awALA,6215,enabled,10727153,129147,
ZNyiEnKBocs,7867,enabled,1463806,23275,
wBu0JxJHBPI,71,enabled,86126,265,
KC3MutXeqHc,803,enabled,1777446,16286,
pSGlyffKFFg,57,enabled,1100963,726,
S5zD-KTVwis,0,zero,1082042,4530,
2uRmYZiOF0Y,712,enabled,492259,6834,
ae0DpMRmuhI,5319,enabled,3374949,74137,
0FiVTpGLtXc,2509,enabled,3445992,43079,
YMQ2Uo4aAnk,48433,enabled,41008829,348364,
JYM-vPKyxfA,4393,enabled,8044732,166876,
C5-I0bAuEUE,5017,enabled,4408858,76891,
ifXr7LORNCo,118,enabled,116014,959,
vmpSyqa5kXQ,2650,enabled,83973005,163315,
fITP0H3OVA0,2095,enabled,3782704,35725,
74tZ-yOOPy0,3782,enabled,4943035,105270,
-6BsMzc9mMs,13143,enabled,21427405,221262,
WGs6nvhm89M,5215,enabled,10823018,138963,
dFiCjh8iHVg,2288,enabled,1571426,28575,
QfviLG23lUU,369,enabled,465305,24451,
_-zawfC3s9M,151,enabled,326089,1896,
s_rCF-ja6Q8,228,enabled,419348,2291,
fTTGALaRZoc,8084,enabled,10809499,205352,
MAgfgxsBTI4,2053,enabled,182559,1174,
fmDz9mF109Y,0,zero,1480,11,
zVuuooZqVaU,2839,enabled,15029177,89159,
BemsLUldVAo,452,enabled,540961,3755,
SwW5hwX47MY,75,enabled,155865,518,
B8k8-YXAeb4,811,enabled,591829,8015,
u_G_1W0xu_E,16993,enabled,4764505,59275,
PJXx8bdrw0A,744,enabled,1920384,13687,
yTmxYN4rZo0,41,enabled,49494,1815,
pasdC5q4GRA,22,enabled,15594,111,
9DTsdSdSne4,421,enabled,1255772,6883,
BtgG08pKqmc,2288,enabled,3012137,20926,
YKGSgPSZ-4k,5647,enabled,11960995,135845,
F20hTRZdB8o,0,zero,1846432,3589,
tODIvUmH6cs,152,enabled,238075,2187,
1KEe_615yUE,1360,enabled,688993,11479,
nIWZT8YAXjE,0,zero,475215,563,
Qrz3zysD7cU,594,enabled,563957,6143,
N7_2ru-u5RA,479,enabled,117237,825,
evzWEXpW1pM,2832,enabled,6115435,100245,
mVKuCbjFfIY,5381,enabled,5889829,80755,
ujXXjMm7zio,11,enabled,5157923,6416,
OMOVFvcNfvE,60357,enabled,79542004,362739,
ECmKRGTSeYU,367,enabled,230950,4720,
B7Lrwe6wwig,31312,enabled,24999301,548430,
DQkKJBKGAwA,1780,enabled,400871,4587,
O0ZCSQF2sSA,8118,enabled,7459706,143977,
oCEKMEeZXug,1495,enabled,2528208,54642,
v5e4gwDGrNk,7280,enabled,2891874,79624,
ACHZrvF6mTA,950,enabled,2223312,35833,
83pvjWUyLsQ,1143,enabled,5322692,17472,
x6i9q_9g-Dw,1145,enabled,528400,29405,
_BiODEobbug,2289,enabled,4852066,56229,
5aKck0HFWeI,66,enabled,277195,1300,
1egKAtC16e8,88,enabled,34330,1292,
sAMlGyaUz4M,675,enabled,573226,19663,
dfqFEiP10_E,4760,enabled,2446769,18540,
UF6_auTD4lA,2,enabled,3289,30,
bv48A9BSews,457,enabled,153383,1041,
ZlspTKY2Meg,4314,enabled,1869929,44260,
mT9hzhJtRvI,1330,enabled,264708,4720,
zkbPXIxrTgI,1497,enabled,7955894,36670,
LmLkPBut8nI,3753,enabled,3954592,36553,
Q6RrzJ7u_UU,1815,enabled,7036160,57761,
1pFww_EaLiY,551,enabled,892029,5167,
EbuCLC_wVlM,854,enabled,2475039,48048,
PmxevAwOGM0,13,enabled,19006,125,
h9bzQIsQMAI,3157,enabled,1252889,31421,
g_2VZvi0fQ0,4897,enabled,1686634,26646,
vJkfrY2owb0,10584,enabled,10151750,233058,
ZkvYk2R1Keg,1277,enabled,2075380,117828,
08vIy0y1N9I,10735,enabled,12170725,231834,
H73cmY-JAIw,15878,enabled,12240508,131277,
AC2xbVWVKTc,23,enabled,61683,430,
yZUFHHnQC7M,8,enabled,25335,68,
L3fur5uJ3BY,8,enabled,354805,55,
b5Kt7uY5Dw0,0,zero,5035417,27340,
0emuOcTgBQw,179,enabled,490943,5605,
LjbJELjLgZg,2652,enabled,10309971,14833,
NUuwbs4pyaw,1232,enabled,2889600,38039,
KoQ2UHVIAUA,2172,enabled,2598821,27838,
VztSdwYPFCE,15153,enabled,7714712,246447,
KMLtcLEAotA,11,enabled,51745,358,
JQBf6oL8YoM,1213,enabled,490228,12755,
eYfY-AIC_WI,625,enabled,483504,10269,
atCA7JWOi_0,9275,enabled,12668256,261721,
kwIliTGqtnM,58,enabled,158663,1250,
hZsr1Q_qsTQ,4295,enabled,6339551,207566,
q8hHusVVlv0,22,enabled,15662,80,
P9YTKb5PgR0,5169,enabled,4751988,59009,
Ic5DdDauuh8,3263,enabled,2946253,29093,
5go5uFVzPdU,2835,enabled,5630463,61108,
OwAL5TetOdI,13517,enabled,11568911,246307,
u70lZSMP9Bo,1880,enabled,3234480,30748,
LqdU0AsS3iQ,1800,enabled,2160696,37156,
06t_KP7y8Ao,4960,enabled,8441714,190723,
8kaJJGWYXxs,1245,enabled,3458016,33098,
naz02CRDVhA,60,enabled,20225,91,
iQfsqcpXhh4,594,enabled,253876,1345,
wk4mVzmdGq0,570,enabled,540357,3406,
-MIW5I7TlPQ,8,enabled,23965,116,
1EvqiGm0wz8,5966,enabled,21911643,97580,
K674LKBUukk,3881,enabled,3248489,48749,
HjlmIREzkm0,915,enabled,1509030,7103,
v6WdrNN9j8w,4998,enabled,14325096,153529,
7a6irhXRudo,1728,enabled,2229959,18589,
_y6H6KbeEwo,460,enabled,287387,1442,
ZVNZqL642fY,7460,enabled,4256249,64061,
HpiI_A6VGF4,1802,enabled,276759,6565,
taRTlG4Omr0,692,enabled,779286,9129,
pXa0jVnov3I,1206,enabled,2995811,34385,
yY9hjXWhZ1A,0,zero,3911607,5981,
Ko5DIpYcgqI,1423,enabled,2441011,21231,
M4BvQ70MS7s,0,zero,2863949,7518,
GdiwwEPs--0,18,enabled,15998,57,
OommZaQy1n8,422,enabled,1598113,59326,
3_4v8jni2Ik,5591,enabled,4952088,306615,
iyhm5dn_LrA,0,disabled,1046159,6772,
286cPY8BiwI,1502,enabled,1410363,6457,
MtOiRhapfFE,8343,enabled,3431804,99334,
itO1r0TrtW0,12646,enabled,4301922,39400,
R6hU3nhudRg,14312,enabled,2807658,46167,
ij62GTOGc8U,2118,enabled,613956,9798,
DKnGJa9smKQ,16,enabled,657840,879,
xFQ_fO2D7f0,1596,enabled,2133075,34898,
B3WbJS6Za38,15,enabled,81108,967,
JN0VtHez9xI,12548,enabled,6380833,87081,
dFoRGOAdVh0,0,zero,625,3,
y1OhC9h3flY,4518,enabled,5143992,53621,
yhsAyVcUJ_I,1122,enabled,488923,17802,
7pOAsXK3bYs,1505,enabled,2337582,13925,
iZUfPIKbgUM,3295,enabled,4260604,100204,
DXwmRQbW0vE,0,zero,425002,379,
rQnYi3z56RE,8361,enabled,17935012,141235,
bS3C-8889Jc,643,enabled,167136,1899,
tWEBbYoDaU8,11375,enabled,31210327,240645,
gQQwOQLErDU,2398,enabled,1946741,21616,
aTM1uj5qEyM,651,enabled,2314409,15433,
xRP9XUOSd_w,0,zero,2446811,10826,
RH3I-IE0Xhw,968,enabled,10533841,44231,
x_AnvqZPSPU,344,enabled,79172,1570,
E_7EhU5Y59M,4589,enabled,8757219,197572,
EigBy1nM9c0,2978,enabled,1911005,56263,
nFpk8jvG9Ww,1720,enabled,773783,5008,
dgHx0zA_dS4,440,enabled,528491,10303,
Mfi0SDovNVw,0,zero,6289787,35877,
PJwlOvxaQzs,4,enabled,36946,51,
8yZ8Gg2UhRA,1099,enabled,869174,8272,
qOTujXO37_c,0,zero,230503,884,
52ZlXsFJULI,1594,enabled,2900720,11700,
ZbHVNauutSk,35,enabled,83521,291,
3FYRwfKNHxw,2043,enabled,2453930,17589,
xGnw0PIq36M,4,enabled,44772,566,
bYZqHPneaYs,154,enabled,81925,772,
8fjxv7U4wQI,2747,enabled,7688633,43230,
PhW6YpD4nUM,3028,enabled,2290124,62092,
HEYbgyL5n1g,5969,enabled,4943863,73348,
3pc1p-sQv_s,0,zero,2145440,23343,
AN4KifV12DA,1874,enabled,2308940,21974,
h_uBshFXN9c,0,disabled,2527304,21857,
fqjd_7h7LNc,0,zero,12239928,22812,
SUMLKFMGWI4,63614,enabled,26846895,173485,
pkhE14Rou-E,10728,enabled,26259163,215837,
sM0flzYWjcs,227,enabled,26071,1488,
hW0K_8AgJmg,2055,enabled,5190143,49608,
EL1wN_ihL_E,7135,enabled,16224963,190566,
3MQeexi0FPU,12582,enabled,18765477,401737,
DD4PYgJ_L7U,0,zero,20502238,32157,
K2cQOsOmZmk,1378,enabled,1954987,94637,
bF-Leyr0eAc,2155,enabled,950954,7150,
p7zA9C4SItw,703,enabled,5989125,16611,
UYMIgnw2FPU,5419,enabled,2639251,43002,
Gq59egL20dg,18728,enabled,40495219,399917,
ITz0cpG8nmk,217,enabled,199209,3722,
R-g_BpFetuU,6603,enabled,13432099,144795,
OFG_OoiMhWE,693,enabled,566041,9585,
aGl-1nwahCA,18875,enabled,16797286,342202,
QvcFRgJwE2k,7970,enabled,9932963,253392,
kum8asWPUkM,38601,enabled,11673440,324132,
rsAw_QQTwzw,191,enabled,506490,1586,
HbaP5MoLIHk,1211,enabled,2688280,38636,
LGAfo5unZaw,643,enabled,281025,9633,
u4lGRwcF8tg,17,enabled,40373366,30760,
OM7B56xok9M,4179,enabled,5106448,89391,
jY8jI6bBMaY,120,enabled,205893,617,
o7tpBXOLV1E,4271,enabled,1346484,5325,
ti2Nokoq1J4,9033,enabled,6283964,38321,
XNgcSqTGf1Y,536,enabled,1055836,5787,
xYOmJ0f0uKU,173,enabled,156315,607,
6eVapiSGin8,105,enabled,928197,368,
Cb6Wl1GcEts,1145,enabled,198785,2788,
BagY2Mnz-TU,7062,enabled,13223660,192039,
VPZRxMF86bw,0,zero,3493,16,
_1PxRNX38w0,0,zero,483076,1354,
-e3T3VHmEkg,11945,enabled,2526157,33405,
evLR90Dx79M,1141,enabled,1727596,13426,
fGMfOcXSn1U,117,enabled,225543,1380,
v1d7UvKWh6M,3558,enabled,2161553,49022,
AxG14lbL2Iw,3400,enabled,7019963,78032,
iS5WZoQGP4I,10365,enabled,10991092,244161,
FJB7gbjiJKw,30552,enabled,20029107,424082,
Da-2h2B4faU,23289,enabled,26184036,712626,
0QjF6A3Zwkk,5016,enabled,7647375,64641,
EVGaOGNzyx8,94,enabled,284174,945,
PLCL14F75LA,71,enabled,67258,235,
1A9epPJraho,3640,enabled,3087568,85751,
fg0jWiNgrjs,0,zero,10547676,58880,
1CMEmKe5mS0,2219,enabled,1043381,8571,
qIjgIQweeYA,5801,enabled,9442652,80164,
5DoPeuOU9mg,60,enabled,38266,643,
-AHsFKK9YLE,152,enabled,72280,953,
Dokwnx4U1aA,1367,enabled,309300,2210,
9-z-0f5GnSs,1826,enabled,743419,18575,
EUvq3iwJGTM,17,enabled,21556,178,
V8GAMZqJqjs,410,enabled,3012225,5488,
RkQbcrzyAeE,228,enabled,365153,3087,
wbNeIn3vVKM,658,enabled,2273555,8970,
4v0bkC-_SgA,9,enabled,13266,41,
SkNaUiaGRxw,3660,enabled,8041338,154388,
UddlsDsoIWs,2428,enabled,5022771,86055,
VgseWz45zGo,4321,enabled,8602792,158103,
PnGAuJz4dMU,3256,enabled,8713348,147978,
fXf9-2JM7lM,786,enabled,1805732,16628,
lO5ehpdZ5Po,2381,enabled,1055943,25296,
q9fmMIEvQ4c,3350,enabled,3962681,84910,
WJfhB3Vj_G8,5470,enabled,9805770,162156,
WF_GCDG6Atw,122,enabled,161505,1479,
LVLHrSk1cSo,346,enabled,2713893,1578,
OS2D4tuvVXs,1069,enabled,403519,3189,
I50gWiTGyb8,2508,enabled,5521088,132409,
0C5o9CwHsLo,29321,enabled,20276644,458523,
_q4-sElR6AY,345,enabled,410215,3311,
iUDJPTm6knQ,0,zero,154587,238,
I31pi-6NgqM,17019,enabled,5451056,104348,
8BAbvdyZ-kU,0,zero,204251,368,
smHH5npSCfg,0,zero,22656490,44364,
XQLS0UiLOgA,5328,enabled,5630992,51085,
h6HLDV0T5Q8,1162,enabled,3072900,41941,
bWL_MVbpGT0,7477,enabled,3037868,106910,
kr8pN_xT9XY,339,enabled,141383,1786,
kOLpSPEA72U,2122,enabled,2533772,85075,
D1HFP84RXak,848,enabled,499318,15021,
m18YOM0iUZ4,1519,enabled,616956,2040,
1iCm8tYX-Vw,5662,enabled,9833483,77532,
C2aH0KqCf6g,6,enabled,17262,169,
Lf42yiZP3og,3178,enabled,3015419,78974,
TuliHTVEZXI,5877,enabled,7959685,82607,
oKc1n8viMD4,91,enabled,159912,722,
nxo4LLuTPXs,2048,enabled,622293,4278,
2NS1umhAAeg,10299,enabled,8234102,85326,
VOaa3CGqong,39,enabled,50048,315,
7hdo8zdA09U,48,enabled,118308,1143,
Jwg4pEdXV_M,0,zero,15539456,57189,
xPI36bKVCjk,3651,enabled,2859868,39931,
dcUlvCc9cIo,123,enabled,435413,2576,
ENchZIW5igQ,4264,enabled,16189985,49165,
Xr53S9vIbCE,0,zero,7208488,274136,
fz__skGcC8w,84,enabled,24924,239,
7c8xJjcsGwc,240,enabled,556373,4721,
oGLe0Wgfbyk,5119,enabled,8010008,125992,
CM1u29BeqC0,1451,enabled,878417,20887,
8RwrdZDeLRA,236,enabled,186416,3634,
WA6jT-QKoeY,1565,enabled,1445506,7929,
I4P2N5fyqbo,12222,enabled,18252748,748924,
lrDcZt9PMhA,575,enabled,198321,1107,
HWEW_qTLSEE,5,enabled,7738937,24294,
FIojMi6Qc_g,0,zero,2574446,7785,
HZbSR_R76GY,1745,enabled,2861647,36032,
pv0DMzFwEW4,241,enabled,559167,2021,
Izvd-iztaQk,2326,enabled,4559452,54406,
A2cRZL70C0w,6550,enabled,12433972,135981,
auaRQCcBnr4,683,enabled,442382,2235,
6IL4sMC_XBE,3411,enabled,6372930,49258,
96QP86Ti_Sg,47,enabled,372149,102,
uAdw3PZgJyQ,0,zero,4147937,7519,
wBhhlE92mIQ,5104,enabled,6711211,147359,
4xI1cqyUf74,78,enabled,339962,948,
atLL2Yzi3bg,3521,enabled,7567066,125150,
eVgmI-YF16g,2250,enabled,6728261,81141,
bAOoFGCh1eY,1464,enabled,1133822,18477,
v8bZBn2dCYU,9435,enabled,9630748,193751,
FKKPHYJgPhU,19,enabled,119825,331,
wpPBGKsNjbs,3974,enabled,6554409,125729,
Y65z_ZvWAvY,2576,enabled,1154271,83693,
GeQqBYX2or4,291,enabled,330378,2640,
zEAIR9ax2Qw,15,enabled,4930935,9151,
C6kn6nXMWF0,6438,enabled,5776561,123494,
JlOYmzpihcw,4890,enabled,5472183,263028,
71pCilo8k4M,603,enabled,3503814,39686,
G-LUk-U27PM,988,enabled,1349478,6155,
TvuyPvMBpu4,100,enabled,643367,4616,
T25_s0vK3FA,2322,enabled,1779216,155842,
_dP0XsM23j0,1548,enabled,289777,2073,
qnP4kWp0O7U,5036,enabled,3071891,154240,
_s2F8hu096E,74,enabled,10542025,52401,
keTyCniTHdY,0,zero,232110,273,
jwMikgXFBJI,1524,enabled,2083220,21033,
Gb1Oxj8qRkY,7038,enabled,3050229,25041,
yqQRpF983MY,5211,enabled,490300,1330,
v0ujtrHvOTk,2911,enabled,2380404,19578,
5gsbLlI_vzo,2096,enabled,3530899,26530,
KvsrxNC5Keg,98,enabled,76371,364,
Re5fhBoF6sY,1675,enabled,1662560,42183,
uN7-afULDiA,0,zero,79284059,101619,
HDw5q63-g1s,0,zero,274580,485,
DvYs1HILq1g,157,enabled,947873,3344,
bzoJ5a5T0ms,2481,enabled,934419,15879,
y3VRXVvr6XU,8849,enabled,11163181,196727,
tUM2-JiynMo,893,enabled,419399,5382,
JBDWIGpKnwM,11928,enabled,5264850,207025,
KYYMgR0thFA,0,zero,11612466,169186,
UNoH7zp7gKM,3253,enabled,2051801,55539,
eA6uLMsl9w0,5319,enabled,11061195,153880,
C-ZNt1pFKXw,0,zero,17411125,11944,
ObHJJYvu3RE,2155,enabled,2044507,29884,
gf8aMK8Owhs,1765,enabled,2272196,15069,
3l2FfQtMFWI,299,enabled,223219,9960,
V4yEKNMyi4E,248,enabled,216943,2316,
oeH7buj9ekY,338,enabled,410334,5574,
4nIp8CLWmSU,923,enabled,168652,4338,
NSxa5cVT3Ok,1002,enabled,574593,9373,
sgmW6i1X5qM,1909,enabled,1195069,18440,
Fkw_VF5zDT0,1315,enabled,1380623,29956,
cGU0kRRWy_w,50882,enabled,26463407,297500,
r9_tbHEEWYo,441,enabled,120102,2840,
Qq7pkSUGMpg,20,enabled,7740397,10859,
AAmqeHCFq_8,1583,enabled,459002,11402,
iLp-ls8AoaU,1146,enabled,2116073,8878,
12PWq22E9CQ,184107,enabled,103376944,1270971,
ejJlSE3psns,478,enabled,3123679,56332,
9udYi7exojk,12463,enabled,5350086,125506,
AgB4n-1-_BY,249,enabled,5304378,8012,
0Ic9COGwjpo,8500,enabled,12401434,65388,
U_u91SjrEOE,5023,enabled,9548193,187791,
Rr1yo7kvXl8,545,enabled,365541,3275,
FflcA85zcOM,5018,enabled,4885434,70203,
swa2ni6DjlA,10745,enabled,3043144,128094,
S4EWNJv0cDk,0,zero,2398,13,
s7KnAd9AM1o,979,enabled,1787932,16346,
5KF18Cqy53o,968,enabled,241312,3009,
jafmhL13w5U,0,zero,587288,1044,
xt5uJrWW1gE,205,enabled,535812,4084,
Ok8rMT2KCy0,915,enabled,615159,6930,
07iNhDueSw0,345,enabled,272944,1606,
tsEoLVBk_Ts,38369,enabled,28460392,471141,
YdLOTbCVhU4,1606,enabled,5728465,129157,
kwcni14BAsQ,291,enabled,261038,3776,
iNDGvrXNiyY,541,enabled,735881,7896,
gUCcAMsMtjA,488,enabled,405248,2622,
lkSbQHD2kHU,0,zero,4914547,15327,
hZnEdAC9IHI,5625,enabled,1925126,36741,
wKfHsqxb38U,395,enabled,549590,3121,
D0ZUDvoJFzY,40320,enabled,12717088,327685,
4xZR8KxVI24,230,enabled,467983,16681,
3aQRO29ZzbE,7394,enabled,11649846,119471,
pw2A03Z91FI,4078,enabled,7738959,109838,
srrgQdsAVds,1615,enabled,4967045,118671,
XlVfN4ANQyk,1178,enabled,1154709,8052,
VcSosCe0B-A,1572,enabled,42146583,102091,
hw_o4ScZbqc,362,enabled,496311,3262,
KetL43-xE8o,7850,enabled,18984284,163337,
h76cs45ZwcU,1397,enabled,2382258,68147,
9hdT8PgT19w,5822,enabled,8439794,256613,
dHX2xul3WEk,6217,enabled,7058826,29394,
v8D19Iv-6-4,1383,enabled,204978,1231,
yzK6_4WSQgk,0,zero,651,5,
wKPr7rYSQd8,2135,enabled,8507786,49180,
HlRPLBLkZK0,272,enabled,137928,1360,
KELeb978aCA,0,zero,9164964,9444,
pjagqAGyoS0,20993,enabled,6663561,308260,
B_tTymvDWXk,11394,enabled,19558717,339132,
QRlYYPoPusM,245,enabled,76910,1686,
cb0yDdQi5fE,0,zero,2958523,33417,
zj7FotGbIbE,2571,enabled,2973023,28238,
juLE8ShlQkM,605,enabled,1642332,19396,
LIcOcM809qw,0,zero,2310451,16923,
DRe9DBosLD4,4428,enabled,4358892,83466,
FWzqM5WcdAQ,0,zero,5052255,2912,
MFCjXQkNK7I,81,enabled,74246,443,
-8PU7NMx178,152,enabled,139348,586,
WLFCYdgtzUU,1123,enabled,611502,2535,
43z7NovmlHk,1153,enabled,1380208,16552,
BFWI0GQZA14,3110,enabled,4428696,71732,
BBFBODPndPI,868,enabled,861463,17005,
ZS9tdp6ThFA,71,enabled,17531,88,
m6lY1GXTu5M,11147,enabled,10081180,407089,
5-OlT52k8hU,24,enabled,94509,1104,
6ltFrjEurwc,1642,enabled,3152098,11994,
9sfeM2oSPY0,2187,enabled,2097815,34728,
FaBcKI8syhQ,743,enabled,332545,2707,
p-W9SnUM7u8,895,enabled,550836,3412,
A_af256mnTE,33108,enabled,130080034,573708,
LWeOrAimy6k,265,enabled,65092,2771,
ld6ZlP0OThc,113,enabled,159778,2844,
x_o-rLu4MKE,0,zero,2119164,5167,
UhQHOcgnYr8,4,enabled,5471271,6311,
XeRrd8I9hLw,0,zero,890498,7729,
dh-mZPtTdpc,3667,enabled,12243012,108509,
sIwsArbH5ck,2530,enabled,7223146,46928,
Kk6uNlSkLj4,5470,enabled,5312286,43559,
NnMxCHSu06U,138,enabled,129976,115,
Fd6UC_eblgA,555,enabled,608694,31816,
HVhli9AtJZ0,53174,enabled,11010496,380475,
eT4shwU4Yc4,12876,enabled,11522957,198012,
CAiUHJoaDvw,117,enabled,74987,456,
eX_iASz1Si8,22278,enabled,24408611,129681,
imEZxmxSDvA,1114,enabled,1263409,16539,
_dvTY1ShWdo,7945,enabled,8394063,150594,
tdEE5uvFhOM,2009,enabled,599285,13671,
DQ7tkcozmjA,26,enabled,19855,142,
jK7SFNx5mug,3261,enabled,6532909,134681,
ZhNx3L5VSCs,12,enabled,25918,71,
WTf5EgVY5uU,2422,enabled,3194251,26785,
TvEpYnAo0Tc,4101,enabled,3275161,35139,
PZjx5ao7alw,5409,enabled,2364663,45602,
0PLxMzUSmPY,0,zero,16213,66,
az5mdeWs5l0,7627,enabled,11306981,447878,
qhf4OPsyVHc,7,enabled,21604,203,
PC_2e8W5qho,4372,enabled,1987585,5151,
ovKMWQC8hy8,167,enabled,171970,1668,
-QwZqbLpVlM,24477,enabled,14313129,120392,
zfTd85XtJTQ,29,enabled,36036,403,
9oyKePWRi8Y,18505,enabled,19384393,477594,
8NS4CbBJQ84,8721,enabled,10132219,253861,
I-VYyYr2sK4,33,enabled,63892,401,
D68vmev7KZc,1301,enabled,4089375,18264,
fhF2XRWpZQQ,1180,enabled,203273,5368,
S9yU0yfzJIE,0,zero,1158894,2398,
Q53RtnJpouA,430,enabled,364752,4076,
BY-ot74cpZQ,8781,enabled,3811037,76566,
69HCbzffHAc,4414,enabled,2789994,53802,
mfYL4Edz37c,0,zero,173636112,203242,
D3BJ5bt5VbA,593,enabled,394019,5375,
CEpMnzW9mOc,132,enabled,203243,2429,
PBhn1wMyzV4,8524,enabled,5099298,40735,
kQTW7Pd1vqc,8310,enabled,8691385,62021,
hvo8NsSBP9k,104,enabled,28175,192,
L4-F_UakaA8,1404,enabled,2395113,16906,
cKTx9O7CZSQ,0,zero,4320692,29820,
k3mPoOlSIVg,67,enabled,13416,114,
Cjzvvgmg1NU,6869,enabled,1727865,47385,
c5qBVmerB7w,5980,enabled,1280223,39431,
LMf7gAzh7qs,228,enabled,215566,2808,
zYXZ0RPUH08,2416,enabled,923062,8601,
jDdKtWnFXFo,11292,enabled,26670282,353854,
s--5ft5YiHg,16325,enabled,18956525,286063,
8raaT7SRx18,3964,enabled,2939323,25390,
z9oZwgD9RYU,2603,enabled,3791518,99497,
feSPV6tFVYc,58,enabled,140042,665,
DkzQxw16G9w,36590,enabled,22083856,429697,
GpqctBROVLA,45,enabled,152685,439,
MUW5m1ldjxk,1171,enabled,1736084,95763,
-XjXTVJhFLM,5612,enabled,9680899,134897,
X47yLp_eeBc,681,enabled,5465910,20086,
XPGUjA2lykI,32,enabled,65066,260,
KnC_qb1RH9k,58,enabled,252124,152,
4nAHph545_U,3295,enabled,1098709,30022,
1rLWVZVWfdY,1936,enabled,1615944,59936,
c4dNH-Nb2Ow,4533,enabled,1190419,37310,
XxPK9utUq5o,4264,enabled,9862164,380689,
KDVPnlkwp40,65835,enabled,17679340,421099,
BGACvb3Mm60,8265,enabled,3176890,57061,
68YQzKuBG6Y,4,enabled,13300,26,
-TjRLJa-J_w,2100,enabled,3202354,22708,
Mvu44MAMeB4,1781,enabled,3907369,46951,
jULJDM0HNAo,113,enabled,46177,699,
6FVlTmo4d60,15963,enabled,6483218,155336,
qBFSCbptrJk,520,enabled,2617803,9844,
EZSCtgfmEO0,12246,enabled,8182467,114156,
S1i5coU-0_Q,19464,enabled,63267199,497516,
wR0mnlqlOR0,40787,enabled,17857123,129721,
M8ehaYRKcBM,3260,enabled,3875798,50339,
ds5ddHws3_E,149,enabled,203137,4758,
uJMnfADKKbE,22,enabled,14230,241,
9P6rdqiybaw,24012,enabled,25436822,567974,
fEjXh-YJemg,58,enabled,79656,962,
CPBJgpK0Ulc,41626,enabled,21888589,731608,
hQfzLYkXAms,32,enabled,43736,109,
YmooBeT4Ep0,5889,enabled,2291223,81528,
G7u4xK7_jZs,1393,enabled,502434,3960,
Kd1CGQ36tTU,918,enabled,348982,5094,
Oo6iAxf4si0,1682,enabled,5207676,27161,
BB9tor8nPSU,72,enabled,430829,1168,
_zCDvOsdL9Q,23390,enabled,18965587,636570,
1TaB9AitiNM,2722,enabled,4012713,31900,
IAM6bU6kW9c,14,enabled,2131265,221,
Sjh-2_imzW8,106,enabled,564314,1503,
3x1zcnKtDHg,8416,enabled,3594258,109007,
5CtnrK3qx_Y,1179,enabled,1072121,33200,
y-9JeA-t2oE,0,zero,564249,7478,
JTk0lY9BaTc,3668,enabled,2856570,8907,
hXYoduN0kWs,4556,enabled,9822533,152461,
mR4hzfPujpg,322,enabled,64173,904,
FmW436mOY4Y,0,zero,51665267,45760,
I82ADyJC7wE,792,enabled,1706881,19114,
ASRpIym_jFM,2634,enabled,1510751,16757,
n69_vV6NBEU,3105,enabled,6695234,93464,
2CO2eyv-JKo,0,zero,1248042,800,
nMaMjLT_DdQ,6033,enabled,3799201,103593,
dGVVuoOarbs,3495,enabled,4817538,49747,
IOh-7NaA28A,9195,enabled,15396775,698276,
i5uF2cfLsdI,0,zero,5653473,19750,
L5ec5Sefa-4,462,enabled,779118,6205,
id_70arn1eE,845,enabled,469280,5832,
5zf1awoDOlE,695,enabled,471953,3610,
o_a_WxPJRN4,688,enabled,381443,12684,
Ol57tZ9_9kI,751,enabled,161100,1879,
KWY4z4NFkkI,556,enabled,1616791,10035,
nWfyw51DQfU,2355,enabled,7676444,64098,
uk56oPTr7co,762,enabled,981485,5684,
Hez55mhB8UA,3737,enabled,5925013,83817,
vxsUr2JMp-Q,24016,enabled,31340900,351719,
z6ZNrr_Qs7o,6943,enabled,8981513,23117,
xVYmcVgfDNA,6059,enabled,11848498,152794,
iptx3-AEW5E,5434,enabled,1964214,28244,
0WSiqOvSKlE,379,enabled,474215,5039,
U1niwcncpKM,506,enabled,244958,6156,
SCs9NXohiPM,35,enabled,63542,309,
nlS09go-dbw,734,enabled,1547512,8307,
Kjf1KG9-IY0,3915,enabled,1729171,15313,
dCdlmm2C3kA,19,enabled,89879,830,
a8up-BZ9blU,8,enabled,648003,126,
XWvhubdMsNY,5066,enabled,29288242,388822,
DK5xBGTZvjU,0,disabled,1587459,8155,
Qa2sc6-u59I,4010,enabled,4011009,86748,
WcjC00J8FaM,4142,enabled,7629640,41960,
O2uRKAIcmvk,473,enabled,250510,2684,
LDM8-yrC5_w,1948,enabled,1099272,18018,
r2viPot-o2s,4725,enabled,3331926,81518,
JQ18bOHju54,50,enabled,78826,450,
SEkAFHvHBiU,460,enabled,1261965,12151,
rzcnrIs3_lE,5,enabled,19646,61,
ozgnQlu4GtA,1136,enabled,1788264,12775,
ylxzfecackM,3847,enabled,4160218,111223,
hWnAqFyaQ5s,22527,enabled,23537572,104987,
3Kgi2H0HmiA,0,zero,761649,4108,
EHrrjQ-zVO0,11822,enabled,15270862,122595,
3vwoWXjB6wg,2410,enabled,4013947,27671,
d6-osoYyeUs,350,enabled,37837,223,
73PW56YHvXs,6024,enabled,20207055,64105,
4vMCbXdWEnw,5928,enabled,8447105,86713,
VOR-k9c7hGU,29,enabled,29971,97,
GqbgFtKwdHw,15095,enabled,16841498,198736,
1QhsNoUigMQ,49,enabled,98318,924,
l_RpwPcfhB8,940,enabled,457930,13867,
-hZ5gTYMk8Y,7042,enabled,14196463,144618,
ewGAmiLuYCw,29334,enabled,40911589,605491,
LuBhDsQqQ3M,29,enabled,12818,131,
OZyOmb28Ask,58,enabled,9955,60,
J-J-1vsqXPQ,3079,enabled,799935,24849,
Vk7StnSNEJI,46,enabled,50381,404,
PqBbqjM_pKE,14445,enabled,7495689,174799,
gB_7KApZ3ek,612,enabled,388736,8670,
_QPcclYWOr4,10088,enabled,7024261,207546,
AkFi90lZmXA,1148,enabled,3273606,35104,
bgF7u_y5fYc,15,enabled,22557,158,
2EFf2Hvxwjo,2225,enabled,3074682,25662,
5Ce_954P20I,4320,enabled,5827012,115304,
FHUgD_sYh-k,211,enabled,800828,2544,
IfYRzxeMdGs,15662,enabled,4693031,141080,
kTw05gC2T9Y,2314,enabled,3026727,58853,
UKjWws-a7ew,424,enabled,544853,10314,
IrU1-wUY2nw,5219,enabled,2302493,66940,
csrYDgBF2nI,774,enabled,1047454,7490,
8u_gSd9eIO8,233,enabled,3429580,13297,
RPekEt1Kjg8,3100,enabled,14990200,140208,
3HlYCyJ2znc,2388,enabled,510911,2499,
VFnS_qGqNUs,1929,enabled,3468859,31894,
pGai4cGEQ9k,58289,enabled,10460006,289822,
e7ho6z32yyo,805,enabled,2265071,10229,
O1kW9ULL8A4,159,enabled,149554,691,
t6GnGaJh1hs,618,enabled,653766,23441,
FOk0tkGEWmA,717,enabled,1866738,31712,
OttRV5ykP7A,1070,enabled,2408466,19876,
ygtvRzTLPNo,24414,enabled,46095607,498155,
-L7PkP5vptc,3134,enabled,187310,2361,
soKnowTA9aU,2025,enabled,2433259,35262,
jdp-Wyh20Tc,2,enabled,46520,18,
kvQrP4fqHsA,1962,enabled,5787019,13320,
XrTIJaOrrDc,374,enabled,221928,6490,
MMmfUc5WN5o,0,zero,685150,8785,
LoGzbn_HVsA,373,enabled,3383147,5715,
EjrTAZsx8-E,7805,enabled,6414623,245019,
GAH-mSODLhg,1948,enabled,5039010,59531,
5t_hxe3Tz-I,0,zero,2066983,23537,
mckND_X-Yl4,3714,enabled,1699922,29539,
LhSDxp0oQK8,2138,enabled,17124319,69592,
d88APYIGkjk,8135,enabled,14658931,99993,
cvHeVdlZQPs,4525,enabled,5316864,36923,
JVULUQKL_Fk,5,enabled,11500,38,
noZAqbn92gM,2235,enabled,1712731,12791,
yPGNmVqF0c4,108,enabled,176472,1318,
lBVYJcyCnmg,6439,enabled,5095713,49019,
w4pTYlrDIsI,4,enabled,19333,232,
qiUKuZQRsWo,1394,enabled,1429084,10424,
KxPgrGdSHh8,6274,enabled,9452349,177581,
tp5cGuMD_u4,3558,enabled,4928906,148915,
2qegAzbrI1U,918,enabled,1303418,31523,
jGP2aOFDSdQ,265,enabled,765635,10952,
5__rFK07pGI,35418,enabled,17111563,197479,
Qam4iiya1q0,2426,enabled,3375241,51852,
-hfwJfrqkOk,652,enabled,364156,5824,
zgvFK_o7VRM,11467,enabled,5264719,145838,
LAbXD3sx3fc,32326,enabled,73622161,724353,
Wq48opvHsNI,1006,enabled,1634477,20817,
B9FO77vlqto,59,enabled,33689,166,
O7ugu8MTEH8,16465,enabled,18070858,217676,
z-Scpsk2vRU,2587,enabled,3431140,131814,
I0nOEv86bvQ,187,enabled,119663,639,
jVWnDcNrhgk,1498,enabled,2474211,30100,
b22OJQt_z_M,23,enabled,9777,16,
v1-2K_pCWmI,6264,enabled,11522748,206540,
e7S8jWh6AEs,1883,enabled,2475624,60516,
ui1SquTFnxo,5540,enabled,2571683,23089,
P5ZOwNK6n9U,62010,enabled,15637196,220608,
kXIF2FQpgjM,3515,enabled,6311008,52073,
dGESnsL1gII,74,enabled,17606,99,
XYLZHyTh-sQ,9830,enabled,3464951,65885,
uVJnoQnTf50,0,zero,6191,37,
b_BdzqsIX6A,2552,enabled,7774649,34616,
4iN6uiOsCr0,5863,enabled,205733,8362,
UzYDqQDNFzc,6872,enabled,1220315,30736,
fcncIYmdnog,397,enabled,1407774,16474,
m1J9cv5b8RI,27352,enabled,23855740,279985,
3LMtRG4Mc54,4024,enabled,15987114,170385,
dOB3H-4wj0c,1096,enabled,1141283,17299,
7TcUMeeBjD4,880,enabled,1342517,17788,
MtmvR-RPNwA,2,enabled,2521185,3382,
kY8FEq0teOs,27,enabled,239675,574,
GxZguda0TAY,153,enabled,69938,574,
y59wErqg4Xg,2905,enabled,5014817,38104,
1DapVyYuKLU,0,zero,884912,4374,
a4HCULGOxN8,8958,enabled,615510,2036,
TTgNlfAht4I,4332,enabled,13910029,58373,
Y9Cald-OCPA,4646,enabled,4734807,145571,
S5jdwIzkbkU,2928,enabled,6365337,125695,
ifjaroq_mec,0,zero,1640149,4985,
Y0c6FVruyTE,576,enabled,458000,2529,
fgUqgM3euC8,11830,enabled,7290534,210908,
Ew_niE5F-d0,29282,enabled,15779680,388027,
rILY9vAKG7Q,0,zero,10877090,22196,
Xpin5Oms2V4,5472,enabled,2243659,16018,
ToQloh3us1E,4505,enabled,13916050,152557,
EJK2JveCAbI,6446,enabled,1478471,32059,
E_8wQsmjn0A,3056,enabled,3785539,77168,
hpv8lm1bRJk,20787,enabled,7169662,260596,
uFK0t9DHu1Q,4850,enabled,3133040,33249,
oU8hB-Fg4eo,451,enabled,1056124,5769,
G3pyPuG0QSs,0,zero,5038006,9914,
VZqXmofxd80,1692,enabled,424842,2371,
iYyJvPbW96M,1,enabled,30319,22,
TnpTcrtsN3U,62751,enabled,43762493,547431,
-yrZpTHBEss,27154,enabled,17953729,285837,
0bvFI7CinN8,0,zero,615155,7641,
wxRPNLUaK8w,50,enabled,92868,309,
AlFnPAydJgk,4104,enabled,3244182,81362,
nRlV0pxa8Lw,558,enabled,104920,1381,
l2jszTy_iII,1403,enabled,439611,10761,
9HPshG5IlcI,8769,enabled,6287360,25011,
b_cAxh44aNQ,165,enabled,666754,4693,
QfOoeC2rKFc,769,enabled,367860,2887,
cMgarcFkXz4,830,enabled,2432992,19729,
0mrgKrS5VuE,171,enabled,139145,1429,
amI67JUsbV4,2378,enabled,7359510,87620,
2D7hZpIYlCA,903,enabled,1605416,12369,
Z2Uu2rYFlPQ,2683,enabled,1677498,21693,
gpybxbeZfn4,4043,enabled,7808125,147191,
4h-tUWjesyg,963,enabled,589803,15108,
ypOwLUMUHw0,1841,enabled,883003,14346,
FXtikHLAJHA,5957,enabled,1534145,6939,
Mj3ZNtsZupQ,864,enabled,766409,7342,
YqAgFgo6l0g,1165,enabled,2155454,20995,
CFKdoF0qtqo,5,enabled,10180313,6454,
3-PZ4gE5o14,2690,enabled,1132482,26137,
jVCQKRaDzsQ,437,enabled,851490,5259,
OImOtnaKKXY,1315,enabled,1203139,10754,
lWEC_Zhb6gg,111,enabled,1137519,2161,
2nhxvoukBiM,5309,enabled,15711297,122686,
ipU1sL9KfRU,435,enabled,385563,11898,
7t5l7sjcjHU,738,enabled,1654253,33652,
EDx7wm031bU,1212,enabled,175849,3886,
rUmLd50TzXU,0,zero,1052451,4833,
W7MyYoOcEgI,0,zero,70824584,59451,
EO-pN_-y5YA,0,zero,8759754,16855,
PzDLVx-5HSM,5233,enabled,3705278,90088,
7sudEOMFyuk,385,enabled,483047,2949,
QesfJLdEUj8,0,zero,10975014,38044,
4B8wvxOdpg4,164,enabled,234062,1878,
mUuuZnvcIzU,557,enabled,255672,10225,
Z3rv46h5JEw,1473,enabled,4775617,32803,
7gWjyqL2L4g,671,enabled,208138,1723,
tQcB9BLUoVI,213,enabled,1071099,2293,
Yy60Ttd6ujQ,102,enabled,717298,2156,
ufGlBv8Z3NU,12112,enabled,21853516,181778,
s_jCDVN23fI,672,enabled,2458977,14607,
7dilTLvbHxc,1092,enabled,3164004,18320,
Bgc2-3ozo00,5924,enabled,1332316,19308,
-fsoLs94JIQ,625,enabled,719293,6647,
bTUu4ZLtDSs,15048,enabled,13579488,208415,
a-5uEbrQR3s,5344,enabled,11818096,190810,
dquZsL3y6LU,546,enabled,459890,4064,
I_7zAlNreH4,842,enabled,6697495,42716,
7cF_J4qvvOM,540,enabled,222220,5005,
A5j_rxoDJyc,3341,enabled,507501,4576,
T43jQQzm0qo,10349,enabled,10864278,297649,
ua9lfsSX6Y0,8802,enabled,3177447,106806,
0tP7k4wqVJo,835,enabled,3908553,30150,
ksQA0vgKF_A,4344,enabled,6190212,137351,
IptvSQY9Qa8,10298,enabled,4672705,136458,
N4vf8N6GpdM,37236,enabled,24979383,357706,
Ax1BLjHLB5g,1817,enabled,6743733,73609,
XBA3pjpUmFU,34,enabled,43641,637,
ih46MBw9Ofg,56,enabled,19820,313,
R5uZQxEUyMc,2829,enabled,5564050,69821,
wuhJ-GkRRQc,1416,enabled,4255355,56522,
GmnhD_u3Qm8,489,enabled,388430,3742,
oofAP74Eofk,0,zero,187456,959,
I81j1CEXfhc,273,enabled,474412,2651,
s5iH0MX02GU,405,enabled,950459,1785,
B6L9mS9ti6o,11372,enabled,3856389,49914,
5pbcATJ6eoM,4483,enabled,8759097,112766,
1ATOp9zs-ws,994,enabled,585445,9109,
gneBUA39mnI,29974,enabled,47924411,677429,
qlZh9-NQEyI,20266,enabled,15952699,115963,
dOkFXPblLpU,17885,enabled,4635604,113628,
zZl6VDbutvs,2455,enabled,208076,2484,
7H3ksmxwpWc,4524,enabled,3892356,54849,
s1B-okG3548,1506,enabled,610191,3072,
bgiPTUy2RqI,2853,enabled,10584714,87290,
N4CbgmRezs4,303,enabled,245538,3091,
filDIvddoRw,0,zero,60083418,71234,
Bmpgaig54-k,1361,enabled,148946,1428,
yJXTXN4xrI8,948,enabled,1404825,16951,
bMnxopJTyfE,404,enabled,765086,7221,
GTmhwHRQ1ow,18467,enabled,12560588,156265,
H9ipRaLa4Jw,2328,enabled,2695805,57389,
lvPEKbUPZVA,3026,enabled,1427883,37855,
PbgdRR4yj8Y,3173,enabled,5267250,72447,
VT0floYMpDc,1285,enabled,550132,13967,
sDlIMF09neI,0,zero,89708207,94526,
Hv8Ee3YlgMU,133,enabled,86007,1060,
sYV2z6EX6Rw,1695,enabled,409713,23879,
s-HAsxt9pV4,2304,enabled,1129994,39355,
mVJEi-PkkaY,1509,enabled,1049600,16100,
N8lEWd0Rod8,1374,enabled,605236,7499,
VFlZXlfda6Y,17342,enabled,122391592,600653,
wE-TU2cltKA,454,enabled,366648,2577,
bAbTd4k374M,691,enabled,634741,6437,
dvFqBMLkwkc,98,enabled,335816,1678,
5LGEiIL1__s,15475,enabled,66312266,665845,
G0tXVlbUO-U,12,enabled,551594,116,
sUEtdaOTW3E,719,enabled,261069,10891,
ODyB9i6bGwQ,1503,enabled,6026476,22942,
Qja4z1HGDQo,23001,enabled,13767898,401027,
BevWmMdg97A,198,enabled,173739,5293,
eiCG6Vtetbc,6622,enabled,4363272,79574,
_Ge4_stUpqs,6725,enabled,11826547,135685,
4iRituT9cdE,1526,enabled,2833645,47356,
pYHh6he3Jig,4792,enabled,4517236,68876,
L58WBZDHP1s,877,enabled,4748137,22028,
MGgdQdXmdAU,721,enabled,2742136,4781,
7IxYUUMbbAk,41,enabled,64825,313,
96ZIHto8E1w,0,zero,1651528,2614,
K6pSryUe_AU,2751,enabled,1265261,9784,
PnUvSn9pVaA,8920,enabled,44702461,248339,
ijdcL6FrQ6Y,8735,enabled,36168290,461221,
K25d7QIC27c,422,enabled,1337368,6290,
K0ibBPhiaG0,94002,enabled,581441651,3198981,
p1wYYw_7ZIY,0,zero,8905201,46198,
ySczRYhNJ20,3188,enabled,2631529,32428,
Q9OAjMf2hZE,3207,enabled,1362629,81605,
FSt2uWByaxI,898,enabled,227081,5976,
NUMa0QkPzns,3616,enabled,3148074,127947,
l7tDNbjMZAU,56,enabled,153097,831,
6HBPHRDEt_Q,6262,enabled,7168080,136785,
eZAfh3BYIS8,1202,enabled,811770,22548,
o5fVVdTFp6Q,18,enabled,10861,78,
4IErqIMLwtQ,0,zero,4738186,16497,
7TmcXYp8xu4,35655,enabled,14329883,437680,
Q5QTEYwVVaw,228,enabled,95257,981,
6ht7BEfXVj0,57,enabled,8396,139,
nCiRCuIqLk4,254,enabled,1109781,8538,
77tnUHpMQ1E,2945,enabled,1278983,10518,
hGfd1MwL-T4,494,enabled,903154,7017,
f7VMGqxyRg0,579,enabled,378364,3493,
M-AFo0mjV_E,4099,enabled,20612647,134344,
udtGrBugXXM,631,enabled,246532,1457,
wHqCUQhu3HY,1240,enabled,2627627,22501,
osdjooEeeXo,5327,enabled,2358548,66984,
gMqZR3pqMjg,7756,enabled,8347320,243226,
WaNLJf8xzC4,3968,enabled,4003337,83032,
m6dCxo7t_aE,38353,enabled,13389929,217914,
ZuaseSovWDY,5921,enabled,16650111,96122,
K5lQr11uvfs,7025,enabled,867814,8779,
xELHGR_ur0Q,3873,enabled,1981344,29408,
bLwII6-92_Y,736,enabled,2679938,13762,
2nQdK_6q00I,491,enabled,800396,8817,
dLaBxTeRHV4,930,enabled,8902826,16028,
GPOv72Awo68,2884,enabled,4884385,80681,
KJjM4j6CBi8,886,enabled,6866252,14434,
TTHLdNxbIEE,2623,enabled,5201974,219484,
jfeFDNGkj2Y,37,enabled,90140,790,
CljsZ7lgbtw,656,enabled,222336,1140,
Bab9dS5nAG4,4599,enabled,3542621,67669,
OTqsYAzNTOs,1481,enabled,1234061,29501,
GHDtG4_Eq_c,322,enabled,769391,4391,
x01l_jMhjVM,5610,enabled,10135301,125305,
Oio692ykPFc,2250,enabled,400780,8322,
7LLWTXoHHAY,1192,enabled,46160930,94236,
kmCRMS3xElU,2097,enabled,2060060,47876,
cgWX17H-5Rw,0,zero,3516287,12603,
05oOst9kZXQ,1816,enabled,1496324,43002,
3fnzYMSQBeY,59,enabled,44393,54,
LZRGSxj2rt8,117,enabled,13867,180,
FJ_RA_T5bgg,238,enabled,555627,2110,
jr32f0rnK1o,403,enabled,3203669,12389,
l9903d4hE5k,0,zero,620328,1406,
UqiH4t53Jvw,0,zero,5139774,7122,
BYG1qf3XJNM,4978,enabled,5277153,98066,
MdsPkZ4WGqE,3589,enabled,2841682,72209,
b1I-4-oL4WU,523,enabled,805221,10063,
A1azlGZiBvc,82,enabled,244571,2008,
nranUeNkXpM,9040,enabled,8395447,156125,
asud3udH6Hk,2509,enabled,4378834,31532,
Q2ezpExQ_k0,5567,enabled,12198134,195122,
gf2bObJGFkg,8858,enabled,3596990,54752,
dVWyPZPRhfY,0,zero,97049,3514,
MjV2kd3wRJo,2126,enabled,2932179,23683,
kGMKzgX7XdE,594,enabled,691368,6340,
dFfpHvax-W0,429,enabled,332832,3489,
7Qtr_vA3Prw,2491,enabled,1651729,18671,
ENSLS8E-zyE,45,enabled,61483,152,
AXcpHtZ1cbo,4439,enabled,803375,24049,
J0ldO87Pprc,11364,enabled,12695469,277167,
WaWbRhDi0xM,35,enabled,15148,97,
vFTbqrS2vCI,0,zero,48472234,154167,
bawYH03V4Yc,3650,enabled,2059621,31156,
zxNp6MMVXUU,631,enabled,1510559,5827,
yjPXWdkLHSw,6468,enabled,3811456,13184,
dirfQ6sPaVM,536,enabled,133083,617,
OJKih3Li-uA,0,zero,8745007,44754,
C2Wfj5Req60,670,enabled,721494,8511,
lCWriPrlz10,96,enabled,199951,5497,
TbG_SMvslYk,79,enabled,21039,118,
Y-SJ-4uqmUU,47678,enabled,42792013,315604,
MV9PDliCFyc,37901,enabled,22070581,214873,
qNWWrDBRBqk,13251,enabled,13237905,367214,
PxgX5ZtupnM,466,enabled,638583,5977,
I7n3t2ptLy4,151,enabled,94138,296,
pUv0ScVeoZM,3091,enabled,1007525,11565,
utVr-n0MaU0,5109,enabled,2998293,67547,
y194pzvEhnY,0,zero,8492102,69490,
COMphUh9WDc,952,enabled,183235,3818,
2bpkd6hwH6U,21509,enabled,249296921,990329,
1RvBvYrklXM,3955,enabled,750446,26493,
w7zWGOGjLxs,3624,enabled,3188211,22105,
ySjk2_4kDQE,3399,enabled,1468189,13803,
zJ_LXsPFens,93,enabled,645858,4373,
TG6sCKueGA0,27601,enabled,5586780,45964,
1YNy2R3hg2Q,115,enabled,512646,1032,
ffUnNaQTfZE,33081,enabled,14950021,373345,
4IlBNJbCzfk,1422,enabled,1121479,22411,
QdWkhFI9BFY,0,zero,7161808,26951,
FmKHDspSMSg,109,enabled,24440534,41395,
ScvuRb6vsz4,90,enabled,336107,906,
aNgE_hf41NY,3430,enabled,5035682,40910,
qAOKOJhzYXk,2362,enabled,5216376,107546,
MfoZQ3qBoHw,491,enabled,620760,3583,
rREBfdDJZ5I,15352,enabled,8736476,57348,
R14QBZluBKc,187,enabled,118194,4029,
cnYmwc3f9UE,189,enabled,574589,4249,
vlrywa519No,1339,enabled,1387493,5484,
hS1dpzlD_5o,7,enabled,3167,24,
dyvKLems7dI,64,enabled,24475,172,
yPx3q-E_6mM,3259,enabled,2705540,26156,
kYHGO4rvelo,2164,enabled,3019865,39853,
WzAi7fvow6A,0,zero,1165,3,
qSh_rdgFR9s,68,enabled,9000,56,
RG9N4ZP5MQA,3493,enabled,377291,5605,
nsVmPZR9CMI,196,enabled,481545,1562,
kGWI98omIbM,0,zero,102133,420,
94BtOtGVqLw,2424,enabled,2501560,31301,
HOnXSibiNKg,0,zero,58557,5,
KfO1XhRob3c,5306,enabled,3107261,62962,
qnxcKRJJwcA,726,enabled,2151388,14779,
hSUm1W0gzag,2516,enabled,1089284,18711,
eoganOAP_rA,860,enabled,1815583,33861,
g09BQes-B7E,2537,enabled,4782724,67367,
k5W0xN7WYfE,338,enabled,78961,525,
NXMgvrS8Gr8,404,enabled,1423616,6142,
ERFdaDMa5t8,1035,enabled,875563,9492,
QwoghxwETng,20035,enabled,27871679,519748,
plUboQZgkng,569,enabled,342892,8324,
FpwpnVRABYk,1252,enabled,758626,16287,
fAy_kMyujgk,0,zero,2237504,10708,
oCK5oGmRtxQ,5024,enabled,2570697,81196,
DGABqdbtQnA,1536,enabled,6049619,30713,
ZI8QZ2WN-Xo,8824,enabled,31531609,259338,
az1PTIehYKI,870,enabled,1600192,22296,
ua2smdvIAv8,0,zero,4520,14,
IUjf1lVOGOo,2287,enabled,12873244,163959,
Rxhim8o9lDA,477,enabled,406628,11077,
dNePfKtcecI,140,enabled,678157,6280,
6HqMkDNZJ4U,411,enabled,444872,6736,
GlAjeTunopo,7492,enabled,1940482,17133,
NKmGVE85GUU,13254,enabled,11976175,235447,
lse3oJfPPk4,766,enabled,681904,8051,
-9dHiTwp4Z4,14286,enabled,8554347,74635,
ndmd4O6StA0,125,enabled,57682,2047,
xpExmP7ZAyQ,4234,enabled,1635592,30340,
J3jGT9d4NvY,408,enabled,510189,6362,
l16YFF8ORus,284,enabled,156916,1028,
aQHI8p_uez8,1240,enabled,4285969,30349,
7tuvVk3DqK8,217,enabled,213025,2401,
A0Tz0B4P44c,10,enabled,41081,160,
JNnRbYj6Rnc,1321,enabled,2121393,26637,
0h5Jd7sgQWY,480,enabled,1150447,7537,
YCnO8t3UR2w,378,enabled,571756,10838,
F2sepCUnENg,1571,enabled,2441669,16595,
rOpU4iuzj4A,5,enabled,5838,64,
AOiu54xs-pw,4093,enabled,1938012,16986,
SHN9WhoDHbQ,2610,enabled,2973233,52934,
iwgTtwJHoWQ,0,zero,19247183,29393,
SRj87mRHcUU,44,enabled,88461,560,
UgolB_YLQGs,1090,enabled,1194476,17831,
cKxAu49OdJM,30,enabled,36176,307,
WsiUp5klsTs,148,enabled,169589,3903,
kJtCTIktZUc,6601,enabled,1547322,27203,
SAT1eBpJyG8,6080,enabled,2940203,48081,
MOVOaGbbsTs,16507,enabled,33219414,749627,
j0vE2yV58oY,0,zero,7812967,39917,
6c3K7LhA9Yc,0,zero,2477503,3145,
gO4-qnN4z4M,22,enabled,24585,84,
dm-VYIK9HHo,233,enabled,411649,3349,
zx94FKmoDIo,18,enabled,20278,219,
O2UVkUbozVY,5872,enabled,20763853,211921,
Ue-86MDmjns,379,enabled,826701,9289,
IvDeXaiBy3I,5383,enabled,9634169,230120,
HTrT6QSqnGs,378,enabled,1377449,4254,
4QLtftU7xtQ,6644,enabled,2584973,10878,
MA3UJNZ0N8s,3,enabled,94862,21,
MJpkdUZ_32U,1010,enabled,474196,3364,
UI1t6YaO9JA,1195,enabled,2111407,28649,
KELLaFv-aAU,6,enabled,39096,34,
V9cPxenX1-0,437,enabled,999961,3961,
nU4EJfX2aXE,68682,enabled,147733199,1051696,
S4xPL2GfdQg,0,zero,5017236,19737,
AhEdKY4ujjg,351,enabled,1585307,6666,
quU9s7I1NLI,12972,enabled,52424852,361692,
aKmWFgKZnkc,683,enabled,1866699,9685,
qXM0JdAwabU,8613,enabled,65214534,387640,
8w4Ku6l7OEI,0,disabled,4583847,59340,
wJUXLqNHCaI,26172,enabled,11169489,431234,
9UJzVLXmBG4,4760,enabled,6264942,125426,
t8UAu7tWP3E,18,enabled,19688,156,
RkLn2gR7SyE,3982,enabled,8704662,93114,
zhL5DCizj5c,4818,enabled,7549437,64605,
lg5hj2c5Nkk,0,zero,14366222,22391,
Rbo0Lodbub0,4077,enabled,1050250,13738,
wv0MgU7hkEc,0,zero,51359401,133193,
hn4mxYDmWgo,6315,enabled,4082048,74917,
yW6eCZYfuPY,27,enabled,51884,408,
KmqMUJb-E4M,3604,enabled,6628784,88835,
W6QbAX_E3-k,201,enabled,282347,528,
A3SyKtmr7bs,961,enabled,1408384,24333,
yhP1YJzQDYQ,93,enabled,183196,1186,
2hzMHcfuj1E,1255,enabled,3209943,5634,
gpe4kNlRcmE,33412,enabled,37913064,379721,
RJRtg_8ocIY,10690,enabled,10460943,257560,
roCX0AfBseQ,13185,enabled,31439288,689556,
OMJ-zaoq8y8,0,zero,6779739,21209,
ABtt5y-maO4,2030,enabled,3662577,68111,
-pszRSF4qwc,17752,enabled,8511015,106306,
7WJCnC5ebf4,6096,enabled,10764538,122941,
kRlwI2iV7x8,1939,enabled,1498447,37717,
HjShcaf9jOY,7462,enabled,4783942,51439,
SR6X-j55eEA,14520,enabled,86078727,531142,
th4ew0xmi-4,0,zero,823056,1462,
dHfQYGGUS4U,10751,enabled,13259250,262172,
Zlu5tkeTg9Y,6132,enabled,2268407,71409,
xJSrwTq33V4,1603,enabled,676773,22419,
keZu9_Lbne4,14583,enabled,2213639,25857,
OKwDzjtRp24,307,enabled,334197,5111,
TfQoax0cMEc,0,zero,377800,9,
vUJ9h_-t_e0,5529,enabled,4593990,83061,
yH7ktvUWaYo,2062,enabled,1676416,8181,
zR7LOtMix9w,3768,enabled,10037015,115082,
Q5LArSl6UkY,4690,enabled,3860782,35459,
N1k0vpyjUHo,6,enabled,2639969,14496,
qKzmJhSFHzc,2391,enabled,2714198,23239,
vtdtGgf1BF0,12687,enabled,10004383,69647,
lNjAwQBY2Sk,2815,enabled,1492338,32608,
PLjyj1FJqig,67,enabled,588167,3916,
HSPYgwP9R84,2543,enabled,12941727,69858,
gfdDsmNtmmg,15,enabled,784773,194,
MZDbTlCVjoo,0,zero,17179,313,
qwIU2MdXZJM,171,enabled,507936,4084,
RTxKtHCkEVk,40,enabled,130655,715,
z5qLgL-E7uY,3726,enabled,4899300,285651,
GDqqLjoTGsI,0,zero,4239206,2999,
-EaO2S4Lyvk,1742,enabled,2768149,37452,
rg8UT7IZTpU,149,enabled,263114,3496,
vFKQ7GflRkk,9612,enabled,9921024,282143,
tKbAuKXxfC4,249,enabled,678960,8442,
gA8Gru79DcE,36795,enabled,73936495,941922,
C5Lbjbyr1t4,28,enabled,215063,315,
H6syI3xiBBg,4397,enabled,5076005,31323,
t-osG0F2MZM,4083,enabled,10978185,125825,
2I7ZAI5f7Ys,756,enabled,1875139,94471,
8Y4JSp5U82I,405,enabled,1535012,6548,
UGrHXgs3CgY,249,enabled,72240,2107,
2xJ5bqe0iyU,401,enabled,169559,1670,
v66I6Et38yE,394,enabled,589896,4356,
n4vusY2-rkQ,21310,enabled,23850884,506592,
kxjwb5cXTI0,2408,enabled,20520570,76637,
_RfJYqMmBQE,2228,enabled,1143529,19523,
4L9VWLlKBwA,3221,enabled,3459981,50531,
OokDiSORY6k,133,enabled,211706,4252,
W_2eU1ykV3k,10637,enabled,26470174,187513,
7GlJv5_CCpA,400,enabled,510427,2466,
6E5A5AySHQQ,4186,enabled,53677363,456849,
Zs_DldO_G1w,0,zero,148088,334,
nX5PwfEMBM0,3520,enabled,10089782,54875,
Oz7xMY1AbbI,642,enabled,4619212,9028,
M-O2Cw7YyTM,2335,enabled,4804246,68882,
8s1hCM3IiFU,20,enabled,15725,182,
5e62mfzTcdU,3234,enabled,1682216,40661,
XInj3WyRerI,80,enabled,714995,1240,
y3SBSbsdiYg,1561,enabled,3114123,26405,
bAjbty9_yZU,81,enabled,28139,141,
BFNH5rBYwjw,10464,enabled,2161488,13666,
yro2jLBfyDQ,103,enabled,795027,4500,
fx2BsbaYPUE,340,enabled,236899,3480,
1sl5KJ69qiA,0,disabled,15764545,357392,
fg_QS2yAsfI,8500,enabled,2966445,82681,
c_RVjyFpqrI,40,enabled,41090,347,
GpWQHFzrEqc,7957,enabled,3547522,133326,
R05w0Kh5u3Y,178,enabled,77709,2821,
62hQpiPEquI,1792,enabled,1069882,11110,
ND3fqr05zc0,181,enabled,439965,3296,
HWgfFYCAsX8,8988,enabled,5693546,82428,
jWNebDDmuXc,225,enabled,341697,4282,
DFb9kCiAHPc,4591,enabled,1842547,32306,
kA6axtIEzs0,388,enabled,395806,7005,
SRoemrzGrWY,678,enabled,1070218,31123,
XSg9Xc3ie_A,1202,enabled,4201984,79783,
lRfdMiURV4s,5533,enabled,4344853,67140,
9aGRHOpMRUg,22570,enabled,7722639,161271,
7Qpwe2cIWFA,4,enabled,50384,49,
fNsqsOOpz5E,645,enabled,952823,7640,
J02iZ3FvRoc,5473,enabled,4839653,95771,
WlNiZRGNGKM,422,enabled,762282,6079,
jPEEBiZcQHQ,240,enabled,1273941,6937,
sgIqRwvaBw4,2365,enabled,1125294,37246,
PEVaGVIMRFg,224,enabled,809800,1160,
-5NEhNHweR8,5949,enabled,9947096,132844,
ykv23HpruCo,779,enabled,683927,11009,
e-L0OhQ_ZS0,0,zero,60514850,192144,
DS2bvTDIq-I,1153,enabled,562553,6661,
jl_iAHHfUdw,3294,enabled,9428180,137928,
fZXhpEgBbd4,1676,enabled,4409603,81250,
4oPPkKsskbQ,4488,enabled,3613471,20793,
NYCd5BEREf8,785,enabled,616056,12848,
qMXqg2PKJZU,9694,enabled,6618080,55666,
hMjL76obRLI,3124,enabled,6136689,66084,
cX6iEBvDd_Q,2888,enabled,6411694,7497,
TzF0GKfOvRY,3291,enabled,7684512,26047,
zLSe7RxtJ4o,1458,enabled,431211,5355,
JKuI1_j88mo,18839,enabled,5308153,261068,
iGAMbNKcN1U,7855,enabled,39763172,324276,
7v4iS91jfRI,813,enabled,439287,5750,
eisKxhjBnZ0,0,zero,30872804,81176,
Ul9ysDvkuLA,3013,enabled,4790641,71662,
m1ewbghHOP0,854,enabled,3008494,21660,
BksyMWSygnc,3111,enabled,1758825,27190,
G10_wHNNPeI,417,enabled,985250,8078,
-nOUPB0qUtw,0,zero,1426221,16833,
tO8Kk0wIsrI,1235,enabled,2124924,22320,
aZSzMIFZT7Q,1982,enabled,16100639,57000,
8fxbUQhx0Hk,67,enabled,136600,1339,
xyTBhQ4LwEE,311,enabled,1007432,3306,
3la8bsi4P-c,5840,enabled,4341738,127016,
cT8n27ylPhA,3,enabled,7089046,11479,
tFRweWREbZc,755,enabled,1423555,55864,
yMbD9aRh9co,459,enabled,268896,4152,
U-16eckVOZk,250,enabled,983736,6824,
WwpD-daFx8U,21756,enabled,26708033,202862,
HHS5Czz29QA,2447,enabled,5113684,81673,
GlIbbyTyLWM,1571,enabled,5469103,85654,
OC8_Sjlvxic,6621,enabled,2440992,105831,
oNH3akWXaV8,5113,enabled,5066635,62203,
LHycK9Zsz4o,1367,enabled,2670015,88088,
1jNWgac2sQc,574,enabled,1238441,6640,
Npp7ZFOgpyM,12336,enabled,22407709,168924,
OdfLMk6k2S4,299,enabled,68031,455,
TeCkm-BEZ-8,5766,enabled,15807782,184164,
YSX-mpsVutQ,956,enabled,2943003,22995,
KRoAlz9D2Dg,8390,enabled,22307721,231188,
vtg4o__aRMg,61460,enabled,26288582,707835,
mTkw3BZjZaA,339,enabled,87912,2055,
WHW-B-XqwrM,2493,enabled,4277011,31809,
e3oMDGE8PrU,1199,enabled,1721846,18507,
HDfpNPE-3AA,35,enabled,18870,152,
5EOIx3wzH6Q,3031,enabled,851111,24339,
t_Sp2MozCiI,1304,enabled,2086238,6591,
DzUiVoYJQis,4330,enabled,12628558,77662,
NIwTo93EKAw,106,enabled,241178,697,
oEAXvB1qZ2k,1004,enabled,458540,16343,
spkfIpPmPgs,5650,enabled,8359497,63858,
w3m5z-MO-is,6644,enabled,10482259,241084,
7VX090Fi63E,44983,enabled,13290211,264704,
OrmGK1V_XQM,16617,enabled,21361311,272066,
UWuc18xISwI,20840,enabled,41955881,337735,
tEq45ul1aEw,155,enabled,61806,698,
ZSJITdsTze0,1117,enabled,2466530,26327,
GhZ3naSgJg4,1517,enabled,573699,29223,
ROpbdO-gRUo,174,enabled,918235,2879,
-8WnC1hC-m8,1036,enabled,3959606,47943,
9q_9HH4yhQo,1134,enabled,3743700,27518,
ENpULQ54PSY,16,enabled,25309,63,
AbQJNBFbwdY,1697,enabled,1107450,27073,
xjDqITi_rjA,1415,enabled,839808,5464,
NN1d6_h9skc,7307,enabled,4161260,26241,
Zmpbv_QWwos,0,zero,554931,4713,
DyxkjYmlzhg,5931,enabled,17198518,86592,
RHUHKjn1qz4,72,enabled,50993,1033,
W-73d9MmJ1E,0,zero,6699899,35578,
2TczMSBhLw4,950,enabled,289197,1771,
AjCebKn4iic,6245,enabled,9739902,70856,
X7FobPxu27M,2512,enabled,3152444,76397,
PpCa2MG18Cw,178,enabled,137405,3842,
wMiauKPUJiM,795,enabled,287223,4696,
z5B2Nk5_t6g,231,enabled,187550,2575,
f_Qf2yfFY14,609,enabled,3103138,11286,
RWKD3qiazl0,814,enabled,443958,8675,
H39qprY-UZk,624,enabled,581151,2698,
dtm_tIkEbMc,9231,enabled,13184240,140157,
-GlJFVTzEsI,11313,enabled,5298344,94649,
jsJX8tzKr3U,65,enabled,215018,1362,
pabK7LRANiU,6124,enabled,6365054,106246,
rDyTsGtk5BY,1389,enabled,4732468,43013,
jhlMhbAHSb0,5,enabled,515710,74,
t1llvyaXRWc,8522,enabled,15509661,191028,
tuAQC7w5nmc,18,enabled,18008,78,
rDZqF3mytlA,0,zero,3053,9,
RXGi-p2M4WQ,7121,enabled,2645994,80083,
eRvgGU8p8wE,843,enabled,407971,8813,
iitDrg5zHIc,198,enabled,18790,163,
SPoShvOPHmI,83,enabled,81259,589,
oUhWx-Pz70s,1233,enabled,1433038,17143,
vjZXcapkFEU,4590,enabled,9222786,116884,
4Lxz-rCBv90,15,enabled,25445,59,
kBFJ7HtbizA,298,enabled,838163,8789,
j-EoxPKiuiE,8295,enabled,6894427,130395,
2tM1LFFxeKg,8235,enabled,23297631,546501,
s7_L1HGXaSA,410,enabled,1581613,9961,
ebEkn-BiW5k,5000,enabled,3946557,104054,
0OL6RWhaMHY,1567,enabled,966565,25762,
sOCQipbEqNg,24936,enabled,30897863,558234,
IXhNnmGEGhE,0,zero,13572561,9687,
s1HcU7taTbo,25016,enabled,35100280,459076,
pzuh4pC767I,104,enabled,796580,2382,
ULQiCN0YNmw,3794,enabled,3537365,45579,
qRv7G7WpOoU,32644,enabled,23515922,648858,
sHLTzzZ38AA,303,enabled,402282,3341,
Go_LIz7kTok,6194,enabled,5543414,33032,
XKroMZN9gEo,328,enabled,159930,6635,
yvwlEPyi6Y4,2860,enabled,11941949,89768,
N7r_PZP6T3s,5641,enabled,7916221,184910,
ZVQsfVPdBTg,39,enabled,54922,106,
YOujH_i8UJA,0,zero,22064438,50697,
91MnYanzMa4,779,enabled,307969,20370,
Z0pCLKGA494,26,enabled,13832,94,
xh1N4g5REas,0,zero,3307055,15638,
Z7eR1e0WE4k,6135,enabled,2909964,13013,
HvPbH30KWLE,16168,enabled,5505387,572644,
Vq7JG-2as_o,5029,enabled,2984628,70150,
P7YASQm6L9Q,1858,enabled,3373488,98477,
VOYdJG8BChU,460,enabled,338365,5242,
Gg-dGBo2D1U,1596,enabled,1875612,13330,
169N81xAffQ,3033,enabled,7450064,133520,
sd1T9QghxUs,581,enabled,32101,3288,
-mv_v4ltSrY,629,enabled,3268744,8382,
5GBMS7WPFSs,95069,enabled,15308603,485266,
LepGeVq-QRw,150,enabled,38489,282,
F2-_OQL9fBk,2190,enabled,9487871,23310,
fQszkiy6oOA,1313,enabled,972924,6418,
-3-rvCDBqsg,1253,enabled,566192,23127,
Xuf6NYhIUhE,1,enabled,2316,11,
vCJ6U7mQmYw,39523,enabled,45843279,1023184,
OPl1x93dBCE,2287,enabled,2502957,3816,
q7mKwRjs2q4,82,enabled,11865,269,
81aCnP6AM6Q,1359,enabled,545348,5286,
a1lVOO9Y080,398,enabled,1147405,9823,
ZAHAa8DYooQ,658,enabled,147667,2449,
WZhhoqbcR1k,739,enabled,576414,32494,
_IMPd5OE-8U,110,enabled,378147,1724,
GmsrMUnTBzE,47,enabled,81135,136,
opCf3mp24dE,18701,enabled,119083380,656471,
XWp3UEXnPS8,22,enabled,13687,83,
zRjR-YS-4bk,211,enabled,108773,2056,
2y7rk7eHHAM,3233,enabled,2938779,28224,
o9N3D2dlAN4,1094,enabled,663611,10862,
8Srgbg9YEvM,33,enabled,8398195,14321,
XweyKPF4P50,1737,enabled,587844,7573,
giLoJgfR7SY,3523,enabled,2678123,67499,
UqhMRkOv4oM,0,zero,5264718,55042,
4BLzNbqbgrc,241,enabled,132269,3551,
A7PQwDEtEm0,211,enabled,54498,402,
0rATAh4kIpo,1321,enabled,1276949,25515,
wCc2v7izk8w,18119,enabled,27038828,150179,
F6g7S2W27Kc,804,enabled,1374960,21071,
QhyyPPPgL_w,2761,enabled,1507545,43706,
qi6BqGZKv-E,6953,enabled,3371054,26176,
MkSN2zPYobw,404,enabled,1108612,9245,
SDGHRQyZKes,891,enabled,2540109,45982,
20pAJPNaAyw,4434,enabled,66241815,280820,
LuwQKJCO9UQ,3758,enabled,2130342,31952,
uiqVRv9OMP0,2456,enabled,6699942,68982,
lwgUH2RxUBA,65,enabled,14837,449,
KssJzGx6JAA,1235,enabled,2314776,27606,
tvKzyYy6qvY,1458,enabled,7098870,43772,
KDHuWxy53uM,316,enabled,583714,3426,
ZRDIHcFRPFs,3324,enabled,2897165,72330,
JAACtzjy1VM,35,enabled,38317,514,
STsjV5_ZqWw,734,enabled,745214,4202,
-a9UtkHkDec,529,enabled,766472,2863,
Ut7e-0X8lds,28689,enabled,3826537,15177,
SEQ8jyvmYtw,6896,enabled,23296149,68876,
Gql1yOgfcsk,11784,enabled,49085576,331986,
jeO_eRm7g_4,12288,enabled,19549434,202743,
LjHYS9Tt5bM,1675,enabled,2224432,45924,
V2349cn0-T0,3832,enabled,2703774,51747,
qEMjAf_Bf-g,1245,enabled,729437,9864,
leTgl1CUdRQ,557,enabled,135661,405,
1-rCUH1zn1o,6021,enabled,2973699,28885,
TCrzE-bBt88,448,enabled,918204,5568,
M9SIafVsqyc,4097,enabled,11001279,113088,
mhP-kEaHG3k,16,enabled,84547,432,
eEfakzH-eFw,1482,enabled,1036864,15000,
ntmji0ZBDBA,80,enabled,48538,230,
ePBsBnD5_Yg,10,enabled,33061,116,
miIzijoyV-4,19,enabled,150622,443,
OuYVGX0JGTg,22,enabled,36819,189,
nE_GkSl8sJ4,0,zero,2105989,9417,
1AtrI9PoiBQ,4359,enabled,8800032,149407,
hCw-8-yMWGk,26,enabled,26864,125,
tmZMnzvZqa0,0,zero,8217712,36459,
18tSDK1g7XM,1346,enabled,1542177,32588,
aBkHb8e3UAk,6294,enabled,2310928,91416,
n-mUZRP-fpo,9981,enabled,9881018,162986,
tdnjwLUhnLQ,2662,enabled,615247,6075,
X9TgP3LRJvc,549,enabled,2188538,32841,
vJvAW-KDV9w,1475,enabled,1560004,82564,
rNT2UijpCMs,6259,enabled,2667135,5753,
S5r-DMIllyU,1831,enabled,2942474,112406,
qcgtVLNCqAU,86,enabled,18890,378,
JYiJ-LEA0s0,596,enabled,3124088,14131,
zMUp-sEcHMw,1377,enabled,480774,31873,
40dnEuHWySU,3882,enabled,21060910,160516,
uSTNyHkde08,4235,enabled,5754216,96184,
Svg_fIoHij8,2187,enabled,2492773,57011,
nJDSVFYFkQo,6297,enabled,16008892,173569,
8Zf3zzh1-Qw,1232,enabled,400916,11410,
dHp7-azrj2c,959,enabled,849118,33068,
vQJ8_ftaHi0,108,enabled,128646,2012,
5vZ4lCKv1ik,9373,enabled,18807576,137969,
w9vwHd_R5-g,2198,enabled,25850479,50376,
tnazs2t5Brg,8827,enabled,5386681,20108,
3TyjTsPDmC0,2111,enabled,1035867,17621,
SbnhPhlTFeo,1127,enabled,202031,3610,
hVrQLS8aYPI,20,enabled,70678,441,
VGrfN3v5JL8,17080,enabled,2414406,28146,
8-jpuywa6lg,1565,enabled,7546981,29693,
tVaRA1veYWM,125,enabled,48385,494,
UaXspozyH4Q,196,enabled,378844,6378,
WLAq3JVJ6Ho,19166,enabled,43708359,615067,
NIK6mI9Vd58,119,enabled,18918621,31892,
rT1nGjGM2p8,13527,enabled,28100435,160069,
9fJEFi3ccwI,1355,enabled,5647823,34068,
atI-JPGcF-k,7539,enabled,4429372,83062,
YiaRLkczxSQ,0,zero,1138970,19556,
2LaYILqP9KA,22973,enabled,22218199,761887,
KqRs_2kGZuY,5171,enabled,10430375,177007,
8OH1CKIQdpw,6862,enabled,15757770,102889,
zCjJKLyRcAc,908,enabled,317097,1527,
1T4XMNN4bNM,32276,enabled,23584786,367648,
LVcvur_OOEs,3976,enabled,2397285,67736,
7sNqJQzGZCo,1692,enabled,1442632,21960,
PpW9RIy7Gus,706,enabled,2498433,5303,
bbl4u845aHw,20605,enabled,7050349,231367,
NdkLOwYYfpA,1259,enabled,9756072,28701,
AWtabf74daM,1429,enabled,2503575,15071,
yD8_zH3PUfw,461,enabled,409372,2907,
_mHVy_hH8vc,232,enabled,147195,1370,
NWDeye-vDLE,464,enabled,940256,5256,
KHQhp2cGZtE,0,zero,22138417,187033,
QQEg71gRVhg,0,zero,10126460,125421,
RU9LokMGR5U,0,zero,2381492,18016,
TfRCojATko0,2034,enabled,4285292,47675,
tdomScjFrYs,148,enabled,1039378,3910,
TCJG_7fc3XQ,125,enabled,233476,1281,
1kly25zVbco,153,enabled,272380,1629,
ymbEDaIN_I4,3928,enabled,7579943,99257,
C7NaFOBrhP8,638,enabled,524395,11545,
qc7MfcKF1-s,1701,enabled,935660,25020,
edamnPJRCpA,701,enabled,2599062,22259,
aJX4ytfqw6k,8449,enabled,5710087,293074,
7p-ghIPBuGI,892,enabled,588451,9249,
6PCSTJCnWg8,0,zero,596,3,
cVrZGNYjih8,18117,enabled,28460665,250744,
566TvSFFLYc,506,enabled,322878,2092,
H-KhL9o3tWA,186,enabled,38523,176,
mw1SUmIkRG8,2805,enabled,401078,3617,
ajO5MvL9pVE,5518,enabled,3771879,30638,
Wv943ykyjYI,0,zero,1001169,19145,
9PNqVilJESg,13946,enabled,3045690,50034,
nTOG6eeJzNg,124,enabled,63591,311,
AMh5f8xRLRE,5645,enabled,9080688,108669,
9-gvnQfbrIA,1039,enabled,576872,12890,
DkiyT-dnmv8,3228,enabled,5904967,95461,
cWxBE9V4hS0,11,enabled,16074,117,
hMf7TypZwtc,139,enabled,257982,2514,
CfEKJJRXhh8,559,enabled,821865,13674,
8ihHjYa67Vk,119,enabled,132368,1817,
7VfCF3S6_l0,7,enabled,3578614,7951,
gczHz0CPum4,4361,enabled,1932790,36673,
zZWDukSW1uM,1236,enabled,120810,4252,
wP6nSiqhsYw,2,enabled,110127,41,
U5Vnbh3UVyQ,538,enabled,767156,10146,
c6u591svqk4,2765,enabled,1812903,33584,
UBJ57Q5AhQY,0,zero,1225942,2016,
dfWAJG8NliQ,638,enabled,1150909,3118,
YvMCeGLzTWE,3137,enabled,5050217,104097,
3UCRBZ-qlWM,1136,enabled,841213,14562,
9TWoHUO6Ek0,753,enabled,2126372,6185,
GkPQWo2j7bw,1942,enabled,676798,24458,
rYWcL76WMRg,1054,enabled,823976,11478,
onaC07R0oVE,1114,enabled,2479549,10360,
aZ7F1yRM5vg,533,enabled,1024375,7425,
_wbdm87CK44,0,zero,4761934,17645,
d86glQNK8wo,748,enabled,743110,18314,
buzqM1kHS5M,397,enabled,764480,6762,
mT1aQlwB8Zg,7,enabled,11911,41,
8Rwzvd65Qy4,0,zero,678372,4684,
4t6nGWh6_FA,22887,enabled,21596092,228972,
6sL3TLrkvZ4,495,enabled,166981,1056,
M63Z8bkRtcg,1277,enabled,4996315,41780,
NGGjNAyEZqM,0,zero,16026108,91753,
G7KK_-i8eac,565,enabled,535460,10257,
yK86Rzo_iHA,5688,enabled,1120191,24432,
CFygKiTB-4A,109,enabled,609541,1231,
zxBla4-lIuI,491,enabled,693693,1340,
UU3Zct_Z6Sw,1045,enabled,3952010,24954,
beZFLT0Ixag,58955,enabled,19335719,580909,
h28gfOAMfqA,0,zero,97549,20,
DTCTxA1fv_k,52,enabled,146622,548,
m9roz4rk_dM,4186,enabled,1035167,4245,
nrcMDnPTdBU,12455,enabled,3355902,160475,
_2EbRZKQ8hU,637,enabled,1728088,28425,
dPxze1qQ9BI,372,enabled,888525,6076,
zOe9tMrjM9c,0,zero,4936025,56574,
3_dEsw1Ff1U,13726,enabled,2782297,41162,
RiNF6iOjRgs,423,enabled,411768,3992,
kxULeLzgqxI,1992,enabled,7828587,279653,
qf-Q7s2bomA,3060,enabled,2032388,40503,
EgQ7uLt-DwI,245,enabled,1006600,2178,
YI3tsmFsrOg,52536,enabled,34795844,809379,
3DH8WnLLT4I,1210,enabled,364554,3027,
d4yjrDSvze0,4451,enabled,4550786,20311,
KY-WkfNSwZE,1488,enabled,651566,5355,
NKChIYz2C24,102,enabled,123056,370,
cubdagTiRHE,332,enabled,5198862,6952,
HqXKEgTYZBQ,7297,enabled,1785945,52739,
s65g3I98b6I,802,enabled,406354,11463,
yB8K7sVGYh4,18645,enabled,5983822,193838,
oFn7bjOkCCU,0,zero,330779,404,
7eQmc94CY3M,46,enabled,18379,78,
GdTMuivYF30,1886,enabled,1107381,9264,
uZ9os5OkXas,5230,enabled,9559159,132207,
di0gvlh-3fc,381,enabled,1282711,737,
BorZc59aqAg,3156,enabled,1539488,21133,
ciSPz0Bij8U,66,enabled,198033,870,
RLyo3HLvDDA,548,enabled,246186,1012,
IQkLe77Pvdk,14152,enabled,4990733,146485,
ocPa8w0UHks,5503,enabled,13241659,238757,
i3jA40arq9Y,6179,enabled,14262967,146829,
-Hf5prRZIeg,1600,enabled,1999999,18712,
uHgY24xxcc8,6241,enabled,14910488,208577,
8yozX45QCqk,1066,enabled,1172640,5568,
H5hOpI46d1U,1321,enabled,584488,16014,
RyI5ihZNJXU,46,enabled,508882,542,
Z1KnE57VVyA,1064,enabled,785201,3222,
erKxYZkOskE,0,zero,1333067,4728,
HSC69eLjk28,3755,enabled,5217054,17721,
QJ7vGbyLvdo,857,enabled,281730,6707,
KMS-D8BWlTE,0,zero,14090912,96521,
y5l2IK_ywa4,989,enabled,1165372,8049,
J7PN7JmXvic,566,enabled,1199366,5180,
U9Yf8-N0-Gc,115,enabled,184971,2473,
SU7faMl3f0A,111,enabled,34703,270,
FVtMbhCV3YE,164,enabled,202332,2445,
may2s9j4RLk,6746,enabled,9378851,140201,
YKKDbFH2TPw,26,enabled,24659,235,
pifhszsZKg4,0,zero,1374659,2585,
ryQvzwSaXMA,30752,enabled,8957531,317575,
wcbwRjRFnT8,252,enabled,268841,2241,
YUP8IEERIfA,44,enabled,159635,1197,
sRK6L7jBrF8,0,zero,11189950,8746,
GQKFvyPuU-g,2496,enabled,521920,3375,
DqZN-rNA2qY,793,enabled,143765,761,
tRn2Ucz2Rcs,304,enabled,269335,1362,
CU1d07_vD80,22,enabled,96852,496,
hBLS_OM6Puk,7742,enabled,7937848,68439,
q2rIt7fFmhM,2405,enabled,3772408,17873,
xbuvcQrAOSk,12902,enabled,16342477,279552,
F981CD-8YEg,2280,enabled,2860743,20505,
mtdQE6SaOiM,46232,enabled,9180063,161673,
T3gacnHb9TI,1957,enabled,1379225,28012,
XHJrFKnOspQ,5431,enabled,987876,4404,
StwdLjSpouE,153,enabled,510381,722,
UofMQ8EGmSc,272,enabled,235792,1901,
SRnCrj8XVz8,0,zero,6418577,21684,
LKnqECcg6Gw,3033,enabled,4203546,104481,
BBXXRjpw6LE,284,enabled,436873,9277,
1iMGoTaFLBw,214,enabled,297938,5873,
pMurBQuBU2w,7884,enabled,2163317,20846,
Ue3McUtAf3g,1144,enabled,945823,50244,
AJI60EwB9XA,985,enabled,293589,1725,
0voCqGMbdpc,16,enabled,36035,374,
QInii1xx8Bc,365,enabled,242788,6239,
Ugxq3yLNk6g,966,enabled,2088021,7009,
SPX0_xgySn0,163,enabled,550832,11679,
PbUvGOcSpqs,564,enabled,413577,4173,
7AeanHvw4GI,8,enabled,20673,141,
aOfWTscU8YM,2774,enabled,9548971,142158,
ktk9LSheHhs,0,zero,1708348,5566,
8XaGTZ7IdmE,1664,enabled,3991516,54885,
zunznSJ3bgM,21,enabled,102463,335,
5iQ5gpr-E90,370,enabled,533763,929,
F38BmgPcZ_I,2425,enabled,3591671,37246,
y259E5JyWSU,911,enabled,1139246,9186,
VD2TfZ5gV0A,4,enabled,516147,157,
z4cOLjYH8Dk,501,enabled,11837569,11453,
SPGRkexI_cs,308,enabled,1431502,4758,
CeEiq_C6j3c,4174,enabled,1345438,25009,
TQahWf8w1rk,24329,enabled,37634328,281198,
a4UxBrJ2yIQ,5279,enabled,9915539,212076,
ol3d4NX9700,314,enabled,800693,2961,
EuP8TryRChs,1,enabled,59056,8,
iNr9xdc6cVA,3402,enabled,3131493,33752,
i6HkIywJuxI,1050,enabled,14366728,33055,
O7wcuzs1A_w,57,enabled,20725,31,
5NnhzW7UHgY,15455,enabled,20625989,249290,
8aSIBbpS6NI,4186,enabled,455194,3792,
25tFfvVTFuY,0,zero,5673644,26080,
A9sd10CHAP8,1882,enabled,9281427,74111,
BRUvbiWLwFI,2615,enabled,2754355,48014,
9HhhS3f2AEQ,2671,enabled,4217534,42889,
lPWEKUQLb9Y,2243,enabled,5638429,54633,
DCKUYhPGHuk,684,enabled,3384498,32528,
FSyAehMdpyI,5966,enabled,7971611,94973,
T_RIjkcP2dg,837,enabled,402984,24323,
CEJ0sbk-n40,802,enabled,1520529,19198,
WuyPuH9ojCE,5097,enabled,8689047,205502,
I2c1qBsA4WU,2257,enabled,11985356,72155,
OzXm5A2dq3g,6894,enabled,6654934,211712,
D-mAtH4ydQo,321,enabled,292414,1860,
6brM44delco,1908,enabled,3673328,61136,
IAhF8tPqafQ,10856,enabled,9794574,162769,
_hZRfOMwyiw,8200,enabled,6964884,126721,
IaCoQmSwG0M,808,enabled,1587401,47685,
zNCz4mQzfEI,0,zero,17543681,82340,
I0BnadYbLIU,8016,enabled,11372434,141901,
aDm4L7gjYNs,2409,enabled,6538381,50246,
03_Tby_ICCw,101788,enabled,38410817,973411,
ZN0pqkKhf1o,26725,enabled,10380727,460251,
EH-LAm-F3JQ,0,zero,5842119,28472,
y6XShB5gpXk,15,enabled,20834,114,
-bL9vu9cFfc,380,enabled,201861,3150,
bL7OZBoTbLg,0,zero,3663,26,
0rKLtLiuldw,6770,enabled,7106429,109203,
MGHwlExcaqU,0,zero,6962883,5626,
hnwy5aVDrfw,235,enabled,589930,5053,
cURn__xlWXk,1335,enabled,3083513,55532,
KRpKQfbyOnk,0,zero,2269581,2894,
ycVc1jsaAA0,75537,enabled,125259441,1249033,
ey6H4fRjAKg,293,enabled,83438,371,
bp-a5y8rY28,232,enabled,394522,2677,
LqdXPg4ANWE,1804,enabled,8916864,107361,
bPM6dR0bLCQ,525,enabled,678022,5448,
u7ZHi_dDSnQ,1119,enabled,3710885,25880,
rSumeTRmbto,0,zero,30473,24,
QG_82r0RzfI,830,enabled,147533,861,
7H2BVcIynPg,92,enabled,218543,1599,
uQHgfmwPccc,4654,enabled,4093131,42871,
SOk-KVq-O1I,26587,enabled,40101381,525009,
wdw_U9ic968,13,enabled,16473,147,
X-XR6yJzQmE,670,enabled,881424,5011,
3sBsseYxyeY,0,zero,330785,810,
wNcl1MIH4iw,1081,enabled,816615,4335,
Xv4oBVBHoQA,0,disabled,296198,14641,
ecxAUrRIULQ,755,enabled,1274953,16009,
-Wzuimv0DYw,9,enabled,24749,134,
DHyUYg8X31c,30669,enabled,7994283,230766,
v1i8I4yPTHY,46,enabled,116433,859,
RdXVxbd59es,449,enabled,608007,10300,
te6qlX3Jqgw,89,enabled,110786,411,
J3D0NvIINVM,54,enabled,11313905,27498,
BphM04FtI0o,0,zero,5802818,4909,
8NvzzqduQOE,3489,enabled,8111670,105121,
nt59JjtWFSU,805,enabled,2046566,9873,
kF0kTn5qZso,640,enabled,926989,15289,
upwyB9YegdU,2079,enabled,3219860,59165,
56KE9-Tdhok,2045,enabled,2509404,52470,
N8TzqrRbPlY,3287,enabled,1026914,22186,
WpMt2vzrIxs,32868,enabled,21058848,287836,
Fec8Ya-MhXk,1207,enabled,202406,1436,
neAFEvNsiqw,383,enabled,559834,5684,
FDyZ8trge2E,1430,enabled,586657,4345,
m-rfRS_0A_M,22,enabled,72056,331,
KTLhU2rI130,903,enabled,1346943,9664,
hGO7qJ17upE,3,enabled,16021,40,
Q-1DoJMehQM,926,enabled,386856,9751,
0yQsgt0MZLg,110,enabled,823990,2668,
Xx5HsoI8kqQ,165,enabled,147857,705,
Oh1nqnZAKxw,4652,enabled,7678503,263820,
0QBI4VsA0ek,222,enabled,261562,1433,
0ZstEh_8bYc,151,enabled,934711,3530,
7V-7ZDcvy08,0,zero,21391876,76409,
SPtjAcziOKw,3,enabled,7807,47,
YV9XuvfIudY,2405,enabled,2384472,39693,
mvWdOSJ7l2c,1359,enabled,79418942,44920,
Y6EhRwn4zkc,3896,enabled,7335352,130948,
QncqYdpC3JQ,944,enabled,675364,13665,
IAF5N-HwgOc,326,enabled,641621,3608,
BxJxAeb-tvE,1185,enabled,305629,17482,
WkF7yW4oaDU,3186,enabled,6409736,29771,
14WE3A0PwVs,12029,enabled,35454176,370011,
nRafaCcfrcI,27620,enabled,18958099,795580,
k9OGeF5i54E,14039,enabled,30801820,198402,
L72G8TLtTCk,9282,enabled,13260853,167353,
o9O8T3qugCY,106,enabled,611621,808,
5aEFHrXCfAk,6164,enabled,2464985,77698,
uPvbaJbuMxM,4,enabled,2998,39,
m7mP1qyBQiw,399,enabled,248233,1736,
m1PPujngqAw,219,enabled,649206,6672,
ZTkHLduj_FU,9043,enabled,23447317,211435,
iuh_a_5-Rb4,922,enabled,16413,903,
jKHVAHPB6KM,1093,enabled,640621,6447,
F21S9Wpi0y8,2015,enabled,2564871,20976,
r56jqb-fWVM,29827,enabled,13187311,132779,
myinpF0Nl30,2380,enabled,2588848,69717,
7YM11TEoOew,13,enabled,18664,114,
6qdl1JhR4Bk,613,enabled,924069,14656,
iYc9ZFbRxv8,0,zero,2738305,11625,
k70xBg8en-4,10338,enabled,23341733,285706,
eEjhzOgx-j8,896,enabled,2171146,7220,
uYi-ctxFXj4,1195,enabled,2333174,26261,
Lj1AOQmBx0o,28,enabled,41321,96,
rgx_xBLz6fg,10942,enabled,10201902,407505,
PT5YY-OtuiE,1417,enabled,849666,7814,
X4i4zhOAdy8,571,enabled,1089840,8915,
knBnQUsj2xo,3037,enabled,2549017,14658,
c3ZqM442wMQ,1055,enabled,30090107,44368,
yavmYFuAOPE,1029,enabled,987877,22367,
h6zIkE6zwuI,0,zero,75520717,151672,
lWctcNBs2qQ,10931,enabled,25007819,229170,
VmBDBfBhGII,10139,enabled,3873395,21651,
Wl0PPn_TYLw,7786,enabled,3391572,79577,
F3gIYgSa4qw,6580,enabled,6180461,139376,
pN02QeTzdcE,36,enabled,22592,122,
NdBMLhBHevM,1183,enabled,2648380,34039,
w8eYsKFFiYs,5,enabled,19679,58,
U4r72z6GWKc,246,enabled,455985,9023,
hiaOEWuijJo,856,enabled,377808,9014,
upnQ7esUR80,2610,enabled,4840577,33494,
nkmx_k9wVs0,6103,enabled,7486310,40305,
yQtUyBrRBx4,160,enabled,591632,4281,
EXStxYMCvFU,30212,enabled,10580004,258660,
VNtsVP42bOE,24068,enabled,77090875,500478,
-aYNIM3Op-M,273,enabled,760246,2927,
cHjh6Dupolk,1760,enabled,3812947,45358,
03R3dDa6x_Y,183,enabled,659617,2847,
BDqqf5j5cFA,2197,enabled,2951830,13397,
p0Dch1B4c04,1404,enabled,2764263,27908,
1BiFpSkMbNQ,10398,enabled,11112967,142042,
sQPvQgtI-FY,3242,enabled,2003710,46069,
pjMIshewXms,677,enabled,1394032,6777,
o6NIG3KkwLE,10557,enabled,11047798,64119,
pZLLujkbOlQ,374,enabled,273867,9901,
F1GM7_00pHo,17,enabled,17567,132,
hIULYHz6BWA,2262,enabled,339588,10815,
B4sQnbBZdKw,180,enabled,420012,4572,
VyXgE6H6tms,7475,enabled,987882,11043,
RGeNA3gy9Ic,1262,enabled,1807817,15938,
2yHDeKFW8j8,1875,enabled,1318498,28748,
JGXi_9A__Vc,12779,enabled,13916077,230322,
HgFUZ1Ki6sY,549,enabled,239539,6874,
QuwRgaLBddc,934,enabled,256849,3968,
2TtdPbeKNFc,1692,enabled,9986546,126778,
7tpreV8jISY,632,enabled,1029620,11836,
tqJDf7IB4HI,3760,enabled,18771189,162766,
w7yp8sQekrU,57,enabled,21789,170,
Wp20Sc8qPeo,2529,enabled,2978637,26053,
7z4hoazra_g,6131,enabled,5761352,158914,
xew1WivOfC4,4564,enabled,5792199,70802,
5JB1NY2xut8,869,enabled,2184869,11977,
c8wM6fjPj-0,358,enabled,121787,1395,
dKmoMr8E4ZY,642,enabled,4685747,33454,
YElDeUFMX4c,1142,enabled,2394430,19312,
WGZ_tCthT6U,704,enabled,308517,12307,
G2e3gExPJos,488,enabled,140506,1706,
CCkPhYiKbJU,7983,enabled,12500199,330299,
0kTKXg1renw,1273,enabled,1261871,14995,
8l_hFYzJpQI,62,enabled,16206,63,
GCQfMWAikyU,5268,enabled,7742327,71608,
cXkz2J3Gksc,4158,enabled,8770793,127452,
hYirFqEc8Tg,27068,enabled,36668034,612978,
5e65WRAA3T0,1944,enabled,1837738,12457,
3Y5SAM91oG4,6862,enabled,5002652,116120,
hVd-cb6m4hM,2524,enabled,2628895,13422,
w3sJEbcT7IE,4030,enabled,973014,26236,
9Hdj_mluBOo,273,enabled,110800,1087,
KuHL7hiFTnc,1555,enabled,1408401,29406,
8OUg4-b6ycg,9177,enabled,32949059,389223,
9ezzpuOqkX4,907,enabled,171409,4843,
jPtx0Ei1G88,12467,enabled,8407116,106625,
tSCoVPoCt1U,3557,enabled,3431862,53978,
_y8sMVd37cc,12174,enabled,3149630,14480,
-8PTsK5VX6g,58,enabled,55403,477,
GhlZGtcRdUo,3235,enabled,8048339,103353,
cM_aqtHXlsg,0,zero,8727,25,
x1-axqBZdNk,6275,enabled,8708144,78107,
ROAmMJeTO6Y,187,enabled,157376,1893,
mtqoe7-JnLI,915,enabled,454873,2632,
PA2PsADo11E,0,zero,5034544,135758,
xwuyBTTuUrQ,2269,enabled,826886,4788,
_4fZ5AP74bU,325,enabled,848506,6140,
tlTKTTt47WE,50293,enabled,21592233,528701,
Wk6mbUXqMHs,599,enabled,389601,22619,
hoQi1kZQRKA,0,zero,165845,164,
F388-6yDDpc,2700,enabled,1403021,7608,
rJNpWgla9QI,2791,enabled,3261085,16027,
4-tcHHyy1Rw,1386,enabled,1473807,16747,
mXk5-2u0kw0,1122,enabled,1297328,11738,
dDuJnlWjymw,852,enabled,733027,12364,
XPD2MVhHNbo,0,zero,4375184,9828,
r4wEkXCqkx4,461,enabled,431109,7893,
tr7AcjcE0BQ,2614,enabled,1626136,16956,
KO9E9oC0Nx0,0,zero,990851,1719,
jc0f8Xbk1vk,361,enabled,992151,18846,
SM8WZ0ztMuc,26462,enabled,2392144,43669,
TJ5C7TsBsao,1351,enabled,1548450,24033,
eyUqqA8wA0A,3188,enabled,2039588,42496,
HRfA33ibr80,1043,enabled,572437,13144,
UE-kaxIiNPQ,2154,enabled,4399831,101332,
fCev7TlGrf0,0,zero,39002,133,
oCd_i7wW87Q,10042,enabled,12768566,67225,
_VkSrUEze7M,32,enabled,18691,103,
OzTHEG_uADU,10,enabled,26321,107,
CoUJu1LByxU,480,enabled,767111,18340,
7Odakip90YU,56,enabled,132930,1707,
u9OH1E7cyfM,1,enabled,7069,31,
SsWG-C0qsCU,30,enabled,27287,130,
lgUB8aH9eZI,132,enabled,31891,302,
44fjX-rgJ7s,3307,enabled,5587777,108384,
FS-5GVPynCM,1040,enabled,2806629,30463,
GpsNW68ukdA,4184,enabled,1277561,12824,
UIxRrkNFiN4,173,enabled,52745,273,
RqRNu6xqH6E,5,enabled,5676496,13290,
szyrEMfzSuI,324,enabled,121267,2808,
4CbnU1cv6rE,78397,enabled,18094024,179010,
W0GpIMNTPYg,6243,enabled,6718850,111433,
mKBLfwVEKP8,480,enabled,5964878,5912,
3gNkgj9h2oM,4028,enabled,3463070,48085,
9kh60v5PxMk,319,enabled,307355,5182,
-F5WcFPDzko,1038,enabled,6364154,15121,
WVHlrfzLjd4,277,enabled,2063068,10378,
5u5ixEyjZng,1019,enabled,9630444,36477,
cSxq2o91hDc,9,enabled,19196,291,
0YxPDmMO_CE,1352,enabled,2910053,172869,
xE0kRwDXn7o,3975,enabled,10829710,43857,
FNXLl8mcFBk,11,enabled,15281,38,
jNhXXSGY-6s,397,enabled,413164,4099,
JTG4cMRavDU,213,enabled,154995,2717,
WRA3a7c4Qt4,19106,enabled,3096385,75488,
bx9ylxXOBas,1060,enabled,1291024,30963,
qeltSXT91ro,548,enabled,4265021,13445,
ZnNwpmdWm1w,785,enabled,1019905,7358,
vVSKdCPqW7M,47,enabled,138857,541,
rourxJTkD6I,0,zero,202901,271,
kfQRt1fhVtU,112,enabled,172527,311,
MdJ9W_oEjws,22,enabled,19865653,19199,
CPBH151ZE90,918,enabled,2651897,19063,
HGTZzS1bZDE,3221,enabled,2201789,21539,
BYg74IYVELk,597,enabled,385294,2663,
cKBI9tHAjkg,2278,enabled,3374896,59112,
AJgY9FtDLbs,2568,enabled,2770809,33557,
7XsviBxbLvI,5645,enabled,3424078,27885,
8kZVlD-qSYA,1676,enabled,1473034,6413,
nqRKdaYAK9w,312,enabled,619842,10463,
m4_Z4Sob_rU,58,enabled,385512,1367,
FEo2ipzypTQ,77650,enabled,24692539,593693,
ILqKdIdDqDI,142,enabled,104983,312,
eWHH9je2zG4,1179,enabled,7312216,79358,
JLjyiG2U21Y,677,enabled,1100051,23190,
vP74eRW5gNM,557,enabled,4528988,16161,
PugUY1ZCfAY,2515,enabled,552807,5178,
wIt7JYJgt4c,858,enabled,3090963,15126,
r-bV_AuWXDU,102,enabled,51697,291,
fFk3p4Fj6YQ,2221,enabled,2117794,23904,
c-1XoojLorE,205,enabled,51217,329,
wd_JwfXgFHk,5082,enabled,4266319,82131,
iNV6AXPeJeU,0,zero,4327047,44301,
beSV_jZxR5o,11802,enabled,7282427,146126,
n323WknTym8,192,enabled,930527,1135,
leQaHImtVrA,2,enabled,3627,15,
Tigai32CeEA,638,enabled,47573,195,
6JLcJ5Mez1c,19236,enabled,15235597,92304,
8Kg4gsDj5XU,190,enabled,191099,981,
CbyXlc35Yds,0,zero,5471776,82371,
_wlZXOdDgg8,774,enabled,173546,3697,
lfe1wEQzSzM,9898,enabled,5674260,97357,
JwivtxQEmc8,335,enabled,711753,7233,
zPej5c7DU7Q,2132,enabled,2063278,12927,
mSt6VPzJQ1U,1751,enabled,886327,21678,
5C47i2fcpKM,32,enabled,29875,327,
cuF9aZxoipE,0,zero,3167734,52342,
W2EZZVW7jjQ,11063,enabled,7521857,135497,
7KDz6dGQ5RE,1742,enabled,4317254,25445,
3_7KYoO5qHk,20058,enabled,12510620,224218,
bUHukX6aq2Q,819,enabled,3123329,11127,
LX07w8_uNtk,2341,enabled,1499242,14410,
agOjaIjHjL4,21783,enabled,21545426,213056,
xO8BjI3L3yg,2038,enabled,8191277,47045,
J86Hx7RTnIQ,184,enabled,592249,2965,
ThiRef4jp9M,1547,enabled,3733946,27095,
7E8HRKHa62U,236,enabled,437959,3704,
adMuWlGuGHM,0,zero,8782750,42297,
dFVafTbq2D8,2723,enabled,2952846,33739,
MmqodDVwdBg,252,enabled,194901,4449,
LNRMhWLqrLk,125,enabled,47509,240,
VUck8LtRrLA,0,zero,3111826,4938,
AgCPs6iKF2w,519,enabled,5704848,22109,
rO-BW4EhkjA,0,zero,876585,1693,
x9W7Om9pXvA,118,enabled,102124,1343,
Knwii6O5lwM,1658,enabled,3268381,25704,
W4N-7AlzK7s,3903,enabled,6346037,89332,
QKBLBICr1ro,0,zero,740606,1735,
LcZ2AuvxXNA,28007,enabled,72190271,955973,
ZoA5WFW-MG0,0,zero,33113988,32509,
DK8rQsL3y_k,294,enabled,939362,4546,
7K2O8LuzSso,1346,enabled,4727006,58089,
XjKiYSkRJ8I,321,enabled,319691,2681,
uEci3e8JPAU,1548,enabled,2734221,18131,
GL9u1CgzIWg,5472,enabled,1452681,18297,
zo1Hd3tozKs,1172,enabled,851857,18268,
UDtlvZGmHYk,16008,enabled,13510047,228582,
pZKBDVurCdk,220,enabled,381123,1685,
ODwfBDvWxmU,159,enabled,125520,1465,
5vr_92qU0GY,123,enabled,729031,180,
k9muFAEq_-c,869,enabled,1380234,6165,
flthk8SNiiE,1774,enabled,3485784,122400,
GEi-SJmlcVg,8035,enabled,5178515,81318,
K8flfOeWMPQ,12122,enabled,6602530,171566,
RBC4t1uxJ2k,5242,enabled,2844586,87999,
snCCPwtUFK8,338,enabled,296866,1970,
XrV5oR-5iLY,16,enabled,28513,179,
4OboViiwM8w,26,enabled,48032,286,
iWaX97p6y9U,610,enabled,1172228,13367,
bjrVH9yuPYU,1120,enabled,211173,2023,
dpc_5-TTFNY,4658,enabled,3038309,62374,
W8K3jRvOowA,272,enabled,281247,5892,
2Y7KUOeiLnI,0,zero,13323713,77009,
R_K_R931onQ,20,enabled,14475,209,
fdbNq-4c6Uk,3856,enabled,9374897,120490,
BlLFR5LlfnQ,7817,enabled,14123980,168324,
HW0YEcNC59U,0,zero,18271319,65165,
gJz2Tgt3jvs,1749,enabled,2172500,4534,
fLZHEnaCU9A,9610,enabled,14822552,88332,
RySHDUU2juM,58656,enabled,68085833,739776,
0f4sUNWkq60,183,enabled,516979,2335,
fjmbY9sbfDA,1286,enabled,763681,16573,
Cz8ENFKYXe0,6681,enabled,5953095,33614,
BxKfpt70rLI,10987,enabled,6650170,184203,
e7nr8VcNLAk,38,enabled,13192315,31162,
eYGP6HHYH3M,1761,enabled,890376,6102,
ovPZkQYee8Y,770,enabled,784370,3100,
-I5l64ZmEWY,384,enabled,2071338,31380,
X4v51rNRUME,1614,enabled,410640,8319,
tWSptD7rtnY,325,enabled,532934,8077,
okYcCeYBPUk,4197,enabled,5601218,165285,
G4VmJcZR0Yg,24984,enabled,35225593,193085,
h5_s6BS2_YY,286,enabled,1079752,8648,
ErOitC7OyHk,2261,enabled,2589712,30441,
9LCMuKtpnPE,3564,enabled,15769626,220249,
r9z5kBU-YiY,577,enabled,222131,1930,
AzZao6SVMyc,777,enabled,1714847,7880,
1S1n3HFlZq8,210,enabled,418618,5704,
z8X_Mk46pQc,0,zero,1853203,3153,
a65DHhobPw0,7614,enabled,3186316,29850,
BfQrSmDEJ1w,143,enabled,38511,761,
j04ImetEikk,113,enabled,214996,580,
3llrhcEt3I0,95,enabled,678696,1841,
cxxw8raWpFA,1506,enabled,3072431,17971,
yr9Ca9O7U08,5,enabled,10876,23,
nGCW5teACC0,3,enabled,205920,65,
UmNl5sM24qc,4517,enabled,1564172,37595,
fChx_YZUAR0,5820,enabled,26029122,86559,
KbsnY--LFh0,711,enabled,774471,25184,
LnJPUGBPFtM,185,enabled,411954,4394,
Yy-8ecY3Vjc,9,enabled,5719005,15631,
KhAFGGlvrOs,10356,enabled,18367461,175398,
3HSj7vt_BW8,1507,enabled,17525030,84271,
jI7XWhspXXM,3786,enabled,2513740,20234,
0dj-9g07Rtk,530,enabled,600005,24467,
Mc6VA7Q1vXQ,7221,enabled,12084938,141765,
bu-udH1QRbY,1157,enabled,3710086,38028,
UytSNlHw8J8,951,enabled,1336002,11771,
uwyRxK0htpI,0,zero,16765220,143945,
EOibu-oe-3U,69,enabled,594276,2363,
PUBnqS1qcvk,6845,enabled,12260566,263052,
DUkICPS0zQE,2641,enabled,958907,21316,
jd2tU9_6eV0,2235,enabled,677848,10087,
hn_1Rr5Rzf8,2723,enabled,39681167,101772,
fbiC1mBGBb8,0,zero,30280,441,
5j7-WFa2AJM,24629,enabled,8587658,54082,
jVZUmX-S6Ow,905,enabled,584736,13360,
YVfyYrEmzgM,1581,enabled,2867258,60259,
NEiU-uqAa_k,280,enabled,984572,3013,
S_Z46ZXQ9YM,83,enabled,211228,2405,
QhaPxj1EIhg,0,zero,4696368,52824,
elRfdDxBK-s,0,zero,2072013,17617,
IxlQdOCteiQ,7,enabled,16719,111,
BMESlAClXqE,49,enabled,129106,984,
02cSc5a49LA,3892,enabled,11498574,99329,
7UEIBdMyj9g,1103,enabled,4680438,49755,
-D_xPnq6onE,27076,enabled,30911771,249522,
C8_3jS9wd9w,1566,enabled,7252034,85640,
CVG0PI44rk0,0,zero,1807660,4430,
apHssuCCLfE,2740,enabled,9980045,83755,
n-vb1kBDoD4,3622,enabled,5291881,116656,
Q4LzhgExvrc,4826,enabled,9658222,33217,
oGGpikrxDDg,11,enabled,25062,147,
ikyZIcG6Htg,10,enabled,52473,113,
OiN0Nm2enpI,4642,enabled,860696,8080,
Dz8R2xxeyaA,5311,enabled,10266992,117919,
bvf5DlhvJJE,4979,enabled,11425163,143159,
fVfT0z90Oko,4133,enabled,8157864,159668,
NyJXjh42Kpo,88,enabled,17431,367,
pddvK5COgHc,886,enabled,800464,11806,
ngySxUOj-VI,3850,enabled,1788677,27135,
vYkwNZJJc4s,17103,enabled,16897126,252439,
U8INWkQl_f4,5,enabled,7281,59,
C9SevaL6pTc,0,zero,149247,135,
1Hy55UIjaqY,1122,enabled,1956614,15431,
Lz7TcsPb6P8,584,enabled,809545,4487,
J2gBkqP4V9Y,12560,enabled,7453634,192358,
1Bk51DT8oio,0,disabled,3627445,26107,
c_3ugPH7PwU,245,enabled,661327,6480,
VvFsMe8_NIM,59,enabled,652059,1063,
Nw-BMNnr1Ko,2644,enabled,2222078,22710,
k82r2OoY9TM,29793,enabled,7755856,333263,
ukshFBaEnGg,333,enabled,214237,2543,
mfC4jFLeCRk,1568,enabled,498690,2804,
gINPvVysfX4,1830,enabled,786155,4258,
V0nFjLfR_VI,9742,enabled,16150958,182760,
cp3Jr6HtQDE,2668,enabled,2519694,87198,
6mJMS2YDMnk,403,enabled,199807,1866,
W_t-DoUVnh0,0,zero,6519711,16057,
YccmPhcY0mQ,166,enabled,115460,3933,
aUE1YzPt2jA,1169,enabled,5875005,49271,
mEbuSoX3sT8,0,zero,5213584,19458,
6giEeB3fMBs,2558,enabled,3604451,35877,
UuGrBhK2c7U,2008,enabled,6323149,66539,
RdyfuHKb-4Y,409,enabled,821274,9012,
dg4_deyHLvQ,2137,enabled,2488962,29726,
irKZiZqgRzk,165,enabled,214114,3370,
mYlW5OTIWm0,159,enabled,85397,1973,
HmwZxnQbox8,0,zero,539763394,1603276,
JwRd6VIs2Tc,0,zero,943158,745,
Z2yPYgInCrk,619,enabled,417118,21077,
z069ldsumxA,391,enabled,1504074,3988,
PEfZG9OSytA,9146,enabled,30792480,324526,
EQo6gIwR_BY,300,enabled,113306,910,
aZn3JfqN1zw,99,enabled,262787,927,
7lukoNrS1ZQ,1560,enabled,614764,8325,
NoaR_ih9Q0M,181,enabled,329030,1738,
wDy1Twcj4cs,829,enabled,1004873,9371,
eef6gRGBEXw,42,enabled,33640,383,
WfNiQBXmPw8,2539,enabled,1522637,29630,
oGDvnKLtXvU,30,enabled,53176,929,
nMJaXNKtrIA,11,enabled,16502,160,
c5YmX8Bh3z8,1376,enabled,3052803,73935,
rXCMIGleLfc,2695,enabled,4666564,63046,
KCnW6139C40,1908,enabled,3930029,46166,
zDgBUwhUAVE,1366,enabled,985495,7320,
vp12ENCwrbQ,1077,enabled,7102896,57730,
4ZxgBQA7cuY,602,enabled,726514,29965,
2XqsJYk1-yM,2737,enabled,3778360,51990,
dsFQ9kM1qDs,87,enabled,443311,482,
4BO2HgT2p4M,6486,enabled,10331772,143957,
0UFav6JzYY8,209,enabled,138923,1560,
JAharj1Vxhg,0,zero,1531041,15799,
CMxmnIGtz58,5365,enabled,10283057,130021,
tsTZ2iFRSmw,2719,enabled,10286158,127749,
vKbyfdJXoDg,2752,enabled,3404896,44755,
PJmnLzw8NA4,7044,enabled,3185673,4108,
FcpYPu9M3bw,4785,enabled,16281969,50213,
Uti2niW2BRA,8089,enabled,7459765,102425,
Ie6LpKOJVf0,5260,enabled,8111640,141236,
dxl3Jpef1UA,263,enabled,485908,8962,
JTgcpfZVLlo,0,zero,1679994,3235,
uoHVpKPCfoY,1045,enabled,439969,7422,
PZeYkeD8WA0,828,enabled,658270,2978,
c8qPfQYE6t4,264,enabled,880641,2087,
dK9SSu3uZ2Q,3681,enabled,2301568,40913,
tzJBm3ThjJ8,2885,enabled,3827409,78341,
tkB6QOZGJNA,431,enabled,322157,7750,
PyKZzWJ-ysA,701,enabled,2465852,10150,
ZR2GpiDE4FI,2266,enabled,2184757,39432,
FbV4VCCk3Sc,1773,enabled,5422201,40828,
2kyS6SvSYSE,20018,enabled,2983336,102169,
hup_8uDXJx8,6932,enabled,2564924,51939,
LXKyDFyRj2Y,6099,enabled,413410,8878,
FFuICM6WPi4,40,enabled,41202,469,
kOvx2mlatVg,543,enabled,576756,23975,
rTmvY11m_0E,1643,enabled,4682316,13986,
G-qgjLMXc0k,8829,enabled,1834027,10032,
3Iu1Z0h1i1Y,304,enabled,1535710,12623,
9UMPmEG24QE,57,enabled,21917,125,
7FlzHiURdTs,7225,enabled,5028293,141912,
GuLhn9fJBXY,336,enabled,496638,3311,
z2j-Kg8Rq6A,4166,enabled,2145500,17811,
ZFNstNKgEDI,2298,enabled,2575842,36760,
6hCIN6Gctes,707,enabled,775163,21259,
xuK03v0W7Qg,167,enabled,171720,1230,
58RNJUEzjc0,228,enabled,509444,1498,
jd0mjsuXhOw,1017,enabled,276765,8645,
ijLc52LmFQg,928,enabled,1875871,11033,
8kQDAbE7Gx8,1496,enabled,5629328,79574,
kE-gd2_IJpU,1570,enabled,319327,2086,
OMYHemqSQyQ,1509,enabled,1297693,28829,
WfVVX4ND8RE,871,enabled,230524,3040,
X4kXAhdu8go,81,enabled,55059,643,
KhDZRjK75p0,654,enabled,411060,7237,
onp9WlIiKBw,130,enabled,283708,887,
tNeOEHGpYyc,153,enabled,229950,807,
1VClUOTOwTc,269,enabled,354052,2296,
916J0I2yrlQ,595,enabled,374493,5970,
yIw8gDj0nIc,175,enabled,188333,2319,
0lh_UWF9ZP4,960,enabled,1456071,9190,
CzHoDZx0Qnw,102,enabled,771000,1569,
VS9IhcD1YYE,3201,enabled,3779677,32494,
vlNBVHWq6Aw,505,enabled,473472,4510,
N9T0exmb99k,781,enabled,729223,9574,
DHBalZTdim0,481,enabled,1490959,8294,
TjeI6iyPOoc,52,enabled,39665,459,
Orq_75kFi8I,6284,enabled,32436651,229157,
hmMlspNoZMs,676,enabled,2494280,9409,
3_pU4p2pikY,192,enabled,229142,4696,
W-6p8BqkPEM,614,enabled,239621,818,
4akFLFq3b-g,578,enabled,161758,829,
fR3NxCR9z2U,861,enabled,4259643,65061,
JKQXdCcfqQI,512,enabled,765350,33385,
xPxbrHMHgNE,21461,enabled,29971583,660140,
wPPEGDVmWao,48,enabled,314108,2241,
SlIBScFH02Q,59,enabled,89766,443,
5adC3nc0MHI,1991,enabled,1057455,35541,
Ok89QNexM74,1751,enabled,1720191,20065,
DI9ZLawGE4g,6817,enabled,7718690,40592,
sJhPa4lMLDo,3763,enabled,8160663,44932,
90ZGTrIa4UA,156,enabled,253239,3573,
q4yIWg_LElc,7707,enabled,4164651,126316,
ITfKaUFfx7g,5370,enabled,7910173,160769,
ZDCL-Dm3EP0,702,enabled,795827,5200,
N5zFfcPdQN8,1976,enabled,1586105,8928,
LD0x7ho_IYc,23447,enabled,10456939,273648,
9D420SOmL6U,2260,enabled,3774777,73917,
9Qx90wdRD2I,2045,enabled,6490772,70994,
UG4VNMA8TG8,2327,enabled,2117565,9582,
6hYFmW18oNA,5449,enabled,2894205,24311,
_rnyKdPUowA,0,zero,11024377,6741,
XOCgs_nMxDc,3674,enabled,1094043,39152,
gIAsT2uDGxE,2154,enabled,1136368,6614,
FDxbESn7264,19,enabled,22151,224,
_hBAr7uJ6L8,1403,enabled,2339666,36480,
-FV4gBbS63A,151,enabled,14728,347,
xBLmBdn2QF8,876,enabled,4629018,7710,
VdBsXZleme8,495,enabled,173907,728,
MlAlOZIkm2M,1050,enabled,570061,14603,
zQGOcOUBi6s,32486,enabled,54483760,543771,
fQZR6xzDkjc,2877,enabled,1856439,10058,
q2h9ISla-fQ,2399,enabled,5993810,92662,
NxT1nIMhmcY,1150,enabled,276624,2540,
h8i9qftqKNY,4386,enabled,3737183,51714,
fTTno8D-b2E,5128,enabled,5585746,107864,
_D3UaxvPzW4,1571,enabled,2134421,32038,
V9_PjdU3Mpo,12499,enabled,4739621,185142,
xFbJoXJBIIA,15113,enabled,16597934,276382,
aEe5INfISy4,13597,enabled,8658188,96986,
Xtqr1C6eDmY,2826,enabled,4060682,84042,
Q7JDBHVWJ3s,840,enabled,1002592,3245,
o9XzdwycIio,0,zero,395751,1514,
aq4ESrRaB3M,0,zero,1191809,1902,
l7nlo-CseGQ,1961,enabled,819445,16802,
C9x4Icbx2Ek,2714,enabled,2263705,58132,
czS0RJyKZW0,0,zero,189875,1699,
Ik9NeDDnd5Q,449,enabled,1060408,7371,
y-_JhRJ0tWA,21169,enabled,8701511,145899,
-0n2kxkdJgM,5129,enabled,4723375,46393,
2D-QAWQgm1M,155,enabled,84479,2183,
CdzB3dWSv9c,2742,enabled,836652,6523,
JfImJZDKoo8,426,enabled,374221,5985,
QxUxP8ljVcA,2851,enabled,1009648,14869,
hq4F8Lbs6Qo,0,zero,12380244,46094,
kL6XQyFSnhw,2406,enabled,3015970,143326,
kXBvaj5eFgk,1265,enabled,1300548,8730,
Js-H4zIahF4,607,enabled,524539,2993,
qPQQwqGWktE,8182,enabled,8252442,171180,
IGdUJjxW1r0,11866,enabled,2213775,33815,
fBo74f49d3w,360,enabled,291372,4880,
2iBqy2uUOz0,1597,enabled,1001455,6725,
8KXWJCmshEE,20,enabled,284802,377,
kWygX0Q1Rhk,3313,enabled,3445639,52226,
8t0qmhnuEpg,734,enabled,1002297,6605,
KvSCsNFokak,2350,enabled,6262503,30171,
rBiyoc4E3mM,1955,enabled,7603748,23932,
upYdWNdsG7Q,295,enabled,92044,4843,
1q_Fij95j5o,18,enabled,6395516,14784,
w-A-4ckmFJo,10656,enabled,2761984,96913,
oTbvYGH_Hiw,253,enabled,494101,1911,
vny1qUaToHw,45,enabled,356221,1213,
iAg57lxaR7M,0,zero,2400535,754,
seBQ83fr48c,342,enabled,602928,10390,
u-LfKbCR0MI,15774,enabled,6998696,152881,
Be4o1MPMxGg,7246,enabled,17586099,176755,
g2ywowYEMw4,383,enabled,195628,8687,
fACiAD55qJc,426,enabled,289426,4670,
kz45c3vNuIs,17429,enabled,32527490,221139,
Wgxo1Ux8x_0,878,enabled,1583363,7107,
T4giMyqv0qc,3889,enabled,21038636,99445,
JEzE3L-NKL4,8909,enabled,29600288,305181,
lwZzRtxFdvY,438,enabled,1705205,16009,
ZL4yYHdDSWs,30352,enabled,18331431,416673,
de56W-F93nw,1212,enabled,2005310,39101,
C5uyq0aMRw0,11989,enabled,20937435,248771,
Gjj_-CPxjCM,5341,enabled,10423695,207811,
P8V_bx0L4RY,98700,enabled,124583455,1729576,
gzkB574jivA,5670,enabled,9187900,141088,
keMF8YzQoRM,4714,enabled,6891822,99825,
xvjK-4NXRsM,1981,enabled,2489646,42408,
rXhpK_lhonA,2714,enabled,2624161,56406,
0eiORAWH0bc,3939,enabled,7751800,22745,
VpuN8vCQ--M,147,enabled,673347,3697,
Vh0piQN1_LY,1083,enabled,4357495,28673,
aDMd6BeReAI,7949,enabled,14955177,189377,
ka-ZgwCXKho,1015,enabled,4672420,21743,
dAs9_DV-024,0,zero,358,0,
lfvceHUBWnU,14718,enabled,15871630,236408,
tDFX_hDcPAo,5973,enabled,266429,8317,
jffVm6tNBDg,565,enabled,2085475,20113,
qy0RUVlTryk,273,enabled,305774,6055,
aB0uYgPkWrc,10906,enabled,11547412,280355,
WN_p-Q4BOh8,607,enabled,540257,16727,
Phc8F0VHhDM,7732,enabled,2099183,61360,
aHTZWMr0xn8,826,enabled,1362894,13331,
bxgNVuT5Rys,111,enabled,1395171,2075,
rRqKYXcL-2U,12386,enabled,42014913,232729,
YQb7Xq0enTI,895,enabled,839896,9903,
MCU05dbkFLc,0,zero,1489426,8719,
9UrQ4VvFO-c,1755,enabled,4746191,15422,
uyfxghJU2SI,3509,enabled,5004438,51283,
IoRF_Bzuwtk,495,enabled,2046032,6763,
-6aLdp6KUQY,31,enabled,12533427,36389,
BfKtlsUU0D0,160,enabled,297695,1825,
eNFq5cJd2d8,2020,enabled,626080,28349,
uqf0SDfN520,3,enabled,9557,14,
Mg_66TRsb6Y,3051,enabled,1587007,29838,
CwtxHQxrdk8,3422,enabled,1168863,23339,
k39gNmK7N7g,134,enabled,192525,264,
Kz8tJDQxcpk,875,enabled,1630276,16678,
tpFZjzDMOwc,0,zero,29738777,136403,
8W9jn90VEAY,5266,enabled,7244100,109772,
ZBN0IsspHlg,192,enabled,387177,1029,
-Qv6p6pTz5I,15304,enabled,18535059,291414,
iRdTetA_Dqo,2597,enabled,5228513,23389,
h2iYc0xTCGU,1266,enabled,2855030,43185,
JOvZeAecOZ4,188,enabled,47409,53,
x-Jzb8HiVYo,492,enabled,330016,2706,
rZztMpGC42s,26,enabled,106813,449,
JI1kq6CA_38,9434,enabled,10255058,79309,
S-0BmoV8IoE,133,enabled,25471,308,
cO_YbVjth5g,20,enabled,58237,486,
ajtVQ0BM5WE,8,enabled,1385768,48,
S-X97xxw5aI,5368,enabled,890206,7089,
r9Iwph3aU2U,1295,enabled,2822840,145066,
jzoLnqJciTM,153,enabled,31998,653,
ZKh6z0X6KRw,9551,enabled,14185484,136205,
pcnzIAObSQY,15,enabled,29199577,13748,
k15O_eBfUuk,905,enabled,2073455,19603,
4o_7xoucHnY,407,enabled,2431114,8946,
9SENrztriGM,463,enabled,1370350,12604,
ab5IwgcJRiE,42986,enabled,31483095,242378,
fIHH5-HVS9o,47245,enabled,43434255,294723,
HxHTPDkq-Co,20,enabled,6237,216,
vhqttMeINXE,0,zero,873215,1800,
1-FHzf4xnWw,412,enabled,1346379,4987,
COOtiPl-ngg,9,enabled,20820,129,
lzJV7k-LiC4,0,zero,13902584,72892,
MIhshI34RSc,42897,enabled,27391335,233330,
mt2z3fvyIGU,935,enabled,984939,15210,
OgGyGKbSA30,1809,enabled,2034586,35409,
a_SbGwxWWGs,2507,enabled,2402094,60084,
kZoFI_fcC74,21,enabled,412316,153,
CRZM3KmDerM,4817,enabled,2693575,80659,
d853h-8rsPQ,12724,enabled,16028079,223924,
eGqDglylSWg,154,enabled,11052556,18240,
TbgM9EgKpTE,0,zero,33630,26,
cVayU1d1u-A,909,enabled,3151256,18249,
Sf872ObD7Tg,28,enabled,21833274,16509,
99cUdMdPoLI,1960,enabled,1970432,5567,
qZQZCMN3D1E,5224,enabled,1359079,47173,
s5S-hA9uKEM,2111,enabled,1439982,10868,
6VVhPqGMDAg,2974,enabled,1358912,39497,
TyqTrZ2vNjs,4,enabled,558802,78,
q_vivC7c_1k,25255,enabled,15752203,242544,
haHT-tz92Lo,3262,enabled,4964118,44161,
016LXFHpFCk,23099,enabled,21528094,184438,
ysIRDjJYZ4k,38100,enabled,34194170,289669,
VRJmcxCrAOA,130151,enabled,333024936,4878946,
4eBrQr2H2kU,149,enabled,135837,912,
rVd9OQjeiwQ,4113,enabled,3529941,20396,
DJFK43xpEZk,21771,enabled,72063010,526208,
nNscmBYkg0E,1257,enabled,909763,13595,
22Nrh0uH9nE,1010,enabled,496482,15602,
W1sxFgTUbWo,3190,enabled,5540513,52517,
m4BNG-nL2sI,722,enabled,145453,2622,
lhc_bXGvmp0,5906,enabled,8137080,201004,
PaZVjZEFkRs,404,enabled,3626000,19205,
LHGvdI1jizI,2978,enabled,3695166,41725,
Hug0rfFC_L8,17499,enabled,8318321,213206,
FuyUjD4lh2M,311,enabled,127409,4000,
_4P7SOUtHQo,13,enabled,7128203,8756,
pCv7rCdcXsc,3023,enabled,5507867,88727,
LrapRYBO-38,591,enabled,242264,10427,
KlWpFLfLFBI,1133,enabled,1953187,22276,
Sr9fvr-hxMg,1677,enabled,2059125,16101,
jReX7qKU2yc,1598,enabled,3340829,42087,
6-MABTrzDZs,4642,enabled,1237183,16008,
OD8OcPGScRU,18305,enabled,17338637,253440,
VVxQ9HC2aeY,16971,enabled,13915939,404453,
IJhgZBn-LHg,84059,enabled,31570377,688283,
byBHwzHteVA,820,enabled,274933,2964,
3szGrwv547M,474,enabled,411151,4012,
DFD22Yru-UU,0,zero,1099370,37033,
QfsfoFqsFk4,3888,enabled,4849229,39119,
EDj9ZZQY2kA,3738,enabled,1781238,13712,
8fpvwpkxRiY,9299,enabled,12405935,188045,
s-dBD5zySB4,14427,enabled,8243522,163951,
sFe7sKz8HSU,2723,enabled,2165424,16590,
zCHMgAQfvZE,3736,enabled,933897,30474,
hTxWAQGgeQw,1544,enabled,1307253,39870,
D_JEEQDBqtE,53,enabled,386836,582,
cZVhW29h2w0,3647,enabled,2161494,10195,
lUTh90G90Nw,1885,enabled,7753387,87922,
_EhiLLOhVis,13721,enabled,12254557,105435,
KKYqtKZ_8eA,2221,enabled,1524340,11203,
1ZVdXgrjU74,18,enabled,22110,230,
JzD0xJ-pa2M,856,enabled,2380960,42293,
dxgTHqQeSgs,67,enabled,226453,289,
NFZY_o0QoJk,4429,enabled,4395570,45320,
t9QtXGirWf0,3758,enabled,15778759,92199,
bJUiWdM__Qw,5144,enabled,10987597,174877,
UHl8F60t-ss,0,zero,8985924,34608,
eageMVdW8RM,23,enabled,36846,213,
IesIsKMjB4Y,19443,enabled,18430474,352194,
ipFCPsaVRc8,5118,enabled,5239045,195121,
scWj1BMRHUA,8342,enabled,7486742,207682,
o6lf-FRUnB0,0,zero,12072791,20614,
CAUO3YGvqnU,34712,enabled,33578047,273307,
1TV6JFxMEcI,33056,enabled,7959802,160966,
rrDJ8Ri3pXk,503,enabled,434397,9750,
_tszOvLz18M,868,enabled,684514,6436,
Z5VRoGTF60s,2321,enabled,4933143,79649,
ja2-12Hq8g8,408,enabled,2976209,13005,
Bz1IXK6ahu0,1988,enabled,2956977,40116,
BjkuMFZBJ3k,303,enabled,1183335,9670,
0KppaxFfPNw,1171,enabled,1735298,19817,
FLnivak8A14,18973,enabled,2522968,61128,
xtfdrV_KAnA,162,enabled,4684582,1890,
nTIH8xYKjJw,209,enabled,300374,5378,
-FbRbTWf5JM,1053,enabled,785152,4440,
UUX_Vv6Rpvs,4228,enabled,7432215,89934,
cq4voeNuWEY,38982,enabled,32597975,278935,
TsZ0YwhBpO4,504,enabled,262679,2034,
7ujVwGjoT2U,1771,enabled,612765,22548,
0yxvYfJ5gjY,1108,enabled,1083881,25857,
PSZxmZmBfnU,0,zero,60754979,508175,
r3nfEn-zZSA,48,enabled,20503,594,
GUCcObwIsOs,40276,enabled,9976669,282621,
QXzNiZ7mBQw,92,enabled,146925,1712,
fCRX8yB_tNM,3947,enabled,1834683,41071,
evH0I7Coc54,844,enabled,2239821,27348,
BhnEaW_krQ0,21,enabled,59284,127,
h98-PmRO43I,2242,enabled,1280411,9231,
gMJ-eGxtO0A,27,enabled,17637,270,
Sf0I0-C-cMk,753,enabled,298118,1014,
mK1PgaalFVY,633,enabled,6237482,23775,
323v_FtWqvo,4323,enabled,10413398,158580,
HSLxNHPVtxY,2466,enabled,3272953,55202,
UIiyb6cVS5Q,20,enabled,239628,594,
q65O3qA0-n4,3068,enabled,3650761,56696,
H0-WkpmTPrM,12615,enabled,22292323,410882,
4LYPEnC1880,803,enabled,435613,2283,
xIV3ZIzVJ90,1354,enabled,1726063,10589,
rkkwUItD-fo,7495,enabled,6425399,149972,
WSKi8HfcxEk,30097,enabled,14967699,409235,
jR3XNdKD3V4,0,zero,45365,557,
Amzufxa5Mok,0,zero,760654,1661,
IsXHjqr2fBg,1771,enabled,3075553,13313,
x5aL5UtKrHg,723,enabled,3857437,42517,
WaCiy1xV31Y,0,zero,2554688,20157,
4mSawXWejCY,52,enabled,81289,240,
fFBVhGiv0gg,681,enabled,1011238,14093,
zp2yEjPP33o,244,enabled,1500082,8915,
9G5cqjN3gT4,928,enabled,272030,2440,
_1Qj4Bm47hA,2214,enabled,1558285,25106,
Xc4xYacTu-E,56248,enabled,31134282,684622,
HWEpipxDtx8,6666,enabled,1179725,27549,
TQ6WePdOVh8,158,enabled,26409,465,
KXiMzpZeZpQ,869,enabled,431540,4688,
lTqT9wHAq3s,500,enabled,211232,802,
dEWD-mZSuKk,2915,enabled,17534936,16506,
7PrwJxZfBH8,830,enabled,1235363,17514,
nbCgfiqq-5c,6486,enabled,9009211,157745,
RoMlxVimwiU,2199,enabled,495678,6268,
cZGk0-c-KLY,1587,enabled,910515,22775,
msMpreAiwcY,302,enabled,938030,5459,
8cxvN_0Xl_I,17,enabled,17977,38,
WhFyEzOnLWw,2452,enabled,315871,13532,
y18mewmFNOQ,388,enabled,637727,1743,
vo4pMVb0R6M,7141,enabled,17038636,291180,
waZII8dRI90,5233,enabled,8680199,192152,
UaNWFHLy2NI,2369,enabled,5230380,151892,
D8JKXlTY70g,541,enabled,1970152,9642,
gNOI4i9s0_0,409,enabled,141043,842,
MeOG2HfyqXY,587,enabled,401959,8331,
iTmHtxJpEWE,2064,enabled,4399620,49243,
AofDeLJ98rU,65,enabled,231829,842,
peT_qtnatsc,719,enabled,596439,5233,
hSu_ZUG-HEY,5405,enabled,23721844,176420,
oDcA9BIB_NQ,2340,enabled,12699076,104046,
6P4jUcpwr7w,1561,enabled,3317608,32847,
2JMmof1eg1s,0,zero,11883922,24217,
36flovJEPPk,733,enabled,608800,18312,
yPg_mkeq7_M,634,enabled,556867,2328,
UvIkojfQDxA,8481,enabled,9043621,228614,
aQe8aPMM6gU,64,enabled,401534,1367,
O4Q8Nm4ksVU,5276,enabled,1024730,29403,
82_XP2-MRY4,580,enabled,980451,13391,
7sMPtWzkr9g,270,enabled,246065,3182,
7TizvthgAhs,0,zero,31139535,72665,
B1atY5yr7NE,4422,enabled,705796,2994,
ZD037VSAG2I,19989,enabled,8135200,226162,
83SExfi3prU,54,enabled,218860,448,
QeJCqy_4JRA,36,enabled,68866,717,
fIRD5NbtfIU,9179,enabled,3450842,46367,
cvVRPqTy0Rg,470,enabled,1668582,7567,
xw4yICzziF0,2113,enabled,959710,3951,
3tYpfAPVEs0,4263,enabled,1114750,8922,
SnFMhr8fNAI,280,enabled,1246891,2182,
SE-8XqfGyDE,1,enabled,3387,25,
1vSJJbC_SgE,568,enabled,20139477,22685,
T_PuZBdT2iM,16402,enabled,12767384,553870,
KnMKCHqXLow,8027,enabled,10026732,93643,
QrLvpUfO6lk,49,enabled,14917,583,
23oHqNEqRyo,3564,enabled,6933724,78780,
NpbyyLCsq90,1099,enabled,451372,5386,
MTFY0H4EZx4,1686,enabled,711438,26432,
CZZEp8EaO6g,0,zero,51656061,76892,
5QzofwqELao,15973,enabled,10206049,212420,
Arfpvkafpag,3862,enabled,3014699,31108,
HBQXugKu8L4,8904,enabled,7023006,106538,
D7sj7L1uLiw,12945,enabled,12714503,236243,
ByqmJfKvKLM,96,enabled,76437,1295,
z8UKXy5Jw6I,8946,enabled,1676550,33311,
jOuSCfJgpd8,0,zero,134167778,379778,
SgmARwtptoo,4230,enabled,7260727,46158,
pdc2y0c5QUo,0,zero,519462,4246,
2XMNqakiGzw,1844,enabled,2773572,25158,
Idx5wsH6Fys,4397,enabled,3828832,27805,
kKVjZUWkrow,6343,enabled,7145060,64173,
Kob0wwKtyC8,1203,enabled,2220310,12715,
YlXFEK02WiI,147,enabled,439845,2064,
2TatqilQ8rI,1805,enabled,10053295,43824,
tm2XvjJAlEM,0,zero,8632044,16214,
aO7yzmc3ykw,3224,enabled,2186018,69349,
C7R5dTrG2xU,1601,enabled,2899902,56419,
tmsnvOQMT28,0,zero,370177,544,
lPA9lYMxT0A,1459,enabled,2405777,25347,
dMB_JRUdQ6w,582,enabled,302504,10654,
2Dtu16Nct6c,417,enabled,571111,10687,
i8t53Ak_yrQ,1444,enabled,736796,18625,
So9rGSzLt24,538,enabled,6274850,45542,
JOV_vn6A-fU,292,enabled,349636,2496,
roNmeOOJCDY,2884,enabled,4012261,32288,
t7tA3NNKF0Q,20534,enabled,10039035,421111,
zwAM5UnGd2s,4464,enabled,13709551,71185,
bre0moeCMFU,5677,enabled,7707641,468984,
Aw4e44uHmVs,100,enabled,35184,686,
8sv-vqrhIBc,30,enabled,154015,874,
D7oXFmuUHLQ,3382,enabled,9066187,71965,
WDAnWPXYNqQ,254,enabled,1564647,18229,
TDoGrbpJJ14,333,enabled,1183754,4924,
1jGTFiEnRPY,2739,enabled,3296955,19163,
JLlL_a0PX98,330,enabled,371579,3211,
sYdqpWTQyaI,0,zero,9532477,54348,
zdVC72d-Fo4,0,zero,162648,130,
tCeklW2e6_E,1507,enabled,3342859,40208,
JPX1OLGU5-s,2570,enabled,762552,37970,
uvMiz0-nPxs,8262,enabled,5335753,110213,
xm1rZUjAm64,7619,enabled,5450873,64412,
symdi5KSJts,926,enabled,2217056,40561,
6sSQZw6G2yA,2119,enabled,4316563,71405,
gr5EwZo_CHQ,949,enabled,1935601,9892,
mev2exb1C0g,6040,enabled,6966099,64305,
ccUMwBkenuk,5688,enabled,6948305,128402,
n5Cje_8vjwo,88,enabled,184933,1631,
dqONk48l5vY,18066,enabled,14832437,299295,
o0G0Eub6YmY,8618,enabled,11021989,126570,
JUVcxa-wGcE,10509,enabled,8877087,34000,
9xCr6IQtYqk,1589,enabled,3618941,40541,
Payi6MK_jLo,0,zero,1095410,8571,
dmX1W5umC1c,2628,enabled,1685940,20700,
wgkRH5Uoavk,83,enabled,627114,2305,
8CK93y79N4E,184,enabled,39681,1375,
4tND0a70Y0Q,218,enabled,479966,6084,
0OHoISXtQws,402,enabled,299348,8371,
JRaakIL-N_s,963,enabled,3401393,18854,
geCIXy7nvFY,164,enabled,477135,3605,
P85Fj8m6v84,20433,enabled,8136266,244977,
5gzS2z_8wpA,7740,enabled,2791154,49678,
_CA5kgWkA-Y,785,enabled,1905765,11044,
T-AxtlLBckM,1068,enabled,627366,14348,
OiN0Nm2enpI,4642,enabled,860696,8080,
Gp_pB9UCnIQ,1421,enabled,1361297,7223,
gSSffWM2zdc,1408,enabled,2041975,12919,
qwvIQLADsQg,543,enabled,120707,1575,
iQ1BFTlMEN8,346,enabled,242520,10786,
SaZNFH4OORg,2383,enabled,4522606,19469,
0z7_A_8il_g,1276,enabled,1030086,28409,
Xdj158wkDBM,0,zero,105724,354,
fmADvG3x7D8,1268,enabled,1529309,30415,
LU6r78pDLDw,12958,enabled,25434592,254125,
2H5bs_cSXdk,736,enabled,1382733,10047,
jvtVsVO62gs,932,enabled,710592,16477,
CvXUY-oPvWg,1203,enabled,469268,39627,
U68G8up1-qo,391,enabled,1656530,7439,
SrNVsfkGW-0,917,enabled,901195,23989,
FyXpMST-bCM,0,zero,212298,343,
TWUfOQp0FQk,257,enabled,66066,970,
7_uvEuNwUj4,4360,enabled,10069393,46564,
i4QzZ1b7iAk,1455,enabled,2817981,14664,
m6qubM54PtE,3035,enabled,2446674,30486,
jKdKExMuRxU,1489,enabled,1016811,12498,
dRBVlDN6-oo,3196,enabled,5123738,58905,
IxXuOpk2f54,1001,enabled,959915,10124,
CYq9gmjmHqM,1721,enabled,4554387,16475,
PdkfRO0e6Js,1635,enabled,1762950,6131,
5m7SEF1r5p0,0,zero,57618,506,
h06Iu0qauTc,1719,enabled,1757078,30166,
omoM8Xypiwk,9199,enabled,2510823,88181,
zY7_XJ1WUqk,10603,enabled,2100389,115764,
deo6IeSNWis,548,enabled,309975,4984,
pVbLlnmxIbY,6690,enabled,4807515,98403,
N4-TYRnk7ts,80,enabled,22518,204,
YoU97NsQg3I,0,zero,154234,1342,
JvggLw9zmrU,96,enabled,376595,3691,
-Z4ukxWFNuc,34,enabled,8478,62,
ofyyJWHnEPM,49345,enabled,85562458,1134454,
IA61yjyy5M8,1,enabled,856,7,
UAWcs5H-qgQ,80004,enabled,381733395,1785189,
DdFKKZe73Pk,2731,enabled,4214225,72488,
PbYa34-7HhU,474,enabled,239230,4666,
14QxlX2dKnE,29,enabled,49395,284,
pkntr5-Cq8A,365,enabled,493903,10574,
Gr2oFPfAg90,303,enabled,242369,2430,
GLvNgmJoTQ0,168,enabled,223054,1741,
5nGaXY5Gxy4,14840,enabled,30523626,367137,
ZX5MHNvjw7o,12439,enabled,36261749,309443,
9pXt5_aM1t4,3686,enabled,8724670,11568,
v4PaQQWqqUA,263,enabled,995952,6953,
O2ThfvWfs6s,167,enabled,26928,374,
rio0P6BYncw,2003,enabled,14146962,46659,
Qw09aQRMAyk,8088,enabled,5363693,125693,
6JaAvce8Odc,566,enabled,498181,3910,
flY7yG9me0w,8,enabled,608080,95,
2tEJgS3Y3hE,10218,enabled,5028957,232836,
k2APYPjTWZ8,847,enabled,1124908,14574,
Z36dUduOk1Y,397,enabled,1659804,7141,
_eUlpPY96Ok,2732,enabled,4230395,20078,
HudNZ_xoudI,97,enabled,59295,464,
BPVZ4oLC8B0,4705,enabled,3404623,220197,
mV1shBueddE,763,enabled,111902,6216,
6tu8yMuniIs,895,enabled,201862,2700,
TImO_RquoW8,3590,enabled,2750050,53913,
jW_c30hwXTM,2907,enabled,1256934,15954,
GwsiUjq5-uo,10,enabled,15761,96,
1cs2pr7tAuI,0,zero,487256,1622,
NqK1M7w5UQ8,340,enabled,974798,19055,
Bmvxx_YbDsM,36340,enabled,14264876,189096,
H3EY8aLutbg,5446,enabled,4841925,59911,
iCXSW7QehcU,324,enabled,634166,10583,
34VRJFgMp4w,383,enabled,290908,6607,
l_lZc7nATT4,890,enabled,2836367,14662,
GjgrL6kPBD8,4329,enabled,887929,37518,
c44kam_8N3I,536,enabled,1971820,7836,
2jG-sH6p_pQ,1542,enabled,1315362,27668,
7mkG7jajCtk,253,enabled,1709708,11555,
tQSu73bRAWA,1,enabled,1896,14,
8qNxyP6u2Kg,475,enabled,370202,6229,
4f_TNhgFXCw,2,enabled,7273,57,
IiVDtNjORbY,28345,enabled,24098562,183159,
WnenzMv9GZc,0,zero,7053942,13029,
aTRVfKqG59M,823,enabled,330181,5655,
LD5Xm5u7UDM,2381,enabled,1078790,6542,
n9PqH0sH69I,16304,enabled,6955178,102266,
y8w297regSM,192,enabled,574547,1822,
6pKT6gaj6K4,1123,enabled,3556956,74459,
GkZCayKC5eE,119,enabled,185728,629,
Md0RjxyoYyU,3880,enabled,8944554,147685,
P8XILH1ZlpE,109,enabled,328410,1560,
7ueSEKgDPG8,838,enabled,1596215,8321,
viP_aYOSecU,7651,enabled,3156780,87823,
4pa0tUl6RGI,13,enabled,67612,169,
Nxv2RXPVvTQ,0,zero,155,1,
iqiUUJPZH38,2205,enabled,4912829,58469,
rxso9FJ-nrI,9625,enabled,2313575,64006,
C6eOcd06kdk,18432,enabled,8508496,224388,
aQTJl2bwoZQ,26920,enabled,19770961,722533,
ApWAs9P0Sh8,257,enabled,414866,2554,
SmobkT8IuxM,2442,enabled,1440753,12341,
N2XVVt4ryWY,111,enabled,21266,86,
qRh5KIVO3CM,4567,enabled,6514126,56389,
d3R4rxv33sg,337,enabled,2042974,7450,
AApUkE-cv1g,1191,enabled,1695244,23451,
xDNdr_UHuEU,0,zero,375250325,355196,
09nKFCUpHFs,17,enabled,97435,378,
LSlwVJaZSe4,1895,enabled,2550407,85609,
E7vmcL864iQ,70,enabled,300696,2174,
KW5G72a4e9U,751,enabled,566650,8003,
Uju4CPKjC44,644,enabled,198922,2859,
AQPlREDW-Ro,18250,enabled,8177691,138689,
JDWJNojvH5o,7072,enabled,3330133,64089,
VkRQ81ElGsc,2,enabled,13739,55,
fcfQkxwz4Oo,9858,enabled,8962074,148164,
7qyJQxjYnB8,44,enabled,122961,442,
oc_t_c8neC4,5105,enabled,5075395,90820,
uwPY-wtc0D8,633,enabled,790030,13663,
ViAmQivKif0,148,enabled,641536,2784,
QESmhmR3DW8,1183,enabled,2396506,128627,
VBYBTY2kFWU,443,enabled,1070787,6678,
n2H8wx1aBiQ,372,enabled,384690,3365,
ROS6-ZKmdnE,304,enabled,606405,4888,
a7iUIUFiY10,0,zero,12255529,39466,
7OyEvwCpuuQ,129,enabled,785464,2256,
Kqcw1j8h4Qg,794,enabled,531889,8002,
vfIUYDjo8WM,1814,enabled,5285593,21553,
cjY-afkdMOI,911,enabled,903642,5038,
YOiEhnf__d8,79,enabled,23077,97,
w_a4aIN-xX8,1631,enabled,2410932,32656,
m8HVoN1uTtM,525,enabled,1229883,28558,
n46umYA_4dM,1153,enabled,3301345,39578,
fXNV3Ad0qQ0,11842,enabled,1963886,15618,
h7LuBIsMPOI,1379,enabled,5845870,17738,
YIvHOu7Kxzw,580,enabled,1230778,10167,
OiSVlCfpXFQ,710,enabled,771186,14689,
yfCCwEf_J5A,6869,enabled,10788917,126033,
zRXuCY7tRgk,2365,enabled,8828425,36898,
hI46Wvjgo_0,50,enabled,105443,414,
-1TTBwEAqg8,80,enabled,31912,149,
svi8VheVPrc,1926,enabled,640465,13132,
6vkA5WyD3-E,36,enabled,29131,381,
E0uLbeQlwjw,21086,enabled,8805156,96711,
wB0Xw1LzEYM,4557,enabled,2389078,63693,
zu2OPcd5quA,0,zero,20177985,114128,
L51bQLzuGos,0,zero,19879722,275502,
IMRBHTkS0M0,111,enabled,484830,1258,
hDOFpHP__XI,153,enabled,313895,6848,
HUti6vGctQM,708,enabled,726345,26382,
5KodNptp870,0,zero,6767025,29332,
ycX2fnXw4og,0,zero,3074,8,
w8KqDIPdCOg,4900,enabled,4287448,55688,
7e9v_fsZB6A,0,disabled,2647030,46609,
r3hJJFXnDIc,165,enabled,158574,4428,
CchqGSPNvns,4164,enabled,6397973,150581,
7mb3AQmhTKo,630,enabled,695639,8754,
RZhL7LDPk8w,329,enabled,954401,4047,
YL-8zxvuuyE,1096,enabled,1357531,37584,
NgloGi5xEa8,4568,enabled,6991677,127656,
MRFCVG85X_s,163,enabled,655286,6025,
bQYosxXNgK0,2815,enabled,381309,5241,
JdLCEwEFCMU,115474,enabled,57655327,864387,
Yc6FdXd6ZD8,453,enabled,147411,4129,
4dvQDNgYmKU,944,enabled,629718,14803,
taR-BxYb-IE,1152,enabled,1170375,21159,
_tAUu9tNNIM,2453,enabled,4936570,77043,
wowZ49gVz3E,240,enabled,171704,2919,
6n98pUj2PNI,608,enabled,904308,17908,
PK8dsAeMmPk,11548,enabled,17533895,119828,
X-irueXlBCA,0,zero,3462112,7861,
y-1Gh4ewklY,165,enabled,404010,3547,
DUgt3zD_uys,71,enabled,35962,252,
Le9uGkbtxHk,1323,enabled,4332847,19010,
rBiP208aKZc,7319,enabled,6283471,130585,
jR3XNdKD3V4,0,zero,45365,557,
kJg3GP4tH94,0,zero,11494655,26111,
VAampciNSyo,588,enabled,1654857,13258,
3ih9QXqYi28,2153,enabled,4986896,55999,
KZ_77L3qsOA,6480,enabled,14025509,187340,
ehm8GRItRQ8,239,enabled,148089,1442,
3NXC4Q_4JVg,20058,enabled,12216505,165050,
rdfC6XwXTW0,33997,enabled,113071284,986236,
Ogw1EgEdV9g,256,enabled,321170,2903,
4CcOI1AfDEw,8000,enabled,780893,9407,
cVskYpc2C3A,14,enabled,1039269,205,
1tMuhF1nLUc,802,enabled,2924629,1906,
mj-hgpUn0bQ,353,enabled,562541,4328,
LFMuLqZ1zaU,11132,enabled,4909243,94254,
ggDQXlinbME,18253,enabled,6458271,83499,
FqsIQk0pT0M,1481,enabled,2543377,13347,
SPZFN6VFFow,16357,enabled,3898968,16526,
kOaWFhJsdjI,2674,enabled,4156434,24270,
Hmwvj9X4GNY,1244,enabled,2916988,19612,
3sm-XGVca3c,510,enabled,951416,5546,
O521AeOtycA,0,zero,3522416,30776,
unvjMsr4jY8,46388,enabled,10798777,400430,
5FK9tWT5pA4,3108,enabled,5697446,29603,
TPXWtozVNzM,3960,enabled,10722798,124136,
4kf37bzbUwY,3676,enabled,1446935,11535,
R0JKCYZ8hng,8087,enabled,14613223,344766,
BDqsGjpiubc,248,enabled,755146,17165,
HACVDvLw_To,0,zero,12046194,38967,
bFEgUFS2itc,0,zero,24587358,35484,
PJcGfFWFXwY,651,enabled,463329,5043,
GFTBl7ELIHc,2511,enabled,2639791,13789,
9YvQwNNICZ8,15,enabled,60445,291,
vm60AJRhd1E,2517,enabled,983857,4274,
6Iy-0ncwzlA,391,enabled,544108,4637,
a1ROxuMfUH8,6455,enabled,2646846,66224,
yc2-363MIQs,1233,enabled,3471732,35134,
QoI64ZLgqEE,440,enabled,474122,6234,
n5FJDgcdii8,2782,enabled,3203396,49401,
TALwNlM6gFI,25,enabled,91225,408,
rI5LoeHbYsI,1690,enabled,938294,6194,
8qkDyd4QboU,48,enabled,27577,61,
f7l5I6ZPt_Y,554,enabled,26274847,28672,
X7zbx4hG0HM,70,enabled,10892,25,
5A_o-nU5s2U,5003,enabled,4432727,53610,
ugQcgUdOUOQ,912,enabled,3239569,21173,
d0WianeD0Co,4,enabled,3700480,4276,
8gxWGY50LIk,31,enabled,49323,221,
_m9_HVdIeQM,1330,enabled,1897243,10521,
DPCW4yvWQT4,14606,enabled,14667930,328919,
S_ifRtdkstI,422,enabled,375352,6315,
rjfST1fGMOs,1689,enabled,752681,4840,
q0I-zmS0Aos,0,zero,815563,6934,
HV9WEqLeBuo,6910,enabled,1285679,37582,
GTl5SHYJxz4,535,enabled,6747948,6988,
igQlbesF0zA,5578,enabled,4879020,29811,
0z7p0oM4_RM,2576,enabled,3181226,57754,
DBNYwxDZ_pA,18715,enabled,64664269,218661,
QcFp9Iro-kQ,42,enabled,72397,502,
7BGFmtEROOE,10,enabled,21389,92,
YXQ11lY6v7E,233,enabled,3130815,15123,
RxCukwjjhhg,2778,enabled,4298067,276586,
SB35ikvGNgM,4600,enabled,591118,4665,
PX9reO3QnUA,21668,enabled,10023338,24801,
6jn8Ji0g5Rs,7603,enabled,18126809,222493,
j_pC0-Jfsq0,11782,enabled,32395084,358863,
2QdH_K2joDQ,236,enabled,657779,2793,
Z2xooz6844k,0,zero,532944696,1207455,
H2UDMCejxxY,8601,enabled,19719867,221378,
uMZFxmpVK-c,0,zero,527835,914,
XHBZkek8OSU,14195,enabled,2462561,55221,
CEwIHNNJZvo,7130,enabled,12544756,67181,
OkAMOrnyy30,5067,enabled,2239708,21939,
Lx4YuW3bagE,2338,enabled,2176676,16371,
Os3OBJSlpUc,1880,enabled,2589374,12925,
rFtam2eAkfo,1486,enabled,2780410,23730,
dOJy7i5t0co,1128,enabled,1371151,16507,
fyj-3WX6XvI,571,enabled,301423,2594,
kgL4Bj7sPHo,0,zero,2036845,1518,
zAXIxlVjuA8,70112,enabled,21328221,509203,
Sj_lR_UTt-s,70,enabled,284490,1104,
gx7A532jBeE,77,enabled,61624,438,
QBK3QpQVnaw,34967,enabled,18200482,421353,
L677-Fl0joY,65,enabled,473897,2078,
Rlq39IC07qA,0,zero,14285530,105018,
LXDAu8DnALw,5264,enabled,8819335,188028,
xTrwT0jSUg0,4088,enabled,10570672,122257,
Amc-BfSh25E,1988,enabled,1530640,19698,
E91bGT9BjYk,3030,enabled,3701252,100776,
dXxrOPXxhpA,16741,enabled,3554345,63470,
Ec1-3Fjxy0c,3415,enabled,16651847,68538,
rGFJHElc5VU,843,enabled,3316827,17309,
6uIK3o32hig,2159,enabled,3635328,72437,
ptM7FzyjtRk,1958,enabled,1801462,27219,
VgKERhsdfVY,61,enabled,136472,680,
AZxaHvwPwNo,23,enabled,183635,330,
1j5WnqwMdCk,101,enabled,542246,2529,
85gf1oN2uvo,1393,enabled,3104415,30633,
2nM4K3jgbnU,3089,enabled,1128041,5408,
x0_OcaC6670,421,enabled,420381,5601,
CFatEWNx5RQ,3241,enabled,3731663,61845,
6Nr_xHolP1Q,4918,enabled,11393547,132257,
syzynn6ymLI,0,zero,2941388,12166,
817P8W8-mGE,71557,enabled,245731393,2100196,
vDFZKAS5eQw,2920,enabled,2617939,25760,
WolVEMFbUcs,515,enabled,509843,4842,
w_R0-5ZVC3w,0,zero,1134626,3110,
oa-lh4QMSeI,185,enabled,1001545,7563,
1dGXH_Mzopg,132,enabled,109125,1449,
OmFJ-R8Xq4E,295,enabled,390596,3914,
XZQcBJ_8BQE,329,enabled,469755,8495,
LIbwYaOcGxg,74855,enabled,30107108,510689,
ckMnckTze-I,34299,enabled,21978911,576605,
DMfK8MstYuU,0,zero,10578728,22545,
doSR9Mq_taw,635,enabled,668813,8996,
Z5GFzWKha0A,15,enabled,4491502,7966,
3ib6ST5S_Ok,7,enabled,11912,104,
WdEWzqsfeHM,1235,enabled,1100372,13868,
Bcv_d1RrQwg,0,zero,200819,596,
psf5sHvqVFg,1247,enabled,334095,6390,
nhICaY0BQrI,427,enabled,503631,2325,
s_a7AZbJGNM,26371,enabled,113071662,623626,
FnRHJ_nhgjU,9312,enabled,8557223,223951,
cXWKoRCfTWY,1320,enabled,1622635,34671,
_GFkHA5EZdE,28281,enabled,42405206,939962,
tALDcVmWE9w,2102,enabled,5413473,55486,
NTAzn4W48gc,314,enabled,6157506,12175,
U3OGSGM0HOI,69,enabled,151381,1084,
dJBS94GVyuo,242,enabled,789208,1787,
3UV3VHhAbgc,135,enabled,1180214,1597,
FX-FwK0IIrE,2714,enabled,1564850,35151,
4D3oIMAXQg8,410,enabled,295508,2897,
5SNo8h-KfAU,16159,enabled,2936889,19044,
MHBdoUs1e5U,3092,enabled,3699249,82981,
JK5j7vR_MbA,74,enabled,63313,392,
9nvK-Hw_vUI,725,enabled,1757492,17646,
uA3kTXXp7Rc,0,zero,4842446,10262,
2vjbW5EiWyY,39,enabled,60806,49,
MTknAPDBQiY,1500,enabled,466655,10984,
ObiqJzfyACM,30122,enabled,13831552,428557,
fRfPupikHT4,3232,enabled,4802951,53345,
DhN8IhWGaaQ,3928,enabled,1537393,32110,
kqQntskTjWI,0,zero,7157149,13529,
KtT_cgMzHx8,2471,enabled,2960994,54536,
oxIcKcljXCo,702,enabled,853788,51522,
GBDB0ZdYJQg,579,enabled,1834079,97427,
XpVJ4AuXDK0,1020,enabled,5159059,19737,
rX8NZdZ3GMQ,820,enabled,391145,9147,
Mm3OLpQPumE,0,zero,442,1,
a6-ot4AhqRA,7,enabled,23778,236,
zhp-FTYSGe8,32596,enabled,9681630,223302,
xjgAtojvIJ4,1510,enabled,662724,4310,
bUhuuUfmlt8,398,enabled,397639,4161,
FVxzk7t13HM,1863,enabled,1718454,12043,
S0W6WopK6Yo,295,enabled,409644,2479,
grOiaGD5RJo,129,enabled,67576,237,
-d6PtidNJYQ,0,zero,80563,614,
7ofma5684ds,2598,enabled,5149093,46041,
OKJgTZPq_ZI,0,zero,3817738,28366,
QSwvg9Rv2EI,1235,enabled,2545182,15574,
ZbypRjlLiRk,482,enabled,470844,6424,
cprDwNnbgCI,3,enabled,11697,87,
zz-4N23KyZ0,3467,enabled,317703,2664,
fHzM7H4Dp28,651,enabled,663949,9781,
5c3QSOoRDE0,157,enabled,28553,265,
PdQmEPC_Nvc,2965,enabled,2920874,178062,
bJEydHoqh2E,18,enabled,22331,154,
YyIjwH-b5nw,482,enabled,190351,2791,
CZ8PklXvBaM,9575,enabled,1868018,20351,
vVeqAtNn8U4,347,enabled,287770,2733,
jcD0Daqc3Yw,1133,enabled,5217007,22870,
PIsIE0oHGgo,3546,enabled,7273293,106843,
fcbj8BBsWSA,16509,enabled,64925741,657500,
os1kwb2a4wk,144,enabled,465897,3586,
c18GjbnZXMw,5832,enabled,12052684,124401,
_TT_q9lW2n8,2107,enabled,1017875,15289,
kIID5FDi2JQ,21909,enabled,23356398,381414,
H_3T4DGw10U,0,zero,2488804,12946,
N3b0PFCrayE,1359,enabled,5355783,15770,
dCxkcDuW7AY,59,enabled,108698,583,
7KYTJ8tBoZ8,6154,enabled,2355432,86558,
Rh0pYtQG5wI,2256,enabled,1973691,55716,
OoGcuLRhNOY,3377,enabled,820881,5952,
IXxZRZxafEQ,8160,enabled,9788256,198238,
AIH0XyglbO0,542,enabled,315732,5665,
8qfzpJvsp04,292,enabled,845334,3090,
JVN5IoY_Ov8,847,enabled,513886,6533,
GHzqlw54KqM,25007,enabled,8161782,138363,
E5pljUJ6b1k,151,enabled,576873,3654,
OXZQ5DfSAAc,1258,enabled,7242846,48020,
wphCxNUpLwg,3409,enabled,10122846,157727,
zGaG5-VL9P8,5033,enabled,3172711,34205,
sRXV8vTOZHI,0,zero,1071,7,
htzw-UIVa40,0,zero,3647123,29786,
pAa96s-JL-s,10,enabled,1255607,12044,
e6NcgnNgT2s,917,enabled,903212,14117,
lJH2CPFz0sg,845,enabled,1236510,15819,
H5xu0F3JFDk,1359,enabled,768269,2996,
QNmwjkFYXSg,178,enabled,662846,3639,
eQZARfzRRso,890,enabled,806274,14620,
jWZxuEP1g04,0,zero,553398,989,
fJS_vLbFgPw,670,enabled,471943,2779,
AOln3rO8ZIQ,7023,enabled,12846265,164553,
LZZzw1QTy1w,1912,enabled,2750401,21166,
VKpQgEyjNdM,7768,enabled,21227773,237455,
DctTvvOXkUY,138,enabled,2191058,2313,
UaXjcIl-6q8,34,enabled,371280,806,
6CaiWqRRyMQ,191,enabled,583216,7367,
Q9HVhqXI8PY,426,enabled,1144294,13798,
0XgpYXVN-Kk,3280,enabled,9672020,50902,
Jc_fZb4UUpo,0,zero,10806203,35078,
4JfaXMcnRAM,5972,enabled,1315363,12650,
pngXj6kwAHI,22,enabled,135120,45,
HlUIS77Q_7A,30,enabled,63754,333,
1Whul3I9_l8,28,enabled,480238,422,
RJA4IW_pkeo,1535,enabled,4605163,16846,
Qj-qMFMmk_w,242,enabled,203028,3251,
mMXw3CrYJDg,0,zero,2406,6,
xW6DV_2Sz-U,531,enabled,1151366,6385,
hXWDSeVeaAE,284,enabled,1241960,6045,
NeKXvINnk04,21032,enabled,11460895,226746,
S-khGy_yN8E,6236,enabled,10797393,201994,
TZ3M3bt22v4,365,enabled,804024,4139,
qW1xbhW2PEE,23010,enabled,16576733,133700,
VS46DZe5usY,1499,enabled,2568863,25651,
c_CWhv86Wc0,1246,enabled,1672035,17991,
knA4ejL5Zqo,1150,enabled,994704,6721,
r-uTjaQ6E7g,4695,enabled,1824180,5118,
V602GMSSo0Y,3785,enabled,16147235,94798,
kW9mi8egLKE,1,enabled,1681,7,
AUq5lossiRU,1523,enabled,719620,1244,
FUtCFRp6wBw,4961,enabled,949925,3094,
U-mmbStFrAA,1671,enabled,2437562,15153,
9eTzV7HvKHU,16171,enabled,20489188,101661,
noZWLPpj3to,1715,enabled,568770,9646,
yGtVu3mIasA,2011,enabled,5210078,29831,
B72Sqhdl0mE,343,enabled,204589,7171,
4h2-l68CTmY,10859,enabled,8058549,388006,
u-Z6Z5twP5I,368,enabled,176066,785,
Pk4z8VHUuwk,5776,enabled,5186941,246330,
uCs5NKbuxGg,2095,enabled,1183383,28563,
-blu2QYxP70,0,zero,4091789,11067,
V1ibms88GBQ,0,zero,31993680,77805,
U49VvGYZr98,6860,enabled,10527374,194762,
d3zTfXvYZ9s,24347,enabled,11594951,322324,
NY209Le027I,2566,enabled,1211671,20380,
5YU9djt_CQM,10684,enabled,3201531,57262,
XbhUb3fBFoA,1955,enabled,515507,4676,
hnTx9u96z2o,45,enabled,92997,543,
96h1V7zOEHA,258,enabled,418115,2211,
wTLLNFBgokw,3185,enabled,2843771,26075,
FlXY_w4wZ4E,275,enabled,83396502,75128,
4B1i64cTgEo,32,enabled,121316,537,
1N1-bs4oLAk,372,enabled,746933,16649,
IRX6r0yHit4,181,enabled,85825,2244,
8OM0dJzJHy0,2519,enabled,6366280,25359,
ouEAIKq0vgk,336,enabled,449023,3801,
GY3trYpkOO0,762,enabled,77114,717,
D1WWR0tiR7o,1689,enabled,3999159,36717,
fZISwn6Lgj4,0,zero,1790,7,
om9iq4mo9fI,868,enabled,1827950,11179,
yDjIwhYqEl0,341,enabled,295566,6627,
eHZ-Ft7tSAQ,2275,enabled,616910,3513,
GnYGcx4EmN8,2806,enabled,5454651,74370,
8JbzzmghDfI,0,zero,6866739,8364,
NVYgNy8f5K0,72,enabled,107253,426,
im7DzMr8Ygs,31567,enabled,13256497,283643,
4_j1hh_2LE8,1363,enabled,1539678,10887,
YXkQVSSfk1k,1365,enabled,502405,16349,
x0rk5zh7RaE,2338,enabled,10713817,23167,
HLoHZ9hajAQ,2009,enabled,5138358,35376,
cMNx17H3dRU,99,enabled,583888,5096,
-IgPP_A3-zw,0,zero,549,3,
tZLSiazigMg,0,zero,5792500,18607,
u2j28P1QFZI,116,enabled,19385,678,
ALBdMATJQ7k,870,enabled,223799,1730,
fFLVyWBDTfo,3870,enabled,1808541,22871,
sfluIhj8Ef4,2309,enabled,9806280,128424,
5Uc6Iiq2KLs,0,zero,3792371,14188,
7a20s9HjKw4,10373,enabled,2442650,147024,
rYwaX_Z0r6w,198,enabled,228177,4221,
Gj2nOk8af-o,5412,enabled,2337514,70822,
Q6ikgH5O__I,7092,enabled,12536233,147245,
yeoHMr9cy7o,368,enabled,1186082,8969,
iTL64kVIA_g,2807,enabled,2857199,38528,
xIbyQ92vijE,2001,enabled,2340282,28203,
vQBWyLSbnw4,818,enabled,7328562,30541,
0UV7niMk8KU,87,enabled,29245,250,
aeT8-BqNDws,4359,enabled,3736621,33105,
fs4bN_9tQCs,0,zero,7992093,103200,
40f7_93NIgA,668,enabled,470310,15025,
g2yy0qfSsaQ,17,enabled,56504,160,
3txs0LDQtCo,5065,enabled,4762038,67839,
ukPa8xMWkkE,162,enabled,161795,328,
DEJx0CYrDHk,498,enabled,2241735,10299,
ADD7QlQoFFI,7000,enabled,7297781,134829,
fYsBBhL1GOA,0,zero,17996089,65036,
9w700Q_5-y0,1455,enabled,4514055,132467,
ltAowEQ4878,2151,enabled,5706061,87276,
XB401RfGMlM,0,zero,3326614,34150,
9gD0K7oH92U,2702,enabled,5548732,57205,
Dxx70iDJOOo,2124,enabled,3686340,19105,
DDH7Rz7I4FI,102,enabled,235416,1892,
WbNclQ48yMw,1191,enabled,216377,3212,
RQq93Q2txrs,3528,enabled,5360430,30032,
eTfm03T3VAE,1751,enabled,1373225,16351,
Cc5kToJOTvA,65,enabled,73649,643,
ZvtjnxpFRbU,10254,enabled,8231332,164972,
AFXTxQPV79w,1154,enabled,3929173,60748,
EfqVnj-sgcc,3843,enabled,3824710,71746,
hglseVMaoq4,1316,enabled,1076520,12885,
ffmjuWBrag4,2337,enabled,857217,9891,
3PszVWZNWVA,8616,enabled,9037242,82573,
NdbP6cSFJXs,10106,enabled,9357487,219531,
dD-yN2G5BY0,20537,enabled,4713357,62858,
YzGZPTxqlms,0,zero,287,4,
goE5VmuNK7g,23,enabled,35883,262,
czvdPqnQcFQ,116,enabled,108046,916,
UOSUOUlaehQ,161,enabled,761158,5435,
EDr76YzTxHo,105,enabled,196685,1343,
wQvoXaysyd8,0,zero,2636,6,
mmceh9nIbBY,4758,enabled,1959934,41501,
zeKynkHIrgY,610,enabled,178617,3536,
L43CU1f8ClI,894,enabled,451503,9389,
ZiNw2Pe9J54,6298,enabled,12496393,135607,
F4gJsKZvqE4,5616,enabled,15898565,51771,
cPDptc0wUYI,1843,enabled,3443841,49228,
3blbfCfGuU0,1993,enabled,1737257,29624,
00mdcc9o28A,1571,enabled,3216961,46742,
qM7Eob4YFDQ,778,enabled,1182915,10049,
0oJ6cYyr1bQ,2499,enabled,2954656,30875,
VqCjdaIYLNI,1136,enabled,529225,14104,
9MgctssX5vY,5720,enabled,2396544,12687,
lPBTdSfLBg8,743,enabled,610046,25230,
z_GN9vX_tDE,0,zero,75734,0,
xGAgG-neDzA,1,enabled,1148,13,
s3rSegBzJWU,1422,enabled,1621854,16720,
WneaHMzgurk,4853,enabled,11320275,239447,
8wbo83Jpkq8,8725,enabled,3329275,94520,
I1y4dbVMQws,272,enabled,95010,349,
NwR6xKkHOyM,457,enabled,231724,9459,
e9NOwaiXqqA,847,enabled,3071104,35731,
6RbtnBh_0A8,36,enabled,19419,213,
JvPhBJpCeGg,45,enabled,39946,430,
dIz88fP_UfE,0,zero,5775789,23915,
_ci49M39D0I,24333,enabled,9195960,337877,
BfvWWojR-jw,10708,enabled,4118397,90407,
RlZFNL-kyho,137,enabled,66183,1114,
Oai7HUqncAA,7807,enabled,3836734,116177,
Q1gD9s7Y100,0,zero,205804,483,
Y8c75up0Ypw,0,zero,1503591,15805,
t6xWRZ5_dvA,125,enabled,50463,513,
L01zcLIqea8,254,enabled,57916,318,
_PMb8bfAXtE,5922,enabled,3223386,76140,
0cGrxv3PYkQ,358,enabled,43357,1890,
9LVN4P1kk4w,0,zero,107966,382,
WxIM4UbN_8o,5,enabled,87047,83,
vPBM0g9usMs,8749,enabled,12271282,191096,
nB83-5ZXaTY,2102,enabled,7120308,21632,
kFkAFj5puGY,534,enabled,303396,2049,
cA6JY2DyRbo,0,zero,297978745,196811,
t5DNRdBDtX4,588,enabled,1175147,2543,
m95JdpLzkQY,0,zero,595415,1824,
wmfFT2iORVg,1909,enabled,4029747,60760,
kWSIFh8ICaA,89896,enabled,20759939,559411,
Bwn7cFiJa7M,279,enabled,211574,285,
5GPYfqWgJfY,501,enabled,470956,5659,
jNQD95rRilg,1130,enabled,2841876,33029,
C2jt-MSmzgw,55,enabled,46299,648,
P4d8QrRJvsE,6669,enabled,10691192,160593,
V58J6iQbbds,294,enabled,410869,10006,
itsb2SqR-R0,3486,enabled,5833124,52885,
0yn2qCP677Y,686,enabled,951577,18716,
ClFQQ0uzst4,108,enabled,461986,985,
7KHvKzpsQrA,8704,enabled,7682126,95052,
jLOKSJq4tRA,1266,enabled,2546056,33095,
pU4RaPC3Rgg,273,enabled,101961,132,
_fTC_Ud_k3U,11377,enabled,8510017,262777,
3x8Eo2TuKHI,650,enabled,1201634,4046,
Xjkr-8lrK2w,1382,enabled,573659,9121,
YKQ-6YnrKNc,455,enabled,311966,3099,
46kAFszj9NQ,69,enabled,28066,71,
oYoQpDtBLac,197,enabled,870725,3799,
218_Veus8ts,183,enabled,43357,405,
rWqVoaYxgRs,476,enabled,3855274,9454,
oBx1YqS3RsA,688,enabled,1915837,13490,
wlF9spMkYqY,1077,enabled,482116,7894,
y08gxV5tHUQ,156,enabled,1636512,2855,
OhCC3_ayHFs,1431,enabled,362038,17205,
_OtmC6lGeLY,659,enabled,352493,1365,
mJpoSZB95SA,13693,enabled,21084091,241825,
oTfgfoVb6io,1066,enabled,673308,15289,
G4bRRmEElvI,5105,enabled,4488780,80875,
53Jb7Y6eUUU,1302,enabled,1217201,31999,
GIqCgDenD_g,48,enabled,105586,206,
4Cfd0r1r5E8,692,enabled,4607280,33111,
RITK3_QGlqA,0,zero,176888,151,
BF5kS2UotsU,3057,enabled,4113480,28964,
IsCTaO9H3_s,0,zero,1951,13,
HD7JjeupVt0,1457,enabled,1394595,13939,
vPV3huvxDy8,9225,enabled,7640644,119543,
ty5JawiWe8Q,2626,enabled,2961653,26060,
jOvoxl7Qmjk,476,enabled,561245,2706,
bfszKWl7GMo,0,zero,8265971,82483,
7187SoBl6d0,23863,enabled,18264294,217697,
k55FYtqtXXU,30862,enabled,5483356,238516,
O4Q8Nm4ksVU,5276,enabled,1024730,29403,
Tb0r2OLh1P0,1941,enabled,6296554,34719,
1HLMi1s6Tho,14218,enabled,2795829,144340,
uQbYs_6jrno,785,enabled,579046,9871,
MeDb2nU9jKU,11145,enabled,7427998,65791,
uJpaQWWgaC8,8908,enabled,13656088,181776,
_Ik4hwi1cJo,158,enabled,130364,3752,
W1aMtOAk4LI,126,enabled,484085,1810,
HaFaf7vbgpE,969,enabled,1802204,22780,
OzQ8OubNp1g,5709,enabled,3777769,86465,
PxhJZcrh74I,189,enabled,454241,6089,
-gkTxhigtXU,75,enabled,167302,1583,
O50NvGrOx2k,3593,enabled,2063408,11542,
kW6YEZMtIto,36,enabled,55994,420,
jrXGfK5I_rU,18574,enabled,4113877,35701,
QNJkcr7u2TY,9374,enabled,7078823,60200,
3PkP5U6giiE,1044,enabled,265875,4080,
EsAilPOdQCQ,5211,enabled,1538888,20151,
V-KEMz6Zx1w,161,enabled,77009,1059,
g_FB4Bw99KU,6893,enabled,11934485,220628,
cZhpvvF0xxQ,569,enabled,435330,1404,
tIU25OINS7w,547,enabled,484404,3566,
bKwUeyoEe70,166,enabled,71454,842,
RRkdV_xmYOI,12451,enabled,16493604,283236,
7rKmg5pr3Ko,5755,enabled,8528357,393986,
QHe1wmEaYWo,4025,enabled,2134923,35919,
_Hzuqyep25M,4904,enabled,7576114,93990,
B-NEPHPyr_Y,4882,enabled,6765717,83835,
SjlPAYeU1kc,361,enabled,1826614,107207,
jy0_UnaAG-k,760,enabled,1817530,13463,
wXf_YodWw40,652,enabled,1592679,8232,
r6Fx-tuCdIY,1424,enabled,1506195,31381,
w2tKg3E53DM,23112,enabled,11654765,216077,
0kx16qo7pl0,16,enabled,36564,81,
T4XiWhGW9AE,0,zero,14542020,72998,
oxbfOrmVkn8,660,enabled,1325786,12206,
CqRFXQJ2ghQ,3753,enabled,9315750,173354,
6M92OA-_5-Y,6226,enabled,8966411,163661,
c-UDERlkZ9k,74,enabled,189491,314,
nhSSu0Nzs30,47,enabled,449422,1537,
MuVw6r8BSvU,20881,enabled,17520466,207421,
Ic0035ODH-c,57,enabled,338464,1795,
xdJcJ_zjB5E,2303,enabled,1072186,18083,
lDY9JcFaRd4,105,enabled,1006543,3127,
oYN2AlTEyOY,263,enabled,105658,2273,
oLRsWkFNmVc,0,zero,1633123,10694,
4F3ZDqLIw7c,1044,enabled,2556060,6734,
21eFwbb48sE,6133,enabled,3100556,74640,
otmgFQHbaDo,1272,enabled,2247957,24637,
z5aLjGxdX_0,0,zero,34848288,231863,
7dbRDavsp6I,3875,enabled,4874665,146665,
aWD-z_D5fRc,144,enabled,112695,238,
UrHSyHgDyR4,1681,enabled,1583207,19783,
LnkmeRs6ECg,0,zero,3755,13,
Z8FZewEPAAk,11522,enabled,4679812,70993,
_dAczey-Pqk,0,zero,9112539,35607,
cOTemOlvTI0,321,enabled,423247,9603,
smkyorC5qwc,28540,enabled,17473650,75955,
Euw0MHS_f6Y,159,enabled,192666,5664,
vCo_wBCDkcw,959,enabled,237691,3273,
sasdCg4da4o,2630,enabled,4785585,314457,
B8s_1UcdoNI,5722,enabled,14553607,73285,
IPGDovkePYM,871,enabled,187819,750,
48nFaBC6mDg,2535,enabled,3167922,55894,
RYz2J4DmxVA,489,enabled,301105,9555,
POWaaHKXRlw,2413,enabled,9774519,46786,
zY_7jujh3t4,294,enabled,344993,5067,
XKVDXbIpW9Q,6009,enabled,3792350,66741,
RuWiKXdkdpk,1305,enabled,611995,10141,
pBQlCFmT8V0,0,zero,2519,16,
jneysYvEfYI,0,zero,14519912,61556,
MH4ObinP0IY,0,zero,9319237,47640,
Dc_FWtICKsM,0,zero,5383631,23920,
hY7dQnVnqmQ,7459,enabled,15257318,81027,
PFcvCn2zPn8,0,zero,219349,619,
7MIy5m5kt3I,769,enabled,1555439,57825,
6vi6yQtntdE,3412,enabled,2785777,21162,
xpzClwOglyU,10170,enabled,969963,7626,
r-l3ZhorcYs,539,enabled,1471039,5891,
N9BpfLqe0ws,469,enabled,1316507,7084,
IG-BGlok2Ds,0,zero,15031424,106669,
4V516qycr9Y,764,enabled,336717,1610,
VM1JiZYNbkM,3188,enabled,3613115,253601,
szu8G6ed4IU,20,enabled,531024,192,
R1GWjEFGMY8,246,enabled,663404,553,
4QVETb9DS34,2558,enabled,6769939,33547,
T0IuwBDMWHw,4228,enabled,6380256,54608,
cK6EnFu3NHc,1802,enabled,2375471,35963,
UWK_0U8Ee1E,118,enabled,67634,1230,
2s4GMLkTNv0,54774,enabled,20020382,1042226,
UFGnBgwfXHA,329,enabled,86717,1129,
ILlNYamvd3s,0,zero,2351,36,
EOeOZPiF8qY,4954,enabled,2567625,68239,
QP1Z4OWjTuA,891,enabled,636024,5428,
-BOUZv1BynQ,1070,enabled,3904319,33151,
FTL_AM-4lis,0,zero,6829141,35875,
vbBzXPQ4CFk,11576,enabled,15557987,264952,
E5zX3kcwtIc,2386,enabled,2233380,27118,
p8EfMTiOtb0,3367,enabled,4607040,86839,
LN37dK9s2MM,2711,enabled,711814,19935,
T2BSSy7fxOc,1174,enabled,745148,6022,
rKdB2HnWBDA,682,enabled,18705860,43877,
yvS2gjMMXBQ,10507,enabled,7007835,85453,
2HDy1ZCrJVI,22181,enabled,3427753,79143,
L4AJmvzImbM,7717,enabled,3996912,110182,
SlEXU1YpHqk,121,enabled,127382844,105961,
_38JDGnr0vA,3712,enabled,7420254,85638,
VNqNnUJVcVs,222855,enabled,38325754,756013,
810qddPcsqo,8734,enabled,14544523,209571,
rrBxZGWCdgs,6213,enabled,1314423,28062,
NCHOyqMUj4o,4052,enabled,4265214,69363,
vFPinMz5jAU,3,enabled,2080,10,
27mUWs2wjPs,6243,enabled,13297331,203787,
ZcLQUWshFvw,10337,enabled,4926990,132661,
tqg6RO8c_W0,1041,enabled,2703494,17682,
46BjHAxgddU,14410,enabled,34950488,221184,
2OPnVVcrsC8,7,enabled,16005,125,
Cn_Mlwouwng,3264,enabled,4627280,40979,
n31sUxlvLVk,407,enabled,1968016,7806,
r0vVqStvh_8,3142,enabled,4163564,23200,
BIL4ZK2aspQ,99,enabled,10644,306,
0eKdNcP4xrM,5557,enabled,3566161,107389,
3tUCuMSPQwE,8463,enabled,14275027,169379,
VaIAtdyj5p0,357,enabled,126522,3913,
yL9UJVtgPZY,7273,enabled,4839461,49752,
QyViuXFyIE4,2623,enabled,12819965,120889,
CvSW5Ez0koM,2093,enabled,2983292,38679,
vZIg9RM18us,162,enabled,43621,958,
OE4AH4DZtEI,9381,enabled,8486128,21437,
98VZBhMxdVM,12171,enabled,5614367,131099,
YTjIwtb1oN4,106,enabled,26419,204,
yihoIvUBDM4,120,enabled,619851,1867,
K8Ab-PuF1DY,3773,enabled,4159993,37859,
vFhoNykgQtc,1978,enabled,3519775,26116,
K1K8s-tQGqY,11876,enabled,16934398,147051,
jTL_sJycQAA,32228,enabled,16615643,333737,
iLAE6bHReAw,21,enabled,58100,388,
N-byJvHAXQA,6941,enabled,9693827,62975,
8AlvNCEd9wA,73,enabled,32897,119,
A7Ont9xq5nM,55,enabled,16562,408,
ddxhPTAP53I,0,zero,456636,3398,
qyi5SvPlMXc,934,enabled,1199516,10377,
l7A9q0gKElQ,59,enabled,7742,35,
HlSljhvCNpU,101783,enabled,15206636,409131,
L8LWUyUy7jM,0,zero,8755439,20669,
6s5PwEl1Ygs,562,enabled,1123549,5570,
sOpuSRj7IN4,6230,enabled,9338102,92564,
ioGb9wUY1y4,241,enabled,51839,331,
81H5PT7ANjc,442,enabled,214256,5237,
Tx83KIH5Gv0,11317,enabled,8780140,404955,
Xy2qVIhTtG8,1197,enabled,706250,9943,
vSK27QOix0E,216,enabled,879601,4012,
gjItcQxY0QE,1,enabled,508,0,
wsIZc8BpR4c,74,enabled,758930,2685,
yEPSJF7BYOo,13446,enabled,37295361,462850,
exV-jHDY39g,1476,enabled,784106,15609,
FrFj7JAyutg,82,enabled,463807,2353,
22kHNWK1eLk,1550,enabled,1636501,52089,
offINQCX1B0,451,enabled,128320,1511,
mKgRSszK6tw,23,enabled,14228,211,
4gd0wKc135A,42082,enabled,5890460,154462,
hreGatWkrmE,676,enabled,1647304,34460,
h1ABjs0dFD8,2799,enabled,3393669,138082,
aHAPcTx_FNc,1988,enabled,4480443,65603,
n__1Y-N5tQk,2349,enabled,4723836,18285,
UcnQ5jVGEds,4071,enabled,3210356,13206,
f-yhrMFD1YM,4390,enabled,2996832,71714,
aABEQe_qhDA,1649,enabled,1393199,24410,
sEf7HSy_Q8c,27,enabled,3465893,199,
zQRMF-4CnuY,4496,enabled,10891037,118710,
iI_2Piwn_og,645,enabled,1830534,11075,
Op3AYaJc0Xw,2707,enabled,3631171,74830,
7o8IcA66K9A,8830,enabled,10198401,207255,
GKMcw8Jpvas,718,enabled,856282,11177,
uzkc-qNVoOk,1234,enabled,5725676,25942,
Z13lmug0Po8,3472,enabled,198402,2710,
EVbdbVhzcM4,15053,enabled,15795080,460006,
Z3B14gAmPCI,10,enabled,21220,29,
JKucs8CfH3M,48,enabled,83914,217,
hP9zimdPXtk,978,enabled,1175300,8894,
ql60SJe-S0M,207,enabled,296609,5472,
3-iMlQIGH8Y,0,zero,1615474,17263,
MYcNlKqZvaU,4962,enabled,952567,37016,
Y86QaugDLmM,20,enabled,32859,138,
Krj2rX7-M7E,1559,enabled,1183732,17424,
bK4vn07W1lk,4749,enabled,5079120,32706,
NT-fgaYKhVg,4308,enabled,3074459,21306,
tw7Os-_BJMo,6222,enabled,13377194,166365,
d7J6wFa-vYc,5865,enabled,1694290,8833,
KwA1vUVodPc,2864,enabled,3166139,34107,
kKgLIZpjnPQ,0,zero,3044,24,
vZvVYQL3Hp8,1813,enabled,4979391,85946,
QDkLaDDJhG8,12276,enabled,7413341,177606,
0nUxwhgTIKs,247,enabled,111039,505,
Gfw6vIl8ILk,1393,enabled,368364,3664,
tnQTj-yLodY,364,enabled,46397,256,
x92mfhWERew,1290,enabled,11900628,41247,
1I5ZMmrOfnA,1084,enabled,2217673,41644,
MEle9Vfxoh0,138,enabled,1005482,4115,
buSaywCF6E8,7301,enabled,3680612,77494,
wOQe1hWvX_c,6670,enabled,6267544,53703,
EA3SSEWl5yM,809,enabled,904070,10589,
YungjlHYp18,1,enabled,73889,5,
gk03-roWP2A,259,enabled,265907,2358,
5WKU7gG_ApU,11337,enabled,16342046,176557,
vyXVcasmq78,262,enabled,106925,3699,
0Y3sotWAwv4,1506,enabled,6016507,49698,
vlo0-GDi-qc,6738,enabled,6668472,121560,
T6LAwn7qlpE,3667,enabled,1190202,44235,
kw6lLBkXVBw,3905,enabled,3002894,159536,
pAMDtXUnrUo,1626,enabled,1243160,20713,
td0j-AStSrw,61,enabled,22502,97,
0yqC4BYZWnM,15758,enabled,11652787,90698,
fExgrGfin9Q,4195,enabled,19247822,252546,
QEFhEPDtizc,854,enabled,438538,11606,
6L71jJaouEY,1682,enabled,813143,4480,
Lk1uBMZOaXc,3470,enabled,4119441,43805,
Jizr6LR83Kk,3183,enabled,4205947,77907,
LS67vS10O5Y,1117,enabled,2316455,25197,
SrplBLMLkn0,0,zero,257236,420,
4SUoi_9asBU,4798,enabled,13279115,119945,
ZZZ6QB5TSfk,4123,enabled,4500303,80092,
ICHWjcIW_vE,79,enabled,800710,4360,
cwb2y51L4oE,0,zero,9222920,93468,
3B24Bbsf3U4,2269,enabled,525080,1919,
W5eCZgdhkQk,1779,enabled,4553360,68673,
fmrdsRdYZlg,1332,enabled,1183221,22217,
UYWBLX7aexI,991,enabled,743769,16614,
K45mFsyZxtU,4425,enabled,6290010,44647,
OwWINnGPa8E,764,enabled,813408,12273,
b2NLR7axPuE,21319,enabled,7792163,343398,
otZcY51tvDw,651,enabled,173131,3197,
XRO5bWp0OY0,37,enabled,122075,590,
Pzp970kH34g,26,enabled,60351,144,
vzSHcyXfNPw,3079,enabled,7784450,52176,
iqAkx_brIC4,595,enabled,1596812,1561,
LAJemvkyrL4,0,zero,99603,176,
nHtQAnggG98,31,enabled,19775,260,
4k-Dd71CqnM,8303,enabled,22299076,209436,
NnBHG1SmI-Q,2261,enabled,1427901,11436,
cA97GisBK9I,0,zero,6075826,7819,
RNIXUdt6K7s,14,enabled,10432,15,
iKgElvohimU,2114,enabled,264675,4545,
bPqB9a1uk_8,160,enabled,448575,1766,
WOhAA0kDtuw,11,enabled,38088,368,
iKmhZLgWVb0,1844,enabled,3550062,23735,
yBO6TZzJ0aU,637,enabled,498160,3581,
5e65WRAA3T0,1944,enabled,1837738,12457,
IY5mBERhSDg,4421,enabled,8658569,240192,
AIdIu8SQtOI,3479,enabled,3657152,23271,
UOgvbS4GkF0,34544,enabled,14285833,365549,
2qzrjzN5ns0,3091,enabled,1038687,8103,
N5ICaTOxqpI,2503,enabled,2966069,76568,
RQiowvkd8dQ,2612,enabled,1575244,30428,
oKKdCiiF0N8,1383,enabled,2005605,50257,
hkxlU-Kbt0A,23950,enabled,10426075,121556,
no8vgXg_rlw,0,zero,22819417,176578,
exQMsxncvfo,1222,enabled,992591,12758,
fv6vlP2qSyo,25516,enabled,17998552,209521,
DQmlsaME2-4,8312,enabled,8821176,146209,
X1U21VBSbSs,6015,enabled,18220924,71902,
FeLjAlPQOlI,0,zero,4700705,3943,
SVSKlT8V-lI,23,enabled,17721,197,
tMAqL2K-Xxg,11092,enabled,10172465,177579,
BMWsuXE6NoE,567,enabled,906825,12518,
aaS065EcWjk,5336,enabled,707409,5349,
xmEI_HZS64U,22958,enabled,23776228,265219,
Fz829ayvlKQ,240,enabled,372504,1958,
xKxrkht7CpY,3947,enabled,26683055,127931,
KAgaM5cbgt8,65,enabled,125394,109,
y_DweTAEYWk,143,enabled,547532,1820,
bSaFSIh65dI,84,enabled,77364,1979,
EAzGXqJSDJ8,8869,enabled,15638786,75597,
XZ4WTQjKG7I,0,zero,1135190,5752,
aVtxj1kbHXc,82,enabled,200316,793,
8s28jxGnKeE,959,enabled,480105,1328,
fVZv_Z4wpII,0,zero,354883,343,
afM00AVduig,519,enabled,64303,699,
3pGo-IKX7_0,557,enabled,56464,404,
zxCxFMldAgg,169,enabled,323326,6133,
VgtpaBOkvrA,7194,enabled,6270133,144523,
O-621MyYKKo,4713,enabled,2583599,17393,
T8zku3SGxzc,0,zero,1401593,5454,
0ZKtsUkrgFQ,189,enabled,684029,2149,
x8AeBAV4EIY,6955,enabled,2120491,15847,
MQRPS2d9AqU,36,enabled,120299,564,
4N0UUXQmYz4,1277,enabled,1298820,20618,
2QyzjYqkj2U,6774,enabled,5855283,63603,
7znLhOn0TZk,157,enabled,346797,1399,
Y_1G4_oPt_o,19547,enabled,5160928,79021,
71lSIIyEc2E,843,enabled,422621,5059,
Xwn8fQSW7-8,981,enabled,2001593,23895,
GUwlbrSqDIs,1618,enabled,6241869,83189,
uQJs-ipDf6o,1686,enabled,2029803,27873,
7L-tH7ot6-8,0,zero,24821983,104833,
OK2y4Z5IkZ0,4808,enabled,3222073,96988,
fMOKevIBwDs,3684,enabled,13017028,123798,
cdPo607_wb0,1424,enabled,3543974,28882,
ECDrYfNvj_o,10937,enabled,2798630,10663,
e5jx9aYSG1c,2690,enabled,6965114,135460,
pKIQM1uRaVQ,73,enabled,87262,1133,
ImfTlurKDVE,2055,enabled,968400,2609,
1csFTDXXULY,4510,enabled,4333244,63778,
FslFV_DiZVc,353,enabled,232438,612,
MuPL-PSMX0Q,48864,enabled,63877577,848561,
xqbw_7Vo_eA,2530,enabled,4842402,13084,
LwON8qNTfyQ,172,enabled,536304,1778,
5rBmPfAoySs,0,zero,2684,13,
6zuGk80VS6k,31986,enabled,6304329,293707,
hryaLiTGicI,1080,enabled,2737662,160155,
lHaX9asEXIo,942,enabled,816169,30745,
9dP5lJnJHXg,931,enabled,5898538,17965,
GHVJI2FkIBs,0,zero,47067869,179622,
G01L40adL0I,3549,enabled,1508331,22188,
hKXqAwZIRAg,1714,enabled,415235,2937,
r161cLYzuDI,3789,enabled,4543926,32469,
8li-3pRrA5Y,508,enabled,1537190,34042,
dX72axAvIGc,4535,enabled,6573874,246581,
IHBLbGvwO6I,3382,enabled,17677238,61071,
UeBTLRCxgmw,586,enabled,598659,4196,
-WQY84lwizQ,71,enabled,377517,3104,
uXqzFSc8JTw,282,enabled,126164,1077,
AsZurBPFkS4,197,enabled,126841,1645,
IyBq4AdBKJI,456,enabled,1899131,10429,
x-5sHglFbO8,12964,enabled,4464543,40082,
AwS_DIMeVoM,2412,enabled,3776271,59398,
lN-rVlMIJZs,8536,enabled,19918384,374474,
basFyoMSjds,6820,enabled,15853070,248710,
UFtOkGB0efc,1474,enabled,1554925,35731,
mJsvmscPY9w,1517,enabled,6682643,10439,
IFNw0PT5AJM,3,enabled,27836,50,
Sscyg0DIdtg,24,enabled,45955,180,
ugWuTk-A5Fw,3531,enabled,3282469,55852,
Vt9ROJ4H82g,6427,enabled,2386594,82565,
66NjRlfxr8I,3302,enabled,1824687,14362,
Tck3jgaZlhE,2677,enabled,3251486,28284,
l3UVisXGeT0,1724,enabled,4914658,34260,
SXV2lc0qqnM,1320,enabled,1441423,9058,
lqKcS_wPAxs,0,zero,572381,3486,
ooShpws3Dik,10879,enabled,3993095,16124,
Y4svv-fIeGM,8,enabled,31870,190,
NlbOBx6vcJU,25286,enabled,9361041,354253,
U2XQHLSuETs,990,enabled,846696,11626,
Yd0CF2_2KSA,327,enabled,1680003,4136,
ogM8bBkghqA,242,enabled,262966,1347,
OZG8M_ldA1M,1759,enabled,7975705,94281,
Yn574acq9Fk,4507,enabled,13139321,103977,
xWjejrZ2NIw,0,zero,444170,2127,
FOiV6pUF6lI,7389,enabled,1633290,26856,
ruXzeQSu3j0,233,enabled,1159519,66018,
l128tW1H5a8,1042,enabled,5545624,53206,
Q_QF_v0ZdxM,0,zero,152184,230,
iYfStBZ2w8w,8016,enabled,1673327,35298,
IxndOd3kmSs,4095,enabled,4965534,84434,
DnQ1tVIr8vk,644,enabled,2028801,5045,
mmkCS5eA4f8,18201,enabled,14217528,214334,
A79mQ3AKW9I,8,enabled,15933,64,
TgA2y-Bgi3c,10019,enabled,7527925,135723,
MA_zTtF5WDc,11900,enabled,3011779,157187,
Vjbqe7agCz0,2254,enabled,1874099,46997,
epAmqhvKQ08,1201,enabled,226590,2085,
oj79eaTyS_0,1215,enabled,1121765,63653,
K2epiV-aeys,518,enabled,676995,8534,
7JNC2L1yizY,475,enabled,441341,4242,
WaF2csswoB0,1782,enabled,12133423,50130,
XEdkXabqLM0,188,enabled,171489,3161,
ZXoSmP7Jff8,251,enabled,114898,1006,
6MhD2xZVypo,1443,enabled,2238829,18352,
RDPsKJ0E7NY,2336,enabled,3430563,55363,
9slylqZ1MOk,43,enabled,323340,336,
7IX3zfnXOkM,895,enabled,552262,2580,
9rIy0xY99a0,20616,enabled,12246114,352617,
PaeUsJeRChw,283,enabled,283392,2805,
48rlu_cKqsE,1878,enabled,812874,26069,
ZOuJVdGlp4o,31,enabled,17608,338,
oU_UEVp2ynU,3669,enabled,4501286,59762,
cNI-LIVs-to,7079,enabled,10554730,79245,
dHMdXU6goWU,47,enabled,262118,2574,
5wrpJV8hExw,109,enabled,59461,314,
MGNdN7szF9Y,429,enabled,957106,6801,
38_9Q4Az0xM,574,enabled,272686,3629,
qRjV-QzJP-8,32,enabled,22093,303,
5jeJ2cqAtK0,0,zero,7549434,20327,
_60sKaoRmhU,428,enabled,1082255,9964,
sjnhnCsoUso,145,enabled,491287,2609,
_AWBnbrTkz0,86,enabled,196068,322,
hBvcngHRTFg,11726,enabled,17713788,479674,
xRxkj0efDJE,32353,enabled,34054761,240788,
frnHuraEGxM,861,enabled,1100246,7781,
p-VDVI1GMZk,15800,enabled,9264837,223753,
aFlfn5_3-IM,2278,enabled,425322,8388,
yMqsd7Umxy8,665,enabled,1690757,14640,
iWFVAIbIkS4,671,enabled,2243783,13829,
cRiGtHTJb0A,4306,enabled,10177384,153130,
88dpqrNmuik,23673,enabled,14789506,141179,
fRJBCq8myuQ,377,enabled,940799,6785,
lX6zbKLoJpk,1193,enabled,242237,2726,
jiMUoVjQ5uI,18412,enabled,22760771,223667,
gTQ3KNdReM8,21,enabled,4189545,10175,
6yhVuyE0e08,1238,enabled,542765,18305,
Fo09bkmUdoU,16,enabled,13791893,11336,
6muw6pqzk_c,11033,enabled,22451876,46400,
sDOKecqGFfA,461,enabled,177372,9146,
mtvBLie7QjA,232,enabled,75165,222,
uvY0duvd4QI,1668,enabled,1682855,43877,
8KGrG2UePEk,1978,enabled,1617377,7904,
m7PZBLvpMas,2505,enabled,4729790,51517,
fOEWKW8KGIo,14983,enabled,11050170,101285,
PI4T5EcJ1U4,0,zero,39271905,165267,
vs3-Nq2Q8C8,2,enabled,202466,731,
gCvj_16EfSk,8224,enabled,6138504,369986,
V_mXR_Kol4Q,2367,enabled,4260367,35467,
1VA8v1btKdQ,960,enabled,706570,10695,
qGaLgYA_jzw,3706,enabled,3431778,38369,
VYgeH-fGW_M,37,enabled,226962,233,
Qr_K78fQbss,14570,enabled,29339619,277835,
1msP5pUHo7A,100,enabled,241132,1848,
HDeOVsFqSFo,649,enabled,204014,10255,
CXY9q2FcPU0,2996,enabled,1290397,11521,
Ru5qTlf03fA,553,enabled,197873,1499,
nI7HVnZlleo,4204,enabled,5567217,31690,
OcPRNIycl7U,0,zero,76041578,277896,
jqy0i1KXUO4,1103,enabled,1824685,18412,
CSen29S0DLE,1639,enabled,6920880,21434,
O8lg2SbC8dE,334,enabled,514440,10811,
-Zaxgf3D6dA,602,enabled,1111142,12374,
7-Rva8BKc1E,531,enabled,165776,2029,
35Z4GGvCmlU,632,enabled,1346030,8835,
ZztbAShnlxw,1159,enabled,2187992,28992,
nSPvIhxlSrk,2495,enabled,3327776,21776,
OlBaYwLI5FE,163,enabled,471193,2248,
ZqwAN60b8GY,0,zero,899011,4170,
8XSQc6Qw90A,540,enabled,1072805,7351,
YD2c3_clRTw,181,enabled,529726,1970,
tQzti9knx_Y,7,enabled,12730,153,
GCxFfTI81Ks,1023,enabled,2152437,38873,
HP-6wG_wZ8A,5754,enabled,6099472,18066,
4KbSRXP0wik,1131,enabled,3504496,42508,
tcQ37OfknJA,16389,enabled,16862009,264892,
NaILbbTdilk,2009,enabled,1454096,20677,
PQynVVwlcSE,848,enabled,1252952,23891,
SGVbdo2CkgI,195,enabled,652967,10905,
17yupxdKX4E,833,enabled,501648,7702,
mAHNKyopl1s,59759,enabled,10474402,261517,
qI0ve18j0TQ,3422,enabled,6494964,46936,
c9cUytejf1k,42644,enabled,149534807,1345766,
KIpGKumxiGg,770,enabled,5566575,9016,
fMDEFHBv6vs,0,zero,807476,1890,
A-QoutHCu4o,7005,enabled,2256918,26138,
iT8Iww44nZM,2175,enabled,3187518,39765,
w_01MdECgfw,82,enabled,61507,383,
E7po_wTTvYE,406,enabled,222632,7047,
tIOSWAbUf74,1114,enabled,1914750,18657,
MpSTNqD47UI,17,enabled,16170,108,
mOcVhNaPQTA,236,enabled,173006,1111,
B8I8vhGHC2E,0,zero,18746533,182267,
kIzFz9T5rhI,965,enabled,1427417,22803,
jAni7SUH754,989,enabled,1037541,10727,
tEYCjJqr21A,4159,enabled,7723868,96110,
p_IHotHxIl8,3124,enabled,3155508,84584,
y3RFt0zbils,24,enabled,45355,142,
8ev49BSten0,0,zero,17192742,18465,
UnTPrYdGdkg,39128,enabled,86445828,638106,
W2wLQHCUmNE,2028,enabled,3035004,45035,
xcYb3XdC0EM,4552,enabled,7310015,86261,
fKIwj1TQmFs,12410,enabled,25209280,226019,
ReDF79T4fcM,82,enabled,182579,1078,
_tT2_76ZcSU,2751,enabled,14981931,103042,
X9PjQNbIn3c,391,enabled,182901,1324,
-KMZW_zwRfc,1017,enabled,2321019,12310,
xiSAqMRErOc,115,enabled,138576,902,
KiW7zE77dz0,23393,enabled,28025076,199564,
ANzNCpsXrK4,6586,enabled,23664800,306146,
Gn8m1lR117I,24,enabled,72756,162,
SB7jT0--FZM,50,enabled,367519,2625,
BWZln7In3Fw,61,enabled,248116,2451,
GcpyuzUD2HQ,0,zero,4882614,9862,
hc6VP7Qp-Y8,10558,enabled,8898426,205774,
hlzm7-gvTRg,20934,enabled,25473724,286366,
2anR_2a7uUw,15,enabled,38739,218,
314HE4aMG-g,2630,enabled,3737424,61646,
av7YjE7bQL0,0,zero,939877,2907,
8nHBGFKLHZQ,14493,enabled,15859486,297842,
qhWRUqUTpWg,87,enabled,39908,455,
TkpuRLJhll8,2811,enabled,2188278,37707,
1oUqQRHcOlo,2258,enabled,588643,1759,
cQdn1kbBVcg,1307,enabled,4763373,47969,
_OwGZR-EltI,3544,enabled,1298984,18871,
X4rUcOjQFCI,0,zero,1176536,8713,
lABZHaq8WyI,424,enabled,827066,3771,
HN_RyK1nC8I,129,enabled,155775,1782,
N4-TYRnk7ts,80,enabled,22518,204,
nkEDikNmz5Y,0,zero,1001521,3158,
WaUzu-iksi8,8765,enabled,5812719,119341,
LTikuFFr7JA,2486,enabled,11396716,43163,
TBbG0Jqp_nA,134,enabled,171019,2932,
4hqqFqcr1K8,23442,enabled,17205201,448854,
uhsTe-hI7G0,18098,enabled,17802204,416458,
sAGEOKAG0zw,16687,enabled,7468405,203573,
rvskMHn0sqQ,25642,enabled,11339632,419641,
mr0Txm8AIQ4,257,enabled,624927,12681,
RI6vkyyK4Lc,0,zero,1167825,19057,
0jgqoSmG3RA,6578,enabled,3061208,55186,
kFNgsE2670s,0,zero,632,0,
n3IYmdy6d4Y,30871,enabled,67166114,889109,
s7gDXtRS0jo,32271,enabled,12899229,75587,
q2OMBqvGHAE,381,enabled,129992,4401,
RHX8qxQfo_I,671,enabled,670035,3052,
dM0LBeNZy0c,0,zero,360915,2802,
8LhpYfjGZvw,1726,enabled,5769078,30089,
axI5Luw0Eos,10383,enabled,23108541,350304,
p6BLH33u3aY,0,zero,333360,392,
1cI6CXh7nD8,0,zero,559344,12081,
OFGW2sZsUiQ,450,enabled,408990,5017,
KTuGK7Ob2QI,1742,enabled,16510902,75779,
OZlGMX8G3B4,22995,enabled,9101775,12397,
Fd5f70xNAU8,0,zero,3047090,4163,
wSB9JvsBT4M,27872,enabled,78330707,951349,
Uiccgh2GXzs,4694,enabled,3313264,67415,
T7ibsdw85JI,1290,enabled,2130752,21116,
7pOXunRYJIw,6276,enabled,19916482,296137,
xBGoJUxxRqU,3445,enabled,5309975,106791,
K_OMJP4ouVI,318,enabled,281415,6209,
Qqs8uRBD56A,6872,enabled,58568062,183532,
ShzPtU7IOXs,125,enabled,1898752,7790,
4YLKFylRM9o,346,enabled,425241,2448,
2aivgyABflk,174,enabled,685604,7822,
uzRcf1MTHfU,3741,enabled,4184484,29482,
B_PT9YTaUEc,0,zero,5723207,16199,
Xhec39dVGDE,2423,enabled,651555,19190,
ljKPVoBZmWU,147,enabled,147921,2941,
hYf6av21x5c,18477,enabled,20412409,236250,
adJFT6_j9Uk,783,enabled,635079,12501,
0AHyJ8zOc3I,0,zero,28389209,39281,
7PRZ5IIT5Tg,58,enabled,105515,809,
ByQyW7wj5eQ,7661,enabled,2289933,18217,
JvTEHb-vtAo,634,enabled,1824153,62654,
U-oqM6NHyX4,1296,enabled,246557,1710,
Pk-zBUDgesM,568,enabled,3219275,19436,
NZ83rfAqWMw,5914,enabled,11788136,162815,
ACUuFg9Y9dY,23976,enabled,9927420,261176,
nTOUiTegqrA,2349,enabled,4413826,34857,
cpk_c7WsyPg,135,enabled,388326,2769,
ZOqySJdBGgQ,8236,enabled,12502820,172122,
LsE8ACraYhY,0,zero,3984746,31267,
CFLNQrE1I4E,0,zero,6357978,31695,
Y4H28-t_Me0,0,zero,10622103,14697,
ZdVAH8Z5O90,2216,enabled,9496112,77227,
seUB2qs3YR4,14,enabled,121165,192,
_luBuaHBmTM,1016,enabled,969693,11845,
KbO6-C2Yajg,1117,enabled,2481301,11029,
NY4G-wgqQYM,40749,enabled,15582807,469845,
DbdVuAQf7s8,1907,enabled,3062057,25038,
rBVgbxTkEuo,333,enabled,1240897,7762,
qp9L00SMSHQ,1704,enabled,2486399,22785,
PWQFHZCbVlg,6,enabled,11943,92,
XIZxT7iI-QI,3671,enabled,5527655,79774,
bvkkffaX-5Y,1161,enabled,964908,16709,
EsiNXjVGpAs,1599,enabled,970973,17176,
UaCYPo8kDtA,1243,enabled,1013968,9124,
mWjR_b2fauw,3,enabled,13771,67,
RdIH0LRQuPk,0,zero,25427,543,
OqCTq3EeDcY,5136,enabled,16967722,88072,
A5iXT54tdVE,1972,enabled,3803306,78035,
BD9dJZ6Dgx4,9298,enabled,9535459,100224,
8fXTPj0XVe8,799,enabled,861451,12904,
Z-xiNaTXZV8,38294,enabled,40012470,348157,
J0yerao7FvE,1,enabled,70748,6,
s-sZ01g6eYw,1183,enabled,307208,1314,
ylWORyToTo4,7797,enabled,8791503,86431,
1XkPeN3AWIE,6812,enabled,7890536,104135,
MTrAys_1BDw,5,enabled,2358,20,
6t34eLitI0k,1042,enabled,2467861,124798,
Swhx6razUJk,4598,enabled,7660940,146005,
Ja2q1nwQHt0,0,zero,4485105,6006,
_8wnJpZ-hXg,0,zero,2768,15,
TdrHYPeWxwc,2453,enabled,2559462,29662,
0jDdNORZXvQ,7489,enabled,2808730,12471,
rJ8hEttrFco,675,enabled,626168,4196,
DWmUHNpOJxI,8052,enabled,8827016,77798,
2jMPQh7DTs8,911,enabled,584335,10611,
onnqlWUERIc,268,enabled,713403,2851,
_8_A6ZYkAsI,669,enabled,61930,702,
ujkFlNkXMu4,1758,enabled,1195464,40083,
5vfmvLkAgao,433,enabled,383207,2388,
vWWuidYlf84,1126,enabled,566208,15974,
n2ZvJd8aDRU,38,enabled,159439,1055,
R4sYp1FPw-0,897,enabled,1479418,7614,
ZwLaLBFpNBY,156,enabled,28010,1192,
eoYYpAY_OqY,75,enabled,41125,175,
84h0f66kIwM,5824,enabled,5851440,116076,
GEvAFds7ZDk,2452,enabled,6083467,17789,
uetK2ZGhM3k,378,enabled,602838,14619,
2QidlfdZqhg,590,enabled,1119564,9096,
U95NoBQ18Qw,152,enabled,121643,429,
dnRxQ3dcaQk,4595,enabled,10184946,27954,
o08-13tMoxs,146,enabled,99157,896,
ncjic9auHao,1212,enabled,6564379,94222,
W7ImIzJJGEA,4029,enabled,9342530,119728,
W32Bs4mRuts,9801,enabled,4765263,69717,
xfZhb6lmxjk,4644,enabled,6615766,104473,
A0NzYLnDMEM,1590,enabled,1444996,10472,
ramzEoBjcV4,649,enabled,718218,6610,
RLOsQViPLhw,595,enabled,1936615,10673,
PUZZAmNXF-0,227,enabled,377844,6954,
hrCC4dMqp_I,1486,enabled,1008564,6345,
LnOzMj7v-64,5356,enabled,6906696,131885,
W7xHpEmwwVI,0,zero,25796222,195209,
WIAqPa1ttjc,10816,enabled,5504146,99683,
RFxKs-K70B8,4703,enabled,2502539,60247,
-iZio70bd-M,2048,enabled,2279720,24626,
ygKJxBea6ig,675,enabled,1011098,14395,
cBQiLh9N6kg,9745,enabled,31783692,357185,
Ie2LChcpToI,790,enabled,638438,3756,
PS5p9caXS4U,3627,enabled,3177008,57970,
9MDVF3Hc3yg,0,zero,3461377,4117,
dFUEDJk6A2Q,3375,enabled,708944,7726,
liLpiev54lA,1579,enabled,1680893,5772,
WnoIf2NwaRY,13152,enabled,3152444,45000,
ypF037wlYZg,2336,enabled,2355015,33712,
NAinAH2sc2Y,1270,enabled,2413976,8723,
VqBHshlPePY,473,enabled,2768319,17726,
3nso_KfY6AQ,6643,enabled,4142217,39085,
ycuMyyqBWQY,12674,enabled,3876366,173382,
XIboFs0Nfr0,376,enabled,174901,1287,
r5yAjgP2vnM,0,zero,1988222,23483,
pwishDeqMDY,998,enabled,4028995,21836,
84-l6Ct3hAI,937,enabled,531078,2355,
qTysGHIJo-o,0,zero,165108,1827,
wGsZVlZfAAI,0,zero,5873765,73343,
8Eb3rDdKpr0,454,enabled,847192,45670,
VuFSLaQapbU,1943,enabled,2285427,12660,
Uhmg-5MzAaM,5,enabled,12287,39,
ZrkwnSpiIcE,181,enabled,968699,7752,
Ab6rslFsr_M,3001,enabled,6216998,45764,
8iHpZHOESf8,4256,enabled,2618851,43389,
IhvW8yZdE5A,728,enabled,495182,5378,
jF3ssNoD554,1551,enabled,449246,17458,
rYcnh7hXOjE,724,enabled,1109268,20550,
Ff3FXDFRsHk,649,enabled,823361,14655,
NwoQ9a2snTc,0,zero,4662931,48567,
k6OmhfOgj_4,5362,enabled,3234672,21293,
VbjC4uKXbvE,4081,enabled,3748920,34973,
j-hGeKvhYi4,0,zero,10007422,39414,
seH_jbiiCSg,0,zero,18610165,106903,
eDOwTXobJ3k,2421,enabled,810021,13563,
LgKB1vUQZiM,1585,enabled,323648,5407,
4fEzWMtokXU,600,enabled,1134067,881,
TJA6I-ZaoTY,40,enabled,282287,2887,
qsTK4CUzPb8,2951,enabled,3752578,38160,
VjGAL0Tvw2o,79,enabled,46491,1267,
Qc_v9mTfhC8,4565,enabled,5824541,63650,
If4I3aF1PRg,1573,enabled,3030739,62981,
6MK2TKFFtQA,6709,enabled,3165939,34118,
6E4TOHGO0Ms,14142,enabled,20181720,343188,
zzXzS9uPBB4,49,enabled,26515,270,
1nSvuSQH9h4,10792,enabled,4655835,138276,
jr8vMIbkPwg,6136,enabled,330870,7314,
qtXLBcplNJ0,142,enabled,1058078,13575,
3_s3UiWl_Uc,3979,enabled,4091779,35762,
d2xP9hcoU2w,2005,enabled,2700090,30696,
skrdyoabmgA,19347,enabled,13919991,145552,
i57sjfsdfBo,495,enabled,354203,2412,
qWAF9PgDg2c,28461,enabled,16618911,380139,
3620QjLotNA,3797,enabled,7661663,119144,
LUQr1fM3jCA,470,enabled,1103988,8016,
U9Vj_GQFGHQ,622,enabled,928913,9499,
FeQFEXbwTOI,1151,enabled,987369,28885,
U9JXMNVRf-U,3962,enabled,18479858,89598,
Z5RdPmEeBlg,465,enabled,142586,2618,
3KAg0S3jXfQ,368,enabled,346369,5258,
YuJm55F9m2Q,207,enabled,328190,1421,
WrCJQJcZ_bM,85,enabled,114157,620,
FDEZalVUJRc,13921,enabled,32774929,250923,
EL8U_lLdgTc,19,enabled,25582,82,
z55rJznqF3E,6385,enabled,10229769,207288,
QsSRy3ULrBE,96,enabled,93423,2056,
w7WsuNNLcNw,1284,enabled,1679019,22221,
EUN9gTfofsM,1728,enabled,6498533,39930,
J2ptumKP0Zo,0,zero,76692,210,
i79A6EyOZZM,0,zero,1099095,2360,
kGK-Zs0nY-s,29,enabled,352662,135,
Muy6iq5kLyo,0,zero,21416,66,
tmM9a6vNDYo,1142,enabled,1603850,43094,
K-C3WB8NchY,0,zero,3492371,28737,
E8dkWQVFAoA,1990,enabled,1520101,14565,
KT5Q4nzQB54,9,enabled,17877,98,
9IKqAtJiZUY,335,enabled,191230,715,
Og5xAdC8EUI,4458,enabled,13315901,194418,
Gqx0u-0zG8c,43061,enabled,52352714,541619,
gCMw3AhWBkA,8818,enabled,8674839,141443,
xD3x_7yNGLM,591,enabled,2024234,8946,
1nHwQKT_muc,1796,enabled,653945,16141,
Nmkj5gq1cQU,27505,enabled,51209326,60481,
w0nyEysr9_w,108,enabled,23169,315,
CCOiUCax2pk,597,enabled,602379,6760,
IfcpzBbbamk,12866,enabled,17512324,144545,
JtAzMFcUQ90,352,enabled,955859,3333,
H4VQul_SmCg,608,enabled,1873351,17892,
ho8KVOe_y08,4086,enabled,2358006,10638,
FWQqw8h7OGI,0,zero,12321743,20099,
oR29Mlby5o4,2712,enabled,5593110,82163,
1Dp-P_a0afA,6929,enabled,5722173,111948,
xzBC35K-vug,0,zero,35199779,121260,
1VFNWn3G4t4,1498,enabled,2203742,12705,
UGDXw5qAYrM,104,enabled,363040,2266,
oAZJaTX0mgE,2045,enabled,1317949,38923,
Uku_5bqr6gg,2727,enabled,184055,3110,
7hYdUYoaFzQ,0,zero,136851,768,
mn7K67mMrhM,1568,enabled,536459,7093,
zZeyu6ftCmI,670,enabled,927560,5295,
brI2feYiEi8,2602,enabled,10693028,119489,
6HyIEYZOPMs,1893,enabled,524794,3627,
4tVx9cxKqks,1675,enabled,11001904,20524,
jLesc5lITvo,2681,enabled,5042400,92847,
L4eOhuLDfeU,3878,enabled,13471606,91500,
tRaC2Rx3BVY,1316,enabled,691573,21021,
Z996y_v1xIs,374,enabled,35358,799,
HszfdNS0JSc,606,enabled,2320611,9620,
w7bqpEHchsY,0,zero,31001875,203623,
4CyLWOWz5uc,1121,enabled,996367,23273,
gKq2BtgCR0Y,157,enabled,871918,20200,
tQIeBPjEiys,203,enabled,912189,3041,
7kLO2AB5SPM,13588,enabled,5975821,235687,
O9ak89FwYeI,17531,enabled,7330986,211982,
T0DeTzQWNBQ,728,enabled,1390877,6949,
zNO0kxTClYo,12691,enabled,30544484,212481,
4luDtkC3Oy0,5360,enabled,12167656,58467,
vIu4gzg5i4Y,4,enabled,2766,51,
DUnD0lsP8Ws,1801,enabled,1656061,16940,
gVfvGKol8Ns,440,enabled,2305851,10441,
v2OralTN7ss,1664,enabled,886501,16617,
tzvEuDMuSGM,5,enabled,11382,138,
IlnZKSR73S0,1161,enabled,1241848,21704,
ISGnoc_cXA4,485,enabled,242181,7604,
5WerTa93ht0,10777,enabled,31320630,224842,
EAPsocs53xI,511,enabled,274011,2178,
Q8K4g-AiHMk,297,enabled,4417815,9823,
1YObErEMpBc,24022,enabled,12564545,311414,
LBBni_-tMNs,10047,enabled,14274100,140280,
sBbwKoCj62k,275,enabled,182674,6197,
rdOitRq0das,905,enabled,823439,4172,
oMEI5TWbPMA,1702,enabled,2352640,40163,
PVL24HAesnc,1876,enabled,4576433,48078,
nbdJGCi29nQ,2804,enabled,5320736,101637,
JNfRQ4NBjUU,1806,enabled,13508977,43431,
zHecdSDz4uU,5755,enabled,4535262,117885,
U6_cSjQo8gE,173,enabled,24251,60,
bo8fCqwcjIA,0,zero,589,5,
iJXkDDj3P6I,1184,enabled,904321,13775,
CTuts6Ns_SU,1540,enabled,4431168,56888,
JKXlkPyQ2HM,629,enabled,956562,26402,
6VsUrjlYGjE,624,enabled,364354,8737,
hAAc7aqFZSo,10,enabled,10565,199,
7EL_Qdc9lFo,17,enabled,13098,104,
mnT4MDdEazs,4159,enabled,7823960,92888,
NFj82X1Fdh4,8095,enabled,29139780,237391,
_lNF3_30lUE,6353,enabled,9818228,159348,
UUCEeC4f6ts,5686,enabled,5107801,59281,
-nQGBZQrtT0,23665,enabled,32548244,234499,
OelHPDBSiJg,4996,enabled,4171049,31918,
Fmg9ZOHESgQ,9616,enabled,10565026,87290,
JRuaNHLp6OU,150,enabled,298346,2054,
nRZI5uL9PiE,63,enabled,13955,44,
JOV-DlxTiFU,2423,enabled,1330782,28934,
QlwilbVYvUg,10359,enabled,16180093,102179,
3teflb1QNN4,29241,enabled,16876944,440167,
Z6KI4ojKjEg,201,enabled,1585857,1584,
9V7lvEkslV4,8178,enabled,3203061,106537,
WiCXjycABkM,39,enabled,5116,296,
_922HDRXCnU,968,enabled,678354,4471,
HNxyNKKeduA,475,enabled,908851,18612,
-nxRKGG3LxQ,1378,enabled,1096079,25644,
82RIfy-gRa4,1995,enabled,3488323,19354,
hhXeUQOuRaw,2521,enabled,2436613,50328,
6okkKX3mjV4,444,enabled,1397050,10904,
a5mZ0R3h8m0,2749,enabled,2937657,51721,
9Mwy07YXS1g,26,enabled,16079,118,
bSTKQr3xyv8,1441,enabled,607548,3891,
XJQ7sKWIdN0,106,enabled,181657,6256,
TJOhfKbQw_8,154,enabled,34851,344,
GA5cmKI6_A4,148,enabled,15300,133,
zoA9WmJ-BTM,6510,enabled,4696456,117565,
2EZQK0rUwEA,0,zero,73184,757,
esJ_l1b_Ni0,636,enabled,1225723,8258,
uTZsEadknO0,560,enabled,853267,20631,
zI2vRwFKnHQ,2004,enabled,2877920,54146,
kbMwZ41Imh8,711,enabled,192916,4686,
rjgH6mn7x2k,2721,enabled,4031232,64077,
t2ilS8lOAxo,0,zero,218,2,
xGoegViDrwo,4217,enabled,2472592,78976,
OrIDTJH2ZZM,1316,enabled,3168095,22566,
daIFi9xmTtQ,7660,enabled,10367924,271168,
Q3m155Oj-V0,726,enabled,1997703,13764,
MBGQjV8tAd0,0,zero,1276005,3091,
ZcxoswizMr4,817,enabled,201028,3538,
96LawfHPh6s,4970,enabled,1535734,36983,
mAZTtCviIx8,0,zero,24957,364,
SNYpl1hCu3w,1022,enabled,368110,9797,
YgsxdAi7lD0,663,enabled,1657833,24185,
0hH6ISM1d1M,155,enabled,261747,1624,
Y2GVVC_cD_E,17499,enabled,20926323,418898,
GX8EU9MeyJw,6732,enabled,8600716,134979,
JnX42OHnuLA,4761,enabled,11958087,475506,
Ilqz1YZCTW8,3229,enabled,5732916,82597,
wq6199ANQ_E,62,enabled,180808,1745,
4oUJbgVBjSs,116,enabled,975046,2625,
2Co6pNvd9mc,1536,enabled,1912711,30501,
sHWYtCQBcr4,7253,enabled,3227280,68021,
GHAOPzN-Fpg,820,enabled,13475739,7689,
FWjeOrzT91Y,900,enabled,1770406,5587,
Mn7w_n7_Kp4,30253,enabled,22732833,499171,
egHWlfDqmOw,1026,enabled,1297903,19470,
wKTxAEBQ6yc,2204,enabled,2339879,25417,
JBbTZJSEZ4I,242,enabled,495841,1457,
c3BRTlHFpBU,4306,enabled,5524819,91587,
ASAsHdwFAa4,3022,enabled,777675,14729,
l9Jblh5ssrw,4072,enabled,7940564,187760,
E9O_cOB2MTI,1654,enabled,7729283,67667,
SFmT-bBy9Es,7428,enabled,6671520,299062,
tNla9nyRMmQ,22629,enabled,6472120,157777,
MX3Hu8loXTE,7634,enabled,4842536,67959,
t9QePUT-Yt8,7689,enabled,28846299,187277,
SAhB93qLDXU,369,enabled,1134041,10562,
qeFZUFX95kE,49706,enabled,15502989,363993,
8EX_Sj6V-xI,20,enabled,17100,121,
zP1DxfCUWPA,1370,enabled,2637398,39670,
eQ9eY0_DoEk,3591,enabled,8282437,131546,
dBDzczSqEk4,589,enabled,281125,4754,
AYmbBZntuY8,1798,enabled,3751598,21567,
JFjl-xng0rs,42,enabled,80129,114,
u2nuFRmtBIo,15049,enabled,17000508,144535,
q_aqaxtAMbs,1900,enabled,3013252,31506,
sUr2E4dfs0Y,2127,enabled,1312253,6568,
2MDNvKXdLEM,6969,enabled,2788664,58983,
UM7iL0HCcM0,1527,enabled,2243610,25284,
5WTkJHHF4B4,5188,enabled,7051191,164704,
o34PvvcGSP8,1371,enabled,946348,15372,
ZBk6PyQiUmw,29230,enabled,8983772,356706,
KkaU2ur3Ymw,119,enabled,364599,1962,
UPbelB6Q1Ao,860,enabled,323378,16958,
oqqWdaaTq7A,4140,enabled,3186821,58047,
dfOVNptkgPA,667,enabled,1208166,9769,
1eI8vgqmXA0,0,zero,404088,308,
h24PBduwuyE,729,enabled,1781089,10089,
gOG1I0RB26w,10,enabled,57389,142,
QoY67cCf5qc,0,zero,426846,916,
0gWxHFMog9w,68334,enabled,134487618,875648,
ULOZHqmShXM,181,enabled,258376,2408,
t0DFevwfcPE,104,enabled,337768,1159,
hzyCBtbCvlw,0,zero,442244,1182,
nFSMu3bxXVA,131,enabled,561596,2565,
AQnIJ-ljctk,24210,enabled,11776371,144300,
XDVq8jCPRwQ,5176,enabled,3817303,63849,
eEUvRrhmcxM,519,enabled,1664211,7018,
bTvr_2v-0HI,2469,enabled,4839336,27392,
KCk8GAsQkq4,79,enabled,25278,73,
bqSvJHQRQZ8,35605,enabled,13944893,339300,
xgox_8sFgGE,586,enabled,1347159,18088,
qseH6-DV2gc,6249,enabled,9339021,128043,
U4_GzAD9_5w,521,enabled,538303,2640,
I8-FxxgRACE,3171,enabled,5371063,44667,
Sz7dNrYcHp4,173,enabled,1569567,4311,
E5rGFZWQfzk,5466,enabled,7801335,137267,
WLB1aBIu1qs,2,enabled,5638,24,
JEC8bXi9u9g,212,enabled,131541,1764,
dFd7FBp97gc,0,zero,232,1,
isEwaLUiLP4,1970,enabled,2697188,15609,
ECch2g1_6PQ,3512,enabled,3526461,62661,
wfLpGcfFO0U,97,enabled,91667,857,
4W-wjSS8g5A,541,enabled,283353,10554,
fvtrRGmv7aU,138,enabled,425948,1333,
PSoRx87OO6k,5661,enabled,9308628,42678,
aPnhn-B0bSY,28,enabled,14271,60,
BpMBrrgQ3Jo,2164,enabled,564565,8764,
L6qSz2GUEKk,253,enabled,255910,2051,
TJ2sU3vUQMU,326,enabled,890126,11981,
I7FDx4DPapw,561,enabled,1843597,21472,
BW8BHRYiVZM,9,enabled,21270,154,
7e60wS3_C9s,929,enabled,2963452,25953,
C0JqvEiTxdg,10,enabled,5298223,11796,
mCtSiImXpRo,8293,enabled,18028046,299676,
C6X3qkWoXv8,20453,enabled,16849621,314608,
LzyiuP_dEak,329,enabled,1292318,8100,
CGti4f6UY2c,292,enabled,222712,1105,
nxmWfbXS4Pw,2592,enabled,2630779,29201,
sFWG3bNN6FQ,1646,enabled,4847890,45790,
IfJm_j0YBtI,724,enabled,335796,1293,
40_DnphdgaQ,827,enabled,217511,2489,
6WmaZYJwJng,149,enabled,209557,990,
y4itRuU4fb4,2,enabled,38214,18,
figKrE4wZiA,71,enabled,475348,944,
qHLizp8fARo,5604,enabled,7539470,215866,
-tlSzjAMdPc,1263,enabled,1593983,16276,
SBxHJI9syC8,11014,enabled,7968590,100211,
i1TVZIBj7UA,3192,enabled,3209193,44911,
PZN0u_SNFpk,366,enabled,2664733,9379,
MpVfH5QDbPo,39448,enabled,4621784,315601,
__6xFYN6RFs,219,enabled,722613,4439,
i5ZM0-f5_CU,5103,enabled,23194515,181637,
_US-BJZB2DY,75,enabled,18735,831,
kb6GML4rx0o,3574,enabled,4680653,91169,
rpNIWfBiSY4,119,enabled,207493,1596,
5OCScz5ji1g,8363,enabled,14526647,166479,
9zjS9V1i0EI,127,enabled,11255,49,
Em34idZwE0o,466,enabled,408305,4024,
hQHJmRQgN9k,190,enabled,168184,4687,
oTLNkoVB8f0,84,enabled,272090,2194,
i3tiuGVDDkk,2507,enabled,3737609,93241,
TunbuB_bBb8,1666,enabled,8640357,46344,
mWVD9eWJ6Yw,464,enabled,380866,10037,
a-C9q-Na6_w,11157,enabled,21468905,337176,
-T7CM4di_0c,387,enabled,3744724,8347,
PUzdrmzMAa8,24855,enabled,4933185,239718,
QsxmZPRhlsc,61,enabled,64281,511,
xj8DGW48WcY,483,enabled,1728753,9795,
t9xwxoLcKZs,1915,enabled,5540434,60241,
KvBafBszWOA,4140,enabled,3643872,109762,
CtxubXtkDxU,1392,enabled,192654,995,
iSGUAlTDyO8,0,zero,3515988,28333,
RkwbEYMiMx0,284,enabled,123624,2848,
0jjFjC30-4A,3565,enabled,3883220,81459,
i7gHuDT1-xU,548,enabled,597196,13006,
CQkQFfO6uJ4,135,enabled,491894,1602,
kn4kBibdlWA,1499,enabled,3661475,28373,
gc6kTI3rhLo,5121,enabled,10673748,143916,
06T2kabkL7E,8,enabled,29554,281,
lIv9St0wsg0,0,zero,1283699,5172,
q59tHyhDMkI,0,zero,1881217,8552,
NO8V72pDw1o,2222,enabled,4854777,68819,
PpHM4DfPZQU,899,enabled,1854346,18527,
DrEjuO8bE70,94,enabled,329510,319,
XMuYHdpPh8M,1017,enabled,1732286,10779,
NafbGOQBlQs,1125,enabled,1354727,23807,
V96-AQ1FghI,817,enabled,1187912,7984,
yRFKpYRzn1k,439,enabled,17771,992,
AmznnltVlmI,3436,enabled,12246247,137212,
7QBu1YRWbkA,127,enabled,912879,651,
KcbPCefTOvI,12,enabled,5501,98,
VTVigNA3KCY,1051,enabled,549340,13395,
AGsxjC6I-4E,3143,enabled,3734047,54387,
eDijKSMoVwg,24,enabled,49925,198,
1vs5C95jEOY,6053,enabled,1690799,59062,
CdM0ywYQzBs,7428,enabled,7808348,128108,
5vhaQIp5PBs,3035,enabled,4889119,80044,
KT2UvDOP2qw,555,enabled,983647,20666,
r9a1ZvXYkqU,60626,enabled,12042180,89283,
tIJDzeHmaLU,0,zero,23332,188,
R-sVnmmw6WY,1421,enabled,3178489,37942,
0mzri0hRrYA,1339,enabled,1164393,13174,
pfzjcCzdtCk,1740,enabled,953411,4429,
xADSSBs34is,9571,enabled,17336830,175445,
sPwNxum2xbk,1176,enabled,4387036,51277,
F3FkAUbetWU,4572,enabled,5615463,88584,
RryJjTC3S6Q,3087,enabled,1582644,39554,
5Ilgs9Vergg,814,enabled,613126,4183,
o69TvQqyGdg,3698,enabled,6212206,47482,
k5mF56PO6vE,10482,enabled,13170323,168736,
Upqp21Dm5vg,6883,enabled,7562644,159594,
JqhCAORmsaE,11255,enabled,11602430,127728,
_KuGizBjDXo,4659,enabled,9565983,25042,
nvwlPgk8viY,18,enabled,5695291,11249,
C_pbRK2XtCg,19,enabled,56645,571,
mUDQvKtkMwE,1643,enabled,2897057,42109,
5gqHTlBp6iY,7529,enabled,1214291,32045,
foGraEVNI0s,3459,enabled,10853131,39508,
o0n4oQUMiHs,2943,enabled,5830848,81088,
UfChVGHZhDQ,3267,enabled,1864957,33361,
_ASn9eJNL64,1050,enabled,1747816,7018,
vJ4SVSm1ARQ,971,enabled,2403030,16270,
rvrd8IH9scc,166,enabled,177730,762,
17fw6p7Z1WU,5070,enabled,2342158,76036,
0Sh6rBEExH8,1,enabled,3756,11,
MCKEaWeYres,242,enabled,75365,2536,
QqxvPha003w,764,enabled,5408127,20757,
wkLcPlvvBEs,287,enabled,451286,3983,
kwgkbAGGORU,0,zero,3096898,23372,
qWLBaQcvqF0,1462,enabled,1631456,15306,
IlQnGkfskrQ,47245,enabled,82091623,656364,
eR4EuCdnPEc,7537,enabled,1518559,30650,
8IQbF0IK-f4,80569,enabled,259168702,5677088,
12dAbyZc14I,917,enabled,2439682,73769,
NL_NGRZFrdo,161,enabled,302641,1056,
Z2JruCAzS8M,5,enabled,5379219,8794,
hVfBQNENS9s,639,enabled,1995007,11925,
jfI-_zePHZ8,850,enabled,231502,1510,
PBaL_0duVVk,3382,enabled,1058068,24262,
jhH8Q0uAd9g,1567,enabled,3024045,45640,
YiG9wYOE1B4,1804,enabled,1104824,8059,
Auh74d_OG8Y,11554,enabled,35981274,309469,
eYf1IKFNHgM,9546,enabled,7082648,205099,
6znpZ5Ne1ZA,5535,enabled,5449753,107074,
HHeYxzJFVKM,984,enabled,901198,17133,
CqPONswzchQ,1004,enabled,1441998,5473,
DMeb0FARe7I,0,zero,1627208,4500,
9Eqc71i2NMs,19,enabled,14889,112,
7Qp5vcuMIlk,60279,enabled,392211754,2059584,
gm2_6DX_0Bw,81318,enabled,127388232,1934067,
BKwGi6UtKeE,33,enabled,7990,32,
lKq-10ysDb4,80,enabled,244892,1122,
Gt4t3ZZsAnQ,0,zero,36007459,273666,
ZGYZ5v9nDuA,5,enabled,3823354,7237,
QAhcDHRZOak,3059,enabled,5249915,20473,
Kl6wiJGXl3o,47,enabled,27863,38,
FOuCGG0__oE,850,enabled,54616,4643,
1fQkVqno-uI,19292,enabled,17104475,391083,
Tct38KwROdw,10321,enabled,3365621,92305,
pyOyiG4MDFM,495,enabled,202519,1805,
fpV7DKwcqbk,1324,enabled,1435852,16376,
QI1Y9s_Lh-I,307,enabled,260514,815,
D0B7F5UbTOQ,5921,enabled,16382095,225843,
6PTuUMJ2Uh8,1291,enabled,2216138,36917,
X2kJM9yQs9k,4484,enabled,4340162,77603,
d5i3F0YnkP0,6761,enabled,9130679,59295,
Kath8ZIE9Kk,0,zero,2438665,48204,
gyq6A4-hPcU,716,enabled,774375,32018,
C_XRWhS7978,399,enabled,514714,2970,
ev2KcoH4kZU,0,zero,1131529,1876,
iK6cDwd3yH4,138,enabled,1286178,4303,
BAkfazw0aAo,17361,enabled,22960172,169309,
R5P6O0pDyMU,1578,enabled,1356111,28402,
DduoxusP-VA,871,enabled,3965557,22566,
jPX6SKSq3rg,80,enabled,102696,860,
OYx1wPSXkUw,1730,enabled,2181267,12651,
xJf6pHqLzs0,171,enabled,417917,1847,
bYsUddY70s0,617,enabled,208789,2613,
ZMuMIcQx9Qc,2427,enabled,4236294,64731,
k1vE_LVBx4s,9465,enabled,3174457,65960,
mKYf6_IQs7s,2053,enabled,1297322,7821,
XCtvpgQsAxc,204,enabled,68822,1735,
K46Ez-Igc9E,5513,enabled,9330257,150898,
ujtnDIblm78,157,enabled,103157,863,
6VW2Xi1MoBg,12147,enabled,6946144,356300,
X3oNh5nW2MI,12,enabled,30484,82,
sCQ5FvCTpHw,5749,enabled,4479148,116600,
rYCODMuoHNI,5345,enabled,8037758,159627,
33zPlnhymCU,12203,enabled,16783643,213923,
I2terj2CfQ0,2,enabled,5724,115,
hHdHZqTzbyE,17468,enabled,17033178,269898,
Lo5BRAKvJoA,2144,enabled,5142294,65197,
eQXGpturk3A,95,enabled,298523,2135,
KYME7jvKv2g,0,zero,33724861,126932,
SAluC5k0Ip8,1755,enabled,3523261,62875,
8rD73SaaQPk,0,zero,1550713,16179,
H589Icbznu4,3489,enabled,4054236,24130,
2lFfF5XLsCQ,97987,enabled,34991876,476823,
PKMQzkIiB0Y,7062,enabled,5444602,118184,
mVXqNcW_-HA,5024,enabled,2487363,11270,
3g5hTJY42G4,17,enabled,59770,288,
bk7McNUjWgw,9420,enabled,38724127,205499,
ddxhPTAP53I,0,zero,456636,3398,
x_XfqCkeXbE,6876,enabled,5585011,144910,
fe_WtKIKlYA,7159,enabled,9663525,115792,
aDhOdSjEVPo,1403,enabled,761708,4942,
4Lsa7N7LHJk,5093,enabled,7494245,86824,
ysB-SH19WRQ,5553,enabled,12160537,170871,
gJVa0B5dwAE,2235,enabled,1038790,11090,
ymdsWlFfqug,872,enabled,511938,27062,
fPsHN1KyRQ8,300,enabled,161956,1800,
zGG3YsKpe88,2525,enabled,1097282,30897,
CdxInrVPUzg,1577,enabled,2089340,27079,
qbmDh1nIa3o,10597,enabled,5426243,52687,
Zm6na9tz4-s,2794,enabled,2260893,47354,
3O9juPg8WEc,542,enabled,1058868,42517,
IuW3svdqKZM,666,enabled,1562085,16377,
2ivZ6GSaK1M,2897,enabled,3767885,38540,
udHmx3H6bi8,1123,enabled,2337655,21818,
5pFX2P7JLwA,19616,enabled,7415672,158035,
weOKOzVi2jE,163,enabled,303088,4104,
XJPA6EIb7h8,3660,enabled,3748499,35713,
-fAAxEIFeLU,145,enabled,447776,1491,
E63rYIQmlTI,5343,enabled,14510171,111382,
2IJXfvJnOWY,1242,enabled,5401954,32128,
qUbadUtcYEA,13675,enabled,18003214,225313,
O2pyRDQgVjk,1248,enabled,1095568,30356,
jdUysoK6tdQ,4502,enabled,29532405,72241,
KyJouhIp7os,55,enabled,10500,58,
V1Q1FFTga8k,6252,enabled,4474926,51689,
A-MFTuWcFNs,15662,enabled,6481530,203212,
ClbBxEomrb4,9868,enabled,5386405,80826,
JSJ_h3eZagU,6965,enabled,2326613,100538,
gJfpLKhSjJs,21191,enabled,12125819,78786,
RUuRqa-XU8A,2504,enabled,3878501,24359,
9EvbqxBUG_c,11778,enabled,23541737,440972,
2-nZtsm2oUU,5,enabled,19296,43,
RA76b5Hhvxg,110,enabled,357258,1396,
YnCJU6PaCio,3492,enabled,4715124,78887,
FRvVFW85IcU,1664,enabled,1364715,14039,
wXFCPUlGYEM,49593,enabled,13385908,173733,
2pV9tAH_d9U,0,zero,3947818,11588,
d2xP9hcoU2w,2005,enabled,2700090,30696,
eMBU1eXDYDc,951,enabled,2120348,16384,
LpnVb5RFW_0,6416,enabled,18068815,341106,
VHvBYG5-DDE,654,enabled,286845,3809,
RXeSKzq79as,2707,enabled,2231319,23594,
iLsvH7_EF34,1534,enabled,6910700,67463,
HN0jNA-RcUI,280,enabled,1358630,10606,
imcDUnEs--Y,2910,enabled,1523549,35114,
nKg_ZGcgIAU,37,enabled,115503,122,
gbJYK7q5ejY,345,enabled,474727,14742,
rxGuNJ-nEYg,29377,enabled,49283135,247402,
LbQZ4FGv9ug,2178,enabled,8330419,71633,
-G8Adczkf7w,0,zero,174954,183,
FWcxH-DmwaU,0,zero,3022,10,
C7VxAOHeF4o,1615,enabled,1882519,12960,
XxWtPMv4dMA,2486,enabled,944706,7381,
Qp0xvgx4w4c,187,enabled,110379,320,
OlbaYbWuPCU,1880,enabled,466006,8782,
9QdaNUrq1EQ,3612,enabled,9990810,98049,
nPkannJ4Hpw,588,enabled,1768036,15058,
cc38YJoMI90,3789,enabled,18722637,37461,
lMAnnQNG2zU,1492,enabled,2420030,44378,
QspmZf_yWyU,68,enabled,432785,3253,
muqyereWEh4,35,enabled,470412,806,
bXNbe_jsoMg,1082,enabled,1399879,20005,
6DddtMcOQzw,20,enabled,59030,445,
xAhPp5jboN4,2377,enabled,2079021,28328,
UM-icotk2I0,672,enabled,476253,3337,
Qa5OE07SiyM,1197,enabled,381852,3788,
gqIlRJZee3o,38,enabled,74281,160,
CwEp_mY_Tj0,6833,enabled,7290861,121333,
7QXB3kfLdKY,0,zero,1144914,1201,
2CzHFhZFk3g,2728,enabled,3073299,32414,
efPGsYK6ayI,6723,enabled,18632403,130340,
aepYZlvwSno,1782,enabled,2578129,32422,
g3vcdYNwQ6k,3067,enabled,1973179,10180,
fnortnOBv8M,2232,enabled,2558551,33603,
uwTejwu4oaw,9345,enabled,9173574,229683,
sJ5dSLRxZ6g,158,enabled,75293,1478,
CltOThAhuXI,923,enabled,1665960,64160,
0S3aH-BNf6I,1196,enabled,1191605,64018,
Ssphf4UcQdo,1010,enabled,617684,16292,
bT_UmBHMYzg,822,enabled,1978789,10437,
Ly7ToPxy0bM,37,enabled,292964,975,
BErdMfksGCk,648,enabled,1585277,6481,
xQKy9eUl_X0,1581,enabled,2908832,28163,
UqYGOtK4q8M,2107,enabled,1226760,23648,
EiUeQOTQSnM,507,enabled,159572,802,
3AMCcYnAsdQ,1668,enabled,912243,25479,
Uq20WAuTUdQ,362,enabled,1305739,46852,
RLykC1VN7NY,17559,enabled,15003796,313851,
YIDLRZLrJMk,24,enabled,24252151,20657,
1aX61LzmeYA,90,enabled,261058,998,
LSRwbKp4qb4,376,enabled,206247,3103,
4DvuUmcslfM,255,enabled,526386,3326,
EEvMJRvAAVw,299,enabled,939302,12818,
NtIhhuPOVDY,72,enabled,72276,1077,
XwNUmnDu1r8,5610,enabled,10569955,87354,
phcU2fiVw2c,2392,enabled,858936,51362,
GLbiPMGC7E0,1823,enabled,371689,2972,
ALqwKoqEeIs,24,enabled,122346,420,
1T9JvRXE13M,390,enabled,785205,12534,
47m_clP5n8Q,1947,enabled,321286,3593,
3bUa1Gwu7gQ,293,enabled,1126024,6400,
EI9j2d3c-hA,137,enabled,1195973,3776,
kUBowkexpkE,600,enabled,1172334,9021,
AoOeTBD1iEQ,11844,enabled,6233065,157706,
2wUTFaHkWlk,4449,enabled,8726335,153401,
30slMeUblXU,7,enabled,628,12,
Y3ERyC7ChvQ,0,zero,13262222,13686,
ZIw-7G8XKhA,16,enabled,16241,99,
lqUToqGiwc4,18,enabled,88275,297,
rEbbznt_nbY,8,enabled,4123625,10831,
kz-UV6l_lRc,82,enabled,150769,831,
CGG1r4rkriU,0,zero,2645112,4843,
gU7HbBAeMkw,0,zero,1941,5,
9fjvwaNANxQ,15942,enabled,9667741,180860,
df_QflYT96Y,10349,enabled,12381259,217831,
ETC85CgzTHM,0,zero,47633497,302172,
DD6trArS4IQ,13,enabled,10028,42,
CWgomBQzUyc,794,enabled,76764819,33210,
pNVNM9JBSL0,1196,enabled,536032,23059,
xBDsGjCpknw,6765,enabled,2623915,35385,
IxI97BS_gS8,335,enabled,2646891,10046,
0qqxhRX7eQg,1,enabled,20933,237,
K1piaaagEM0,209,enabled,62903,541,
Gg4j5YW_V2Y,139,enabled,87881,506,
mFm3yA1nslE,756,enabled,2850678,30746,
jexnhNfOzHg,6721,enabled,1508957,32846,
P0DdaDG4jmM,0,disabled,23279403,37450,
p0RgVLQYZSQ,20,enabled,35292,137,
gpNlSa7q_5g,0,zero,24018120,43476,
MVpkeBYZOrE,10614,enabled,5004874,87743,
_FCmhbFC994,0,zero,121057,1769,
M021RSApMXs,1222,enabled,371648,11775,
esMSQ8iF924,2030,enabled,948286,20612,
_85oBHflGcU,914,enabled,470506,3990,
PlTRnF7KlV4,2778,enabled,1904233,12787,
xIyVkisOyHE,158,enabled,149402,632,
OeHjN4oWVfk,22725,enabled,17467498,433261,
PBbTkzakiM8,1878,enabled,1053144,19739,
7kY0f6F8ufM,22,enabled,19717,98,
FJpzZTWVOF4,14,enabled,8951,28,
c59yxsr1hAk,2084,enabled,345878,8130,
GXMHIkzfIp4,3181,enabled,2349321,73341,
pndHJdIYRbE,439,enabled,381600,4451,
c7_ffLeAcjc,2576,enabled,1532669,9854,
rLrNcZ1o9w4,29,enabled,834974,398,
iMQNAdDAXpU,5000,enabled,11479272,85958,
o6Pcz-7WIxY,8,enabled,15366,135,
b_PhxHPyVug,20051,enabled,11987439,262841,
7c9f9sr6BPg,1988,enabled,1948542,12249,
aBL-DhdeAYc,1007,enabled,2360903,9871,
9Uh5mTxRQcg,2714,enabled,2567937,23765,
4IAZY7JdSHU,3272,enabled,1460133,45423,
y5WxSEusgOs,480,enabled,270552,1823,
G4H1N_yXBiA,4184,enabled,5990155,56141,
FfZMPrC8F8w,589,enabled,552150,4632,
i6RV8O4Q9rc,2519,enabled,9304783,164138,
W-tMIf3QjWw,1641,enabled,1333850,24649,
3NlaOS3Vxrg,4287,enabled,5382983,18726,
WhhtTTStsIY,9,enabled,38534,117,
BZDic2gtco8,0,zero,45451,568,
tugFFhML7VY,32635,enabled,8678810,443229,
qjKOkUreTKs,19,enabled,18887,132,
NNeJR14kgTY,3145,enabled,1295529,16657,
rMvya57n7lk,1624,enabled,753448,25065,
mF7PXstubvs,1372,enabled,840687,4376,
ccTy5Z4WaB4,1973,enabled,3468247,60691,
ZY63ZSUdywY,11268,enabled,16652802,316716,
16JILtJzhl4,92,enabled,19854,129,
pVa4qF0TaBU,183,enabled,273686,1644,
6cMmUiAIPwI,185,enabled,129888,755,
f-77xulkB_U,3742,enabled,4272921,31147,
Q0FyNyRS1CE,57,enabled,262070,208,
U34MFcJdGCo,597,enabled,240610,4068,
EeWjx98A0Yg,0,zero,31883,18,
U8-RDV9I4JY,409,enabled,1380954,19981,
84-rYpW4o8g,113,enabled,117670,1464,
V_DtccNhLTs,1558,enabled,1736286,33088,
vMG-LWyNcAs,9080,enabled,6540941,37678,
p8AEPoZa9Q8,18,enabled,155697,26,
f9jhWFKV3u0,39708,enabled,117451982,670350,
WwU9DupgA_E,4095,enabled,13825797,155636,
UN-II_jBzzo,5241,enabled,4466542,47516,
zNcYm6WjbWI,3922,enabled,4190594,36883,
ZvpKpUeUk8k,1727,enabled,3420320,70436,
ID0QhC-OW9E,136,enabled,17119,94,
rf1ExvnABIw,6,enabled,5483,24,
5rjtKMcvqwA,8580,enabled,8815245,69106,
_gBnmKOixDM,2503,enabled,5520236,24018,
vMXPVhzwJr8,2752,enabled,3104513,43335,
TwqZ32TmbIU,615,enabled,700811,12962,
iUNi6NQPi3Y,175,enabled,2521094,4083,
lcMMBZB_Eag,581,enabled,93070,1766,
8OCjwBkMJ_E,110,enabled,594929,1740,
kr5PoOpsnjg,14860,enabled,26064718,326962,
8eQYkOc5xW4,4950,enabled,5129399,249089,
-psUnkQBrZk,2316,enabled,2995702,73373,
1pfqIcSydgE,3351,enabled,4547926,33267,
Du95opzY8qg,2873,enabled,19209698,87039,
AhOsnZ2jB9Q,3216,enabled,10814698,145840,
CMscSfkKAxA,2117,enabled,2158677,28345,
txvX4aSuEWY,4817,enabled,2529784,73231,
gE6RKAt11sQ,95,enabled,406834,3860,
5b2F1iO2ag0,1797,enabled,1547036,19317,
UZigtq-YXVA,1258,enabled,865531,14403,
weIbm3m-Xbo,19015,enabled,12661357,96217,
IKBWFoz_g2Y,59,enabled,136016,2532,
BOQ-wZQhZZo,11748,enabled,16949369,404463,
h28xpNvW9Yw,0,zero,9887857,306742,
X3ZS3GF39Bg,451,enabled,355694,665,
gvKfhYwT_fU,83,enabled,19691126,33390,
gGludGaPKag,12967,enabled,25567851,192983,
W2ov5tvBD78,200,enabled,377561,5784,
rAEDsyACBBM,2972,enabled,1456304,32225,
40hln85PONY,4704,enabled,7753771,150022,
FB1KTG-O1V0,2782,enabled,2718589,19184,
mSB71jNq-yQ,17607,enabled,16999168,326836,
slLrHvK7iAo,3,enabled,2854,26,
8qve776r0fE,3686,enabled,13663083,103503,
nYG6QA9gF0o,46169,enabled,42549829,355211,
UeQ5rMbj5M8,29989,enabled,11586838,384652,
0DYfqADyt_8,5790,enabled,5085779,93555,
I4Sno4zeF9g,423,enabled,655635,10280,
X0-TbUUXDtM,3253,enabled,10928016,16742,
Aq4qjMuaKRM,1152,enabled,280144,19084,
NEOunA3tfqg,774,enabled,1428591,4529,
IFGe1CX_4go,1473,enabled,3455531,30920,
t62fUZJvjOs,2295,enabled,3228945,23372,
DLoI_9Tcl9o,121,enabled,80688,1356,
Duav97GJ6EE,17,enabled,55180,305,
BylLTX05jSY,437,enabled,367834,2239,
2W85Dwxx218,5298,enabled,9004442,154541,
kO2pP0nF6Fc,2396,enabled,8758404,116934,
Xod5xvlD1AE,1,enabled,956,2,
YskVs5VyqHk,8329,enabled,17786884,362381,
y_U3mmPZLJM,2059,enabled,11652689,84818,
wgZ8Y7djtQc,146,enabled,138039,745,
WKunHXtQYuo,61,enabled,97003,409,
sc4HxPxNrZ0,187,enabled,3642082,20304,
E-6LUtmwymo,2834,enabled,4062464,112705,
tQlr8YLKbtY,126,enabled,25355,80,
XkVwqEdYlNA,6702,enabled,6256324,162326,
p7THJoRYA2c,23816,enabled,9286790,267991,
S_0qiM7QR9E,21,enabled,4100,84,
Ej59-ljxhoU,98,enabled,263233,1243,
5Ge9cebaVNg,1400,enabled,3752606,45865,
wJiQqphICfQ,3514,enabled,1522568,47828,
05PpTqtGhGU,3744,enabled,3416464,77930,
GxE1SSqbSn4,608,enabled,1167222,10315,
jzErgDYfmkU,931,enabled,385926,5128,
CSy1m0GCIgM,4458,enabled,2231977,47274,
3G2_ruG44M4,3188,enabled,5284231,21688,
ss4ZYcVwuZg,234,enabled,219334,1966,
RvGaSPTcTxc,258,enabled,1239926,9601,
txvKrTplOVs,2959,enabled,5416902,86293,
SRVzyiM8Sgo,2768,enabled,17951412,115865,
NtBF8ujuodo,0,zero,27262,95,
MsRh-PTeXzw,998,enabled,5991407,24918,
juLoCA7w0I8,347,enabled,1701364,4991,
drWh6vBa45k,10314,enabled,1195554,28178,
eQ62tOo0FPQ,3314,enabled,9314686,130864,
r-PYYaoq0fY,0,zero,24199321,257082,
ojapVW-7lQ0,8493,enabled,11201401,251988,
k9tgLnI0fFc,18855,enabled,30100920,273957,
JkIxs3L3H-M,31,enabled,21390,68,
K_F2ByljLtc,4891,enabled,2576753,56578,
ZAdceqYPxqE,0,zero,5003713,24296,
cH4JWABeB9Q,19073,enabled,13540632,423419,
8ZlL6KgWQiY,76,enabled,11211,106,
VCcp7IY7qj8,3937,enabled,4380210,80033,
vxopfjXkArM,6167,enabled,8692184,140757,
UNWqrAhaLhM,3190,enabled,977091,4490,
63IoOLXmzKg,1534,enabled,644836,9146,
p4uzV7z1hdA,0,zero,2084798,7643,
bvaDOKdImMA,816,enabled,338388,4843,
VXLSTd_dlKg,194,enabled,929712,4883,
foLf5Bi9qXs,2625,enabled,5781462,120525,
MZLCGXvyUd0,33,enabled,33259,113,
TkObLEgXnIU,933,enabled,376370,13205,
AOpGhAdQFEY,171,enabled,542512,1488,
xJiL2MaikoI,1866,enabled,675416,20852,
eqe8XmbWwZY,86,enabled,38738,135,
RfFcaV5O7SU,1559,enabled,5370321,22492,
Y7zBzZs4d8U,1565,enabled,2470116,124963,
khueZjK2NSY,5,enabled,29958,292,
9WQiqYlpxoY,6050,enabled,7972271,127844,
HTQbYKOhYf4,294,enabled,79491,104,
DAHHRYzYQB8,0,zero,4203639,20584,
UPA3bwVVzGI,4296,enabled,3620132,55544,
0ytyMKa8aps,1467,enabled,1951984,29199,
Z2ttpo7c95s,1324,enabled,1048703,5050,
EnCT8vCNcJI,75,enabled,11991,49,
PfuzjAXfeio,10305,enabled,12517471,86273,
z0NgUhEs1R4,20056,enabled,16471986,230425,
FMefm1thqiY,1362,enabled,1803955,40378,
EsQHkdMqD6g,1114,enabled,5182712,18190,
z_CTNpTegO0,2573,enabled,2409304,44120,
4AFyGIhKZDQ,937,enabled,1189787,9155,
4trFw-H5a0s,56,enabled,6953053,12082,
Lgdc2t_CldQ,545,enabled,845669,7077,
TApuiAmzRW0,1100,enabled,1404516,20520,
tX_0SREe2No,1042,enabled,290279,12344,
wd2RIX8HwMM,0,zero,1761969,707,
ur1UFSa0aYU,8,enabled,14718,125,
6UpmhbPaOHY,2069,enabled,2151772,49586,
k1tsGGz-Qw0,15976,enabled,38475089,397112,
NQu-153MnGQ,989,enabled,8206795,14168,
XsXPQt9a8Rk,4365,enabled,5151767,104515,
OFqkX8p4xEg,923,enabled,403917,3463,
1p0i3fYBuG4,419,enabled,948135,6131,
Au6YzsEKPRQ,687,enabled,1119271,14652,
Jd1wzlwtKJ0,463,enabled,1644133,10071,
RbT5cAIxWgA,515,enabled,366013,3920,
CVhNbGc1bYc,946,enabled,336210,2832,
DCAsXhyLofI,2993,enabled,5563387,23256,
YCZwTJ-AFeA,323,enabled,908471,3515,
n8713uIoRjc,1075,enabled,1656838,33355,
rgUvhNlGV0s,13155,enabled,26598982,165422,
HJx5JpNR4mo,2266,enabled,4245314,39163,
QfbjVfCfjxU,8,enabled,5804396,13721,
3JqoyuXvaOY,485,enabled,788545,7977,
5DCAC1j2HTY,1702,enabled,404588,2145,
00jbG_cfGuQ,6369,enabled,11455513,116705,
NJ4HRVxVOvM,635,enabled,155936,665,
gmFZ1BNUeS4,748,enabled,974516,17215,
f7mcTU_8LMg,854,enabled,772085,17300,
fFdRk2DYolM,216,enabled,149511,370,
SlVjt-tMTAM,620,enabled,1077471,3973,
VmDYFTnOt_Q,190,enabled,407153,1083,
MP_nWuLYpJw,4143,enabled,9431896,136608,
tSVZ8fADcg0,0,zero,4462486,57832,
sw6k3ozh0vg,91,enabled,56246,394,
TGjbpO1toTc,0,zero,8412614,35786,
djznlxQyIZk,1199,enabled,2745642,49685,
rCNlG_j_gSM,169,enabled,563834,2928,
V4Ei7rSsqLU,61,enabled,96051,702,
9FsOiZBzuJY,962,enabled,231901,1846,
N8JD_P2J24g,2295,enabled,6287045,86072,
kfPNxNIDHrA,6114,enabled,3003259,59227,
4dn7TEjnbPY,4134,enabled,5643271,152203,
XHOc716NRXQ,4626,enabled,15108461,123824,
DsHjimUHGgY,696,enabled,1420438,11511,
s9shPouRWCs,1117,enabled,2480915,35197,
-KCZqr_UoFU,0,zero,6490204,3552,
hjZJaf6FbOw,744,enabled,3496020,32371,
9C72ISMF_D0,2502,enabled,5599304,49964,
oCRDatVZSHM,491,enabled,597916,10746,
aCxiNE6eIss,941,enabled,936507,10975,
9v8xdzv1vNc,0,zero,56934739,144613,
wzQ77hYmSEU,201,enabled,124156,855,
BjFPdBujnvw,1253,enabled,176596,7596,
-_UedgKyL1o,0,zero,32376051,217038,
AD7VzLJ-_kI,0,zero,418011,470,
Ybag8pRwNRk,4029,enabled,805937,37385,
1fTBsW7kdo4,848,enabled,248861,11159,
xwOYW3apnlA,1799,enabled,867145,14292,
e3UqLAtdZ04,3343,enabled,1226993,11480,
-vSYJckIfi8,942,enabled,982062,13337,
ecpA7-LSOFc,3590,enabled,509870,5386,
TrcCbdWwCBc,326,enabled,1523901,12995,
50ugLvQbpRk,873,enabled,558592,5712,
KctA1n8RNKo,39,enabled,83118,173,
ZFUgy3crCYY,1125,enabled,1816378,19908,
Tq6o-EjufbA,7358,enabled,7923216,128339,
b5EYU3QsFGo,598,enabled,310251,1507,
Esxfg2foSuU,0,zero,2348212,17954,
Fggm4ZyCYtE,422,enabled,1691766,25120,
TcTf477Hpcg,2526,enabled,2581906,17590,
JznXx1Ns374,9589,enabled,82764223,356680,
26aMc-bAsa4,1122,enabled,1399395,8924,
AMW0WmElX6M,637,enabled,634765,6240,
q1WLtIvYk34,3974,enabled,7087968,106331,
JgacDwgKiZg,105,enabled,970326,2008,
VnAhAX98HY4,4193,enabled,1850259,30846,
XabZLTpugN8,114,enabled,1133957,2263,
Dx27vn9Hzmo,366,enabled,1445059,9525,
onavYjbyuAU,198,enabled,221236,2314,
i-R9YySkT5o,0,disabled,6149493,16869,
mNiqpBNE9ik,15611,enabled,18955091,184777,
_nW9k6k1I3k,3560,enabled,5283120,171339,
Vw9healWTcQ,911,enabled,745465,10704,
lbAXiowGEQc,9,enabled,12633509,14272,
9wrxwHt9KAY,711,enabled,498497,4091,
vMr1p7w5F9I,415,enabled,567945,1476,
E-8e0cqUGTw,3733,enabled,4238665,29129,
eFTEsM5vhjM,23,enabled,116345,301,
VTg-KIuTX0k,450,enabled,2035853,11126,
RbT5cAIxWgA,515,enabled,366013,3920,
5V1LWBGRU_A,9298,enabled,9840136,152599,
cp5gdUHFGIQ,15100,enabled,30738169,191471,
aWpbAvcDeso,0,zero,17524161,52558,
R7yzKJHSrRE,617,enabled,1079354,10897,
MQLbakWESkw,13847,enabled,5425999,87006,
MBRqu0YOH14,55256,enabled,18502498,977005,
KU4e2ssOVjo,37,enabled,37688,281,
TkmerqUzExE,634,enabled,3572019,13469,
knt8GclF14Y,0,zero,1647751,2455,
31pmEibQpFI,8286,enabled,9472789,157585,
moYBnx8Gxy0,128,enabled,197262,1562,
KA4V3nHwRR4,6327,enabled,5041071,96956,
RPbQhwiufts,1735,enabled,470266,6398,
r69wUEyeCvw,35,enabled,17335,267,
MT4akJsAmb0,109,enabled,516298,1636,
UaA-ZeuEcQ0,2216,enabled,1906054,15075,
v75wCTMZoSY,9294,enabled,11071981,151047,
kBo7FK3NO6s,2853,enabled,4805956,77909,
U1eQYk74R1g,0,zero,7487712,50104,
RIBgiAFd0i0,0,zero,648036,514,
04fie58BHNE,167,enabled,324065,2497,
y8MWkDexzRQ,0,zero,29734545,83838,
qPix_X-9t7E,2110,enabled,10782438,123996,
CTAnJTB9roI,2985,enabled,3778165,103657,
q4-EJwykDIs,1088,enabled,2133668,27979,
SzMEAPcRX-o,376,enabled,531733,4209,
mmZqOKVvWrY,5009,enabled,9478472,71959,
yKQSybWHxdI,245,enabled,239312,1459,
RVQOaIJ9MwQ,22,enabled,108661,502,
e7Z2I9x4Pd0,12305,enabled,12253795,313731,
Wjd1_sM3ULs,1983,enabled,1369836,17561,
AiAFrpyoAM4,1290,enabled,879551,14935,
2zE-J1rK1NQ,10530,enabled,14548978,337065,
dWcdBOYy_bU,24831,enabled,10083545,340341,
kKKM8Y-u7ds,1991,enabled,5835904,61847,
gDizJA6DP-0,25926,enabled,16137011,209529,
VYqrsO2qzp8,8,enabled,4691,60,
dR_BFmDMRaI,165,enabled,401765,1074,
apmDI1iZUm4,45735,enabled,18276159,487821,
ggR_SPwP6cw,60555,enabled,217994997,1902597,
_g1g4k4WVmE,1044,enabled,193304,5219,
f5ZXTDLIUXw,3746,enabled,9277817,29223,
guI35m0Bouw,52,enabled,28043,116,
2ocHBYgQBh8,33657,enabled,23191758,179966,
NXf4iY5qRuY,273,enabled,361434,4624,
L45Q1_psDqk,64086,enabled,23351006,668532,
YaDvRdLMkHs,6608,enabled,7714029,196338,
Fv6zuTT9YOI,774,enabled,2848787,17019,
9kPxeXBn71s,20688,enabled,4285191,193135,
80T1gkb_iaE,190,enabled,83673,3318,
SXT_nAdrhwg,690,enabled,159349,3614,
GXDQOSbcmv4,3421,enabled,5642199,73145,
1C3oTE0Px90,10138,enabled,6157641,145700,
vGMms-QL6e4,1364,enabled,498916,3700,
3RmeqpnbtTQ,2746,enabled,656064,14068,
GKPIae1_LYw,2131,enabled,2394818,25620,
El2XcnR8TKs,24,enabled,23789,284,
sEjf0d38JK4,106,enabled,36071,340,
U5VnuJF29A4,0,zero,13481218,124062,
JeoBUUgh6BA,27590,enabled,18918686,442475,
v_mxssYxjbY,12,enabled,18677,132,
XenTM_C9fxM,14921,enabled,12593727,146796,
UzSGtoUMc7g,2074,enabled,3053818,29445,
u9Sdvmfhypw,62,enabled,55187,388,
xZ4vFGZLU9Y,0,zero,13622862,84696,
sB0xy74Zrj8,7405,enabled,7656657,87405,
N6uwlIA7a7M,3639,enabled,6646206,136560,
UbuvFMvytu4,623,enabled,6331354,16696,
tOHARIf3gpw,38768,enabled,90035545,612024,
VDDSLICjuaY,246,enabled,35833,2421,
hAUTdjf9rko,8116,enabled,20927873,138073,
SjQG3rKSZUQ,973,enabled,2786291,11707,
MqOz8-Sto1g,537,enabled,1464485,3493,
YlIssGF5z-A,246,enabled,898177,11825,
MZm037jPNgc,3598,enabled,18132816,10495,
4B_x1XjBhiI,2747,enabled,2053968,23482,
nvXuq9jRWKE,204,enabled,421847,4523,
zD-4ak72kFM,0,zero,3831232,5636,
pLm07s8fnzM,1735,enabled,12361929,47615,
slm6D2VEXYs,563,enabled,1395750,6290,
w6JFRi0Qm_s,2649,enabled,4071185,122900,
TovsUr5n5Rw,440,enabled,365582,4072,
a8QlMD-J0B0,25,enabled,26124,98,
5NubJ2ThK_U,2545,enabled,4280547,94515,
yv2YAF8WjEA,43,enabled,99117,200,
IkV5VpEROW0,6941,enabled,9149806,180801,
6fIo-2bhF94,1258,enabled,1311297,11003,
fYWfqBa65HE,11,enabled,25285,74,
gpJWQeDHliE,1,enabled,8890,110,
mAdpJw-MM-M,5015,enabled,9207184,63590,
MRI8ffYKA8c,846,enabled,3022279,19351,
PEikGKDVsCc,98684,enabled,25074989,663360,
0NU8V1c1VFc,0,zero,6549271,15778,
hVcz93FLVt0,1206,enabled,1421011,32785,
o_WkjUqo7l8,0,zero,1042,9,
exQ6oGefSiA,7814,enabled,6119220,121635,
8_JirBWvq9c,0,zero,11078570,13116,
KHhKieB_Zek,1431,enabled,2491853,16827,
aLGDPi8efaU,0,zero,121581,2110,
fo54qvh88fs,147,enabled,206841,2384,
Bs8zdytkhZ0,102,enabled,195128,1162,
ecdJuWcZuR0,626,enabled,649265,7789,
1nsY3rLl1gs,2909,enabled,3025181,53529,
AILpU2L1f6I,240,enabled,1218507,5344,
6WTa8jDFWog,1429,enabled,691457,7532,
uXaMHs8jlvM,268,enabled,482573,14889,
sfj3aX_ed7U,6346,enabled,2110056,14656,
_bnur3gHJ0s,427,enabled,1241504,6167,
4EY4v7Vu5GU,7,enabled,19111,76,
vaEWkjTZsy8,0,zero,56156369,145659,
8hCe3BXkPmw,50,enabled,238536,1117,
jdKrKgWGLI8,185,enabled,354180,257,
257wV-AbKaE,3439,enabled,6504091,121327,
roUjDqgDiv4,22,enabled,17840,335,
Ameg56-gCcw,13,enabled,134870,552,
5ynhKhnBowc,72,enabled,83793,379,
GUl3FtI8uRg,13,enabled,40574,158,
i6QilkvEPiQ,262,enabled,176543,390,
6I_CdxBXwTc,53,enabled,38771,504,
oHJZCZIJcC0,1240,enabled,3270685,21131,
u460V4FT4n4,4,enabled,28844,40,
2Ww6aljZEf8,1774,enabled,545598,6645,
8HslUzw35mc,29296,enabled,12060514,370180,
dxfaA5jc1jQ,0,zero,7409342,19456,
KhU8bkxgrbQ,324,enabled,402387,2902,
Zm8ISls_TBA,4065,enabled,1163184,34562,
cqJnIeaaAhQ,2849,enabled,4363458,182260,
AkCl0Hiv7EU,10826,enabled,12050350,159835,
sz3Yv3On4lE,3136,enabled,7236608,115321,
eKCpwUXh_Qs,1284,enabled,32979200,68309,
MYKmJJB3vFY,0,zero,2758897,15250,
MRA-Hr-sghg,1716,enabled,1014006,40379,
yKeOPsptTwE,6076,enabled,3327458,44091,
juWYhMoDTN0,5222,enabled,12635337,124738,
5kq-lcXtB70,4245,enabled,1402202,35358,
wGSvhaCy3_g,59,enabled,68868,759,
9k5vTZL50Is,3945,enabled,10606158,172859,
S3ABpViM4Rc,1134,enabled,534423,12240,
-zC-8-4RhF8,0,zero,34383295,19826,
siYIEmHOvDU,3303,enabled,2413794,34525,
Y7zBzZs4d8U,1565,enabled,2470116,124963,
QH091zFHdQ0,3872,enabled,6179800,40298,
5eJ9nutvv6E,218,enabled,80099,656,
hd7aujL0XC0,1,enabled,187293,82,
OgW7L2uq2VM,739,enabled,3335859,14597,
zPckdNWIV5s,29,enabled,9458,94,
8pza2wj7nr4,210,enabled,393088,1749,
U7z_gA13okc,469,enabled,77147,544,
4UPCZxT7Ql0,50,enabled,125864,389,
mSmMu26GN-k,243,enabled,55431,178,
dqT-UlYlg1s,1887,enabled,5149293,43840,
tqtIyftTiWI,273,enabled,2725952,37882,
Jf7Uo6nqaIg,8183,enabled,4141619,86238,
OvVKnC6gGtg,5541,enabled,4430120,39828,
HkppWEK-xh8,3114,enabled,4269793,28762,
iNkqL37okmo,465,enabled,952571,16156,
2rvLEJrQm7g,3053,enabled,6621809,109328,
P9-yZMyenNY,2662,enabled,1821884,22398,
A_l8_C-EO38,1953,enabled,6658023,76814,
oSm1tLcliVU,0,zero,1333301,3248,
eOhSUppHKDU,85,enabled,116762,1019,
y4RliL4xJ-c,314,enabled,1252775,14722,
zP4rgvu4xDE,584,enabled,2480495,7174,
BEXQaxUjesE,5251,enabled,6555179,65433,
Zu60neZeR0Q,359,enabled,247896,3272,
d8uTB5XorBw,1024,enabled,3196604,39352,
9D0XuUC5bMs,5366,enabled,3932340,44670,
FaLTWW_yEG4,5293,enabled,14067489,144732,
bxvPG4xCyCA,6177,enabled,9884529,214937,
FHBZnp-IPwM,123,enabled,146475,967,
KaGSYGhUkvM,2454,enabled,4055569,82093,
GrXe8YDbzYs,7113,enabled,9029041,23575,
n9DwoQ7HWvI,23010,enabled,32021342,229924,
g1-lG1L5ZT0,18,enabled,1154710,232,
DmWtrkopZi0,6,enabled,24666,147,
cl2lDQzfSkM,31,enabled,38656,129,
VAyRUo9apVU,192,enabled,538842,4056,
IGK2KprU-To,26891,enabled,12388319,322703,
3JUrGCeG260,0,zero,2132015,9732,
SArfG92dgV4,162,enabled,4122593,6059,
zgIib_Uj1T4,7348,enabled,2992446,15601,
oA53ZanVNgc,224,enabled,287913,2709,
ve6OexuRAzc,277,enabled,1277866,2938,
iOc5kYJQzwQ,1402,enabled,7364665,29045,
P6q0Ku9C8SA,276,enabled,158939,2435,
kYQZu7vSpnY,1012,enabled,9386988,17004,
UbmZAe5u5FI,310,enabled,290521,2649,
mJBWXjQjMUg,38,enabled,584038,29,
XdkSo6UqiPA,1513,enabled,647781,12908,
5x1FeyWYp9s,8755,enabled,66170281,499019,
yybDv11OIts,20,enabled,107591,371,
qyoGQbYe0Wo,1004,enabled,477368,3993,
8EUy_82IChY,2398,enabled,3030034,69273,
FGXq_OgdHHU,889,enabled,857631,7496,
zS5Eu4SpIoA,3,enabled,3009431,4027,
WM0XViFp1M0,9502,enabled,24400657,168683,
H-qOgfRGQ3k,414,enabled,282485,2768,
whOQeOOIC94,649,enabled,560629,8196,
SWiXjZRB_t8,91,enabled,72042,933,
GgUSmu1yMS4,3494,enabled,1542648,15860,
sQ7_XaqOY-c,0,zero,1383645,1859,
rVdakJckiyY,19,enabled,114519,557,
7onpZl0tayA,12898,enabled,9350578,221959,
RbgLPDWdCfk,1819,enabled,3955432,20359,
dPKvHrD1eS4,3083,enabled,6193901,58935,
ypZ1ke4P810,541,enabled,192679,1007,
YSkb3kK8GfU,26,enabled,29237,151,
8Ppo5YIYwTM,2651,enabled,3665866,32090,
eUg9E41ImzY,4631,enabled,8642531,64411,
iiWkYRJd_s4,1029,enabled,3368595,37619,
sbXy2vkJxSk,1206,enabled,5017979,15014,
PJ1BC0g_PbQ,562,enabled,137679,1265,
HeX6CX5LEj0,3730,enabled,2755596,57829,
KK_3e1SBSj8,2049,enabled,2247980,14966,
XxutY7ss1v4,43054,enabled,7998016,289612,
_YT7wWE5oRA,2,enabled,48930,161,
RaiGd6RwWCo,117,enabled,91262,597,
Z3Wvw6BivVI,7156,enabled,8474236,92510,
3vOb99wawdQ,25006,enabled,7031884,107664,
5Kf4uXO-gDk,640,enabled,622838,3335,
EKEUwJw66OU,123,enabled,186276,1434,
rQGmpMtwTRs,9915,enabled,7672806,128332,
PZ2a622w-Ro,193,enabled,147634,2227,
h0N7tBpJNVo,1,enabled,4384,10,
oGxsEpRWgmg,5280,enabled,2819485,91544,
cc8sUv2SuaY,1041,enabled,2921558,18335,
-Q_51g4rij4,1921,enabled,2016754,39577,
RQhGTZStSAw,4659,enabled,17643837,105889,
RGJb2iLvOKE,4699,enabled,27763599,186548,
Nff_im7DRDw,17,enabled,20234,183,
A1gemG9rdaE,1488,enabled,932098,20720,
CtCDFtHBOEw,72,enabled,64074,351,
UloIw7dhnlQ,1141,enabled,2319524,32457,
COp4Cr4z_jI,1455,enabled,934783,6112,
85-RkdmxceM,0,zero,17750085,112679,
JWI5-vWqcGc,11029,enabled,3895219,63344,
lfJvhI9j1tI,0,zero,12016,58,
K8_N-xjytcU,1849,enabled,1472713,6078,
G6N5DZLDja8,6813,enabled,1655979,61404,
hAx2gdc7_RQ,24296,enabled,5396120,29798,
53glKEPzElA,1083,enabled,1935277,16435,
07s-cNFffDM,14749,enabled,16978817,96104,
IIu16dy3ThI,1057,enabled,2331393,22269,
bW_awN9uV6w,16531,enabled,7168256,142831,
ap4rq7GX410,3255,enabled,2795722,7311,
4h9re1bHt40,1266,enabled,9599002,13146,
soMV-AkSOtA,4339,enabled,5056009,99664,
TtxoMlzdjzI,45,enabled,209345,943,
TlbnGSMJQbQ,0,zero,124489075,290300,
-na54uCHxs0,682,enabled,232884,1463,
r8Gl0PVXpY4,498,enabled,2853988,16493,
LQ6A2C20PA4,1475,enabled,1835396,25417,
_cwWZ9QC2tU,170,enabled,737068,3637,
b0_S46gzYlw,145,enabled,194970,2048,
iF1spPcahSg,790,enabled,356650,11585,
tqng6HwVgPk,980,enabled,131942,1085,
T-hQ8dQj350,37,enabled,70381,26,
qJabm5GuLgM,761,enabled,394102,21689,
OUqfP1S-9ok,1813,enabled,6071014,18436,
9EDhdoSSdFk,9,enabled,46865,140,
z9D9jpuplBo,227,enabled,208600,5423,
6hU-y4YV3Ow,46,enabled,87746,430,
OWIqhSOrNcM,407,enabled,898513,5415,
3M-fgxk4zjo,0,zero,8102483,54502,
mT-mCQY2XBE,1113,enabled,1257664,9665,
N3dJLRfBtu4,212,enabled,769702,2976,
ob5hEFeP9qE,886,enabled,417662,2629,
ILqwaOR70mU,2517,enabled,3724485,28865,
rLDPaE9WSfA,1747,enabled,4393859,81771,
82utG7Q3G_k,0,zero,14655702,30541,
Fr1A-vd8xoI,1512,enabled,1136944,13871,
oDSWGHDPhZY,1330,enabled,453035,7951,
ahn79ORR10I,1762,enabled,1111766,20422,
xROmDsULcLE,1842,enabled,2554303,38344,
Roy2B9SZT7Y,0,zero,24053556,61512,
2EtalOOS-eM,13602,enabled,32281212,385262,
BKKw3vZzyoQ,0,zero,7272,53,
68M_D91K11I,1974,enabled,8903496,39351,
MIejkn807NI,889,enabled,743040,4214,
sdUVxv7jyA0,472,enabled,1417976,33234,
1RROqSTJqA4,0,zero,17770539,175133,
l6Ol-nbx1qQ,20,enabled,101714,100,
Y6WcmKRvHpk,14440,enabled,3858535,119442,
T-Qcj6M73gk,1797,enabled,442773,1772,
GzorZUuZqEI,6480,enabled,15082847,61912,
d3VMo1VWFvc,5,enabled,239857,77,
Zghe7SNmhOs,4250,enabled,4848474,76396,
ZgsByqwaC5k,4286,enabled,4674699,118593,
gS1dpowPlE8,2088,enabled,2081049,15579,
iEMJ2DVQzrw,3736,enabled,5332320,83862,
6re9XAwo4b4,26692,enabled,76146778,975457,
E3f9qWTkrRU,0,zero,701,3,
sCJMkjZCiwY,0,zero,6618595,100972,
lscPxBYvdns,3241,enabled,7826465,138770,
FQTbbY-PjRs,667,enabled,234850,5199,
pWtt0AvU0KA,182,enabled,390472,3960,
FSih-z7ucxQ,2106,enabled,2285539,13763,
KfUQf_WEpU0,0,zero,2642951,14319,
mlDBgOkxgS8,4293,enabled,3643175,74690,
E2M0PNa-dzg,605,enabled,3901918,20960,
VCeWr8OFuEs,1023,enabled,1115829,8086,
UTeWajdnBAo,0,zero,477311,393,
Zt9rvaijpPY,8018,enabled,3119055,49501,
k0AOHQKDioM,0,zero,2917508,32010,
C4niIKg5pzI,5103,enabled,6580998,126770,
a4YqNoLkmxE,1932,enabled,831705,9856,
6gUY5NoX1Lk,527,enabled,3110908,21162,
EuvMfao7WD4,626,enabled,171470,1811,
-BaJYTwO0ss,0,zero,897572,759,
f-GFrPBatEY,828,enabled,2435811,8649,
5rrM3zl4J_g,2093,enabled,29283629,18903,
ZWSjHqWoI28,15,enabled,17539,68,
iZ6ELz94Juk,1446,enabled,1323234,16957,
OKdLpBLp3nM,0,zero,872625,3214,
3_34JkpF8JE,708,enabled,219176,10175,
CxvQbKWVjyk,8993,enabled,9255107,201349,
nDSYBESrVLs,408,enabled,658923,5573,
AsvCAp87cSY,49,enabled,22149,235,
LXrxCT0NpHo,3412,enabled,6592690,75099,
sU7HzBOCKbI,2076,enabled,3198531,27277,
9gHDmXYNJ0c,14,enabled,11667,82,
Yu1CIWMMuwY,439,enabled,437080,4825,
qwLphqOs4vA,2235,enabled,13663421,60688,
1aDhfTGkLTg,19163,enabled,17590077,250830,
QbtJwGz9Tac,0,zero,29211360,73263,
iquiPpKKRp0,0,zero,14589,304,
sCfP4KK0c1k,0,zero,7064929,7027,
rbA9q7JdzZs,742,enabled,834979,8238,
OydqR_7_DjI,7755,enabled,10223180,130558,
PqEoQO4TfnY,110,enabled,426739,1379,
K0__0nL9Lek,146,enabled,621583,2165,
Hj7pG8PoIgU,341,enabled,170598,4675,
fM09cbsL8Z8,883,enabled,472369,10754,
anR3NpbUnt0,773,enabled,1755200,38027,
LJcrNmsvaJE,0,zero,20688298,27976,
0Mv48ZM7gu4,432,enabled,1366558,9048,
T_sGTspaF4Y,4634,enabled,4211581,42680,
Sk_8UoI4IO8,142,enabled,24460,640,
VF5S0uGG6tg,1905,enabled,44881155,99711,
kq5f9w1zgz4,965,enabled,943332,22875,
426_TTGHPx8,0,zero,168193,272,
-_wfFCLaFWk,16,enabled,15744,102,
F0TNJHPb39c,1414,enabled,2355403,113557,
VU1wWQaXmRI,1193,enabled,459853,14075,
zKixGnG6IkM,7176,enabled,35662451,432448,
S5xFft7kg8Q,1542,enabled,3048100,51940,
5ZAb1PGORXw,14,enabled,4163593,7375,
-mGeRC6k5Fc,29201,enabled,10496217,387400,
hnAoKyjNv30,0,zero,3247448,24692,
BalEqNEEv2M,4082,enabled,3513777,42157,
nb1xgIqV7fM,790,enabled,229794,838,
CCze9AMPRLc,2154,enabled,2425009,16351,
tuv0E0zgRY0,26,enabled,37363586,28991,
P9Q8WKQHVgU,424,enabled,334557,3093,
qkL8leEsxhg,1334,enabled,1347596,7117,
XlQUdTk7Alw,115,enabled,13720,80,
hWbZZslsKqc,6928,enabled,11225098,262225,
mYTNQhK5Cgk,2637,enabled,15808769,99473,
Q_QF_v0ZdxM,0,zero,152184,230,
ajGeTPwvQAI,85,enabled,94213,736,
pMPomCWUraQ,13212,enabled,12589870,316665,
Mh4f9AYRCZY,56679,enabled,65013198,949763,
vuDMiFwWTM4,2732,enabled,7456359,92681,
-eakj3ZfDLU,6,enabled,23264,36,
U3FirEjT8Hs,2346,enabled,5401162,95726,
k9-ekDhkCn0,1405,enabled,2959446,43459,
kk1M_HwmFMM,725,enabled,4551626,8538,
2_yHFimyRSM,2454,enabled,2467782,10999,
tJOI1otlBh0,798,enabled,776277,11158,
K2uHjMIpDQo,48,enabled,251258,2337,
q3Zyy4ZXegE,4532,enabled,11882949,89815,
1NKBruhXn-8,203,enabled,411965,2590,
ER0Cu0KQFqM,4857,enabled,10046711,175690,
2uHhKAjnvNc,3588,enabled,6430988,91935,
9Mlp_Gcc_5Q,5602,enabled,24054907,163881,
48qCOVgh1qc,0,zero,2722240,6406,
UC5Is8gcndM,11,enabled,35331,182,
ibQtd-_wX8A,15620,enabled,7826939,79046,
3_9DmRR_hHk,4201,enabled,2142612,24259,
dXtNXCss1e4,0,zero,627358,1546,
V5YjlQkDz5w,11389,enabled,7848154,393259,
1-ovg4PxM8s,259,enabled,439458,4119,
UuijxgFipkQ,25,enabled,676311,310,
7QwlT5f7H1c,5028,enabled,4005753,80955,
HQWlcSp9Sls,928,enabled,4403983,45351,
BgWnGB73nCE,40,enabled,188692,2149,
baG767jr8c8,4013,enabled,4728495,125662,
3_PYnWVoUzM,6748,enabled,8945221,153735,
G71uslvFzOM,20,enabled,15470,232,
-SzI_MuHyYg,149,enabled,746658,1486,
x5-QoCicNfI,7684,enabled,7245350,237552,
yaqgU1jYHyc,18,enabled,40877,91,
lR4tJr7sMPM,5873,enabled,4261545,30865,
CRioIAZ6TmI,12889,enabled,22485650,245053,
1mDFTJTVNjM,0,zero,4826984,8477,
By6CkTN4wkI,1541,enabled,1315552,17505,
TYruIh8Pboc,0,zero,41409008,96802,
krFN7jHKNNo,993,enabled,3205363,19622,
Pw0IZg7_4mo,2545,enabled,4485171,67260,
XHZS74Z9qlM,329,enabled,381460,1991,
9f2wmJjRdcs,554,enabled,827772,12203,
ZPr7k6yOmMY,269,enabled,564799,6464,
YIJJ69zzCys,1212,enabled,559286,11476,
w3BhzYI6zXU,853,enabled,1731019,21032,
DvVjkqB3LH0,22554,enabled,10903223,194820,
icd_ob8UWgQ,846,enabled,8936192,25122,
IBSoGbve-Tk,13,enabled,85379,506,
g0jtE35pxB0,0,zero,6464096,5359,
guztEQ7DkaE,0,zero,5584515,5365,
v8Hk-7jYJg0,69,enabled,17936555,78667,
NwpdPETg_mc,1699,enabled,2753987,17243,
EGiD8pPH77w,42,enabled,21697,132,
ggS6LBhH7Fo,9687,enabled,6188489,101986,
_9pPGIF-bqQ,130,enabled,106412,1345,
DfdgY-QOphU,697,enabled,1806100,29188,
2DFN4IBZ3rI,1143,enabled,4170744,44508,
uyUt221Oe4I,8822,enabled,16398347,173847,
YQba3ENhlKA,493,enabled,326575,2699,
STwCSmNukcU,25,enabled,47066,321,
KwNe9x0eChs,59,enabled,414357,2646,
RjBpLeBzkng,1430,enabled,654736,3946,
NbTM0k2Pj0c,237,enabled,41975,196,
KwsK4-gT4bg,180,enabled,375593,2518,
wY473jAptyw,26511,enabled,71020926,834533,
4xNo2X1ZunM,6500,enabled,6252392,167792,
twyoQ8LWatU,1936,enabled,2684547,53339,
LHvR1fRTW8g,4060,enabled,2886683,58741,
u7ZBOBZUyiU,602,enabled,190747,1785,
L7iR-BfpN-Y,0,zero,3136100,34503,
8aFLSWJaLwM,29,enabled,17241,114,
GD3y7ylpqO8,4125,enabled,6531953,38769,
rESzyhPOJ7I,748,enabled,1787723,4979,
OfGTCenQKII,0,zero,235355,2685,
8STHGvlp-V0,358,enabled,820061,3628,
JBC-9k3y1ew,2453,enabled,9059811,63004,
bMvOHuGoHaY,0,zero,194148,177,
VEF2Fjc4QeE,20099,enabled,7216162,82629,
ipQkk7RxApg,185,enabled,253801,442,
EkDhlzA-lwI,738,enabled,2367621,31551,
YMPKTNYSke4,13,enabled,9459,123,
FCTAqdDfL58,17569,enabled,5557650,73811,
kVXRe0z0L90,304,enabled,248803,7656,
jBtYV_cmx-s,234,enabled,1078955,9967,
uh_T5l1TlQk,59,enabled,242091,814,
wqWMrUH5TuU,712,enabled,418004,2604,
TWgC1npDXu4,0,zero,459895,2372,
KzEckLp-Gno,6593,enabled,1590423,13105,
Zru1yk--rGQ,3267,enabled,7060500,85310,
pOLmD_WVY-E,14244,enabled,12169912,356806,
u3QLT0pCaak,337,enabled,1656724,35519,
m4-DynK4NWQ,660,enabled,146020,3357,
alEmEEaSJZY,345,enabled,831296,4997,
A5DcOEzW1wA,766,enabled,872284,5088,
KHnv3RBP5YI,325,enabled,504984,4055,
_xYJhkM9BdI,1008,enabled,671421,4401,
RGeNA3gy9Ic,1262,enabled,1807817,15938,
8YELn24WZ5U,221,enabled,220346,4199,
uL3cerzKrOQ,20,enabled,14358,110,
AEnvpvbfc8w,0,zero,1198286,1704,
D9Z9zBmL-VM,70,enabled,200046,2000,
uG5kSgJtyQg,4211,enabled,2106503,65207,
aBiNaro5pAU,1526,enabled,783093,15286,
rKXhSZjMYIk,2400,enabled,3737209,44787,
MA1vD_L8Mjs,1326,enabled,200677,1107,
jGtiVA5I_7s,21,enabled,100536,325,
IWMlmf2-RFw,28,enabled,55556,448,
hXZNWPo938w,700,enabled,176760,5071,
1QfFXjVt1MQ,395,enabled,85187,721,
2BxbHCg39Sk,18200,enabled,19292232,1059138,
oM8pCGXKRzE,4295,enabled,1000302,15229,
aE3LJUtq8g0,53,enabled,136803,1047,
IohabdxodR8,5169,enabled,14665127,141169,
QmD_PPFtvss,1176,enabled,1439896,22096,
n_2kDtk-DDc,2574,enabled,6639011,124248,
BX1r10lFOQs,51,enabled,618719,87,
Liom-xUzvK0,312,enabled,385671,3096,
dS0MdYK8Lbk,730,enabled,1721586,16529,
J75EN8kVaUs,634,enabled,7542708,40928,
m57cimnJ7fc,2144,enabled,4182364,84167,
bk67TqxQzGo,2187,enabled,3060834,39306,
zFN9EU4Zinc,12080,enabled,1333954,12352,
620omdSZzBs,2739,enabled,3907711,94941,
FxHnN9-rzoI,1297,enabled,2176510,39980,
r6UeW70BzWU,7,enabled,32251,113,
S-4rhjO6xYg,54341,enabled,25373874,733671,
P6J-rYjG6X4,6,enabled,5369,52,
XjHr-6Zl5P8,31353,enabled,167487733,1166734,
4YB2jJWw8X4,249,enabled,119535,1864,
EqnoE3S5H1U,246,enabled,124140,727,
Xy-E6Yp6_pc,3701,enabled,600257,3314,
WHKWGAr2U1o,7,enabled,11955,124,
Frpg9TJR0-4,37,enabled,74848,192,
K5ls-rAcaHs,835,enabled,1237625,29494,
Z5Zoj6bmf7A,63907,enabled,14481917,321003,
_UTZDR1Go24,2044,enabled,2854988,20159,
Oz_qwsLErI4,22437,enabled,39616412,363355,
zDzIf4G8jkc,3367,enabled,7520904,90639,
fJswyZkqFvc,5382,enabled,13129510,151485,
dPjTLtVyjJc,168,enabled,440187,5765,
-ygu57NhhQ0,2296,enabled,1256239,21576,
zbtyaKAMDdk,6014,enabled,10551364,203204,
AWBEW3-h8_Y,7834,enabled,22490268,251877,
hEMv2J0aGc0,1240,enabled,287469,1875,
_SU6X1d0YUg,388,enabled,211468,1156,
6xnoFpdnQSo,2907,enabled,4321118,84884,
DZOZqIJ7BQw,2222,enabled,2993709,21240,
uul3KOb0g0o,1716,enabled,1006462,34126,
AGbTFv-cSwE,401,enabled,321693,6980,
ytNDe__x0Hs,1284,enabled,1679373,12534,
oWr4eroTT9s,0,zero,2460779,10557,
bT774hw8YxU,413,enabled,357230,885,
hiuQX8JphSw,12504,enabled,5941887,134248,
sQRNkpGkT2Y,342,enabled,927484,5085,
RDxWKr6xLKI,5090,enabled,3501392,52458,
quUQ6BNSQIQ,185,enabled,885278,14707,
XH1uZXcjRrE,13,enabled,18429,127,
ZCPwpcurYns,33360,enabled,13072274,565651,
C7qXj4i_Vfk,141,enabled,393616,6357,
7jE61BzKmgQ,1030,enabled,7429336,22252,
vGVK4ibMI-Y,6458,enabled,3750722,78085,
QkPt3msECvs,206,enabled,771360,5274,
Z6vOvu4gzhw,2590,enabled,1636868,31327,
a-17wb2Iwi8,99,enabled,100625,775,
a_wuykzfFzE,14375,enabled,17821634,178274,
jBqoH-qx-os,33202,enabled,3741907,82875,
gU8rQWh_qtc,11394,enabled,4058327,50309,
qTrL3eypfEU,125,enabled,132046,3122,
nLtmEjqzg7M,8688,enabled,8602902,61959,
ON-5JxALfnQ,177,enabled,121103,786,
zATlvgD8XeA,5305,enabled,2425761,13929,
i2B96fFyOeU,194,enabled,263444,2629,
2vrVMBWbSyQ,0,zero,458,3,
WRuatAcd2WY,181,enabled,551051,3920,
NVKAXZRdBNk,1564,enabled,400276,10619,
T6tgy_8GY3Y,454,enabled,102949,2567,
aFaJKX5zIqY,5198,enabled,1533352,15684,
9kSbUwSYBNM,495,enabled,1813984,108891,
w0u_7DHuuNg,223,enabled,113483,745,
14h8O7_Up3A,656,enabled,266111,357,
foUNxhmYXvM,9995,enabled,7442502,73168,
q5S33QPUhYg,1668,enabled,889258,21211,
sUkZFetWYY0,0,zero,20508178,27719,
xMDiQZwvZ78,2027,enabled,1292699,7340,
6FlC9kjDKdU,2293,enabled,419843,11909,
sQK3Yr4Sc_k,6140,enabled,9132479,91643,
yuXq3gBQ0dI,3197,enabled,3901361,72952,
7rrSuhFC7I0,74,enabled,275356,889,
RiM6ASvMTHw,0,zero,166465,272,
UfKmSfgFxi8,30358,enabled,44941399,899445,
V48t_A5fPVw,1222,enabled,4076857,26815,
YeAp15OmW2s,0,zero,14765612,124651,
dGiQaabX3_o,48995,enabled,23921644,594955,
heWJYtdZcPY,1456,enabled,3023349,15930,
XSZVMeynt5s,3526,enabled,4016607,56487,
AaALLWQmCdI,1658,enabled,292544,15342,
tEuVLpBItZ4,131,enabled,51585,677,
4QfyFqwan4o,16127,enabled,36661302,316583,
P_q3BdrFsLI,809,enabled,3925896,19886,
f-XFEy-Tv6Y,124,enabled,435042,2875,
XoWvE383hm4,127,enabled,1158707,2235,
gtokIlGylHQ,10,enabled,35449,210,
NC-TF0SPzzM,1033,enabled,5951425,74549,
7uITRS50eu0,534,enabled,927193,5224,
EwzD8U4u76k,6254,enabled,70718649,328649,
iecTXPZWQQk,95,enabled,189124,1100,
fjSXPkTgXXk,6,enabled,7126,96,
JObEkPivaZ0,21,enabled,8352,33,
G4BxOhJOmUw,5525,enabled,5526248,89476,
dgI6XiYnVlk,1189,enabled,2375277,23648,
p7VvCcrkU9I,6,enabled,60862,55,
bDQkpNbsly4,3671,enabled,1729269,40087,
Y6e_m9iq-4Q,36386,enabled,22872188,460519,
cFEs4u4yWRw,1975,enabled,1152889,10024,
_HNzEf_W2Pg,1069,enabled,5354852,40312,
DjLr06pne6Q,1523,enabled,3043663,109023,
z2tqwqTnnPE,266,enabled,282923,5235,
ThKlHVmBpzg,286,enabled,1375410,5803,
M_E3mFzhV5Y,147,enabled,49809,499,
T1zzyGhA4-g,1802,enabled,1440900,28035,
5_-u-k7HmnY,590,enabled,2184448,114289,
7zqp1szDWyA,422,enabled,540699,4116,
yUWB2li9fUo,1943,enabled,4630094,51531,
1urxclRYqV8,15444,enabled,20120262,190641,
GbPeFs7uDLM,8375,enabled,30527033,259937,
BtvRaMPJWLs,14619,enabled,6503678,271369,
GqA42M4RtxE,13844,enabled,15384690,206777,
lSM_UVCrqt0,147,enabled,535359,4781,
eUC4I64jotk,0,zero,1177074,13012,
H4-0PJnL-sE,0,zero,2456821,16536,
lD08CuUi_Ek,32627,enabled,16087780,269767,
F5XULi1C-A4,2488,enabled,2585800,62413,
mA3U44Ex0Sk,489,enabled,233817,4231,
gYsi4WKBiBQ,398,enabled,1391698,9185,
ZgeECk5_ykQ,42,enabled,16942,187,
gsAKFIbpC1A,222,enabled,983119,3839,
6n83K-cHHg4,11840,enabled,5729468,150861,
7kb1VT0J3DE,1284,enabled,2196175,36192,
mP5p4QbvPtc,1721,enabled,4874620,56399,
Z3Qze5ICz8g,799,enabled,1346749,7338,
drd9jSKS7pk,0,zero,16789,128,
RD-u6YOu3iM,3155,enabled,2499436,39581,
H4q0K561WXs,2582,enabled,4792174,139087,
Azf2tbSfF-Q,5630,enabled,8514458,62252,
kaSIjIzAtYA,436,enabled,1197252,4960,
q_Ttv5WsHKo,2104,enabled,824604,17334,
JR5PM5diRxM,709,enabled,767114,7056,
41nLPj8kMrU,1873,enabled,2529597,87685,
k8T1EGEGuX0,0,zero,7702737,12562,
AMT81RBJihc,963,enabled,890767,20292,
4fH856u4_Wo,598,enabled,621188,7883,
w3wkol6_7XY,75,enabled,148883,917,
vlxkcewBEe0,7150,enabled,19019366,192028,
5SnR-e0S6Ic,4175,enabled,4868620,56034,
1TzTCWfiRew,38567,enabled,8793224,189041,
Hj1yXvniTxk,0,zero,4976,2,
iRYZjOuUnlU,74177,enabled,27383930,382426,
ZhgSt1fm3HU,1970,enabled,3576054,29054,
8k1DIrfNr48,10553,enabled,12533259,56978,
7ypLTWfstGo,59,enabled,172871,1595,
zxqQGmbAFCI,7574,enabled,12426749,83430,
j-p9PNT9z78,146,enabled,753562,5036,
TSSPDwAQLXs,2014,enabled,10729535,55199,
fR5hYsFmbwI,0,zero,507145,7732,
M7l7joQhmYE,3397,enabled,6632687,267484,
ffVbnPjl86A,8299,enabled,28642860,258762,
i1qnIBLNOG0,2894,enabled,4041123,91918,
qRnU0bqsyq0,3756,enabled,1653752,44929,
X-YCdcnf_P8,37804,enabled,19069207,492133,
brnNMQmUU4E,63,enabled,24071,116,
41U4RI1nTzg,1090,enabled,185907,1679,
eVBWF55tW_o,708,enabled,765253,5021,
bXy1ttmgrkI,2026,enabled,1304853,8188,
XrGrpcWvuG0,188,enabled,692108,2061,
ijhjOfcIu1w,2285,enabled,17352871,69070,
kJoAcEI2PXQ,503,enabled,623909,4794,
TwmSFwQ0tx4,1285,enabled,1027566,9740,
CU1HzFeP2bE,7939,enabled,18943436,181600,
YgSSql6MAKo,16742,enabled,6264986,242893,
E3bIhwtlfyM,0,zero,1290764,14260,
mnoW5-DmIUM,1858,enabled,2196766,7385,
WpqUOW19aJQ,59970,enabled,118658275,1272054,
Rp0b5ZXIUvE,151,enabled,1499874,3003,
n5BWseBIu80,170,enabled,354500,8769,
PG_dS-1W1dE,7306,enabled,1636014,68461,
aRdJ0T-vEno,14070,enabled,29522127,367260,
Wz1PxoQcMug,237,enabled,557542,1433,
8haPaV0YBPI,1579,enabled,1815449,44042,
C7Bfa1l4mmk,166,enabled,127074,471,
VTYoxHfXKeE,2861,enabled,1269865,63000,
KWa9K_rKIZU,2488,enabled,3471112,45814,
vG-QZOTc5_Q,904,enabled,2100531,26482,
IU5zFGkP2Uw,555,enabled,490483,5661,
ic74cuKkoek,3518,enabled,497431,9143,
2_ckvSxOyVY,7561,enabled,3720748,113452,
GmTznXsdiZM,215,enabled,691346,7743,
n0lm4crJ8cc,142,enabled,1316647,9982,
GuvWumoNo8w,546,enabled,1011173,12575,
8wxhG_K4skk,443,enabled,771870,4759,
CU8qwXYH83c,3521,enabled,17793789,170648,
yy9o2ImWtm0,10197,enabled,3565952,94548,
4xSPlQUejd8,845,enabled,888617,20983,
oOtqbAxRkyM,2043,enabled,15341368,63551,
7mVyf0eax9s,37,enabled,35548,77,
YUkPzMm-1rw,4493,enabled,8576939,84359,
0qRnIIKW2Xs,5803,enabled,2224417,42689,
zyWzodi1hnA,1687,enabled,4042180,24209,
qkfu0YqvXLU,149,enabled,415749,1957,
YQnaUw5gWsI,130,enabled,40863,161,
NlJvaMyGMoI,39,enabled,133481,1326,
jzCMoDDSF6o,753,enabled,1005237,6882,
aCOHFIBrWkg,563,enabled,395018,5282,
aVVU6huQfpQ,2086,enabled,3311107,56860,
UFSBfVh5Hbc,424,enabled,358491,2511,
HneM-92VzWg,543,enabled,278164,2126,
nGFbXJkaoBA,153,enabled,188061,987,
kSfcj-SrzNI,2031,enabled,666486,4451,
ErfP3TfqzY4,354,enabled,205425,2011,
y0AKGffqqno,842,enabled,1414892,20127,
iWDKsHm6gTA,1799,enabled,3366530,46975,
FTel7-ZUaL0,40702,enabled,9864198,138171,
giQbERAqEXo,554,enabled,301249,8669,
QAa2O_8wBUQ,12464,enabled,12213769,273344,
rD3XIsKDZ_k,42,enabled,89359,204,
Hsy--PhVGcY,3542,enabled,2783873,62206,
BIDTVpevoR0,5091,enabled,7706888,66731,
0q7NfiMPSD0,0,zero,2440616,9069,
JG438976rK8,209,enabled,569026,6184,
s2bNw5Ye8Ek,1098,enabled,1059074,16870,
HO2c_2XAXMw,8275,enabled,2272907,57780,
V2P11pU3yo0,51976,enabled,40905284,370513,
HpwtMAlZzEU,498,enabled,1587101,7765,
4aS45u_K_T8,1889,enabled,601162,24933,
pGQvKiJi4Jw,354,enabled,130431,819,
YY3d4dyFRog,14,enabled,35928,316,
yCaC5316tRg,391,enabled,1561767,9772,
NdSnWnCiAo0,487,enabled,334459,1283,
KkaXNvzE4pk,1809,enabled,5041889,108619,
GmHGUTNoL-I,2328,enabled,1405813,28738,
mRsa2wb0aTs,5652,enabled,8504827,73313,
jwfakrhLc1M,1999,enabled,3138316,47217,
_ePTwcztSIM,0,zero,4322880,17238,
X_7_ZAf2cLE,1779,enabled,381182,11653,
YvsqP_PsYUQ,41,enabled,71710,156,
z1w46jJsIJw,13,enabled,7192,46,
pPnGvjmIgZA,4232,enabled,1398601,31513,
5CKZwKpV06U,226,enabled,1178355,2464,
Mh2ebPxhoLs,4915,enabled,24365412,98841,
HFW70hUGRsk,5133,enabled,2331896,17054,
Z6E8DWTPjcs,708,enabled,3388289,15088,
sgZY7hQP7Ug,2914,enabled,2793157,35732,
7dxjCokQP9I,1658,enabled,327197,8815,
-VFEZLsd5RQ,2286,enabled,1653093,11429,
Vg7dWjieF2Y,12,enabled,68206,456,
-oClpRv7msg,45,enabled,744466,1492,
xeeSgkj5kF4,817,enabled,1959593,9619,
Fny6_GRhOf4,2223,enabled,2638902,4872,
2WKkrT4TvBo,1862,enabled,23559612,54285,
4Xp0TmQgi9Y,722,enabled,200268,874,
e3KJ21TLKVE,647,enabled,2431000,5468,
NI9TLDIPVcs,1807,enabled,3622092,51659,
Ar7CNsJUm58,13345,enabled,2643267,67500,
CHclw3B0Wdk,10360,enabled,7770660,183412,
Blw-aWpWbpM,0,zero,2362965,5427,
NwXVKKCGnlw,2606,enabled,2980064,6769,
_NZ4qgRxFks,3472,enabled,3772609,64192,
ou2PLolvw0I,947,enabled,5226980,19561,
mE-yOzL76qQ,1031,enabled,1068365,23619,
552vc2FHhNE,100,enabled,1760487,16082,
Ad-pxjmlpds,65028,enabled,36805426,498695,
GSFDqjTw0_w,33896,enabled,9267805,326676,
3W7LztCEpA4,10410,enabled,8579917,180937,
P_fLM5nj-6M,6,enabled,2074983,116,
IJq4vWADtfs,21174,enabled,38183630,341713,
uIe7Yc7efAI,16,enabled,100921,419,
55TY4fuJCTA,3381,enabled,3812893,32922,
DtvpgLQ4KMw,2536,enabled,2840693,27197,
LmWbiMwxmOU,10565,enabled,3427023,55937,
fGRWwan8YEQ,2679,enabled,5290029,37147,
TdrHYPeWxwc,2453,enabled,2559462,29662,
Kdkoqem9s1Y,675,enabled,701105,4105,
VK_lioRBYI0,740,enabled,307452,1646,
rVE9T1oHrqo,558,enabled,980583,8411,
yE0QqxwyL_8,129,enabled,992069,2205,
DZqOhS2M-DU,1813,enabled,6655088,29090,
0jINavRoEsE,249,enabled,241789,3268,
XlW3VtdL0Vc,346,enabled,576471,5022,
0JHBaM0dZNY,1160,enabled,368186,2580,
FywCjNL9rI0,466,enabled,999520,21508,
95QW-b054EE,59,enabled,19601,88,
t-KmQ6pGxg4,1027,enabled,2093064,21069,
RAdNCIIYXvo,1040,enabled,1757920,22377,
7-zTE6dGkk0,0,zero,423712,1896,
UNxav4asiF0,1791,enabled,605235,4694,
3x1yhVEDkNw,763,enabled,727365,14699,
cvuVF2ufLfQ,184,enabled,257604,2901,
DMk8ufjWIbQ,0,zero,946806,3130,
m66PtmNu2Ik,748,enabled,2568217,25616,
YakTpnzw3GA,4537,enabled,4094554,101180,
UCWfCrfLTc8,5340,enabled,2351767,60138,
Tj7hRjl3sAY,6345,enabled,3905482,121069,
W5kYG2Dj184,3139,enabled,483955,4507,
0AkY9a7DQUE,1420,enabled,905293,7324,
8YydogFXCPM,87929,enabled,173289434,1969010,
ncCGn1wHiUM,13,enabled,15600,116,
8kK2zwjRV0M,4359,enabled,10468435,104563,
OUNq6xVBnI4,241,enabled,215454,1305,
993Mg5-a4TQ,165,enabled,196549,2068,
OTGh0EMmMC8,8065,enabled,11824837,130832,
gCBlAAtJA54,36270,enabled,14559723,270049,
RNKyErEjxiE,47850,enabled,23173356,714993,
s8ilChABKkQ,2375,enabled,5503713,71796,
H_ACnWzyQqw,868,enabled,1679729,9882,
uisXEJabmZw,900,enabled,2998803,28258,
Y4EZULqhP2E,0,zero,7408004,19824,
cyOrx2o8IC0,608,enabled,810523,17348,
SEJnjWYf2wQ,0,zero,1615,8,
G4ahAvDVCtk,8,enabled,9643,94,
C2Q7SMIQumA,1969,enabled,3046320,55726,
gjGL6YY6oMs,5720,enabled,4726022,58350,
Vb1pdvvoVoQ,3963,enabled,11375694,54907,
mDuepdmxe6Q,156,enabled,12721,635,
siyBp8Csugk,10116,enabled,3467629,40567,
nYBPUbJXU6o,1002,enabled,283132,1350,
_QqY3wb4q0o,4830,enabled,3255754,121008,
g7Xn2JqH5ng,4226,enabled,11610345,27621,
bBZoXdN_qw8,413,enabled,216497,1455,
8pK5FuptsSQ,3416,enabled,1313167,35578,
muaHOHIhFCo,1,enabled,269704,158,
iTw_GGr_sj4,620,enabled,345870,5403,
_DErurte4CE,10167,enabled,8422050,116256,
sPzJjNQaYEA,3154,enabled,1655829,44658,
vQvqESdCk7U,114,enabled,317482,1261,
xAkmG6uqBd4,0,zero,10544850,27049,
UAK8HDP1NnA,6055,enabled,5083077,59960,
52br8-y0ONU,4747,enabled,23606573,185109,
H6tgJRRZurk,183,enabled,70760,455,
_35-AfOZsPM,193,enabled,106112,459,
2h4DkpFP_aw,5196,enabled,3980574,48825,
RDl-2TTacsQ,7352,enabled,1198992,13010,
2MC-ASv4YAQ,1401,enabled,25545529,28106,
mknStAMia0Q,244,enabled,1439453,3563,
TMI5QSO4dH0,0,zero,7195785,19432,
SM6W8Oj-L3c,0,zero,3787438,29686,
nwUEVF2G95M,3336,enabled,3011575,30244,
yKzm2AyoZjI,3905,enabled,5369858,66166,
wzvZNQKowMU,2327,enabled,1294727,6402,
5XzKvEnk1FY,872,enabled,1215069,14893,
SRwtNmAhbAA,7,enabled,2007,42,
2fsjWrQKtGg,0,zero,22543832,45926,
9m9oO84Q2fk,32734,enabled,70937706,833914,
sMvNNJIrIS4,1590,enabled,4342008,39160,
FLZ8L6SZmaA,11339,enabled,48210687,347936,
jWIsugPCRNY,606,enabled,141934,5572,
5Krz-dyD-UQ,23174,enabled,29621211,408493,
V5KuiOXFUCQ,0,zero,365625,343,
zsN1GvqSG2I,3458,enabled,5092659,67625,
Nm7U_ZZaOAc,2749,enabled,4667554,49655,
kcioA68GkyY,3001,enabled,805549,15672,
dItUGF8GdTw,3141,enabled,11611729,258375,
S0xi_qxZaaU,5366,enabled,3996093,10696,
o1mHqS0Bt-8,63,enabled,135486,582,
1t24XAntNCY,7447,enabled,26051357,266204,
CQhr2LSAGu0,1145,enabled,1068564,5054,
Ytb62SuXpZY,1718,enabled,321242,4613,
uztZUqKrHVo,4621,enabled,48852021,198408,
-Z_G-ibWSow,0,zero,7995970,16627,
_fzNdnzL8Ms,5856,enabled,2181547,29198,
P5DpMQlDRtE,49,enabled,249607,1231,
XXhmblzSAeU,687,enabled,1804020,10330,
nQt9PNcCZ6k,90,enabled,37373,143,
f2VvqlIYKsg,307,enabled,59911,586,
JsFiiySNmXU,3314,enabled,2470674,50021,
FxeGVdcH57E,206,enabled,915202,5520,
RaGUW1d0w8g,742,enabled,2184930,29547,
x0OkkD1aRWI,542,enabled,162318,799,
Qbnv6eHKjCQ,4238,enabled,134567345,166388,
DmQgcHjJuKo,2767,enabled,2177356,21060,
UW4OE1egbHs,3129,enabled,4210279,11668,
kftBp2XoblY,0,zero,9783710,16076,
zTspzONOomw,13590,enabled,36648605,522454,
OsDXhtllREg,777,enabled,128642,789,
YvT_gqs5ETk,7678,enabled,38955148,340356,
wrBwqInhhJk,0,zero,98531,470,
V2Ac6RYSvo8,11826,enabled,36630675,20525,
ojj_tW6UZtU,6,enabled,50275,10,
8hkMuw9PIUo,439,enabled,597103,9152,
VxThhSsSjGM,38038,enabled,9167493,339103,
kM1nkR8pkX4,224,enabled,258453,2440,
gM_5E1aUloQ,670,enabled,257715,4696,
MFzDaBzBlL0,24468,enabled,31468987,499047,
zuaqKdA7VjA,1188,enabled,3108135,31676,
fNnMEgw_kzU,25,enabled,95555,511,
owI1QBHhbS0,486,enabled,2153590,11430,
sjxRxFXMaYs,440,enabled,245185,4085,
IElQwOB32XE,11203,enabled,15174278,179221,
8rr_Ymg4XiY,171,enabled,57128,1066,
bjwYJ11RDcA,454,enabled,445093,5968,
lfljj6d6Rvo,1956,enabled,5535551,58244,
HusZbDM2fkk,1215,enabled,3346718,21647,
Md4QnipNYqM,2504,enabled,11847709,190196,
lG2dXobAXLI,17597,enabled,17557331,386017,
1StzvGFX4_c,1527,enabled,1003023,25427,
gFn7aqwoxTo,1516,enabled,846656,7347,
t67Hvc-ftc0,16263,enabled,23021893,193788,
W8mRaTmAt2s,0,zero,3981965,15083,
2oKlKmrbLoU,1832,enabled,1810311,16608,
rK4sXm_MPWo,774,enabled,952443,6690,
9kWV2XsxzHk,1829,enabled,1928607,20487,
WKfVxoPO_Qc,3168,enabled,1338996,26095,
xdCTNas_YwQ,1689,enabled,3162795,26931,
_rt89nW1Wms,2810,enabled,4210116,44484,
JeYIlET3szA,7600,enabled,3899136,160151,
brOJowdGQlI,181,enabled,244492,3275,
dCteIT8kvuw,1202,enabled,1033351,15125,
NnxVkgroTQQ,340,enabled,837348,2187,
y0z53Uxu90U,291,enabled,385736,3727,
mEqywY9q8SQ,1017,enabled,546199,3409,
AyDYINsDqmw,4269,enabled,4454513,77126,
dicFKkrXpWs,116,enabled,87678,1207,
eItTJehqMIQ,520,enabled,1244375,9591,
guOS6ev6hQ0,354,enabled,1995402,4745,
gCY5ROZ9IfU,0,zero,2497894,2925,
EWr8fzUz-Yw,3204,enabled,3649327,34288,
eG9ebpHGyXE,40,enabled,64190,106,
aZND9dApFKU,5112,enabled,7567384,163113,
SgFImdI5rbQ,0,zero,3869744,15211,
BONhk-hbiXk,3526,enabled,6382322,101650,
9J4a37-h9Y8,794,enabled,982817,8112,
P-EzMyJKALA,49818,enabled,69612114,531309,
JfImFb1uPRw,63,enabled,26012,162,
ns-lKaXx-BU,551,enabled,345674,5915,
a-4_6bThk2E,2431,enabled,1198121,21441,
ddOGCYRK_ok,96631,enabled,8823568,347332,
hxlQiIpuBxA,3478,enabled,2075699,10479,
SZBPcMxUk2Q,1301,enabled,561753,3782,
f4FuOi9rvKw,5999,enabled,10084135,421735,
Bm5lHCLmVNQ,0,zero,4863523,9293,
hwjdXBxeWsc,1810,enabled,2931917,55965,
pK4bLMd0avU,0,disabled,38373487,312399,
eaOoqqmckXw,0,zero,753613,33735,
mVKEhruz7Dc,343,enabled,104841,3601,
CptSxpXRQp4,67,enabled,11976515,21555,
tPl-PnEJMK0,1847,enabled,1489535,9623,
ceMuqu2XAGg,1922,enabled,1216038,7348,
rXyScwNPyXg,371,enabled,118083,622,
jmXkpuiAas8,251,enabled,98211,943,
lf4ZoAJsgnk,167,enabled,895837,4155,
iWssRVJgPqc,1148,enabled,1490382,28523,
9nuYK4zdwWk,9,enabled,56440,49,
jHGB7vVJs7A,0,zero,1258411,11911,
O3mf_ewjc7s,2248,enabled,11201565,26713,
9rnnjoiyaxA,13,enabled,27413,257,
z2EVACWICB0,0,zero,2241629,20015,
8LPVjHxXvJM,32299,enabled,27436872,464410,
Gl5GVViqvjo,0,zero,68819667,103991,
0mqUMQfKmg0,0,zero,34753705,61529,
evQsOFQju08,84644,enabled,33664688,801293,
k7WW3SSHb9s,2008,enabled,3533103,35406,
N-exs1iMLFU,10412,enabled,5745842,138990,
wjoeVwJTUTA,7987,enabled,10876400,166840,
3NWvnauiDs8,94,enabled,229023,2635,
bMGWle26EN0,899,enabled,2220779,13380,
k7QaYsNU1zQ,220,enabled,1738845,6191,
jn0M9qQJEuw,1210,enabled,11611743,31211,
Va64d0WFa9M,540,enabled,1515369,9318,
tE2dZLDJSjA,10434,enabled,9184368,89931,
TSihPs8XDiE,30658,enabled,17681487,320704,
hQiEa2BUD2Q,240,enabled,761495,5117,
TJ5CtSxQ0_4,1935,enabled,1581950,38996,
9Y4GaoKIvaY,613,enabled,453561,6757,
8ge3ah1G8ok,1909,enabled,1589882,31091,
h4xladCHpmg,720,enabled,1498615,20094,
NQXalr5gAMI,21,enabled,63955,322,
hPkoDc8WqtM,5109,enabled,3241291,78190,
H7AF5294ED4,1253,enabled,4437117,41700,
yGjMIjNkwhc,3984,enabled,6420028,34144,
8F0DyRGTEd4,7446,enabled,1994496,78147,
mzP8-4D0o9w,181,enabled,351153,2580,
qgBt-Byzu9o,19,enabled,12450,54,
N_vrKWyf2dg,3170,enabled,3980115,11461,
zTtGsV7KR3w,8,enabled,17666,40,
AL6Qnk8A_8g,308,enabled,68595,1735,
C2gQo-0VW5c,5229,enabled,11140624,75125,
aQtkoLxqUNQ,475,enabled,1469370,5497,
855Am6ovK7s,39898,enabled,21030636,103540,
bPXjvYDidU8,4,enabled,15560,32,
58nPEe-TU-w,5685,enabled,3234626,72119,
_fJpFA8vYTQ,237,enabled,193818,4659,
9reizHjwuNY,8548,enabled,2070523,51922,
JEdBTnD8eOk,1070,enabled,2638354,45468,
rNVWOue9GLw,2671,enabled,2154611,42434,
rMWXg14gpV8,2105,enabled,359579,4428,
Uq_ePJ3taLc,14095,enabled,5489068,192061,
-_POEWfygmU,632,enabled,2193731,8214,
Fd2wcIZNggw,1103,enabled,5818840,29020,
_fNNQfGGYr4,201,enabled,467471,1960,
Zud9PcnquP8,0,zero,1770,11,
3ul876u6AGM,346,enabled,2106693,5989,
mvy5LqvdDeA,3334,enabled,482442,2226,
-IYMYOZ7yKw,1726,enabled,6954375,76353,
lhsTXVxpJaA,0,zero,8605462,19963,
3f6PxXTYvJs,212,enabled,242369,1248,
4VAFyovCi74,150,enabled,258216,293,
uBGl2BujkPQ,3225,enabled,12219258,185034,
y-dqb45bzXA,632,enabled,396070,2828,
DMtD4nwrHiM,43,enabled,55572,246,
0AzSZP2FrV0,77,enabled,15568,313,
8ZcoI4vt-QI,191,enabled,129112,236,
J1jkFgZ4KLA,242,enabled,743819,325,
0WtDmbr9xyY,5605,enabled,7732911,42256,
wM2KDQskhHA,1123,enabled,2354192,18911,
X4TsY6KnXD0,1298,enabled,1448273,34849,
OgMj7upTTMg,1572,enabled,205433,2368,
8iEu2UGC9mA,1223,enabled,2738861,16560,
ulCdoCfw-bY,26415,enabled,29313368,597507,
OoCmGESkGsc,412,enabled,378720,3399,
9ddSq5mQhTw,1316,enabled,2172164,38704,
Y3Y1lbG0HkI,2511,enabled,6296689,78320,
vkBtEe-lieU,566,enabled,2781791,24070,
XR-6mundUJU,835,enabled,1603816,17922,
4wad1p1YYsA,0,zero,850074,579,
cbBKoyjFLUY,1445,enabled,1276417,16664,
zidH402zXnM,128,enabled,177601,1298,
lUrxqGl1fxs,5607,enabled,6852240,62350,
MxgezC4KhXQ,407,enabled,203152,1373,
8NKiDGMoybk,124,enabled,221265,694,
e26dAVSBgOI,357,enabled,173825,2706,
lQj-Xzr29VM,105,enabled,867327,2216,
rq79y7IOuh4,1330,enabled,409474,6120,
FWhZ2XS08aQ,5528,enabled,11344946,125698,
6Dekoxlu5vc,25577,enabled,7918625,157073,
8rFgBjyocqQ,493,enabled,190416,1148,
Y_hc07rAQlc,5503,enabled,9123687,127181,
FDjeKuAu-8E,739,enabled,493106,17622,
vVSC79nxCvI,2174,enabled,1008059,22342,
97icHv8LC_4,5,enabled,7805,34,
PsuoXi2D6tM,1486,enabled,3659381,44280,
U3M9hidlihY,20,enabled,17045,177,
oz2-aragXuY,101,enabled,92044,446,
Yae1KxRSq0g,2209,enabled,1659487,16190,
tiv2tySHzQQ,0,zero,995833,7863,
3SMsYcJSBKc,0,zero,1671451,12204,
06YyI7crOy0,285,enabled,304661,973,
lLb7XKdHiy4,755,enabled,1437392,1903,
RlSEE0a7xY8,1855,enabled,1895417,16618,
M2Jxs7lR8ZI,7711,enabled,1045007,22718,
FOe_TmrGMWI,816,enabled,2765773,21070,
YZkreAsDRco,3068,enabled,1491144,9913,
R9iRlLw8Vn4,115,enabled,120529,452,
7iFeOUEXJ4c,0,zero,170021,240,
tE-LH4iH9Ug,1424,enabled,3269972,31740,
vL4GcHRTpys,0,zero,7054391,44932,
gPmu_lKJ_dk,1,enabled,28949,47,
9eHBzeo5u-A,205,enabled,392422,6980,
SftNP1FTOEU,1042,enabled,576653,8861,
oufGY-I7j0k,1061,enabled,1907336,23328,
aNReoaONJdg,6767,enabled,1266669,34650,
_IesAvesFUo,676,enabled,1099888,18824,
l5VgOdgptRg,1725,enabled,2586465,64052,
5N7PXfK8I08,4,enabled,2066,19,
zbb76wxJ1vk,2310,enabled,1342921,68656,
eUU-OGRKOr8,18,enabled,3010433,10779,
1CuenTI81Sw,384,enabled,326802,2755,
gpNlSa7q_5g,0,zero,24018120,43476,
D2UrhY0WOQM,153,enabled,143256,1176,
NGlC4axSFag,5313,enabled,1684594,29254,
ZGSVobnGUCE,6087,enabled,1036165,10773,
Ieu9RjpJyyY,0,zero,57945,515,
gDJZmiX5GU4,123,enabled,1274718,1871,
UgHwF4CNiJA,9494,enabled,5464895,151701,
95ghQs5AmNk,17636,enabled,30080361,272259,
T0_ES7jJFOU,148,enabled,202408,4089,
Jb2XquQ_upc,6474,enabled,18167213,226986,
MRR30GSWZjc,575,enabled,510774,9288,
jfwhfGZWC8M,10,enabled,34688,28,
TtGZh8KFrSw,1241,enabled,1130716,4817,
Iyqek0PGXXw,173,enabled,342032,1415,
BBCYW3tnkzM,99,enabled,8527297,20892,
Fuc8thqoe1o,0,zero,318641,718,
zSEIsnCZPj8,857,enabled,133045573,124640,
JexO-N39Nzg,793,enabled,4916265,13354,
5F-YNj2U-C0,650,enabled,1416545,28541,
tLUaycJFjWA,34356,enabled,7330946,416712,
5f3l6OonNfI,6,enabled,10450,65,
IOKICbRQF_E,85,enabled,15573,71,
Ul2W7IRanHA,1878,enabled,2255772,113836,
0gDVWPPgMKY,3191,enabled,3195251,62367,
D5z6bZAT2EM,1784,enabled,2118164,22463,
PRDhPJSFlbQ,8405,enabled,17420382,216843,
VGKGnLQDMBM,0,zero,4293,6,
DFXqVlRMKkA,623,enabled,300542,5139,
Hx37TiGmsk8,3891,enabled,4040872,50043,
CpaZkVqQAFA,4906,enabled,19743091,115898,
ef_-SNSnByg,7432,enabled,6011730,136645,
Sr-DKyAVU34,2930,enabled,5341830,48264,
idg6vW3vXtE,740,enabled,2706651,14810,
r5VlGn5omv8,969,enabled,770669,10639,
lOEqzt36JEM,8263,enabled,8828311,206379,
dBXhZAciT8Q,295,enabled,1045828,3616,
Cz8zVQ0XTR8,754,enabled,911246,2131,
imDoT5zBvsA,1962,enabled,2947468,31979,
nv2wQvn6Wxc,88388,enabled,8675435,197570,
hsanhkuzPxU,82,enabled,272436,824,
PfVobgfXE34,4311,enabled,6390507,50441,
qyqx9UOtkLQ,10,enabled,15019,141,
lpM0aqIjzIQ,1066,enabled,1314552,6417,
vxvSIr40TMY,143,enabled,177733,1785,
poe2cLKw9ko,966,enabled,2366640,15875,
yNLdblFQqsw,21121,enabled,12629453,265196,
jAMhYGUfJ_M,36,enabled,92578,1776,
pVrLURF7Spk,91,enabled,115467,821,
o-nGPNn19vE,8606,enabled,7248921,67332,
MxOFo0ATVq0,5138,enabled,2273086,64833,
FY81DRYLoac,3575,enabled,2225407,76646,
yoMEbDcFK7U,1166,enabled,714664,28012,
haqaQbE95QY,1772,enabled,985506,58743,
jFICRFKtAc4,15929,enabled,11383191,203135,
skx7tW3mx-k,55,enabled,238339,218,
COJr7OB23Hw,2806,enabled,7239396,110273,
PddQvyiBfdc,733,enabled,1864010,23029,
XvUHcsZOhJ8,8451,enabled,9293342,158853,
lWNFgB4UIJQ,119,enabled,212444,1402,
Scs2SIeIkkM,183,enabled,131864,344,
vItRHYu-A88,78,enabled,382717,1849,
gN9QppWEFyA,0,zero,115170,1226,
IxsIPbkU1Hw,2400,enabled,1926732,30161,
J1MEs_R0yJA,2316,enabled,1874157,10927,
j_OyHUqIIOU,78785,enabled,199763776,1104880,
oRqOohdLrJE,1941,enabled,1649682,31818,
x4vYfzrYB7o,11933,enabled,6520814,56444,
MZ-rCZ31sPo,23,enabled,30344,218,
dkHqPFbxmOU,3910,enabled,11587561,94859,
xGPoHQVQHEA,137,enabled,1601375,2347,
NPmN0ughilo,9,enabled,115553,40,
ffXiLBWGV9s,107,enabled,341450,3362,
3RFU2FX8BWc,10048,enabled,5265873,158027,
X5xaRNM9Bhg,57,enabled,69758,1133,
_Ix3g2XsJl8,0,zero,73998,123,
9YUtFpLpGfk,2032,enabled,2530503,25080,
KYy9aCjfRvg,0,zero,289447,323,
nSDgHBxUbVQ,186372,enabled,1499621386,7653600,
-YhHeO1BuAI,1622,enabled,15345160,24331,
PzfLDi-sL3w,14354,enabled,8523278,154397,
iBoLK5z_FHo,1165,enabled,4517288,27762,
acWuVPeTwa0,9002,enabled,12285687,307417,
NC45TRP4lq0,4150,enabled,3048102,32004,
1YdxjIcQNF8,20312,enabled,9823330,320246,
QOEEvvq808A,12988,enabled,80965310,534020,
BGL22PTIOAM,7674,enabled,1922379,44205,
QzfnWcHhdyQ,2510,enabled,2549796,15825,
GQXPZ9SrOj4,69,enabled,14398,445,
n5BszQSTuoI,0,zero,4885080,6357,
A2F04RN6DDc,316,enabled,744061,10294,
Yq8tORjSCQU,118,enabled,199502,5068,
k2eBDhSWF58,433,enabled,209115,1950,
Lb5aiZl-Ryw,3,enabled,12429,152,
pNyAu-pzuZA,208,enabled,95223,1337,
sWoXuuKUWcg,14,enabled,5107,109,
07BiGlUW0mY,708,enabled,3041533,46121,
PtMiIpHV2as,1782,enabled,2688469,21771,
HO3IXM3XkUU,514,enabled,2400582,16151,
u2Qy3PEl73w,2,enabled,14936,37,
0bOr0qVwxoM,1466,enabled,3597220,29536,
48tYRgj18IU,90,enabled,113887,900,
D3Lv6tINW8I,863,enabled,2729909,15080,
jbgmHmrsI6c,1588,enabled,529550,2965,
93zt1n1fCJ4,3310,enabled,1345606,16109,
VeMNvRYstxQ,4148,enabled,1642436,6497,
11rMEA0_L8c,1194,enabled,1358229,14357,
eiAx2kqmUpQ,22117,enabled,10575675,251966,
J7f26d-AIrM,6550,enabled,10753644,153747,
zcxEBLEnbng,1398,enabled,954765,14814,
w3ozFYaGTxo,1439,enabled,1457423,17810,
Cw7Ainv2loI,317,enabled,413388,1765,
sW5XU1zpQ1A,1281,enabled,348559,6420,
UN26GS8VghY,1443,enabled,433966,6291,
Q62WHDEqhAs,89,enabled,422965,1512,
YkiR1KjIw7k,7177,enabled,30633099,325905,
mUELAiHbCxc,882,enabled,2464730,29127,
UlmviSx09HA,5872,enabled,17931481,266958,
wtAN1JH7sos,1434,enabled,1150179,32242,
MxXWI2Er8lg,5319,enabled,4897741,104263,
HPf_KHzCyBw,252,enabled,210200,821,
ky4RgRvVDoA,816,enabled,995075,8562,
u8klB8MsLok,230,enabled,372890,3418,
HiS1-l2xadg,7082,enabled,8181325,48809,
sYL8IpBnow0,18,enabled,246750,1049,
-NN_m2yKAAk,1379,enabled,1007454,26220,
QHHkDGqZuyA,52,enabled,785653,2251,
YplCV7Se4ts,3581,enabled,8306852,214199,
T4BzlmCbKEk,0,zero,2969326,28033,
rkkwUItD-fo,7495,enabled,6425399,149972,
hZ8PfLIc8MI,252,enabled,2360434,6611,
7OUrqsPl7iw,7,enabled,78533,238,
jvnU0v6hcUo,6588,enabled,5647909,59142,
UNOKO0rFfgg,227,enabled,1939309,7928,
hQpQ0hxVNTg,4872,enabled,4643641,68275,
cciUXpITsu0,36225,enabled,11190327,277070,
pnQMdt91X18,265,enabled,999605,13308,
3klMM9BkW5o,1224,enabled,3608239,58253,
CWXes4XqTN4,48,enabled,94722,611,
1aN7tEekUbo,222,enabled,672821,3845,
kP15q815Saw,63646,enabled,16163158,641678,
tDJiK1z0fOQ,11005,enabled,6313131,418921,
qWlIo-Omla0,11,enabled,77746,253,
hHBSACiT3KA,325,enabled,1044182,8832,
SeQeYVJZ2gE,190,enabled,760257,1753,
tFQWbzRe62c,366,enabled,268263,3085,
9XEh7arNSms,1035,enabled,3751792,8550,
2z3wUD3AZg4,18761,enabled,32531696,400447,
L5FN3hj5t7k,18101,enabled,7333477,93888,
e-P5IFTqB98,17598,enabled,27247967,401274,
nJrh6NnCE8c,287,enabled,1286321,13156,
NP4-2bItxY8,71,enabled,19853,29,
KKBkY-7TCw0,5087,enabled,4992191,110311,
8FguiwVNCs0,0,zero,323282,2602,
P--1IGJyDUo,0,zero,12393775,74256,
bNoBuZSX0Bg,0,zero,5360255,15895,
iHS_LkYaUVE,8196,enabled,12620251,85944,
NB9EqUiLhq4,4479,enabled,5814958,183485,
LxK_MAjzs40,105,enabled,41799,451,
c9NVpZmTqGY,0,zero,1885288,21289,
BRRcJfKxaCQ,5,enabled,6169,69,
I5nlLS4itD0,383,enabled,324707,4210,
3etWXhzXx2A,131,enabled,543884,3636,
PFDElc5sfSM,4270,enabled,6915234,122410,
VEQaH4LruUo,1947,enabled,5342429,98393,
vKAPPTw9uS8,4682,enabled,2932933,24784,
2NIgqS47m5k,3065,enabled,2769776,36819,
Oyhk6kRAJW0,1154,enabled,15946024,35997,
DUe6aOnSJBE,17238,enabled,7802894,95795,
tk-SNvCPLCE,222,enabled,1157854,4927,
OTkBi5wX1QM,4126,enabled,7434684,108315,
y0Jv6cMu7bg,703,enabled,390660,3682,
ITdWN4O2aMk,1249,enabled,2684715,27936,
G2tLyqfJd54,14044,enabled,18038219,225707,
sPyAQQklc1s,4811,enabled,47530380,292868,
44Uqb8gp_3c,477,enabled,60542,434,
Sj-VzFlJ14o,407,enabled,879229,5029,
XUzUdRg8UTA,57,enabled,271661,1553,
xVt3Jd1ZNKw,106,enabled,93584,703,
GzBsHWryO5k,4824,enabled,7472278,103043,
zhM1xb6VbHg,556,enabled,878105,12295,
VapVdGL_zTg,0,zero,1834403,9393,
ZlBNdRKNhJI,365,enabled,446591,4396,
v-s4ZCsC1oY,15494,enabled,9904942,188981,
UdZNIUyyL6Q,125,enabled,14114,678,
jhtJSSLiUNY,90,enabled,287249,1452,
aAVVff2U_Ko,225,enabled,180341,2750,
WkjSIUUvCRU,5411,enabled,806385,26871,
uv7H8bXgcjU,201,enabled,235731,1451,
hQwrMxChDrk,140,enabled,80499,459,
Hja0SLs2kus,2589,enabled,4378359,75691,
WVccxH1_lnM,1230,enabled,4154574,30170,
O3FoWos5838,277,enabled,335784,2914,
q0F_769xST4,0,zero,861181,651,
_cVlSAD2mRU,658,enabled,3474504,25196,
b2nqtiam25g,5108,enabled,5570650,40982,
Ov2Pbirf70U,0,zero,667,3,
tJIz-XNLEn8,5727,enabled,7859414,59784,
jDhYU2ps2ys,18602,enabled,17902425,153103,
FoztKuXEYnQ,3179,enabled,4368138,74468,
q6yHoSvrTss,11653,enabled,24945461,517416,
4MUOdUvtf8o,1519,enabled,1787815,9058,
Xpq5kBcSYCI,91,enabled,300250,1190,
N2yOxY9MbWc,74,enabled,110925,602,
7ZlNDMFyGzE,2125,enabled,3822685,37836,
HgC0WYNKIQM,222,enabled,173884,4756,
5s1Ntz11P2g,17,enabled,99408,380,
Tigai32CeEA,638,enabled,47573,195,
xmV6TjVNZGM,1796,enabled,2851055,5810,
MLKrmw906TM,2117,enabled,2924620,53380,
BAy5-OrWI3s,107,enabled,58493,312,
9ZIpuHvcyEg,7,enabled,4379785,13672,
kEQACtNXl6g,4922,enabled,6682624,56815,
8Nn5uqE3C9w,7538,enabled,7179171,79507,
IHc05vo5SZA,101,enabled,74658,358,
lbH4r4H8qDE,519,enabled,468370,17295,
UXl8F-eIoiM,679,enabled,1801722,8600,
Fvi9A_tEmXQ,504,enabled,2572737,11822,
vrTI0GoVNsg,65,enabled,35126,345,
nIxlH46HzJo,246,enabled,168687,1009,
93dDP-O4VsI,13264,enabled,3847492,184404,
Y8NKG7IVtlw,497,enabled,273561,2042,
gVtWY8ZdqGQ,1292,enabled,808316,19306,
qyyYVZm4vCE,4,enabled,4388,33,
Ywn2Lz5zmYg,15793,enabled,10369421,153734,
2ZehFE_qozk,199,enabled,148094,606,
qBm7SZ_WjYY,1023,enabled,134432,3802,
TRESqj6onwA,396,enabled,200218,9750,
hQx76WemmQg,10439,enabled,10060248,81858,
sUrV6oZ3zsk,1421,enabled,3422143,42018,
DPH7FWk4yjI,930,enabled,774143,5047,
WCcLMNcWZOc,10297,enabled,36138462,163383,
GdllpwnmXsU,1494,enabled,651123,7656,
1rZM5_JloHA,0,zero,23934569,74871,
5txZx1DP3HU,780,enabled,843962,30029,
fWckTi0fGQI,8775,enabled,890945,4910,
DMMPYkRrd4o,1354,enabled,2111370,25285,
yB4lHAEsSyo,857,enabled,695780,3868,
AX2uz2XYkbo,3350,enabled,6996798,36547,
TbfxPptEU6M,365,enabled,395140,3877,
1Yv1HSl_oA4,1046,enabled,594935,20044,
M9cb_Jj5e7o,0,zero,1463135,17272,
DqC3ieJJlFM,3609,enabled,3955637,36364,
urQCmMiHKQk,6048,enabled,2959175,63758,
_Mw19wVXtn4,2606,enabled,3250098,37787,
kNZuBteKs_4,1785,enabled,2316506,14686,
_jFIY7lt1QM,7,enabled,1084,21,
EVJ_sbmw07M,4033,enabled,9561069,85450,
p9jWxwpXMPM,708,enabled,1017279,5251,
5Av3ZKrDxKM,1184,enabled,4443553,52156,
4-UmBQ9szaU,42,enabled,225453,430,
VPNs3v4m7TA,2366,enabled,2605873,7696,
kY5G8s99Fl8,655,enabled,4176405,14462,
iabJ-akkUHI,329,enabled,558302,9713,
EIddqb-xn5k,19,enabled,35275,98,
1vSXw-lUQwo,375,enabled,51699,842,
m7SGKb3TOas,829,enabled,4033899,9913,
R7B7ZvcrOXQ,9814,enabled,3394572,35720,
Lz7S4tCQhvo,3060,enabled,2627130,66041,
eYG8almTvJo,3633,enabled,5355382,80364,
Z_GWBW_GVGA,169,enabled,946568,3525,
Q6DC9xlbSA4,26,enabled,74839,403,
PEMk1WWO3gg,40331,enabled,10080975,113996,
3SFk45ixXi8,19,enabled,7003456,14654,
GHH4HnIXxKQ,0,zero,129677,248,
QzSwpX0JTww,17,enabled,47189,173,
EyTfByRrWSI,619,enabled,649275,1724,
uMhgcuqblqA,297,enabled,146624,603,
7RSGu9GpnF8,3019,enabled,4800245,77824,
bS9N8dEdZCQ,1677,enabled,8887731,32772,
Yo8rhz04V5Y,3194,enabled,1427341,27241,
t4TYLD4IJRQ,271,enabled,35510,2233,
GoJsr4IwCm4,29392,enabled,8959966,278971,
LSkArppTAMo,2964,enabled,6348590,126375,
zdn_3kIGt5g,27,enabled,25041,86,
OSdHCRDM9Ec,1120,enabled,888920,9018,
dsutopW-6k8,994,enabled,1555074,5985,
nb0YoRMXIY0,24620,enabled,11014405,278103,
xonn3UFaqgU,348,enabled,1109114,668,
KeKHtIAYAeU,1328,enabled,2869108,27878,
9vHXXj-IPB8,377,enabled,1200001,5501,
zRP82omMX0g,19547,enabled,15551417,320971,
s4n6WGRHezA,1308,enabled,3388288,40992,
boYqkBNs6Zs,0,zero,35239,20,
Ynw9fRM_y5k,2364,enabled,394935,28170,
XIJHg1XWR7o,7614,enabled,77887934,316243,
ZKBz3iGP124,5888,enabled,10543717,111209,
-mw-Rhm8OIw,1036,enabled,5737162,16188,
_-vZ_g7K6P0,649,enabled,1776697,7459,
UQLYfrLknK4,3653,enabled,5922842,59661,
FJRhZo0fMPg,157,enabled,532269,5455,
IkV5VpEROW0,6941,enabled,9149806,180801,
GxxsP7VWVN8,27837,enabled,37078630,150654,
ae_ZqMteqjQ,5,enabled,15399,40,
NYfWFpS9w-c,8,enabled,12754,101,
jMXziu6GHCw,207,enabled,254468,2196,
k1MdKI8kiXU,31459,enabled,443372680,821273,
i1IVEqmiIA0,204,enabled,9732754,35625,
eQAFwA7Xmzc,200,enabled,613246,6037,
8-I0FcZ4P2w,1037,enabled,575701,1574,
SRXG5gy4L70,1487,enabled,3915683,27228,
zTZYdNXyDAE,96,enabled,541685,2396,
UZrlrqQR8ao,0,zero,466666,5352,
CzzKXIX8QeU,11,enabled,16646,27,
uIAIN8b0NIg,0,zero,4055911,35867,
2rAbXozcDk0,0,zero,2540,33,
hjvH9urPM24,15453,enabled,4481901,250207,
NyWwRivr1wE,10940,enabled,6727505,100611,
XPpsI8mWKmg,2467,enabled,7221857,39293,
qzQRzVgbaNs,108,enabled,641335,1253,
zcqZHYo7ONs,16382,enabled,7987878,180511,
ybUOyjGIUqQ,25,enabled,18573,141,
WScwPIPqZa0,238,enabled,1092210,2919,
l3SJwitttwo,999,enabled,2762474,33455,
97gnvI1BQlE,2057,enabled,589554,15367,
zj7jVB-ZnZg,2344,enabled,5946167,61030,
Yocja_N5s1I,12115,enabled,17245176,170471,
XL55pCgbz94,3227,enabled,1125476,9292,
i8gE20TW1n4,2705,enabled,3305072,40415,
TNgj88srwRo,2092,enabled,827628,6456,
szxPar0BcMo,11470,enabled,8847521,103649,
oip_pMW9YvA,552,enabled,259410,3194,
puhlYl9W1Dw,11502,enabled,2330871,20955,
y9sriE5VMQc,3518,enabled,1237287,15504,
J0Wg5OsMh2U,685,enabled,431219,12263,
pAPCgZCDkHQ,9479,enabled,2957527,56621,
vJ4zUs2PS6c,4,enabled,16875,58,
1Znl8OUBa_o,46654,enabled,9141991,380432,
RJlEH5Jz80w,421,enabled,1479357,4935,
9SeINAEJyIA,1298,enabled,272556,3167,
ss7rLjGAlQE,0,zero,9614443,134761,
2yzuEmsR2CI,19,enabled,18399,84,
S2Ev26eQwNM,46,enabled,144481,949,
B5Jaql3RwZg,376,enabled,302999,4517,
hsOEfMiPndA,0,zero,3165032,1731,
Hn9rSzenqsk,133,enabled,312620,1333,
jJE_WWpiutg,281,enabled,105916,826,
9ltZ2qESRUE,24578,enabled,20892147,311647,
idT98H8TK-U,0,zero,6318163,285579,
Vzv40VWL5ho,40159,enabled,142562306,949259,
a49xvHviVds,9169,enabled,3083172,109196,
ZW648Hc9S5A,46,enabled,11563,128,
zFAFmA2l2wQ,145,enabled,191643,1740,
yXT012us9ng,2384,enabled,1671130,38274,
jJBmQsIJjx8,4149,enabled,5604137,45214,
cJipa07DoHs,211,enabled,491581,4511,
X4oVu6ybGdw,1,enabled,763408,22,
kjaHhduqS5o,1897,enabled,4120679,29784,
HofnGQwPgqs,1446,enabled,3153055,25912,
90exkFR2iSM,2544,enabled,6301279,11706,
O3YJMaL55TM,11192,enabled,8737978,113272,
dJPrHCCLUDg,736,enabled,1183527,11701,
bPumdHnW7f4,384,enabled,250321,4263,
eFi8Z7G-hVg,430,enabled,377087,6189,
lNuPOo5vNQo,853,enabled,3427151,28335,
7F4yhEP9594,0,zero,546207,2390,
0DHf-TLmwNA,1039,enabled,2945296,20395,
XjQoend23TM,1306,enabled,1647407,9024,
MkrEQR_kgAg,267,enabled,602376,4830,
REs9lYQlN2g,2757,enabled,6238190,96097,
T1841FR_eE8,543,enabled,775731,12541,
husPzLE6sZc,284,enabled,1055902,3754,
g9jXMjGVTM4,871,enabled,382724,3506,
bXKyYTkM6LE,461,enabled,135403,791,
AVWPWYYIcpk,1920,enabled,2717334,20247,
8_fk6ni-0eI,4474,enabled,9158145,173865,
2Vv-BfVoq4g,589322,enabled,4141352773,23531866,
BnejOOL1tR0,4438,enabled,2906386,51459,
mPRVtnlqu0U,6307,enabled,3543699,55992,
-V7xQoaw2LY,16,enabled,5207467,10097,
2n7tQrq8lsw,42,enabled,68930,335,
xyAuNHPsq-g,737,enabled,2768647,14152,
KbfRLqQehSQ,43,enabled,7311,230,
LM29YpVkQp4,387,enabled,311025,3729,
leSFvJlh_bE,223,enabled,261815,2442,
OwixFDCyKVs,0,zero,2716386,7030,
S4O9j2PTrHE,1081,enabled,448010,10280,
KnLsngMT5Eg,921,enabled,1157512,9645,
fRes0cpBVvY,1079,enabled,859955,8045,
UZJVc_JTI_w,0,zero,24982943,50549,
eia-k1vxDO8,615,enabled,265330,1799,
OyK0oE5rwFY,5595,enabled,17364555,262376,
GJ4Qp2xeRds,34301,enabled,29332839,427464,
DRhCmxd7LBA,77,enabled,306465,1254,
pnDZsXK1X9Y,215,enabled,281374,724,
FqAFHPeGq2c,1091,enabled,529374,11240,
OBRppKPXKuU,326,enabled,3414351,12154,
V0CeO9P6ZyA,2929,enabled,9811716,92976,
4Hlz1Q7YSeg,9063,enabled,26413425,182772,
qjccnwBmB-w,172,enabled,244082,2857,
psamfod3K2Q,0,zero,9791034,28573,
VMazA8Kn52A,3044,enabled,2736769,147172,
Ha3JdNofoy8,1249,enabled,441926,18712,
cJcaA3ukkC0,12,enabled,3966307,9436,
K7clnercnCE,91,enabled,11009,69,
3FDL4ZYEfcw,16743,enabled,12582216,196345,
rdFmBd9BXKs,1167,enabled,711297,2858,
GBbsNKaVAB0,455,enabled,482109,11326,
BTqu9iMiPIU,6768,enabled,8357024,135348,
fSYxEAtXnpw,353,enabled,1412251,12040,
aRYGbTPEZjE,36,enabled,6027,119,
C0D1cR5hPN8,2766,enabled,3845852,32745,
4umiOnu3wuk,9600,enabled,10358157,312076,
TnxctuH0pg8,63,enabled,858080,4277,
m3nP7CuaQlk,206,enabled,335070,2085,
COrIjqky6dA,230,enabled,75498,430,
XiljRJMTUvY,2976,enabled,1308009,41601,
fgzPeVe5P0Q,2011,enabled,2142496,19352,
vvDwAOcFn18,14,enabled,107652,89,
_cz7bE1771c,416,enabled,315584,2045,
_uScCrpAW4U,3840,enabled,13668608,138463,
enstYXjyOw8,19,enabled,73561,406,
BA_qGTpwdRg,44,enabled,221268,353,
EF--uQh017A,22,enabled,28486,223,
5ghJwOZSbIw,1622,enabled,1536124,11007,
Cml7nbGVKn8,849,enabled,2538012,20619,
PzyXGUCngoU,954,enabled,3046864,35181,
1BKivJ89xAE,0,disabled,2851522,226346,
tl9HopInd3A,0,zero,129656,5,
5rPIiopJeAk,7561,enabled,1340638,27434,
vDQOEXNzGPw,11074,enabled,4730304,126218,
CwF05qn5mgw,1049,enabled,1214638,12615,
EXcZUvgfzCs,4497,enabled,2783466,69492,
jDpVg-UEGCI,4993,enabled,16188853,182016,
nEoSBL25RO4,2056,enabled,3985606,62792,
nDJsrcBRR3M,354,enabled,579270,11448,
xyU34Fhi0FY,2647,enabled,2290140,35308,
P3GagfbA2vo,17643,enabled,3137277,38668,
N2XVVt4ryWY,111,enabled,21266,86,
Utd3s5w-M3I,225,enabled,74245,3324,
8vRpnVDMRu4,137,enabled,137204,1393,
Z73FefuxtlM,915,enabled,709922,6746,
VeFJpxl6qXM,195,enabled,178142,3257,
a3Qn6dIA0ZQ,2020,enabled,148727,2035,
xwxdI1XSQDU,1964,enabled,2744735,11097,
ACOmKiJDkA4,2078,enabled,2271690,16763,
Soggs6fiDgI,973,enabled,558398,29230,
kXmqwRj0o4E,1181,enabled,8301971,30662,
Pq02p3z3X2k,5128,enabled,4933624,68374,
Tpyyr9e169Q,262,enabled,503480,2842,
GMNkrW7jlQM,764,enabled,2507163,23891,
fdtwK01ak4s,16501,enabled,20085265,173528,
NpKiUPrNl3Y,969,enabled,1745184,10129,
eWmmqLP0hWc,8699,enabled,9031549,150513,
xZFqU8eymaM,275,enabled,40685,168,
ft3vTaYbkdE,622,enabled,573566,26447,
E1wb9HvEfVY,613,enabled,110389,793,
7QpJ_VDbIPA,14798,enabled,7354094,168824,
216fJQOwjAE,1687,enabled,1355174,25845,
dDWcmXXqcAo,29097,enabled,13662659,174860,
oaJbtYTBKWE,333,enabled,362607,4938,
ggdqaEY7MKY,1286,enabled,1713886,9392,
jvH5SEU-IX4,19,enabled,126772,395,
xBzPioph8CI,2269,enabled,11948748,20578,
ziWNOtY28ew,442,enabled,87191,1839,
DrY4EUirqgE,613,enabled,1054974,8981,
e9L9A1IMTQo,5813,enabled,7690459,43565,
coOo0G7ACYE,9,enabled,26792,38,
TguamcqrQjI,850,enabled,1595535,18260,
Z3nVOL2tCng,218,enabled,341454,2854,
WWGJrWaqxs8,1,enabled,1543,8,
-JzAvloSXKY,1360,enabled,608278,3968,
IeOxo7o9T8Q,1278,enabled,2516490,8169,
kiQRPRkouAM,3441,enabled,3066441,72405,
jA_9P5KqsYk,44,enabled,41453,717,
SFphlZ_BryA,10939,enabled,11276346,186860,
YIgXdcNgkZs,225,enabled,532501,3125,
FRlUJrEUn0Y,195,enabled,823338,6801,
KJDEsAy9RyM,10180,enabled,5733260,170868,
AxhObEpZcp0,5207,enabled,7553518,97089,
WqnXp6Saa8Y,6885,enabled,9848596,389103,
P55XYp2KD2Y,8973,enabled,4454360,93341,
xTgLTbXJrfM,239,enabled,623080,2984,
IGuxnbh0ig4,13453,enabled,26409944,181296,
t2ONe8N6x0Q,2802,enabled,2500596,31177,
ToFJ-_9JhdA,7,enabled,12574,62,
kf3_U0MLs9A,363,enabled,935727,7160,
7oPe80mdcZg,5883,enabled,9198470,199687,
MFWQr2roD3w,0,zero,268428,1053,
4rFLfZw6QkY,15991,enabled,9234192,63580,
jqkYEe5ffYE,7,enabled,16192,84,
tHih0KrwcgE,3498,enabled,17953002,38197,
NhJydpMkpug,300,enabled,362538,5059,
Rz6jHTpi6zw,3804,enabled,5734760,105757,
uEVD31y8cME,9320,enabled,17719044,157297,
acQyrwQyCOk,6436,enabled,26075363,158837,
LqPMnj61jlI,5005,enabled,318026,15645,
2p_8gx-XHJo,2753,enabled,1293990,37048,
MZ-rCZ31sPo,23,enabled,30344,218,
-1HsqAG6uWE,23,enabled,72515,100,
2lmlQspRuFU,170,enabled,200350,2322,
I6ltoAsabQ8,1335,enabled,1608510,23794,
m0PfjfXMv58,25371,enabled,14709708,235647,
EqWaWyvuClc,2380,enabled,2497770,16250,
wDaogBStdZ4,755,enabled,356937,6067,
dvyoEfMZ-oY,1300,enabled,1577390,50083,
tx6r7QX2iXk,200,enabled,455917,3705,
cYjaxVMkMk0,4991,enabled,5766567,93456,
16W7c0mb-rE,13714,enabled,9052305,292821,
_Fb1IzsOAHs,706,enabled,4331639,7573,
a6CidNOeAkM,0,zero,913894,1784,
d35wbisZhBI,2,enabled,21452,31,
3Ia2kEaq1d0,1410,enabled,1059071,9632,
r-kLtOFTnR8,1143,enabled,1412855,9299,
VTkoOGcvFZ8,443,enabled,471454,8855,
VTOVea2Pn-4,70,enabled,247408,2688,
R9YYmoJjBxI,2021,enabled,5542849,48504,
k0IFMpH51w4,26626,enabled,17121487,335315,
Xsc_SfFRyS0,0,zero,1833984,22031,
nd4cLL_MP7M,1268,enabled,7776430,27389,
2EZQK0rUwEA,0,zero,73184,757,
lqKcS_wPAxs,0,zero,572381,3486,
XxE96v8mbjk,357,enabled,2534388,3427,
F-syTLa1sWk,18360,enabled,993657,10750,
jkBe7wBy_fY,3850,enabled,9332465,35442,
rO_dSIAXhkY,811,enabled,587810,5418,
7_uvEuNwUj4,4360,enabled,10069393,46564,
6f9cFLYW6ZY,1914,enabled,4525139,42702,
4ikGvLUbOuU,13010,enabled,7396070,258781,
N8HqyuLBqnU,10813,enabled,19391639,290439,
gM95HHI4gLk,2622,enabled,5064453,33426,
Ls_CD4mB42s,822,enabled,260421,8976,
5OdN9OSET8A,2773,enabled,2665612,21561,
ABnq2V8r2BY,1,enabled,1058,14,
Pzo_h5svaNM,610,enabled,298895,3383,
Eytc9ZaNWyc,3646,enabled,5301165,36301,
KMy0pIdu-FM,245,enabled,390781,2428,
95Tc0Rk2cNg,4207,enabled,7432696,105170,
zar9Ec4ta3k,50,enabled,368138,1178,
F2LZkhD64tA,7,enabled,10187,187,
FtG0ZUuUMB4,1701,enabled,1647009,10064,
dRQYgt8JSpE,7082,enabled,9311938,126838,
LMcWJUUcuq8,17833,enabled,9099919,193271,
GVNjOlOtD8w,5471,enabled,4608729,55035,
fCWjSOSWiUw,4571,enabled,3869643,118880,
sLMc5OFnQRs,504,enabled,1035394,11063,
B1wp2MQCsfQ,158,enabled,534246,3976,
Hqrd1SHeOpQ,12,enabled,85008,192,
2QJIayQLY7c,493,enabled,458874,2230,
1wkPMUZ9vX4,584,enabled,1568162,15546,
77yp5PtIDu4,197,enabled,46241,212,
Q1k1oL7KYGo,138,enabled,572549,6121,
yqJPavtUKFs,4366,enabled,2820600,76458,
ZEdcRa0WY7Y,143,enabled,144720,4476,
RpWyfSNtg5I,10,enabled,3886,71,
R4f4q52J9qY,4902,enabled,4445220,32516,
m2GyeoNHERo,675,enabled,1354033,20737,
vIdMgO-tfyE,154,enabled,506140,2194,
MMs9FLn0Orc,436,enabled,314452,4722,
Zag_tB4fgJw,5246,enabled,17457365,243178,
iA6US0jfqNA,2212,enabled,426688,6848,
3nRZhGP5apQ,89998,enabled,76635569,510012,
Mqaobr6w6_I,1985,enabled,3525902,81778,
lrhwwK0vAPI,4013,enabled,10052989,93277,
9GQdh2eGP-Y,260,enabled,561907,2927,
MP-w436CfvQ,211,enabled,723916,900,
YSS58P_CGbc,85,enabled,21990,108,
YL10H_EcB-E,932,enabled,1203282,5229,
44eikamC9hw,107,enabled,261446,1375,
CdnPwTF4CAQ,154,enabled,418623,510,
c3d3yc2JWcI,0,zero,6679738,19767,
59iu8agjHRY,4520,enabled,2920489,81846,
_3Ox6vGteek,3818,enabled,4304598,34952,
vC8LbvYk6es,6459,enabled,6141988,109295,
w2LwMkqhCg4,556,enabled,385708,1999,
O7zewtuUM_0,6936,enabled,15652689,268272,
468Xn6KwIvw,529,enabled,467358,12024,
qSqMjK85tfc,1531,enabled,1353857,9490,
HTj2n52jz94,0,zero,13880448,95565,
HMyYp9faGvU,224,enabled,791745,12082,
LXTjRcsozI0,129,enabled,293599,2035,
XdlmoLAbbiQ,1946,enabled,5678620,23580,
jCdM7Ulan-U,0,zero,8424272,65513,
Zvjmt4pwtdg,0,zero,35354169,59768,
JQizy90dTIs,4155,enabled,1609225,14549,
eZjzrlkryU4,26876,enabled,27190770,222895,
W4c7m2-PUDw,316,enabled,538991,6095,
rjfWjgO3FOE,229,enabled,34247,180,
O4bXk9GZpns,101,enabled,352974,1140,
VSC7AjafRPA,0,zero,3296602,20822,
EtqkVhVDqJE,96,enabled,65724,165,
4GfjgRhPmaM,2958,enabled,1301312,16120,
uTRCxOE7Xzc,1853,enabled,15351968,58211,
K9EQ2-bUMKU,5050,enabled,2804733,37180,
25hCa-gKD6U,5,enabled,903753,125,
JCmWp4KB5zw,941,enabled,1325833,13702,
D3VIArwRC_A,370,enabled,316536,1927,
wql-OW--pnU,0,zero,139109,272,
3fQfuzB-6to,6705,enabled,25432806,406599,
YqWZ-k-G1RQ,145,enabled,404468,1602,
zxJgPHM5NYI,667,enabled,721711,6802,
RrMvUL8HFlM,2127,enabled,2423847,35749,
tU1hnE6klVw,13496,enabled,5996502,252681,
J8MZX05wUPY,1410,enabled,1620013,35725,
JRrl7SjUjD8,297,enabled,1564649,10025,
cKm6CWej3rQ,23,enabled,79395,413,
0RRVV4Diomg,3177,enabled,8502311,88228,
0s8a-lxXu68,8599,enabled,1412740,8071,
0XLK1mOj7uE,1576,enabled,1506186,11855,
_J6hGcU1j5Q,1608,enabled,6382693,25517,
s8SHFfqqjec,4175,enabled,4666685,83805,
kR3HFEeC3_E,13720,enabled,13353190,256060,
5_sdhAFGmbw,3104,enabled,3200414,63992,
GI4lfX1NIJc,64,enabled,15332,86,
zSp9e5NRWVM,162,enabled,338683,1917,
UdJJLpx169M,164,enabled,625990,3198,
vDqduLMAiQE,5,enabled,272835,146,
QAZtAFNVQaE,60,enabled,315927,813,
d9O7C805ktI,4188,enabled,1677657,24873,
su8IHV0AH2o,0,zero,1955413,37427,
kbFMkXTMucA,4708,enabled,3048805,49868,
fCrv01ESmcg,2076,enabled,4856472,58121,
4ozyt-5Pfyo,127,enabled,71139,722,
5w30XgACSAg,2892,enabled,4152242,73979,
UskMEV0Z4Ys,3292,enabled,2337384,5995,
FuHUgm6Hf3Q,0,zero,504756,1127,
aQ5kl8kbPnI,28,enabled,101607,127,
v0cg3im95Mw,2798,enabled,935245,20263,
xQ9D4Jz95-A,144,enabled,607722,5431,
W-Q671j1MO4,1094,enabled,3248579,22611,
4X_VCMffpH8,0,zero,15980872,183798,
2gl4i7K6gpQ,6149,enabled,2805133,19949,
Uv9u6ZNYFRI,1461,enabled,930188,5542,
kniszSnqYcY,75,enabled,228359,1383,
F5qWXdBNWUQ,171,enabled,2655901,2970,
cAzQfKiDKfo,613,enabled,850774,12626,
IuBoeDihLUc,164,enabled,456947,1862,
-ual52k4s0Y,0,zero,809247,4660,
iMOktywExnA,4479,enabled,6003855,32890,
SWbYK2BEZh4,668,enabled,3085480,16034,
LOY3WtP-QKM,14334,enabled,15948831,236253,
bvYUq6Ox0Hc,4940,enabled,15063052,110060,
yFlr19bhncQ,279,enabled,1810404,9374,
uMEcl7AlFl4,798,enabled,900991,4502,
Vt2-Ha9fv0o,636,enabled,377832,8646,
f9I0LApBDGA,518,enabled,634523,10600,
QK6L1F695fY,1618,enabled,2598385,25244,
B-EQtLr3E2I,51,enabled,16439,59,
Nl_LrIFMkXg,42,enabled,12676901,14742,
7IrfOYp2Bn4,19443,enabled,7094634,108343,
ACUrsYhSYQQ,766,enabled,393227,6722,
vzQq_k5Kp8g,0,zero,30834834,74602,
-9CUm-2cui8,620,enabled,728503,6227,
pm8_qBd1vvY,1345,enabled,2893701,47784,
MXsZg1sQYvA,1012,enabled,1831651,16087,
n39CD75cCXw,3186,enabled,14781675,122228,
G1GoMZa0BlQ,259,enabled,594910,3297,
cnTF3guz7EQ,491,enabled,738584,4647,
hXP1Gv9IMBo,153,enabled,496603,1008,
oKW2WvSUHQI,390,enabled,363842,3250,
iErqWGwso7o,11839,enabled,11759618,200815,
yc_GOlMWgv0,29,enabled,6834508,13710,
0GgHhOqUrUw,9400,enabled,18289598,94132,
KaRrajNk9b4,0,zero,2446101,11228,
u0_mkLAxvC4,438,enabled,364129,5307,
9YGXH4aaRMs,0,zero,13470,18,
939NGDTTNcg,1573,enabled,4063573,50932,
wglDXHRqVY0,4422,enabled,5046717,137227,
wzy9D_YKxso,26408,enabled,29205738,242353,
CJRQ8gOjq4E,163,enabled,469769,1229,
H9UEZdAnnt8,83,enabled,471572,2328,
ShJjmUmuuyU,10,enabled,3562466,6231,
qeUM1WDoOGY,6942,enabled,5698366,120935,
diOhwvRYlsU,5627,enabled,4732541,261555,
Xcpc8VDsv3c,2357,enabled,4710253,164161,
lFcTtA_lB0I,61,enabled,10407,79,
oTtDcufWnPU,1992,enabled,1880908,69828,
Zlhu68lzCow,137,enabled,114714,602,
zrZY1hHK68c,0,zero,5005615,10577,
R1_BWF1BhOA,120,enabled,240029,1495,
jPfM3NpRAfQ,4165,enabled,4929274,65428,
a3EkWJkFuIA,1,enabled,725,6,
6EXrewbmzkY,8367,enabled,7697423,69194,
EAGhzuitLXU,12630,enabled,34699827,357378,
k1vE_LVBx4s,9465,enabled,3174457,65960,
9Yvec0XYfp0,50,enabled,15360,329,
ECpfQzwDblk,0,zero,22634115,78818,
7hLNO2uscfI,711,enabled,4517037,44756,
qTmX9omTTGY,4717,enabled,5943050,26649,
BShvYeyMm_Y,27206,enabled,16250906,213898,
8Cn_Kr0nLeU,1138,enabled,1429209,16105,
6aU7MV3mRxA,2146,enabled,637535,17348,
eB2b8nk4_VA,358,enabled,464518,13143,
w05jWoaIHUs,678,enabled,643310,6866,
4Xc3HxLlkqE,6831,enabled,2471061,34598,
iwMzZtU5H7I,18293,enabled,3370614,29197,
A78MHl_-RlM,10,enabled,20113,55,
RrWnZ7VySac,9986,enabled,1612443,30370,
n6jnrRRAcZc,189,enabled,236786,563,
N35IugBYH04,7176,enabled,4437093,71846,
GuLhn9fJBXY,336,enabled,496638,3311,
Hvcps5dFzfc,11204,enabled,6419268,131749,
a3o_ZKWi-OU,8333,enabled,13330382,337316,
b_ZuXbOtBbo,2040,enabled,1388422,7113,
uEjMyHccX8U,3658,enabled,10352714,135063,
5bCZ9dSgxjo,2186,enabled,5066217,59797,
u8S0X8U-6no,2417,enabled,4543569,67507,
Gnr2k-VvsCc,8831,enabled,4025761,133263,
IygtUhGmsBc,737,enabled,605620,5824,
YKQ-6YnrKNc,455,enabled,311966,3099,
MBpkQd2Yar0,350,enabled,358629,3387,
tSckE656BdQ,3576,enabled,1656284,80925,
U3EEmVfbKNs,4067,enabled,1498142,51682,
dHPKmmhKokI,168,enabled,1052133,8348,
kAFoX3jfvzY,612,enabled,1634036,8479,
vBPmy6rIi4o,142,enabled,198367,790,
Oh0bkX_3oUA,8633,enabled,4461350,24968,
V1Mf4thHkQs,629,enabled,291011,6180,
JU_Vqys3Kp4,2024,enabled,16813895,73665,
YcR0oKI7ajQ,7990,enabled,4587973,89365,
Qw4xMdG4K8Q,5457,enabled,2419426,77131,
f0KMz_AUBFM,11717,enabled,3984646,78099,
92TfTQTmuq4,5569,enabled,4282253,76221,
0UJF9V732C4,1239,enabled,1207841,32942,
h2EWr2hClNY,76,enabled,44610,457,
E7HwKKyUecs,3522,enabled,1624117,33966,
MIcKtqQSt3o,445,enabled,172175,499,
wi30w-Mk2yQ,1423,enabled,6217840,35470,
y5yk-HGqKmM,1650,enabled,6048911,19981,
J930Rut_J6E,2109,enabled,2284286,22262,
UHiGHyuU-Os,961,enabled,462088,3385,
HIr1W601U7w,814,enabled,166731,7920,
9vhMY1u57fk,499,enabled,132660,4695,
AIa4uCtxqk8,2407,enabled,1098223,6873,
JdKV1L1DJHc,6584,enabled,4932694,118586,
BXJlw_7Xjdw,2181,enabled,7555880,68692,
S6yHXz850EA,868,enabled,708273,29380,
wGYf8J3m0dQ,5059,enabled,10356144,163998,
_HPpuozyvAw,68,enabled,277504,1139,
4LPuKLWOZMc,290,enabled,352625,7405,
2FAKT8WvEak,1032,enabled,437871,10231,
WfLHhO-bCFE,466,enabled,357008,3390,
t5tjBeJF_Lk,766,enabled,1041436,7204,
46T7iZABBxA,0,zero,1238962,1718,
2j0uhHlei_M,239,enabled,130777,1146,
_RlBCOVszIk,2036,enabled,990245,21314,
kArUp77T1Mc,453,enabled,1151979,2621,
fTVh9-CxIMI,6536,enabled,420414,12881,
ZXUcCwxdZxY,323,enabled,1720142,9820,
OhRr26AfFBU,150,enabled,833514,3716,
5-sM2HqQ_2A,881,enabled,454470,3700,
myKPSHPLUBo,376,enabled,800565,57058,
IMw3pGZ-7Cc,329,enabled,382630,1086,
2Wcwc2h-eKI,1391,enabled,260932,2359,
Yp2stpr-aGA,1838,enabled,2800423,40981,
lR3vIjAZDnM,8293,enabled,19257947,153856,
vRS2tGR73S4,1231,enabled,1072820,6350,
a1fre6dZrac,35,enabled,162897,713,
Wv2rLZmbPMA,22923,enabled,282108861,1165996,
iHNDjqmfRsw,185,enabled,100224,755,
9YoYjqf9llM,23,enabled,459559,264,
8UvF5b6xjBY,5406,enabled,2258161,21609,
5fDy0P4BR74,113,enabled,101347,208,
AC3IB7jz94w,0,zero,1465,8,
xxe1D9VYlg4,5393,enabled,2020549,17189,
WhTpJxlJi2I,2086,enabled,768306,10944,
1-F0PIF8Hqo,5853,enabled,5087944,74023,
YaLopjibdOY,4673,enabled,8613798,121076,
B1AXbpYndGc,3812,enabled,3425161,6258,
FFD_d6QvpX0,940,enabled,1926800,4919,
DBHl6-1y29g,274,enabled,1080749,9364,
rLuEFN43CzM,9422,enabled,10267676,111541,
WojvlJ_xibE,5316,enabled,9925672,188435,
nw9qO9S17gk,323,enabled,3411341,13683,
Zv7q8wFz12w,144,enabled,306717,5095,
AKmlFyQaiXo,911,enabled,1679079,16388,
mtNVfFkzWUI,151,enabled,245183,1418,
2WuVBFTzoKc,1989,enabled,1216756,29092,
iMNa3UitnSw,1795,enabled,3353003,39149,
s251wKguVS0,13,enabled,21762,94,
SHZAaGidUbg,31141,enabled,19536062,521774,
WKbBDKsSEic,2345,enabled,6515664,72362,
NQTA9E06AgA,5950,enabled,2874817,62937,
f5_wcEkWDU8,676,enabled,142880,1180,
YA8A2rsTuBY,1407,enabled,2048403,44410,
nKalnuB7OgE,7,enabled,6042,78,
jUjI24b0MFY,0,zero,20290318,98351,
WjLJ6i8iYJc,9897,enabled,10929698,64023,
VYgSXBjEA8I,87,enabled,379963,827,
iuZDylVFbhs,994,enabled,613756,14602,
wn89rYh09MM,139,enabled,703454,3100,
fVyUgnOH6iE,95,enabled,191698,2902,
_uHJGdTgtXE,425,enabled,449875,7189,
RSoRzTtwgP4,3421,enabled,5729339,189705,
spPMvChCFWQ,56,enabled,26325,401,
cSiQveOwyVs,4757,enabled,3649074,74574,
4SoWnpDJ59g,659,enabled,3319146,24499,
RnzSA5SsK0k,0,zero,14947992,32322,
O1hF25Cowv8,17875,enabled,12543762,256791,
MymcvDDK84I,1273,enabled,221688,3843,
BhWo_eqyKuc,115,enabled,33110,1206,
1wo2TLlMhiw,0,disabled,13531551,230067,
TwHYuoLU1gI,569,enabled,395136,2223,
bHZsvBdUC2I,1236,enabled,5704357,48599,
1w8Z0UOXVaY,12771,enabled,23392938,272497,
QLuUZ-8EHdw,170,enabled,365536,2184,
NiSVs7kyqko,330,enabled,63327,533,
8fA0LwrgoDU,0,zero,87176574,293673,
SbIjVoSYZqg,0,zero,163034,253,
pk0wqlO_ouE,11826,enabled,7030124,162343,
rOcJuiQx5JA,2822,enabled,5939734,38150,
nkqVm5aiC28,25641,enabled,165648538,1073601,
MiOnVcUN_Nk,134,enabled,772113,4587,
EUAVH2od-A0,9325,enabled,8428448,216950,
-h3Oqhl8fPg,0,zero,1303059,2278,
AInCqm5nCzw,1291,enabled,1397904,27410,
_UyyKkKvqpI,4021,enabled,6145759,114699,
l-8EC1sHZmQ,1356,enabled,1055696,13804,
S3VZxB_iNoA,7467,enabled,2886777,25610,
5DESKK-vQ-0,96,enabled,43967,182,
HwOHFRY7K2I,10,enabled,37029,226,
DlKFcdT28No,17,enabled,44822,295,
5KmOiYIcmyU,40,enabled,54360,216,
jc2mU_q6jH8,5044,enabled,8270371,65467,
hK8ONv4wcbA,2942,enabled,299349,10811,
ejWwn3Ytnkc,4256,enabled,5262416,60496,
47UGVCYYDYQ,10,enabled,15368,132,
FK5cU9qWRg0,1628,enabled,652114,15630,
qejzWssRjA8,30,enabled,60487,185,
My0Sk_mKMLo,82,enabled,34843,871,
5lxUTDfQvwI,72,enabled,37430,878,
KB24FakYVmc,14902,enabled,2927617,20020,
evXDnRpgolc,17144,enabled,52367664,522296,
7wd5KEaOtm4,3811,enabled,6149325,71513,
cK2YzUONFVw,1318,enabled,892256,35997,
86QlXEtqqpg,0,zero,4053373,59462,
62J7BBC8w7U,0,zero,5285239,22942,
MYW9WWOxYho,280,enabled,554074,6686,
drqvcZUtFuE,5255,enabled,2587302,52947,
MO5Fd54Ap_k,980,enabled,1952985,12848,
vWmPObduQPQ,1339,enabled,2189244,48112,
MnhFm5QVVTo,735,enabled,1062695,10254,
k397HRbTtWI,0,zero,25848171,84597,
dFKEcpSq-ao,8477,enabled,4318342,100940,
PsfpdciosWo,1058,enabled,541897,5330,
oLI-NKEN9kg,1,enabled,157238,53,
oKbUSJr1A64,33739,enabled,87432677,783139,
jjCbGb9Z3TU,24818,enabled,995610,23619,
h3G2gzyBzAE,232,enabled,233496,1864,
j1p0_R8ZLB0,20569,enabled,40279465,113099,
NSi-MniOTqI,4006,enabled,2276374,50155,
VlJdABeVfzE,1617,enabled,6742696,5605,
5aL06wxD4lI,9576,enabled,5791548,50504,
w9F0Q4pRhK0,574,enabled,39395,2533,
2iw1xwuVoKc,537,enabled,240552,1228,
S0uGsAksBaY,2198,enabled,613880,12366,
aPL0p-Uo5bY,175,enabled,186931,4173,
kif4ON6QOPE,1096,enabled,644444,19411,
xeLeYS7GRvY,1,enabled,223271,84,
Rd4a1X3B61w,508,enabled,2536542,21615,
ZgvuBIdW5GU,14454,enabled,37929486,180594,
HGwermHQwkU,39778,enabled,18776237,390709,
2sY8MYUTfiQ,0,zero,14216563,55469,
AWy2P8pSzJY,110,enabled,4250036,701,
yQg0zNKGUjo,1927,enabled,2781962,26884,
XM23h-eJ08A,55075,enabled,45374469,677347,
qGpojymCRNU,663,enabled,444911,5553,
WcCs6tRuTCw,23,enabled,261131,103,
993wlZ6XFSs,12074,enabled,10459936,122283,
Ieu9RjpJyyY,0,zero,57945,515,
2vKhZfM8nbg,1095,enabled,3580361,9370,
8ECB-Nyx2bo,10276,enabled,9057241,123399,
r-IvReyJAiM,1195,enabled,2083926,16665,
5cvW09f2rww,6909,enabled,5928278,183419,
L5lzG6QsfSk,77,enabled,145535,2716,
p6TFYR60fqA,355,enabled,282974,13497,
l3TgmvV2ElQ,573,enabled,1911398,15627,
IwIyl68Ea8g,0,zero,2659966,2460,
DxQK1WDYI_k,5911,enabled,2750354,65631,
D8nx03ApexE,0,zero,10567912,105629,
r_UfYY7aWKo,1201,enabled,2434471,35365,
KWxBKE__j2U,4902,enabled,5877626,110077,
PZ6j_VPJ8Ac,207,enabled,439015,2001,
ZyBUMabtslI,10550,enabled,5186206,77288,
w0ChnfrWy88,263,enabled,123459,1435,
fMYY7da5dVo,0,zero,548225,5327,
kuc6C2_Txmw,13090,enabled,2067303,17130,
GY4xvX77QfI,383,enabled,99102,3061,
UmlJbxeLiK4,653,enabled,999903,8384,
ld75W1dz-h0,835,enabled,2198564,24666,
mdSe1xIiiBA,896,enabled,1041559,20258,
CwwP3SiBIC8,7663,enabled,3435457,56225,
Vhm0sCGnthw,110,enabled,114478642,167422,
W5K6YymPe_M,3605,enabled,2778591,32875,
JSNbYoZdu_g,239,enabled,146379,4272,
eiEfrA6MWs4,774,enabled,1943431,12724,
rfo-pUFC3HI,802,enabled,574562,2717,
5p8oQQ1ygn8,804,enabled,616308,7608,
C3xgLHvxZuE,9,enabled,32201,246,
o1MK-zkM3qk,989,enabled,1705230,5895,
0btbPc21N7g,485,enabled,155080,533,
5uhE3wDWNVE,360,enabled,584619,4406,
kw0_rMA90Yc,5,enabled,5508,27,
ewP01X5x9Nw,3122,enabled,3122877,21538,
kMXgUliTFxo,710,enabled,2336135,14457,
6hfOvs8pY1k,1157,enabled,2760610,46473,
ghI4y6otpjY,321,enabled,962372,5226,
HCBvQKorSXE,94,enabled,28985,597,
AaV8NeT0fnY,18420,enabled,12909035,340127,
jw0XrGFUBf8,0,zero,164689,1519,
PMP_M39rpkw,5659,enabled,3489137,50514,
CSf8i8bHIns,38323,enabled,12256897,345384,
IGyx5UEwgtA,430,enabled,2284783,16674,
IurvVNHsKw4,3528,enabled,6272399,132609,
c215wrN1Xbk,684,enabled,334544,5863,
oKjFVBVGad0,750,enabled,2387071,21031,
MKZi1V2WXR8,227,enabled,106760,2945,
LH5DWZfYvfY,224,enabled,262589,3815,
X9otDixAtFw,11017,enabled,7863043,217632,
bArHLo85T2U,1547,enabled,2001837,76797,
t7klO0p092Y,2540,enabled,3375609,71015,
IdbnFVFuZJ8,10426,enabled,20275767,212651,
CxRJtHQoJpU,102,enabled,188354,2923,
WTcLlDMH1RA,3028,enabled,1340013,17500,
HlUiSBXQHCw,5443,enabled,6445321,56470,
GD3dgiDreGc,8073,enabled,5539556,87237,
kP6X01yXXjY,0,zero,133552,3736,
M-cfAcnnqUQ,629,enabled,1319665,9599,
R3O9TgZwMuE,412,enabled,675046,5950,
g1VEwsI4SlY,1597,enabled,2791074,21202,
cbSu2PXOTOc,6713,enabled,4774678,100652,
jY0wL7uLiE8,250,enabled,143603,2947,
Ue16OEtv3j4,3,enabled,14172,59,
51TThlcEr9k,345,enabled,292803,1263,
JFpanWNgfQY,17629,enabled,10604927,162731,
Wo8uCFSfHnU,0,zero,52462028,21895,
zeKBv6nR3AY,2035,enabled,5485634,54338,
FZ0QKOR5Kgc,3204,enabled,7566051,28117,
IITY2XukZek,1021,enabled,594441,4680,
sJsIV5Uy9Qs,0,zero,591768,14493,
CW3C9YWoPBs,96,enabled,78416,939,
ns4DIpKOGFc,9273,enabled,9295464,170106,
YRguIuqE93I,1786,enabled,609938,18439,
eWI_Jsw9qUs,0,zero,10754171,18853,
ZyYqyYAKGC0,9488,enabled,15885955,303629,
ehjJ614QfeM,14085,enabled,17843768,207587,
pjS6OdY2dBQ,131558,enabled,6106537,368344,
UyK3FyvXcGA,1153,enabled,1695508,26646,
qnWcKjEcrjY,639,enabled,141113,543,
ZVG7X-ae298,2194,enabled,2933880,46842,
yfEUwNQTXwU,1703,enabled,1200920,14316,
iR4nF18vyTk,1952,enabled,3313985,75176,
bWahgmZEx8Y,2512,enabled,15774869,104618,
VpI-AyFMVWI,89,enabled,217986,3775,
O_j9KwCa3y8,909,enabled,175087,5458,
GGeBD8S6UyY,5,enabled,1745,17,
UmVWGvO8Yhk,2430,enabled,2502463,59589,
5-uZsYGFJMk,974,enabled,6912426,43541,
KLk1P05dPVM,150,enabled,193102,347,
1DtMdRhtlfk,419,enabled,1404828,6224,
AQ6GmpMu5L8,1548,enabled,4967133,32897,
1QftgxIIEpQ,285,enabled,86108,741,
IC9E0V98fYk,195,enabled,201890,744,
2iULdbcMqC8,964,enabled,1489036,10924,
xwi_uXHZkEw,944,enabled,1790865,26152,
MxCRgtdAuBo,4843,enabled,29061260,79032,
e1ksqQQ51h0,9413,enabled,11250459,149549,
7dZA8xmTou4,663,enabled,377510,2537,
Y7YmymPVB5M,1055,enabled,581388,3784,
X4xL702nB0w,19879,enabled,10403441,344968,
gAMqtDUJ-PI,2152,enabled,4969640,69760,
EOnxXJyOJ0s,7783,enabled,2193687,51129,
dPWg-A9tiRI,2466,enabled,4294615,74087,
yoLFk4JK_RM,10349,enabled,21223704,62029,
QGQ5Y_6YTgE,465,enabled,603802,6526,
Xf5W-leYf0A,13,enabled,47250,509,
kxgB2-ZpZeY,19202,enabled,12040403,285441,
YzitaVZZOPM,0,zero,1553557,47400,
li5fmOV33hE,355,enabled,607357,2789,
d6OATIupK34,6609,enabled,3429919,30112,
bwQR4WnTYdQ,988,enabled,1748525,27681,
eYNhk5cZkLM,10447,enabled,3243182,26826,
vkNlGlIuxrs,515,enabled,1148173,11015,
sTwiDhosVks,5912,enabled,10726720,169119,
Sn7DzC3H2Yc,223,enabled,254082,2544,
Uzl0GPU0vLE,1352,enabled,5003049,19250,
4Z0rC1CI7sw,500,enabled,982972,10729,
_ryGH_aTgS4,20217,enabled,2530277,48074,
eQvdOLxkGc0,56218,enabled,10899219,132104,
7cqYiUmutGI,5178,enabled,6248162,127755,
H1z7YY7AHRI,257,enabled,185436,2037,
L6S5amkCoyc,26353,enabled,12271886,301329,
RcwRlSh_UBA,0,zero,15381781,32412,
a5YBQnOhga4,549,enabled,3300938,18543,
jDukiO-Ui54,6,enabled,5093,27,
7Wk2v4yzhVo,170,enabled,55940,1069,
XJ87Lsx40PI,40491,enabled,54503158,472395,
9rQu77pgnpg,593,enabled,1737765,10526,
X9eyNf2r-N8,3487,enabled,10622077,90280,
mPQh0uPVSMI,341,enabled,230076,692,
-za6T901yjk,1457,enabled,7423133,82050,
k_OzplzFhqc,2307,enabled,3088740,103181,
wOHjnQi9fvc,65,enabled,8479437,10090,
9RMRxeWIOZk,0,zero,2508510,13260,
7DrgKNaW45U,139,enabled,169222,4255,
BqcXEb93-4A,8,enabled,32417,63,
eivGlBKlK6M,1991,enabled,2622931,21034,
mDUSjBiHYeY,3705,enabled,19896781,56676,
ZQPwY9Uc58U,152,enabled,539740,5182,
JflRPkSAH8A,4676,enabled,2946469,64637,
OdUryRvNmgs,7665,enabled,4701689,119848,
LxHC7JXZaW4,768,enabled,66241,2442,
sSy6tFeUiTQ,384,enabled,2634047,14296,
GR2GA7chA_c,537,enabled,1462608,6429,
0i8-ZNLEeag,1745,enabled,3864664,33697,
vEDLb_TWJSo,8852,enabled,2932584,51375,
xm-0koWgCUo,1377,enabled,1496820,4612,
NxTDIPi_T-g,530,enabled,1377029,11995,
Ed9EbicdUNs,706,enabled,2720671,18936,
WcJJZNDh_3U,566,enabled,506591,5884,
7AR4yntqLsQ,1187,enabled,893207,22209,
at_f98qOGY0,18005,enabled,11918455,159552,
YrmT-Re02QU,854,enabled,830526,16208,
um5hmc-XgWI,1295,enabled,1398330,9893,
IVeduVFx-xU,420,enabled,920667,1456,
fnC5VkfBLN8,723,enabled,281432,8333,
xW8kY6ECAdE,169,enabled,987184,4256,
oVQVzCln9yY,457,enabled,1522149,91789,
_2xJy8CNsVQ,973,enabled,367638,3060,
IDC8NNzdimk,2174,enabled,2184873,60017,
PwgCknlzAbg,508,enabled,75727,339,
uns8vUQNxpc,431,enabled,1051847,9193,
kFwKbutYFkk,118,enabled,192718,1015,
DsDVOt3M7OM,1515,enabled,7641992,22735,
3ExRM5J39UI,414,enabled,1570909,12378,
isQ5Ycie73U,3847,enabled,12300574,60536,
wZV2Ktxvwzg,379,enabled,858412,4078,
V_xxn5A2dME,52,enabled,151359,1417,
BY3_7pRHfs0,338,enabled,1720082,8494,
aBC8Ilpb6lY,17,enabled,130493,1180,
u9vDiDQUiAA,6069,enabled,4239839,24270,
dSQwntaYyDg,1912,enabled,560903,11382,
0iuRGYB9QLQ,3693,enabled,29231223,124984,
YjaZNYSt7o0,10156,enabled,11146124,74453,
gwChStnnidA,2931,enabled,3313206,84258,
xee-9wO1zVA,91,enabled,24401,113,
eZ6GQfXEmyM,10,enabled,60644,307,
fE2UEpNgV3M,229,enabled,1098017,5147,
_BVAJ3PXZ1k,3233,enabled,2095754,36314,
abRPaXgJGQg,2855,enabled,27295147,83688,
_H9TyXiXM2k,3848,enabled,4428495,41171,
nXiyGu7gOZM,0,zero,442596,5948,
jq7JTF4O6EU,31,enabled,39598,218,
3zVBoaHOeXo,0,zero,2598,14,
zafiGBrFkRM,6291,enabled,7053332,123163,
33TYoybjqPg,233,enabled,1301664,5762,
SGSFljxEM_Q,1040,enabled,941288,20374,
l9OQLWD5B6g,383,enabled,947850,3681,
KrAf5ALLxGI,259,enabled,3046392,9594,
bVmouLJPlfc,5653,enabled,16603314,128553,
ZOsxD7UyGQQ,0,zero,312534,845,
KoU1XiQJ1vo,470,enabled,1489866,11922,
2f7YwCtHcgk,1078,enabled,3303202,17224,
KObL442PWhQ,2884,enabled,3671579,74791,
JKXlkPyQ2HM,629,enabled,956562,26402,
E41kD9lLtX4,142,enabled,833389,2227,
jRqjcsQpbns,321,enabled,580498,838,
FDw0NdhK6QU,1865,enabled,13519570,13026,
qpyV0xhNdfc,23441,enabled,11023649,143349,
CiLf_OrlrL4,0,zero,15029,101,
Gg0TXNXgz-w,2005,enabled,2399739,47131,
BhDhDRvHaGs,3091,enabled,5462465,27912,
DiaDblUd-lw,14620,enabled,28781941,276638,
80GNn_eIOhI,6288,enabled,8076703,214051,
XufKgP5saUQ,1478,enabled,3987388,49654,
YrpoK7Askck,5415,enabled,21040484,215437,
HPvWsHGvPzY,35,enabled,24625,308,
m-jcBqZf5M8,3583,enabled,745910,6757,
mu0I-9FPFKU,4378,enabled,9572059,185089,
6zvspznTdIM,1672,enabled,1010095,10608,
HHnKnVUySJU,787,enabled,884827,4561,
1ogOQVQKbP8,233,enabled,349242,2884,
ut1IHdSQH5c,253,enabled,155678,2065,
EIHk1C-LPtQ,2632,enabled,5450250,20559,
L6A1Lt0kvMA,3660,enabled,904886,53358,
YHOOYf8YfTU,884,enabled,297790,6111,
ZCdMO8bukPA,19970,enabled,66237679,264393,
qCLmR9-YY7o,3110,enabled,5426767,50784,
sghLvB201Sk,86,enabled,359177,844,
NZyP1LWfacY,13897,enabled,8199448,81891,
0xMCWr0O3Hs,0,disabled,1825023,23833,
KhbsCZv8xXs,1976,enabled,821582,19717,
B4gVdTr8klc,1113,enabled,3349089,32923,
T4L-7S0-mc0,17322,enabled,23526251,325756,
U_nHZ3YGT3w,11932,enabled,6561401,89727,
hJn8iUe6rwY,13758,enabled,5863530,96826,
733mgqrzNKs,96,enabled,915396,5191,
s86-Z-CbaHA,109760,enabled,47976201,1107417,
tfPEqMVWyBc,164,enabled,248323,3299,
5HOijUtExiM,2349,enabled,1346816,33546,
Z8wLQ3NCBgg,1777,enabled,1848039,51318,
JWxwzU2_bDQ,1356,enabled,2115496,26060,
qMmcIR9maQs,2528,enabled,4939432,23973,
7h2iXRDXHYo,115,enabled,80148,778,
Yq2sP2Lh5K8,13473,enabled,3104704,90427,
BxsZ3x4VGLE,0,zero,2721997,7111,
tJDXhik0iYs,97,enabled,18065,119,
3kgx2snn30M,1015,enabled,2494796,28754,
XKLCJ4WgM3s,12920,enabled,5416492,56580,
xRjB48eAh8I,5631,enabled,1861815,6600,
LiK2fhOY0nE,11952,enabled,6763810,69031,
6-fGI7DSoLc,4413,enabled,4919325,84840,
LoaBd-sPzkU,885,enabled,2128280,8663,
zLemSAMaKfY,9017,enabled,2130074,54064,
2KppYZvU1-Q,74,enabled,33083,67,
VazRhsh6uys,0,zero,29172378,152566,
tbTBIV5Dsjc,2695,enabled,7857446,109969,
BtW7s1WcIjI,525,enabled,545448,3126,
evWiz6WRbCA,3022,enabled,5995066,57045,
LlCnZFAWrE4,759,enabled,677709,5697,
zGdF6OXr6t0,0,zero,170745630,353323,
GPUgjy-Pn-4,18272,enabled,27573177,1342875,
_QnQ_iNb7rw,24,enabled,10551,82,
YompsDlEdtc,2327,enabled,3959546,97757,
tZaOmAuS-eA,13,enabled,8872,24,
iI1o2hNy2hE,5308,enabled,15548975,179966,
8PPvajeTzu4,0,zero,26130,366,
QV-7atrRTNs,3,enabled,2976812,5728,
2Cr_5Zfe7Us,113,enabled,419536,2918,
A_UEdAZ9hU0,813,enabled,972557,10901,
xq3niMhO8yQ,66,enabled,39322,70,
aMsaFP3kgqQ,1007,enabled,2546304,53721,
hEx6bDvmavc,39194,enabled,9481165,515004,
-8V1zxQLIF0,21,enabled,38714,340,
kHVVygzUEtc,102,enabled,87626,273,
Q450qXomjo8,284,enabled,262154,3033,
840_S6yQb2E,644,enabled,3998581,16887,
5OgJvOJD7ZY,874,enabled,200131,2175,
gHutQkD7GUQ,1881,enabled,2074270,21556,
b9wDlZw34rI,118,enabled,255156,160,
cxWxMtv1WI4,2751,enabled,3049589,54439,
91XI7M9l3no,1280,enabled,2719372,58581,
JtBhUtdDDNA,0,zero,669533,2921,
kRfeJVO_UIE,2313,enabled,2313652,39294,
dZSL8OnBLlc,11986,enabled,899427,4258,
eTu9kgsZoV0,2545,enabled,3800121,13337,
BivVXw-NLTw,5576,enabled,4317030,37362,
CACAmH4r1fw,44247,enabled,102289592,682469,
Y8hi6A5MPVY,12066,enabled,20458186,348532,
bkPjErxvrC8,3461,enabled,2911920,21673,
zC4YpPspnUc,4450,enabled,5323873,84788,
6beg56eBHcs,15,enabled,67651,59,
PJlmYh27MHg,14198,enabled,31323124,127912,
ujSxEEBNQss,143,enabled,108028,1742,
ndt5CiaTXTk,302,enabled,190905,4259,
T7JLXg7yGx0,645,enabled,829935,5995,
l2zrJ_LZrhg,13347,enabled,48510126,353297,
TXvnwMYdcyQ,106,enabled,376717,1911,
UY3S3tO7frM,282,enabled,3350621,6583,
uqOmD7vEDHE,372,enabled,396474,4342,
Z-qDr_IXO38,220,enabled,155051,1384,
GhajYz6tH1A,0,zero,818816,5134,
4T6J3k1fkk8,0,zero,114745,217,
lGawSo_OQGQ,1741,enabled,3208532,21323,
DiiPka-VkUM,309,enabled,1459642,4015,
Fx-KrvuiafE,2348,enabled,2575882,56087,
KOFqBrwld3c,1907,enabled,2498997,14689,
lrlIhRea8u8,717,enabled,3020251,35982,
nnX31z0Xn0o,888,enabled,2299327,28334,
nNR9Jjw0xpI,472,enabled,336572,11310,
Oi2jIyeTI3g,13059,enabled,33442628,291083,
s2w9GHVtqLg,21,enabled,51677,319,
dIa-M5qoOHE,44661,enabled,10597850,215293,
rWzcYbtZQrk,7771,enabled,3501176,17592,
iqZmwwUvgVU,10349,enabled,63495308,416938,
aPtrc_FtO0Y,478,enabled,510607,8485,
kecGu2X0cbc,917,enabled,353648,12946,
R_aqSL-q6_8,206,enabled,615936,2510,
5uXGM6lFkMo,6,enabled,543413,104,
ydnxRLaYphk,15,enabled,15695,163,
j-Npa-9XNL4,15,enabled,50746,272,
Fp8XKeEXEmw,718,enabled,885592,6521,
P2gbRxIXJoo,34,enabled,74019,70,
5iszUCmLyW4,5405,enabled,10507303,234033,
pSg_Sd94Y8k,739,enabled,868321,7135,
Bb8VgNhSGCk,3709,enabled,1434718,35167,
YclrFezWVYk,1763,enabled,1097531,18051,
6XpHmFYNTb4,1199,enabled,463126,2857,
vgs5TZa3p4U,273,enabled,679298,6914,
qzyWQQ0_SZ8,0,zero,29219,367,
-IY35qt5hH4,566,enabled,967182,4505,
tPP6JariGOY,246,enabled,227698,1648,
FNa1In1D1xQ,6347,enabled,3602844,174324,
4mztdQ_yUEU,737,enabled,504937,18949,
Hxo4Zo4awmY,84,enabled,322293,463,
LyDOAQNsTrI,1968,enabled,2995742,24802,
DU3OdTLuHf0,12672,enabled,4817279,105411,
Oq_JBeavXUA,0,zero,2778757,10042,
ExV4b77qfww,5677,enabled,8703651,42019,
Bj23JhwiNfY,1347,enabled,4447359,45427,
fsT5SyBLlIg,5491,enabled,12060578,65640,
dZYpHr1wDmY,687,enabled,2443929,16905,
B05RPAIKn3o,970,enabled,486982,7111,
OrwkzMe-TCA,12084,enabled,2862887,51753,
q7ODD4Xbg4E,284,enabled,396427,8032,
tIjPDIozOOI,0,zero,3793983,5547,
YuOBzWF0Aws,15396,enabled,52651778,650931,
nNjsb7piiLw,101,enabled,279147,1864,
DbvVC30l83s,694,enabled,1174008,16645,
oWww0YIf-JE,1727,enabled,3149778,31102,
ymQAkH7B43Q,2654,enabled,4486331,33669,
xInj3V0S3Ys,234,enabled,198648,2218,
3unOyGsBuXc,1584,enabled,3926750,30766,
GpKcjLzBiGI,432,enabled,245617,7522,
zxDGEJSUdKw,1436,enabled,2443417,32572,
CVC9WmQH4ws,667,enabled,1023630,9766,
_O3pSATD83Y,223,enabled,460558,839,
XcSMdhfKga4,4263,enabled,10490791,60813,
vjnqABgxfO0,0,zero,52164293,180430,
OubvTOHWTms,20778,enabled,38760836,323532,
zj4MEbwjBNc,594,enabled,2103913,11419,
N6IAzlugWw0,495,enabled,1397302,6772,
1d-EyX5r_lk,3481,enabled,16506582,127168,
x8Nvay_roEU,362,enabled,207593,2565,
pSDTmJtE-Bc,5639,enabled,30460932,312662,
75nPBgUINMA,2045,enabled,987589,25866,
t8ptvfPQp2c,193,enabled,275549,975,
bAerID24QJ0,1393,enabled,2880551,14003,
irqb1Sk7uKU,3,enabled,3841,43,
qglX6R20gJU,259,enabled,206992,2600,
bO12X1nhzzk,8934,enabled,3642423,36879,
w4QQfK6Q4UQ,28842,enabled,11343892,221788,
2rVvXF3S0S8,5,enabled,43397,110,
I897Lk4bJkE,31690,enabled,4209529,122462,
2PjZAeiU7uM,3946,enabled,18482915,99560,
qF7SRQFd49E,8044,enabled,4485251,54302,
k7dTDjRnBqU,3476,enabled,2260870,36351,
xHljr_VuTJQ,4587,enabled,12615667,179061,
SToObKgr4cI,179,enabled,23450,123,
-wa-qgApGQw,1939,enabled,1447660,34301,
JDYstx7znOc,475,enabled,740216,3728,
89FcgK5jtiY,796,enabled,395502,12024,
VQ5wDbaVJ3A,7386,enabled,7221547,43741,
OZMBjYSjjTM,1851,enabled,3749324,66908,
md4kM9AKjHs,2549,enabled,2546840,59445,
95M8W1JgH_0,6864,enabled,8284235,131596,
HepWgbh4GhY,2268,enabled,5803647,54086,
MjdpR-TY6QU,13711,enabled,7988386,263234,
3jBgHRPtlS0,196,enabled,52224,1133,
NFfTHoJ9khs,323,enabled,2222505,11980,
iaCGz-2j1Oo,6038,enabled,11141176,97856,
wJVru6550Zc,6371,enabled,4074876,37658,
expKmfdoo28,14945,enabled,7300552,223737,
UUrddqT9i_s,1790,enabled,2986599,28324,
-M7TqetHzmE,87,enabled,263144,641,
_wuNZiGbZao,0,zero,819946,1912,
yHGzCHwBHWQ,8,enabled,8280,62,
KoD-1noR32A,40,enabled,98357,136,
6onqarn8UJQ,15,enabled,17000,42,
GJoDRUybisw,15425,enabled,14002572,248688,
rf3iHqE240I,2997,enabled,5088884,96940,
Q6TMUrYPr4s,86,enabled,28503,338,
DjUhK8rYJYM,3697,enabled,3926582,76662,
zphavZwjSJg,6847,enabled,1822252,16680,
H1U48LddfK0,2153,enabled,1636996,9677,
WkkVr1T61aY,5984,enabled,6426518,89467,
Kmo4IwV1DOU,10,enabled,22546,26,
_5FQ5XDA6zw,154,enabled,275045,3486,
ywfzeX9X3iw,119,enabled,29413,239,
YI5l5ltMl8g,2609,enabled,6585170,64780,
qT4O4cFJkHU,0,zero,601830,1308,
oJGFei3wKs4,4105,enabled,619512,45242,
H2_by0rp5q0,1670,enabled,2716533,64258,
fuHFTSCKAS0,235,enabled,60598,411,
MRS68CDu7VQ,924,enabled,632032,8391,
VhpOrZfPJGU,53,enabled,17220,227,
-_djurCnX1s,2,enabled,13855,85,
cdLl1GVjOrc,3275,enabled,10508759,30300,
mzX1fbiHYzs,269,enabled,150032,984,
nM0EovLwlfE,46,enabled,58393,73,
EMRdrLuMl9o,64,enabled,45874,91,
OJbM96wTOIg,1024,enabled,689951,7362,
C7VxAOHeF4o,1615,enabled,1882519,12960,
YgVyPwhkoJs,7356,enabled,4372169,43502,
vhZRi2x8mk0,2520,enabled,2378164,35031,
-w-AcOJYfBQ,239,enabled,298046,2384,
Hg18-VPZjCc,4558,enabled,2631199,42189,
X4Ue5OTbnGU,107,enabled,268247,2578,
egHWlfDqmOw,1026,enabled,1297911,19470,
_q81QPYDKLE,2220,enabled,7010279,196216,
TwSIsvYbMjQ,23,enabled,123198,599,
NR4JYGUdbWE,617,enabled,1779264,10904,
34DFi53PQXQ,818,enabled,766131,15773,
ZHwXEbbWP7k,0,zero,29093,218,
YsYuzxj5dLY,249,enabled,697392,8981,
DTt8r8qCx5A,172,enabled,211861,410,
d3FOBIER_Ek,1106,enabled,1007428,14382,
D2C76YiU5Vw,340,enabled,831953,4238,
BBCcSAUDthQ,571,enabled,295671,4273,
4SlQqs7cU6g,347,enabled,614973,6789,
98TQv5IAtY8,15750,enabled,16409725,181153,
oZAc5t2lkvo,1471,enabled,1716154,42730,
BvidpapF1bg,1343,enabled,419818,7490,
r1XaWXPsjsI,4350,enabled,16555459,128336,
ZlGPTwNRYtU,6052,enabled,13928072,113917,
4ZLGy8VkWM4,15173,enabled,2679248,37101,
9jbu8nhaL84,1308,enabled,260572,10260,
JwXfXjMHQ8g,4298,enabled,3712286,52547,
BfbjNYuZPuY,1538,enabled,2718309,57529,
pz-mCjHA6Ak,2828,enabled,8611754,137855,
Wy06X5MomaY,3189,enabled,1161206,26436,
WHJE-ezSJE8,0,zero,645998,356,
ZHZsleyKons,11250,enabled,15785206,106544,
-99epVQuAKk,2229,enabled,4586899,45200,
FAHA6M7xT5M,2830,enabled,12648033,44031,
sGSMoMtPmbI,9767,enabled,2892117,56208,
uCj99LB0hPs,13900,enabled,4655100,18413,
L-K19rVDxoM,1682,enabled,3198802,26808,
KyO_-62Pixk,1951,enabled,718810,6183,
fini0Y5VwxE,2107,enabled,490705,3048,
3sq2-7Eccl4,2459,enabled,5923973,105866,
OFWudk6aIuU,2462,enabled,5335499,89505,
iUQuNyzNzPg,584,enabled,741567,4037,
DU7HDgv8Zzg,4501,enabled,7693334,81542,
oFadopWxKjw,1917,enabled,1120471,35749,
Gol4zxbl3ng,411,enabled,1133748,28329,
x7UPnkbHKig,415,enabled,270759,7355,
8EfbAzpqbXI,132,enabled,190321,248,
nlmE6-0DFQk,215,enabled,44176,241,
XHGKIzCcVa0,20349,enabled,12074965,323428,
3z-M6sbGIZ0,167,enabled,1203289,4123,
9YtyOQzarAU,666,enabled,436217,9648,
GUMXv0VEtoc,1066,enabled,1863798,18229,
F2uJvwiSZAQ,8067,enabled,11295984,163655,
JuNhPaTJFRE,176,enabled,305016,3295,
YshsIRggICA,8,enabled,332520,114,
aq-phmpUJ_E,1808,enabled,2091256,42530,
l4mgnt90BFk,13,enabled,11732,23,
ZQ5uRRIZrBI,1109,enabled,1565275,13463,
6nT_GrA3ocg,2239,enabled,695331,4297,
WdT4DPFXIkM,6014,enabled,10264225,76271,
DtJ28qOEG1g,3418,enabled,7328576,51997,
7nJ9x6DqAT0,0,zero,1071359,3147,
f4LxBKN9ank,1501,enabled,2382942,27409,
4GGiOvMoZb0,1592,enabled,300886,1856,
XQj44QzV1lI,998,enabled,2397506,5678,
fEPqgSNLfK8,4096,enabled,6095772,55871,
4FLTNUYAgGg,403,enabled,1782775,5840,
PNdwFftpndM,3331,enabled,1971070,30882,
hIMv_pWXqFY,485,enabled,11282804,21548,
YiJ0kBnc8vY,7817,enabled,2213131,14748,
-y44hPaZqUM,543,enabled,2170244,19995,
Pr9ruvxA3K4,757,enabled,2915304,20077,
rhMfYKzaY4U,37299,enabled,14162118,94274,
n41m27SzhCg,32,enabled,31352,188,
V_E6ODMMopk,16134,enabled,26431529,298465,
uyDr6IKXGfw,7,enabled,6886,7,
ZoLsAFBWmVg,3181,enabled,772623,3370,
-pCzLbCCppo,1558,enabled,1410896,24346,
3g2Nf-6WfsU,436,enabled,1625363,8383,
wwjtdOqTmrA,1524,enabled,8304963,28022,
UxN3ch0Dwws,13,enabled,1536,70,
yVtUZmlMLOQ,19,enabled,22735,226,
MRdqPxYJuTU,358,enabled,438235,13132,
NlgYXaIdr7E,924,enabled,873499,6051,
UarDSlPZEPc,975,enabled,1898536,16726,
WfwvlgBR6xY,160,enabled,236384,2052,
Z11w1sKEDXk,378,enabled,34527,298,
13-2wSa6Dmc,446,enabled,286445,1848,
EOwCNNK6ZLw,298,enabled,1126009,4186,
G5s4-Kak49o,44362,enabled,19559833,601390,
g2G_8sizrAk,285,enabled,416788,5607,
s-8NncdzjME,1441,enabled,3324667,40028,
JHcxMKDKCiU,4510,enabled,1964962,5580,
YtIPmVN6zdc,4318,enabled,11574833,94244,
MS4jk5kavy4,3350,enabled,3983495,56841,
XCmrq8gDjGI,0,zero,7713547,73067,
e6XeP9gQPmg,3214,enabled,8729959,130790,
RLd_f9fnIdA,0,zero,12245457,35159,
FCvAXgnbFeE,641,enabled,1093251,12742,
gODZzSOelss,26417,enabled,65521538,387221,
aTftyFboC_M,2990,enabled,3696705,28846,
YguBUWuozkY,44,enabled,23536,105,
-TSX_0rwPNc,737,enabled,6368369,23822,
mj9sCx6DPuw,45,enabled,46480,266,
HWMii3GX18Q,712,enabled,1043470,12630,
IzCNZLs5_DY,221,enabled,71918,1664,
gXT0LoVLmQw,50,enabled,1017989,224,
HPypBiQz_OM,8,enabled,54352,133,
TF4eHJ9dM8w,2,enabled,2872,38,
AzqFNs0Y7c4,1078,enabled,3105895,33161,
D7n4FaKpvF4,0,zero,170566,637,
9ewTkrfaWtA,6590,enabled,16433435,77203,
d6L3sI37LSU,0,zero,120237110,175972,
sQvjD2-p98U,1297,enabled,2193903,43921,
5YJCKT90km8,20,enabled,5398384,8642,
coUd6d3j_6g,1415,enabled,1170065,11227,
pV_BgneldPU,2863,enabled,2007329,35303,
6y-JIVmKn0Y,5709,enabled,6876437,97568,
Y4oUCKOosOY,149,enabled,569207,2482,
6WMZ7J0wwMI,244,enabled,1664610,9704,
jG7dSXcfVqE,30047,enabled,16552532,695443,
Pk6RXzdfNAs,2063,enabled,1346592,26887,
tW4Ikqg0bW8,1669,enabled,1892846,9579,
w2U8Fi0OOuE,107,enabled,100350,705,
MOT1dX8eQ6s,4334,enabled,1412328,8558,
QNkk-0rgX-E,3874,enabled,2293161,41914,
62Dr_Zz8OpA,0,zero,12105289,19033,
YcHusga_QJU,11,enabled,28181,264,
6wLBFEcopgo,1490,enabled,1632389,11343,
lQkc0DcS7O4,1813,enabled,2929449,14282,
5O5_-7xD2GA,3765,enabled,5077503,75104,
FKRMVeoY_U8,1634,enabled,4627321,54259,
az77mUdsRr4,79,enabled,37833,185,
83SExfi3prU,54,enabled,218860,448,
mdqBbvYX3MU,4161,enabled,5438897,110291,
TUAuMlnk0C4,147,enabled,39116,1408,
WUnDsNL_5nk,3952,enabled,1289457,24603,
z9iLMjXZqWA,0,zero,23293,136,
NEZ3nTgeBL8,13,enabled,35478,227,
j4ahNpQLgdk,4935,enabled,3703230,40909,
7tKZB2k14iY,9916,enabled,9525257,178394,
UEJbKLZ7RmM,22237,enabled,34834138,615804,
jF2iXpoG5j8,2520,enabled,728758,11668,
epHRVoTFuVM,2561,enabled,962665,23053,
WCKBtqtoEHU,749,enabled,148567,1618,
PM79UBTwfsg,8818,enabled,6338537,119495,
bteF5cPHNUE,48,enabled,382651,343,
R01dVqnzEV8,113,enabled,12902,79,
BW1Uf8tTo-8,4045,enabled,5266612,103610,
SB7jT0--FZM,50,enabled,367519,2625,
SJJhHknEDPY,2253,enabled,2922723,19740,
U1Le_ILlhtY,79,enabled,410907,2494,
NpKiUPrNl3Y,969,enabled,1745184,10129,
cq1er8IWz1U,1050,enabled,2949159,40448,
BHm-dbFlzaY,532,enabled,59614,600,
bb0mGUSHwRQ,1806,enabled,2878708,29171,
EdMWxX20q54,29,enabled,18525,247,
RBTiTcHm_ac,1244,enabled,4561528,89610,
Tjg4Z17o7VI,181,enabled,44018,1102,
Qg_pn7-KLm0,446,enabled,268634,6056,
SuEeK-Z94qE,17056,enabled,10098816,275137,
MVplktX88hs,2,enabled,5868,21,
bKkR5CNYNd8,12,enabled,7988,46,
91QbZeXo1Bw,165,enabled,38750,402,
GGYXExfKhmo,2696,enabled,5723989,29185,
b79FTeeEemk,24269,enabled,11360640,137715,
ljiWOrULppk,1458,enabled,295732,5064,
gmxLR3-JYf4,33,enabled,72008,130,
VTAoTeUpKnI,3028,enabled,7722463,170175,
QCiZe5sAEuw,323,enabled,187128,1018,
Uv7SUncOAAQ,28384,enabled,15615999,171361,
68GBTnSfzCc,340,enabled,560600,3499,
doUdRCrK80E,13209,enabled,8422330,186252,
jM-eIB8xIz0,1640,enabled,4380805,44303,
YLZV3hbSLos,14,enabled,48399,367,
j39oTM2DLGs,3208,enabled,1856889,39258,
uIojjqSm0m4,331,enabled,1480522,9275,
hv-JMEOYl8M,102,enabled,311258,1123,
wzVbZQwg0w8,77,enabled,450327,348,
00fgAG6VrRQ,118,enabled,576805,2478,
tUDiDAbY3F8,799,enabled,1954789,17823,
vPOrywC0k9I,1753,enabled,1063315,14706,
f0F-wxDjfIo,1514,enabled,3373796,47688,
ESusD8HRLBI,362,enabled,1198863,4305,
D7jtpy0lfBU,6381,enabled,10186706,118662,
IkmjCmvfeFI,4755,enabled,12501141,44047,
JND7BYL8MCo,0,zero,8953,19,
Lrr_z_4VLdU,2287,enabled,14845869,93557,
Z52Oj7q0Fvs,7208,enabled,1356589,51327,
aB8vd5J4NWQ,2100,enabled,1516727,23248,
NqObNjYEZCE,3159,enabled,2532877,21397,
H6rFm3jhrVU,192,enabled,878791,5875,
MpVXNvyeAbg,304,enabled,846998,11171,
8ri4f41VB28,7,enabled,286256,151,
HSB6T9RJe6o,1412,enabled,251757,2645,
ar0xLps7WSY,994,enabled,8722216,50652,
VnXu22HZBNQ,9094,enabled,12616753,232837,
xEMbnwk6v0Y,10473,enabled,1232611,8344,
WjGV82I5NbY,0,zero,22735927,40451,
cpwSGsb-rTs,17180,enabled,8595475,77392,
DHASj46QMrQ,16,enabled,4501,82,
HtBltgcptxQ,46,enabled,39724,147,
WXYsk8bY9C4,2066,enabled,827995,16780,
4uUiVDIqqmQ,383,enabled,738617,18917,
Qm2r49yIr3s,3387,enabled,1294341,10453,
GIJK3dwCWCw,1774,enabled,6912463,77647,
s4C1gnqdrew,478,enabled,5035078,5203,
Wic2Ychvpdg,505,enabled,161156,3735,
wx-M8sxcOp8,3860,enabled,2071583,13278,
xSvCONMiIj8,2481,enabled,4814001,101305,
gqRskRnUIXk,1560,enabled,733958,34601,
g1KiFON-GWg,4326,enabled,4687236,68951,
-VbbJqg7CH0,280,enabled,470213,6037,
gWsUMdhknFQ,201,enabled,16067,288,
T9emI0vokU4,3366,enabled,10437562,187091,
psxCGTpZDxI,1543,enabled,1704924,34900,
edVlDSMGrPA,488,enabled,232688,1683,
EkVVl_2yo6E,1553,enabled,1253363,28606,
a27XeGsYSo8,0,zero,11853888,25355,
E6GsXhBb10k,28866,enabled,7061131,217026,
DipzS0VH4PA,12851,enabled,10181956,102620,
sH4bi60alZU,19834,enabled,3449876,74046,
48nhPmk1rMk,0,zero,3124602,4939,
2WeRaQiSH9w,10,enabled,7202,39,
rITp0sCFNik,14874,enabled,4026105,168529,
zR7-heMPHZ4,44,enabled,47343,230,
8uofvscfAx4,3185,enabled,741334,16554,
5UuiVt4dT1s,231,enabled,127795,1204,
ZQc5yNUyLvc,2475,enabled,3682720,33196,
arJLy3hX1E8,14274,enabled,15904801,316260,
2xD9uTlh5hI,1331,enabled,4758921,21001,
hdCHUJm-Gt4,0,zero,58636943,112408,
C1oannD0po0,8,enabled,56126,197,
bArnA98MRqo,2262,enabled,454917,24406,
VFj8AOqO46Q,1849,enabled,1714694,19120,
jliP9I6wuHM,2877,enabled,1205862,24705,
NMgcX8UNIGY,3541,enabled,2197840,34890,
_8Nb_zgWZZ4,5286,enabled,11938731,244825,
YTOzYItTttw,56,enabled,55655,622,
MyeoNt9fjMA,0,zero,3512061,7622,
oJ5f51yZg8I,46,enabled,31142,297,
0Z-eyzPynDI,0,zero,4150316,34528,
YzunI-n23ec,4775,enabled,2054801,90649,
k_tQk25pR60,15812,enabled,8032390,61872,
bftoLVZJFRc,13734,enabled,20419695,140331,
SoBE3R16A44,51,enabled,127691,723,
-6X3A1Wx318,446,enabled,278267,6162,
v4ePpLoS6xw,902,enabled,938890,15977,
FHB3oMNWk1g,600,enabled,5258343,21270,
rELHUMNt4HM,11581,enabled,3674259,89059,
ZrVo5lE359I,18954,enabled,11016049,383851,
GTV8-5U7yxE,3636,enabled,4275288,185109,
NMbM-ERy2Lk,25891,enabled,84255615,559537,
VuPALAnHjRM,1713,enabled,4000416,56586,
XEI6HbCZjRQ,3623,enabled,855578,5705,
_5jnn1AIt7Q,3261,enabled,3221739,43094,
efiW2K8gASM,16575,enabled,43480372,540105,
zeCdVtUlPyo,5,enabled,1008995,89,
nANGQ_9wD-0,5031,enabled,8405545,122565,
97vtV126A9k,10,enabled,28117,42,
XC8W9RHGTMI,2392,enabled,3314319,54029,
GnCemTz6aW4,165,enabled,218885,1882,
VjO55pKuBo4,5013,enabled,7340332,169270,
jPoFxszFIsQ,19,enabled,34565,100,
WRi-b8iwUO0,543,enabled,136502,5749,
M_cmfYwacCc,669,enabled,234899,11888,
ie0hfksUdg0,606,enabled,2002954,41200,
wv_iIi279zY,181,enabled,354859,12889,
B958zcq43ZI,28486,enabled,17638471,341015,
S0kKF5f8nS0,138,enabled,517002,4207,
U_8w1yhPQCo,120,enabled,81795,1246,
aYDTjkTi-2o,10148,enabled,6608602,94270,
TjXQzRWmb_I,6850,enabled,10671807,90217,
pJQ0UWU9-Cc,0,zero,12482155,107663,
Pj-D0jc17D0,5735,enabled,11985248,206228,
ahW0AP1ecxY,0,zero,759901,4735,
VfsFV7VGBzI,13389,enabled,28330473,276415,
zHLju_nwPJc,373,enabled,2805211,11584,
fZgvqE89KvQ,1615,enabled,492760,1710,
ZBPt335vcAQ,3166,enabled,7672034,57623,
MwUUDypEDNQ,8973,enabled,11151462,174013,
mWZaJZ6yN0I,656,enabled,579064,5533,
-329QbdpYU0,1498,enabled,1451872,72560,
wEPZVYQqdMY,1679,enabled,88792654,216702,
K0u_kAWLJOA,11791,enabled,11511750,178306,
VrpC4tZ8bZI,792,enabled,4318299,22420,
ep_mf6ZE9U0,7311,enabled,5765689,112892,
ZLTNwPoX1Qo,1102,enabled,3030936,26645,
gmESgyBQ6Bk,0,zero,18320152,40299,
-xe5zuhc7a4,9,enabled,10398,202,
S1gUR8wM5vA,21124,enabled,8988142,123900,
bMAnbGdcb_E,0,zero,5507492,9580,
ihUgn1xIn8w,4554,enabled,10584497,197731,
aRyLYDs3cFk,100,enabled,19377,65,
wJSIHGDwMtU,1451,enabled,1125488,14090,
8mzutgP5l0E,7747,enabled,5127268,103283,
QPoH78eKqfE,4253,enabled,7057385,95858,
TiblmGnet2Q,11701,enabled,15922103,167234,
SVLZTttOO58,551,enabled,1886820,13744,
cR9uphgMZ8U,1946,enabled,4295981,50356,
37NgLM4tIzw,1897,enabled,4285161,93184,
fKnAJCSGSdk,1408,enabled,2932929,26664,
eS0unSDFhCA,774,enabled,891082,12367,
3qdnnhgu4FE,1907,enabled,1088014,24674,
yTNpkuK_Yhg,107,enabled,1411474,934,
UgzHVWm31OA,616,enabled,690510,9326,
uOF3bDwl5g0,29,enabled,216367,25,
8Qou-MDcYKA,4687,enabled,4651834,94540,
7m8QlSPP7t0,2696,enabled,6188171,102438,
OBBRItGcM9Q,46,enabled,32045,318,
z_yIn8V3UcU,3614,enabled,3510184,90012,
956SRjeDH68,0,zero,824543,1525,
joRSujsHoks,0,zero,6955649,15082,
t8yUKzMnlFU,2557,enabled,2616673,23492,
BkHfiiVyQ8U,0,zero,896634,3465,
ahokZzfyEiQ,0,zero,5468003,16545,
7n3WgiMftaU,2624,enabled,11047380,108705,
_SKhWeJ-njQ,133,enabled,314516,1141,
1_xIQL-fHBQ,397,enabled,533879,841,
9qTLOVC_khU,9080,enabled,28171282,379053,
1ZOzgK0D4Cc,57,enabled,121208,664,
DCGyLjBjuGI,4337,enabled,1947728,50705,
tlJHBwiDT9M,58,enabled,145969,935,
BK0KlT3TtV0,408,enabled,911613,10275,
HiGvKHrWC-k,1133,enabled,479741,5067,
q--2WP8wXtk,102,enabled,587753,2114,
5cHPz2afEWY,2998,enabled,991002,13478,
z1UX79Xtncw,527,enabled,545772,21227,
xX2iv4SyNHg,1543,enabled,523914,15040,
use6qRmNetI,204,enabled,126404858,73880,
KOkZwj-uMtE,299,enabled,472749,9626,
4ALMjsw5hvw,421,enabled,208953,2630,
Gmi2JbKs9jE,1968,enabled,1582360,38883,
PQbScg3r1oQ,10746,enabled,5635673,96148,
K9fWKslhPvQ,1162,enabled,922176,10096,
RRXZGS60mqk,46383,enabled,11122825,226581,
_AvAco4Ve3Y,54,enabled,443694,1180,
1Se35LYYDJQ,198,enabled,315622,2721,
7rOQv_6L9fQ,2891,enabled,4722623,66495,
0EeTqpwysQk,8,enabled,12288,17,
o6NIG3KkwLE,10557,enabled,11047798,64119,
rqG-wWUsvnU,516,enabled,1131581,10764,
p9qnkTretF4,655,enabled,6359787,24936,
ePDrl4M28iI,2360,enabled,758826,4099,
sfcfZn8nq3w,720,enabled,3212814,14280,
m_ZsWQ_WXNo,8104,enabled,6071528,128482,
WT0mOiQNLOg,17,enabled,78569,314,
cS-hFKC_RKI,1670,enabled,4280767,25592,
ozqCzV6NMmM,7767,enabled,2404373,83796,
TCPJm_3oy9g,343,enabled,44822,613,
1PGiixdhNVk,391,enabled,1053542,6634,
hiduiTq1ei8,6262,enabled,4411415,75993,
O0L681qMR-s,708,enabled,1126964,8059,
gFRkvanD2ao,263,enabled,690354,2889,
1zT-tHjkHTo,3719,enabled,1165733,6335,
rhlkvO6NLnI,2637,enabled,5443533,66281,
1Hih7lKrQRE,12,enabled,13739,62,
1RaS2GcVMJM,73,enabled,192268,1556,
OlY_8ulFEuY,1982,enabled,2163244,68244,
Ue32mruXV0Q,0,zero,536233,481,
Wv6hEuODrLg,12320,enabled,54470073,191067,
ETpmizuP2lM,0,zero,13656810,52792,
Pb7XB-PJl-M,0,zero,2701423,18562,
EauDkPyyz8I,2501,enabled,56374748,112015,
KwCWP-FCy1M,16,enabled,43982,164,
wITMhATk7_w,0,zero,435596,2152,
VCTen3-B8GU,5595,enabled,18315571,60288,
m9x-oMCZR5Y,775,enabled,350439,1426,
nHO50-7l-Vg,4080,enabled,5576941,106273,
_6xlNyWPpB8,1917,enabled,5538896,54488,
8rSjlqBYba4,1934,enabled,2979399,30083,
85BCi_1DxJ4,1024,enabled,2273516,15441,
EibGEHBnKEg,1137,enabled,222389,1033,
mZq-n3iFr3o,235,enabled,170621,4430,
U5SxvTFZ6lY,494,enabled,200533,3255,
4rAq6Vo-FJQ,92,enabled,260330,2553,
VMzYtgzYO7U,5920,enabled,4901341,47028,
s02LBpkqAvA,39,enabled,84830,49,
SEN1pcn3oAw,2419,enabled,9112592,160885,
4blsh9k0u1I,0,zero,3367752,1573,
0IqxYrbGreM,0,zero,3372265,19671,
PwVSQ5kGXMA,29741,enabled,2370182,22249,
NEPZWtvVMKU,0,zero,3536547,5048,
CemrH5y1zCs,1486,enabled,218877,4497,
E_YqnT9aeCM,13,enabled,3917,166,
2kRybJnA3S4,0,zero,445703,1103,
kw_jK472Y2k,146,enabled,179454,3927,
VkJpFut64C8,2478,enabled,2414050,53642,
nU2BTwLYXjo,2355,enabled,2521594,35365,
fh-fEzp4ewc,697,enabled,144165,3600,
A7LDe4jdao0,2018,enabled,5489845,41448,
MWSF9RZiUos,6441,enabled,6697177,43803,
0bbwaTf6aj0,73,enabled,174080,695,
2TL5ObJrRrw,9,enabled,5835307,18441,
fYYstZyiUlU,4023,enabled,3443564,18877,
GDIzbtVbPTs,67,enabled,285536,1830,
wS_MeKdz9Uw,1581,enabled,3808410,34712,
Dd7FixvoKBw,70737,enabled,230456058,2232413,
iH08rrt38m8,4601,enabled,7551578,189411,
VO9I4DOduw0,248,enabled,489760,8813,
Bm5Pc8nJ5Sc,657,enabled,5375200,8678,
rFsD5P0FSOg,4069,enabled,658976,2692,
Vy_Dj_YSEsE,1393,enabled,4102175,48298,
EQvTEFCANTM,113,enabled,334062,1274,
GAPqEAWW9lc,6516,enabled,29548399,74633,
RvgYOIHtWDA,0,zero,14208980,94514,
TR6GpH0-cxY,0,zero,1191666,12698,
CopEMZJBHtg,17,enabled,17565,188,
kanqCtHBE9I,74,enabled,610630,1880,
usc0Kk2MWqY,185,enabled,424943,3777,
Kv1lSH4hK-w,1444,enabled,4035162,57423,
-kTDmsNumVE,1526,enabled,703258,15885,
bQK7HawnlG4,1390,enabled,1827328,33235,
mqtp9FsJQrY,5149,enabled,1413343,6048,
qOBMGIk9co8,0,zero,4991409,19997,
cv3_qwTwjLA,257,enabled,148172,729,
I3nDnB3L1SY,4,enabled,2252,10,
S_-wLc0CEAc,4028,enabled,445287,3808,
wbEm4L5PenQ,452,enabled,237193,4161,
eXJFbsQBvLw,11746,enabled,10098255,170363,
Ayb_2qbZHm4,2964,enabled,5951212,133520,
0y2HJVo-Qww,1604,enabled,977405,8551,
6EhOvHe0ypQ,2622,enabled,3469736,18985,
SmxBEiw6khA,2972,enabled,16569218,161402,
iiSPpHPd8zE,1,enabled,2096,12,
Xn0moClwDuM,668,enabled,1269020,18182,
YG4cG3rnCMQ,388,enabled,345738,2026,
Um5pYt73d-I,4276,enabled,5917561,37930,
Hfr6A5BQfY0,1257,enabled,3707699,38005,
6i7VKQwDS2s,1652,enabled,1695621,11037,
HwaKefrhnMc,156,enabled,266361,5018,
PVVTk7yy4kU,2099,enabled,1324679,17848,
EcEwwSnvzdY,10480,enabled,2198258,47520,
eXTiiz99p9o,14952,enabled,13415435,215922,
qkWdhln7SGc,280,enabled,879487,12284,
Khp_hCeTZGc,11,enabled,18383,126,
3G31Ag55ZJo,1289,enabled,609672,3952,
eSh7efnQfVc,2218,enabled,3462262,90235,
073bRac_msM,52,enabled,99902,2740,
HtDIqicyDQw,1090,enabled,1000817,17178,
bRzwAMYz1Pc,1321,enabled,2038226,28391,
-_ZZAX_zt7Y,4756,enabled,5864796,134623,
oosYQHq2hwE,244,enabled,711877,4007,
2u7PIggyVSs,6,enabled,9549827,6473,
oeezwXQC-mc,1469,enabled,5079338,49892,
Lp1WM00U0aE,4900,enabled,6045859,37074,
_uxxo07LxQA,209,enabled,60156,1674,
tXnuXZt3JBE,31,enabled,15324,43,
7kbF7uEJYes,2078,enabled,1025559,12713,
JKfAMyJAT64,406,enabled,320595,3713,
KnJ4_xRfxpA,2543,enabled,3111317,54291,
D06PL6qh6X8,481,enabled,108972,3172,
P0nMnPPdW_k,159,enabled,564042,3863,
XwaGW-x7hS0,2329,enabled,1057668,14376,
4IzswCEPBdI,1516,enabled,2208740,16549,
CP2XoETz9gE,0,zero,533446,3200,
GWOHjuC47FY,6686,enabled,8263541,131413,
FU6y1XIADdg,884,enabled,1326405,14879,
ui4qaGmTXc8,3687,enabled,1559110,13952,
fNrgjIA1TwI,33,enabled,501672,2125,
veMFCFyOwFI,26592,enabled,18334119,271749,
95X2DgRUkbo,241,enabled,241014,6514,
_AgBIeTHzTM,0,zero,12956886,104767,
0HefV4XQFcc,11013,enabled,28537941,228410,
yQduHyiWe9o,1754,enabled,3475725,67523,
nKnVFMNvSnY,8,enabled,43961,256,
3jKi4jtIVpY,224,enabled,476568,5404,
tKJdMmHrYCA,431,enabled,277314,1007,
1FJD7jZqZEk,20165,enabled,29668530,249562,
GfyqZxpfdFc,51,enabled,149670,456,
Fzz-Pblbvqw,1465,enabled,1777024,47780,
_pbdwueqGp4,2587,enabled,2792365,46559,
LOJ4J123cc0,260,enabled,40991,1215,
cyu2ExxmbXg,604,enabled,207966,4237,
8MIjKGJG9vY,0,zero,222823,866,
Xw38YDxv6vA,59,enabled,2466894,1728,
YW6GBciRHLg,1489,enabled,2086649,15528,
uOfq9F7oGpE,104,enabled,52312,277,
GBibVFsFsV8,23,enabled,10789,271,
rYXdsOEWBj0,50384,enabled,16402571,313639,
QU1byle-nmA,40428,enabled,43581872,620168,
n_BCVGGDpnU,245,enabled,54069,1966,
SLLWasLMgl8,7448,enabled,1549475,10942,
dvKeCcxD3rQ,21779,enabled,12969246,387423,
PXeXhK1wY3U,74,enabled,2173100,1473,
tQ6g_EH6Yxs,1428,enabled,2237617,20462,
D4bkYrMtgiU,17,enabled,45521,542,
4YGKYqr6smU,3936,enabled,7239138,26172,
t-O-Qdh7VvQ,8771,enabled,4400309,126344,
BmjQm5MAq00,11113,enabled,5416590,108052,
KUu2gJn1dzc,4466,enabled,9432786,139558,
McB8dx9vDQA,4189,enabled,9471423,221666,
fVBH41_Nb4o,471,enabled,377400,9853,
3aBNKcJcGVU,12,enabled,248631,980,
z_rC0vHl6HE,4443,enabled,802579,20012,
qGtxQ7ZaBrM,309,enabled,83981,641,
jBA1vKVW9T0,21,enabled,75584,307,
yKk36u0svPw,508,enabled,5773763,12504,
LUb_mBBBNgc,1181,enabled,4605585,10743,
U6OVpPnhysQ,1834,enabled,1534819,12070,
sfk4Zul_Gd0,1358,enabled,1770598,22083,
v5tJBLfeurU,3120,enabled,3881452,81277,
84BfX8sBnrI,439,enabled,115209,394,
UsE-X4Eqtx0,76,enabled,110630,1390,
8kBdy04aOmc,2348,enabled,173182,2246,
OMkEVX23BdM,1301,enabled,4822683,33257,
DZbQtCtxAXM,5148,enabled,9201642,111500,
oTXE_5EYrLk,0,zero,78602,4,
uJN8xd1fgPE,11,enabled,22454,535,
YlzFu6Y_h4Y,594,enabled,4341710,2833,
metSo5FcbfI,1151,enabled,3367711,28058,
kes9AxxcdfA,4466,enabled,1844256,18237,
aQM8yWoiy5s,9710,enabled,8962239,95716,
Quvby2Me5CM,70585,enabled,11997739,415620,
K0_h3AAn7Pk,7992,enabled,26043868,71968,
LlGXq8xjUMY,3592,enabled,2482637,14878,
RQOJgEA5e1k,902,enabled,1071636,16407,
8JtbLdmoyGY,5444,enabled,7270428,315338,
VrXvgJJTUuA,60,enabled,207687,746,
zV_FHJ5YMd0,44800,enabled,5070976,296339,
t0l71ovL-vk,53,enabled,140907,996,
kEQMSCdPErE,5,enabled,8004,12,
FOPvEAG6awk,236,enabled,93237,518,
vuWcljJLFAQ,982,enabled,1912789,16017,
nC9HBRjXc4o,147,enabled,1158467,4409,
ChjOIQLZaJU,0,zero,377815,1295,
9trZ9_VBsjg,309,enabled,414821,1584,
exgu1-82fZA,6,enabled,34593,160,
f7_4QoZwH54,782,enabled,730272,8236,
l3N4aq101uk,0,zero,703448,549,
tkB6QOZGJNA,431,enabled,322157,7750,
1n9CBm50I2Q,590,enabled,361778,1948,
xGzVjJrcM20,198,enabled,325761,2228,
-g6XXJJy1nU,47,enabled,51194,323,
yQvxDGTnHRo,0,zero,1541,13,
p7xhIYrtXkk,121,enabled,148423,971,
idySXAhWt7s,2937,enabled,505033,7096,
8GHGm-IWvxw,32,enabled,133533,777,
QjT2XU5Q3j4,479,enabled,265213,2984,
CRXC7pRNh6g,221,enabled,264948,4730,
I8nUss1cAwo,645,enabled,205130,1834,
hz8VOiTgcW4,0,zero,1440152,3114,
CbFr_fUdRLI,14264,enabled,7799543,81658,
CsVJoCKc9rA,1374,enabled,2742357,18513,
KtA3Wp8eNgA,3241,enabled,4169705,90895,
VGqy7tKaXKI,42,enabled,27960791,37045,
OX8ugxA-F94,1135,enabled,484615,2856,
xMrjwUfdiiE,2455,enabled,2524662,34621,
1GBRg1urwrI,572,enabled,767201,13780,
tNeOEHGpYyc,153,enabled,229950,807,
E3a88_SjJR0,1408,enabled,1518802,24682,
CKzMDT44d4o,6,enabled,8563,31,
ZbTbHNtYV_4,203,enabled,283893,3579,
-t2CR9qZRj0,8877,enabled,49763410,366814,
UX5CENcSkFo,778,enabled,901999,8132,
IOXwdFjuWu4,1064,enabled,1189217,61852,
C_s-MNZAVjs,483,enabled,1020274,15866,
OjGrcJ4lZCc,10188,enabled,62890091,379621,
3Hr6Mxux8T8,480,enabled,415210,3112,
AOoNAVEvqHM,2474,enabled,5252263,91711,
8uBP6UL-jEU,4527,enabled,6917690,92828,
NSnI6QuaDDw,86,enabled,398254,2556,
hd4iyx_D7nE,0,zero,16931983,31673,
IUQxI_wasK8,0,zero,249015,256,
OpYF-R8IE8k,1655,enabled,2101513,11273,
KPxK8L1SPF0,0,zero,15585340,13551,
oRKxmXwLvUU,771,enabled,2845817,9706,
j9UH6tfDzZk,809,enabled,849685,17221,
TKJo_CFPztE,27,enabled,65906,709,
P2lHpnMzRu0,252,enabled,633453,9646,
rjOS2bcsQss,0,zero,2691801,9643,
rf4JK3WEW_4,966,enabled,499114,18111,
5JmNqJhRKFU,31,enabled,125482,584,
p0LUCgKAZ6k,2819,enabled,3912065,93899,
sI4pOXd8omc,12052,enabled,12337382,322257,
puwwhzLLp7I,6455,enabled,1715028,15580,
8EsUNOIYyKg,9256,enabled,7055098,147836,
GAa2yh1ZkNc,412,enabled,227327,4847,
txXwg712zw4,72501,enabled,80877886,924239,
KRsUYLzyyHY,39,enabled,183742,787,
T8vRxBrtA5U,0,zero,12886309,45012,
zrueckTX3J0,0,zero,1910846,1063,
kxLoycj4pJY,18098,enabled,86802520,523568,
4LPubUCJv58,9681,enabled,5745194,37450,
k1JFbD1cZ7g,514,enabled,856168,12874,
j8XvRET1-xE,1586,enabled,2422458,23757,
UQse980klto,221,enabled,63768,673,
fQ09ePfYLpU,0,zero,17303858,42906,
-w-VTw0tQlE,594,enabled,1153199,15963,
RVJduMnXAns,1828,enabled,2816100,5914,
HNkhy13FVjk,43,enabled,149189,490,
5LlLKk0ZQoU,459,enabled,803500,6437,
orr8JffO7a0,1957,enabled,1923552,14090,
HWG0isUVB68,1455,enabled,1979529,27692,
Sjr_DuMjioQ,50,enabled,65044,271,
S8JuAnZNhX8,74,enabled,23718,126,
5kbI3NsXGXA,824,enabled,441550,5856,
DwPGTYepedw,735,enabled,1110648,8822,
BKm8FolQ7jw,2535,enabled,2540936,18647,
xZbcwi7SfZE,14206,enabled,8695101,202071,
uE1lT8kCVGE,8,enabled,22338,64,
WvD7IYQv8B8,4407,enabled,656810,8960,
PER6pZweoQk,0,zero,4193419,36606,
eJU6S5KOsNI,4659,enabled,13621848,65870,
egupPytRvRY,0,zero,2084745,9511,
ZzxRtXN45G4,1405,enabled,243943,10771,
9S9InQQWuVA,652,enabled,249216,7428,
8OCjwBkMJ_E,110,enabled,594929,1740,
7lqJYZhVzPE,463,enabled,1369939,5516,
Mrl-6IoH2os,0,zero,22169893,65238,
72__Mdioty8,1463,enabled,3960349,22524,
LKjaBPVtvms,1022,enabled,479310,15128,
faMhVphZIRI,775,enabled,1026659,9241,
AhXaER53CHQ,6518,enabled,4986738,125623,
u9loDLev9HA,199,enabled,229183,1051,
iDyTwxl46-U,752,enabled,2373426,15102,
x0ndJqZ8Ags,7215,enabled,5835647,57980,
BnoLPlOJXjM,216,enabled,1012361,16661,
2NPPE6a7mSI,97634,enabled,38899070,170616,
If2lCD0SQrE,1548,enabled,4994958,35724,
q5sHi4ngaWI,0,zero,2140910,7369,
dtglJ5kqr6A,5459,enabled,2197665,53602,
lHZwzyzMMzs,0,zero,24059287,71012,
_u86npjGe7w,5431,enabled,15961417,315522,
_nws2egRR1w,14489,enabled,12757861,175251,
-8GAQpsV4Qo,2932,enabled,5900809,121102,
QbhqUG28uLQ,395,enabled,819849,43982,
S73nmMU1LDs,5899,enabled,9545454,381327,
woxXLZdCyoA,13,enabled,18952,84,
6t0BpjwYKco,709,enabled,990033,6265,
hNYVg_M83pg,5963,enabled,5562019,114508,
fxBFazPblKo,376,enabled,201855,1198,
q69w2Tc6jbY,24,enabled,53978,317,
vOf9Woda7lg,0,zero,34599,25,
AmEEYTtIfMU,3847,enabled,11275874,128240,
vqVRdrj7-Mg,41,enabled,13663,79,
SXoC5XjCsCI,841,enabled,37753437,71418,
Xa_t8n8AalE,3048,enabled,2065721,68936,
DC1S0NZsGbU,0,zero,1335,18,
BVNWZBXV8WM,881,enabled,1818800,19407,
Mf4wwXM2o_M,24290,enabled,18664742,402016,
9lvwFAakGb4,0,zero,4416804,12233,
thnDxFdkzZs,1022,enabled,3140158,29954,
H46u8Yg9Q08,4246,enabled,4537683,70437,
zPIhMJGWiM8,3446,enabled,2238553,33461,
2eJWSxNzMD4,700,enabled,1110396,4846,
0BFpMqi9X7w,20993,enabled,9408527,150170,
-4xTzuLXTIU,5275,enabled,1794471,20121,
wTQ7f_nuDNE,2107,enabled,5215089,78570,
Lo46SYA1JUc,30125,enabled,7853685,343032,
Z5aLeB17tmc,781,enabled,1341589,25664,
-LDzOi1dyAA,12597,enabled,13947580,239450,
3TeeJq_0wJs,20225,enabled,10741748,311877,
S3AVcCggRnU,7077,enabled,34061368,164891,
QMbHLF_zwjs,25352,enabled,32742538,381546,
HQ7CDBMsiVY,313,enabled,255476,5578,
PaghIdSJKvQ,8037,enabled,17173531,270887,
2J3h4khMLXg,12,enabled,17055,170,
udVs5lbi3_E,786,enabled,200347,9664,
3hcNWtqIImo,0,zero,28220901,18918,
JTDZT3x58o8,6,enabled,389291,126,
zsjyWg-Lhek,1345,enabled,553265,18366,
T3gYa9Ww2mQ,1929,enabled,233434,1476,
v6F0TuV3JMg,807,enabled,624056,11683,
xEfFy-uZ8_g,4750,enabled,4781206,161444,
gkq1V1gxZxo,384,enabled,1173333,6439,
8OtMq2s0TyM,5695,enabled,21523697,174989,
9bn8th2KW4U,10406,enabled,26501454,279904,
gqxnwFvPodE,2958,enabled,1875984,16819,
ZJ8QsMeTR2M,15324,enabled,6563945,72900,
fTT8Lxjh0Cg,6385,enabled,6241325,104941,
SyK0cGIzG7c,733,enabled,311767,5618,
zz5lGkDdk78,2821,enabled,3073917,40224,
3ZSR6xUHf-4,1696,enabled,2155927,29759,
fnHb-zyWh14,414,enabled,1577920,10845,
pZOF9q5fzfs,8282,enabled,16613631,139333,
8wmLhuSivaM,182,enabled,285506,5619,
pfzJ-z5Ij48,104,enabled,499484,1287,
ddV6jyDeCKA,12062,enabled,3847336,74304,
0vUgGSLTtOg,7001,enabled,6715915,189102,
4LErjzY_wKI,3015,enabled,30709720,83294,
PJlmYh27MHg,14198,enabled,31323124,127912,
ZoUh1pcJCqw,0,zero,312576,1156,
lO5l9G5Q8g8,1145,enabled,1026947,15749,
SDfTwu2CgDY,6203,enabled,19515757,57000,
IjHgzkQM2Sg,22283,enabled,53941375,306823,
VZuRTNidtCM,755,enabled,2280827,7360,
GoL0KeJXNCo,1061,enabled,3391669,17332,
gBZdUA8zxJ0,92,enabled,687933,1613,
D0iAkJc97sM,0,zero,10046112,50163,
0S9RAiPm220,86,enabled,81199,640,
UInIVFql7IY,0,zero,6395230,17961,
fHAi7q0PmVM,0,zero,6488116,24200,
rTBkVOYzVZA,3804,enabled,13042350,87808,
xdt13wtIlVs,1497,enabled,2911788,45944,
uDP7Pty8Qnw,19177,enabled,25416865,111786,
VtT4LD7CgNA,0,zero,4711,19,
ii5IUihNuno,17295,enabled,8298401,71368,
rmRouEds_2A,9637,enabled,6319044,124716,
MUkpQIRE3zY,831,enabled,1212951,2504,
6o7b9yyhH7k,539,enabled,3198962,23075,
8JoOpx6VwHk,4258,enabled,8185904,62449,
oV4egHXL3No,0,zero,26134013,28107,
0ppjwsz_dfU,57,enabled,279435,3397,
Rmad9etKHGE,2933,enabled,2580512,51898,
oqvghou5m3U,2768,enabled,1398787,15147,
pHNW44ubHS0,237,enabled,502205,2965,
V0669UzOo4E,2,enabled,3774,10,
GDrBIKOR01c,40237,enabled,27606514,619466,
KJVuqYkI2jQ,4264,enabled,5168320,22449,
LmiHjcCiYwQ,722,enabled,2711039,5933,
1TZAmpJ0Jts,539,enabled,564938,7116,
5NU2t5zlxQQ,8786,enabled,3084777,44219,
t5MPUqsrZek,2112,enabled,1730325,21689,
PbabP9ttrZc,2328,enabled,1767249,47514,
l9xAbV3c1OM,1495,enabled,311829,4793,
ZmO_J-_N_8Q,4749,enabled,7188571,138779,
DbTt_ySTjaY,1423,enabled,2388320,30741,
LLlKZeVA4bw,5483,enabled,3462133,40429,
JGwWNGJdvx8,1227627,enabled,6703196899,35459133,
E--lCObustc,391,enabled,61106,330,
TPMmm3cy8Sw,2724,enabled,1230615,22408,
p3o6A49QABM,1166,enabled,6171551,28010,
mbPpzKbsRRM,130,enabled,466180,927,
5hgJOzmXtWw,22254,enabled,7784923,182857,
li5KyRlCzHY,88,enabled,198926,1451,
7fgKBJDMO54,645,enabled,677726,21278,
MdlLbZSk070,180,enabled,210962,1188,
2dRr-fnPCwM,2495,enabled,2308263,26172,
p0xyhCn0Eow,1241,enabled,1756156,34099,
LUsiFjeRWjw,1831,enabled,1351991,2087,
XnbCSboujF4,33440,enabled,41938826,804340,
VUt5n84b7uc,9191,enabled,7928709,129044,
xtXbnLe64jw,706,enabled,2252503,9155,
zwX95UaKCRg,3389,enabled,5469902,62089,
de34pD6GWPs,1537,enabled,4176980,62200,
kemwplAKWsY,1128,enabled,301757,4086,
LY_Yiu2U2Ts,15996,enabled,10385049,127186,
tKZEj6kp-lo,0,zero,1141692,10601,
UZU6NTaZ2Ig,1100,enabled,3597993,5460,
O4GH2czFGvw,1624,enabled,4770907,26585,
WO48hHoXN3k,852,enabled,302148,1751,
YvC0hzvx_L0,780,enabled,780875,9292,
EQ_6lNfqXks,0,zero,1898,10,
zhkEwfrCNR0,888,enabled,3091759,32888,
0XK46ZSlcyc,1230,enabled,1319191,28004,
DLzpl42K6KY,14449,enabled,9468522,294427,
MtRY2VFyIyg,216,enabled,213123,1855,
32MRlifiEEs,1373,enabled,7910699,114205,
4WvKeYuwifc,28579,enabled,8588714,166910,
9rqIJcY9hMc,9475,enabled,9475569,32714,
38lx4gHRaFo,51,enabled,10802,236,
8I7xhTcYJO8,179,enabled,2973197,7111,
ntGTUIJ3JLg,3179,enabled,5519619,54611,
gOFtYpYtJZI,6885,enabled,3329408,25040,
MipkckuVGRI,0,zero,30300237,145070,
-QczV_6v42A,569,enabled,700966,15205,
lWxnwSFpX-s,2839,enabled,3883957,62913,
PMerSm2ToFY,1966,enabled,9474509,124128,
RuEfBtMTris,657,enabled,659241,14594,
45wnRgMCM30,408,enabled,521468,4752,
21mKbR-4VTA,295,enabled,1199916,5825,
SuJSQF2Xx8A,490,enabled,84877,528,
q2ZW0EvMzSM,678,enabled,1276395,2857,
JTDZT3x58o8,6,enabled,389291,126,
cio8LOCZPzw,571,enabled,2177183,12548,
HP_aGGgR4Vs,12413,enabled,22058738,496306,
P7AZ8HEFfx8,770,enabled,1143707,7227,
MVuOwzFGaj8,9242,enabled,35134296,241994,
hzMzFGgmQOc,27469,enabled,34772130,546263,
s5VHaVplbas,3782,enabled,3837176,39911,
XhyWuenuEeY,3,enabled,1065,6,
KSzuiqVjJg4,10804,enabled,4086417,117298,
094sL19B7VA,2412,enabled,1952634,31504,
Q0UVNt3iNv8,371,enabled,795067,5951,
CKKVDaHiM4E,0,zero,4540,9,
vmrNeIvfLp0,835,enabled,227289,2522,
9hPIobthvHg,3961,enabled,2901147,80107,
xHi0TxeFwyc,1184,enabled,730634,37347,
YwabP6B_UkE,29393,enabled,44743487,424404,
u_9KznQ3vNw,2770,enabled,1553360,10245,
aWhFs0ndDsM,1322,enabled,7427027,50075,
HhPyySDJJ_I,1124,enabled,390738,11393,
NWepvH6LnEw,11136,enabled,9434370,103228,
8TpcBDJZsJA,19964,enabled,148844867,753072,
wHunX299P_4,4830,enabled,2535326,8805,
UOtJUmiUZ08,11471,enabled,6406572,34059,
-WpK4_w7PFc,1975,enabled,427667,4439,
yJD1Iwy5lUY,15644,enabled,35676559,476735,
V7xQkJYwyi0,2372,enabled,8623031,65434,
T0wIXVGl9bs,221,enabled,23484356,26608,
MkZhzOhvr74,118,enabled,920517,1215,
-zexOIGlrFo,3191,enabled,2432337,19789,
htPjRak0vNU,7,enabled,33845,89,
btE8mDfEF34,5028,enabled,1404748,11051,
kPyVptxhJ9U,375,enabled,414342,3594,
TkyLnWm1iCs,4251,enabled,29584389,86173,
sF3OHTzXIXs,3301,enabled,3427223,56929,
MBIUdz5SbnQ,341,enabled,1083683,6801,
I7orwMgTQ5I,840,enabled,4801127,59516,
VBYffxsnsWU,964,enabled,1345435,34095,
UPxqDm_T2Zo,2067,enabled,797145,24178,
i3XpP6qdKac,615,enabled,371978,6125,
B_aMIUOaD-Q,1474,enabled,727839,21260,
MGtNtCjnGNI,2411,enabled,2736698,26408,
NXUYHPvOMnM,0,zero,708328,1020,
zyLfkbhw95U,4856,enabled,7188170,100494,
tQ5RaQOU_k0,1821,enabled,427095,3661,
ZqAZz-JhvYA,1652,enabled,1323525,27321,
NyieotGNX0Y,631,enabled,399184,4964,
NKEhdsnKKHs,3656,enabled,5315917,101930,
GjTAOOrvGd0,6585,enabled,15465976,132102,
lasCXujNPfs,4721,enabled,3976424,20721,
7zSaW69YFAg,2797,enabled,1087445,13531,
roRGPI1PwNQ,2677,enabled,6103085,74817,
ka8csjsmX6I,0,disabled,3567176,54863,
kmvAdRntWH8,4278,enabled,1244951,38918,
7yZreWNZDYk,0,zero,326571,313,
b7GsqZBVOQg,998,enabled,856857,11992,
bL9de3wEMg8,5507,enabled,4673114,78549,
YjZd9VwJ_FY,434,enabled,200503,2392,
g7HvKOplaoY,146,enabled,17234,264,
OXp64E81fBU,10,enabled,8344,80,
_uV-90VV7Fg,3034,enabled,1080803,4840,
iK6cDwd3yH4,138,enabled,1286178,4303,
sJIXqhXMFvQ,0,zero,7805051,18143,
kL3eLV1x7RM,11,enabled,23542,171,
x056ioqqn8A,4596,enabled,6665359,64897,
B9MasGFTqi8,400,enabled,306804,1966,
JGPfSSUlReM,2941,enabled,3280183,15061,
tTqeIAJxPYk,8,enabled,380698,131,
p0RaRpKTxV0,1487,enabled,2233482,16414,
-Y-CJjJ-jtw,1839,enabled,12189843,39417,
2GIAHiETVD4,220,enabled,741703,10853,
JOEF5m6GaGs,4843,enabled,4037001,49840,
Wfkzmoc6NTY,100,enabled,132835,512,
dlOPwVsI-O4,29057,enabled,92824344,648802,
Lo8NmoDL9T8,4967,enabled,2980149,73668,
qtFXCt-7haU,5135,enabled,17244503,176111,
VvqbjUtt3mM,1740,enabled,2554861,21184,
BezhHlbUqTA,61,enabled,62235,972,
vftsxst4UWs,0,zero,4906119,16529,
y9wtgk8DC30,458,enabled,3190905,87256,
CQ4irwe3ZDk,803,enabled,1153502,7731,
MbPufI-ulAE,3511,enabled,621380,26208,
_2aWqecTTuE,9720,enabled,18652685,91868,
LrT38Oo2174,0,disabled,14540625,35710,
uNS1QvDzCVw,1264,enabled,1713292,24516,
4p0BDw4VHNo,1027,enabled,1171005,6943,
_vycUIW_tsA,33817,enabled,24111867,449013,
wYxiffT7izY,152,enabled,401289,2558,
IB_gIN4tbyc,5675,enabled,10189790,102340,
ke1YKF3tNCE,9428,enabled,6589365,281405,
ASXYQigqxgM,4817,enabled,12189192,106791,
uM1AObAZATI,691,enabled,4035500,6180,
ZHGJCEh1LXM,2797,enabled,1818168,31639,
Oa1rMuhv2jU,2133,enabled,2346628,23002,
0iJZ_QGMLD0,5292,enabled,2237132,46796,
rTmvY11m_0E,1643,enabled,4682316,13986,
o2dvXWX3Sdw,17808,enabled,6735814,126301,
uGg9-5_0On4,4079,enabled,155475917,134352,
MSopYVaD8IE,1099,enabled,1231025,8620,
et4f2xo2-RQ,10,enabled,22084,233,
3hCt1R4ilr0,608,enabled,531948,9706,
x62HZK5hf8k,2419,enabled,2725959,60456,
BejXCSIa9Zs,778,enabled,213061,1978,
ND92YNQv0TU,1233,enabled,1679894,8689,
2c5aTlq3nYI,94,enabled,145619,1755,
PjHsONJbEZ4,1175,enabled,936353,2222,
J9p3vMcPVrE,5646,enabled,2719231,39089,
eMIB_tntmQI,0,zero,22189892,83354,
jWQRDwaHRfQ,534,enabled,83762,719,
qnyIr28UKdA,240,enabled,208392,3487,
uH_rIT0juiM,2639,enabled,1225706,24701,
a-8GPvIX6bY,2124,enabled,856853,9793,
D86vW9Kwp3g,0,zero,21682697,26739,
r3eaGx5Z3Q4,4758,enabled,8689260,192330,
gz_0Nh7oimU,63,enabled,317542,1872,
jR4lLJu_-wE,35118,enabled,38084200,403405,
aTOGEZJj-vg,5976,enabled,2618355,66388,
0uD-akXggZA,1042,enabled,4873214,59823,
Hk0pwDTM1bY,333,enabled,195790,1150,
N0NoXPmC3qA,1105,enabled,517576,9244,
93m-ZGWbXls,9,enabled,19700,341,
wj0qx56cwOw,11771,enabled,12496396,179230,
SUm8JDOFBCk,954,enabled,1814523,27811,
46BNoPMdvUA,738,enabled,3195247,28501,
ExUkFvlabLo,855,enabled,662001,7368,
Py0TkvwIxI8,1517,enabled,864863,7479,
qO9g1_BTz0o,7960,enabled,6234880,63457,
6_8MGi4Vq5I,0,zero,654,4,
ZnZEoOJ-cxE,2468,enabled,3126663,37796,
-P8BO_2k49I,953,enabled,1857724,18390,
RolwE1lXOq8,3107,enabled,3783798,37480,
RbA19h4wtX4,2313,enabled,1680841,12081,
ODRIEOFw-lE,6524,enabled,6664927,299622,
RQlrSvnG3dg,2412,enabled,2189813,36252,
zWnVV3-0wgw,3622,enabled,3797175,79342,
ZSs4ENbwAtc,337,enabled,299179,3885,
-X8Xfl0JdTQ,3047,enabled,2869957,56377,
WajLubtniEA,1211,enabled,3910150,17135,
M1jP4iYyUok,783,enabled,1113147,19929,
xkeiKdvYb7k,179,enabled,629477,4023,
ym9E1YG3_QQ,31644,enabled,239383377,1434463,
t8I_GRa_h-o,129518,enabled,48900034,401809,
li5HB2ArStE,0,zero,585471,6119,
TsW2sSliFng,54,enabled,105192,416,
fTMSuoS9dlA,69,enabled,452838,484,
yjYm78K6aNI,261,enabled,552689,3984,
KtglAQCxUIk,4139,enabled,9342169,207828,
OiVoKKe62qs,114,enabled,103738,744,
ufMgQNCXy_M,1621,enabled,3390323,12171,
jJOmTS9zeXI,0,zero,1104345,5560,
JhgOJoL8S6I,0,zero,4510913,30482,
95OWfZ1pXIc,28,enabled,19225,66,
gMyKNFqRyQk,58281,enabled,21655776,491129,
FXso83b8Ces,266,enabled,277615,5831,
2_eCgSlPw0o,36,enabled,174339,2291,
odzKGZNmmcc,993,enabled,1875257,30428,
lTXWNo8_tdQ,372,enabled,1158370,16762,
gEAO0b3bHhI,2,enabled,10120,125,
5LWnvV0Umvo,4042,enabled,11449594,227685,
e9Qdc9Vf1HY,2381,enabled,1207512,29078,
9fZTbPZuRJU,71,enabled,158651,1204,
4Uhe7pNqCFo,5441,enabled,7829952,153982,
DtW0VqNkM9U,432,enabled,1263859,6878,
dqvp4pSzHdU,1014,enabled,1256473,34712,
Q-s_rApzW0M,55,enabled,60237,313,
-FL9kKqOQxI,220,enabled,488898,3082,
TJb5KNNf5a4,169,enabled,559897,4952,
Dwh6EigKCWs,2131,enabled,1088415,68698,
OXuxJaYsIvs,16870,enabled,8884914,247459,
cjo72M654R4,448,enabled,69615,992,
Twvt-Vhli9Y,133,enabled,451426,2721,
NucdlR9EGbA,1091,enabled,607375,17481,
aEr6K1bwIVs,6396,enabled,16830874,81376,
Aesr0Mu7xag,258,enabled,552906,8766,
kLgcl-3nqXc,946,enabled,511115,7158,
O7H3R5bidGc,40,enabled,197759,1842,
SKV6h_5XFbk,13231,enabled,18409334,388732,
Atx-0_G1KHQ,1513,enabled,2613263,46520,
AT6lT-Ue_6w,337,enabled,1434120,6946,
rGWmONHipVo,502,enabled,1319546,4846,
bNY0zPoCEm0,198,enabled,151891,4220,
trJ-3f74oHI,295,enabled,555707,3753,
w7yp8sQekrU,57,enabled,21789,170,
OGqAM2Mykng,1169,enabled,1647898,28087,
jf_4z4AKwJg,5085,enabled,8440237,121448,
FLELBFik3qA,8065,enabled,3684617,65555,
qzdK28lP1HY,535,enabled,119937,717,
W5PJ39D0lVA,237,enabled,471819,3765,
Re6g3m9hSfw,75,enabled,230409,2657,
DyofWTw0bqY,1484,enabled,3187547,28032,
lwlDCHeOpKE,1994,enabled,3067454,25250,
6dlcgvBP86Y,975,enabled,233628,8037,
zAx61CO5mDw,75,enabled,727875,1902,
mx4wbM6UnfA,1693,enabled,3791189,37544,
w-CK8VxMz9g,16002,enabled,9012799,255475,
5wTs29GIjaY,0,zero,5166965,24090,
Y8l9u6ot-Oc,0,zero,18802479,57143,
L2x-pXRRliw,2967,enabled,4225626,63728,
ROMm_MiNuSQ,1467,enabled,5043081,57347,
W2jdX9AKkgA,1,enabled,19314,101,
sqom2VSho-E,6632,enabled,7465963,48351,
8-IwmwzaHD0,3497,enabled,3804455,49233,
ZuUfDXFZh6Y,9860,enabled,5832448,229034,
yG0y3bqaV7E,410,enabled,594727,3556,
b_7X3umqigA,1181,enabled,121801,8189,
9gXXceSzL5E,924,enabled,1799983,15552,
ILk5bAG3XTQ,428,enabled,2242875,4177,
JC82Il2cjqA,2519,enabled,8455032,122932,
-bEQKyyZQmM,1938,enabled,3231891,32832,
hSTywVwZCjw,2735,enabled,4305318,56893,
7pdAhFhPtu8,4336,enabled,2646190,18028,
3wASQVAdLRM,0,zero,2494504,5020,
IBw1Ck6wLZU,41,enabled,19368,214,
W1OUs3HwIuo,3489,enabled,6848858,58206,
wN1eQ9sfuk4,618,enabled,1575116,13998,
XvYWgdS2QU0,165,enabled,920647,5195,
KtRsk4Bjs9s,288,enabled,997733,5335,
jVKgvHEE75w,459,enabled,1524701,8284,
IU2ye11FyIQ,2163,enabled,5583834,79556,
vD1EvxL4aiA,200,enabled,148807,1668,
jEbA_ML0i50,5,enabled,18281,18,
B6M_XgiONoo,102,enabled,391733,1307,
jzWxue95WdU,107,enabled,511697,2206,
R9tQXY2GNxI,572,enabled,1147604,5831,
FmhIFpcLi9g,56,enabled,135273,1363,
076HJcu-5lc,263,enabled,92292,1438,
_FlV6pgwlrk,9024,enabled,10996000,186085,
ACEmSDRrng4,12018,enabled,7861315,134108,
5cjWNwnQDsg,574,enabled,2683546,11075,
Vh6e0gissz0,0,zero,24483116,132480,
KzelrlH_pjQ,12386,enabled,38798387,453538,
3W7nXg55mWw,382,enabled,1040931,9581,
I9LbG3Y0_9M,5732,enabled,5165731,62790,
DYw7MGYmUoQ,2688,enabled,2790616,33514,
RD0-dvQfARk,303,enabled,381299,1891,
-APnDkqx5CA,9,enabled,45683,519,
Ie4oeMp12CA,2015,enabled,4744897,78881,
8diYLhl8bWU,3440,enabled,3491114,61840,
5-idSP5Ztaw,4070,enabled,5623264,82272,
6vkA5WyD3-E,36,enabled,29131,381,
vzAm8GqsFto,139,enabled,173455,3890,
ieWNzZPfZzk,880,enabled,2283910,12455,
dwR1V-k2DZc,84,enabled,55635,235,
SkQKVMYyPoM,20603,enabled,2795303,66964,
4s-ItRekQD4,26350,enabled,7758021,241729,
kyuI4n5ILP8,1383,enabled,460989,11663,
yvAij2J8U4c,294,enabled,56625,1521,
O6BODAJVYc8,18008,enabled,4812590,125428,
-4QG20gZ6HA,117,enabled,122442,836,
itoNb1lb5hY,303,enabled,810110,4266,
wB66zwP3OZo,250,enabled,190617,4349,
oFX_Xq9WHTI,20117,enabled,7114521,172390,
DZd0LKTpQDI,171,enabled,239050,4677,
a5Ck2qNAGmw,4418,enabled,7579917,164525,
l79FuGuk1qE,3552,enabled,1058090,14621,
plXmbLAUTRg,360,enabled,519819,10334,
LoaEy7CCC1E,27308,enabled,106660427,911910,
llRkf1fnNDM,1275,enabled,840059,18837,
6AYsrOPsAc4,703,enabled,978381,14905,
fF9-XOEpFS8,1605,enabled,5535249,89172,
pbJdS0hGoEQ,967,enabled,505023,9300,
1blupI8Nd8M,896,enabled,533387,3425,
FxFHxKWtWUA,4819,enabled,2338727,70687,
5Ga5Fc6cBHI,1981,enabled,1067018,26938,
AJUiQU8-w8E,3184,enabled,816836,24633,
5xWVBcTBLW8,1572,enabled,530521,5533,
OrfdHty3GIo,532,enabled,1021280,11994,
743u0pdikbM,403,enabled,671726,7081,
eZ6GQfXEmyM,10,enabled,60644,307,
TpBF_DRxWSo,309,enabled,211454,2594,
pR8vgeldyxM,7746,enabled,8476311,204115,
DDcsnZ0nYB0,1391,enabled,450289,9727,
_a1dayJI9e8,46,enabled,36342,112,
ePTTUtuD_d4,302,enabled,231695,2805,
hYsYuRBxRSQ,2848,enabled,1416547,10334,
UqvXc4q0NyM,2535,enabled,573359,16000,
tUbwnzNY54w,73,enabled,109276,1038,
VorxBhRxZGo,7363,enabled,19506647,166913,
zGtDz_rGgs8,4624,enabled,4153205,88624,
-KYkFCTfEjc,257,enabled,58660,1513,
bHtkjHSB5Nw,1122,enabled,440562,12590,
3mier94pbnU,167,enabled,892023,1841,
jo3Yb4cJUrk,0,zero,1892569,9601,
t6WKWsUBkaw,3229,enabled,10043539,96348,
dykgtGv8ozs,17028,enabled,2723364,22965,
IoQ7dU9Dq08,350,enabled,336177,3292,
rNVE_Ch_Q18,1776,enabled,462722,2699,
orlC31eFTc0,193,enabled,158203,107,
HsxBw6ls7Z0,9090,enabled,22526744,408179,
OXi_rvD6r10,6242,enabled,7696566,190579,
oGEexn6aH1k,1369,enabled,1166679,24538,
VFOIVrL66UY,1360,enabled,255416,12632,
hQtaQSYh7OE,65,enabled,93967,185,
C0KnxhQMLBU,3935,enabled,1584929,13797,
NTANRreg5_s,108,enabled,26401,924,
L-0FkEPPdXE,48,enabled,218484,513,
ktWHlSRRbMY,13690,enabled,7038158,249387,
v6ubvEJ3KGM,735,enabled,1709607,12949,
_hvQBqB318I,898,enabled,424880,11857,
CMbx9tW1b7I,4590,enabled,2633737,7947,
kbJeYsfI87o,0,zero,1931412,15397,
4oqfodY2Lz0,13983,enabled,11591132,82881,
BuE98oeL-e0,707,enabled,1699314,3884,
b2M9TE7ZJCI,32,enabled,42756,28,
GHSqIptANXE,154,enabled,1236732,3501,
zE0qp3Yje6Q,300,enabled,825869,7572,
ykNldBqag3I,55,enabled,16395,68,
0J4u1FD87FM,3450,enabled,2205328,35365,
1irFXrUJNOM,8683,enabled,2390622,64108,
ZJj8YZlkPbE,625,enabled,3127865,38932,
6cVUDFsqMRE,361,enabled,1886285,9185,
GpUUmOcQzEs,0,zero,66960,645,
gtuFNW9DGvs,117,enabled,101420,383,
4mvWuky1g0g,3313,enabled,7102432,20989,
DOcM5degIRw,0,zero,3834145,51603,
VYNWcdK5UT0,0,zero,21272183,60057,
6mNcHDrIMQc,3779,enabled,7193024,159649,
NzNrgRtOtnk,235,enabled,217500,1911,
bRJefohqsP0,1590,enabled,5028969,25523,
HoGa9HOdczQ,2670,enabled,6315633,117995,
Xc_YTdVw7SE,11,enabled,1300,59,
CT3eA2t2G28,15437,enabled,7217110,80138,
Pw07OzQG4Nc,5099,enabled,2484525,68796,
-ijI_kGG1eg,10345,enabled,8873370,246143,
qx5KOKjwoWA,29,enabled,26797,204,
B2LG3DmVBgM,30899,enabled,13334954,207558,
0i7324JCkpI,13,enabled,41260,266,
cTodS8hkSDg,1669,enabled,2542791,19330,
XFfiwH1M6HA,2687,enabled,3391442,20510,
_ExElHdrMA4,11,enabled,17532,119,
bAI6N5Uo7SQ,0,zero,21369035,227259,
jMYQLD89KzM,81,enabled,177114,681,
5eIj1nDUs9g,10843,enabled,12789440,235257,
_Kr-c8eBl5E,1838,enabled,4775918,51944,
JsNt2_KHVYU,843,enabled,743439,10907,
tfY3i0z8bjU,0,zero,1005249,1285,
zv7YSEIOxwo,1260,enabled,2274407,2107,
hAjEg2AOsHU,858,enabled,2747529,32431,
8IySBl2aq-A,5766,enabled,1797719,1174,
l2StCpw8z-s,1434,enabled,1361454,26592,
MSAuxfx4Z7g,0,zero,1995073,2612,
odF4GSX1y3c,4861,enabled,3801954,54020,
MAMAUSDuHRs,30789,enabled,9411389,61169,
63oSaaM7XXM,0,zero,1247111,2515,
54xMw6eouOM,528,enabled,3194665,12335,
ndii6ejF9iI,3096,enabled,908713,7245,
e5d5Mo-Gw_U,8109,enabled,1749120,43292,
gaN-hdI8ktM,0,zero,5308906,66781,
DAs2OQDuJNk,345,enabled,585005,3763,
dFl9hi_TjHM,40,enabled,4291903,12733,
LnuggBqatRc,27,enabled,15374,289,
JL8CbCryZs4,30,enabled,298335,1212,
pSPJTMcpG98,2393,enabled,2306605,49603,
y3-bgEZklpc,654,enabled,563740,4090,
AsMxoUh4Q_0,151,enabled,357175,6247,
STOJftffOqs,2973,enabled,4048687,124991,
h_yG5sp9-AQ,0,zero,511290,2656,
Rnny2C1RFHk,6111,enabled,1735817,17997,
wyzi9GNZFMU,4076,enabled,4588766,40066,
v6gP5rsS2MY,2429,enabled,418675,4245,
CLlqQVTQyvE,2131,enabled,485725,7337,
T_Fskj6ihT4,641,enabled,1414717,11400,
WLYHu0AG8GI,7114,enabled,13467456,185825,
TK-NWr5JBoU,0,zero,717600,1425,
--ZrYtRjYfs,221,enabled,3087853,14898,
iK_OHRZX4-o,34,enabled,85604,212,
8NfJPoIQD5o,10,enabled,53284,317,
BJhlqF263GE,992,enabled,2592913,25987,
Y1wC1qkyU1Y,125,enabled,424781,5197,
_GgfLZFj6kM,27793,enabled,87333974,795236,
ytRtbCQJzXM,10,enabled,3412,62,
6_jUbk_Y5v8,607,enabled,1115614,13550,
8qGCleYV4cw,13000,enabled,12568923,377139,
HKuCPqUpp4s,35234,enabled,66120202,1893584,
lrKFptm1T2w,0,zero,295701,470,
W4c-gX9MT1Q,5885,enabled,1515331,24457,
cOi2nyiWFmY,1491,enabled,1713060,13085,
DshYHUvLaDc,427,enabled,531644,5533,
6ll4-OiLn4E,1065,enabled,5140347,22209,
oSRv6znj-n8,26746,enabled,46560726,506227,
FH8ufRX22H4,342,enabled,338191,6710,
bl1k2-cLdV8,98,enabled,430790,2136,
Ussqi3nagrQ,0,zero,31388898,524863,
tbKp8OV6F64,14994,enabled,7973622,69321,
lhk1tV3BVVg,749,enabled,370682,3456,
LfQ03oj9fO0,436,enabled,1385073,57308,
KQFpHXJZvZo,47,enabled,165163,754,
hIKk4Ohugro,24,enabled,45601,121,
CdX4VYd5VXk,1417,enabled,2292627,30674,
hFAOXdXZ5TM,5480,enabled,4542819,98355,
me0mKBhz7D4,107,enabled,421356,1854,
3QUK8gN1oSY,6520,enabled,22121198,98692,
a7D2TS0Y1Iw,9,enabled,40724,52,
nKi7CzP9Dxs,2861,enabled,1669223,13302,
DRT5qRhPOyY,1458,enabled,545554,10972,
5crcqcEGdiU,1270,enabled,1892904,99997,
TxlwLr4b4E0,1720,enabled,3586345,50402,
5mZovjRlkWs,9770,enabled,27061567,256811,
vtaNsGET0aU,88,enabled,123671,787,
bOvBA7oIIgc,351,enabled,1277208,12207,
ub9byY2pgyI,548,enabled,1145990,10400,
oxrLYv0QXa4,1447,enabled,1264791,24184,
dE6fDODNnHM,0,zero,2509228,17037,
4YB6mVWadKQ,978,enabled,652923,17769,
LFBtUNARQoQ,40,enabled,29360,204,
lha-vqGEiRU,0,zero,14227144,49764,
E8m6IhYR3f0,119,enabled,88315,854,
bLW-o5UTWKU,1390,enabled,2267116,12627,
nHi-3jP6Mvc,104,enabled,540460,4623,
iX93vj2zclM,231,enabled,276622,1517,
awtMPTl7Cks,3114,enabled,1566884,26444,
8k-JK-QgAgg,1681,enabled,806091,25988,
V82qSnN9eFE,12329,enabled,7299375,100135,
A8g2a49CgGY,549,enabled,114021,3856,
IL5h7024-5Q,1033,enabled,4848630,40762,
gz4HXyxcess,1657,enabled,3417639,14651,
RWwhA2v9UFQ,1220,enabled,7304007,19711,
X5iXhh98v6k,31814,enabled,8872285,228616,
x_5G5foFtqs,137,enabled,131178,595,
Kp4KtnxYT9g,731,enabled,3979413,34119,
wlQwJWQAQ2o,57,enabled,174043,1971,
LUtcigWSBsw,233,enabled,763463,4030,
6kJijFOoL4Y,0,zero,2387303,3758,
bRmWNhqLbvM,78,enabled,24907,677,
WTfrF35eKfQ,2247,enabled,3025624,46502,
YqOsW1X1-O8,706,enabled,1143658,13757,
ND0D3bVbM7Y,2818,enabled,2546670,50953,
wM8WwhP-YCY,2142,enabled,448656,6776,
cCBdVQXGR5E,0,zero,6193543,3454,
CJlqsdezhhk,21599,enabled,11462434,284862,
rD5goS69LT4,2165,enabled,3781944,112903,
AAgUWWval0w,5233,enabled,16845764,155131,
leY7_KrX7MU,2049,enabled,658488,11866,
qFjw6Lc6J2g,2803,enabled,1945368,51274,
K6m9HQoQrw0,654,enabled,1015302,5699,
OmwE0aJqkdA,2335,enabled,6684474,96852,
Tqt9hZcWhJM,1323,enabled,2476333,37823,
2fsMce1OvXY,1945,enabled,11967953,64954,
xR1sLdupUDs,6994,enabled,10016672,81307,
xIVnVU9mr5A,6,enabled,45673,251,
cqpXL78yRqc,5116,enabled,7849145,225894,
v0eafGbrSJ8,10037,enabled,12950404,173586,
dVRl1aP28BI,1028,enabled,3343284,46297,
8Vyh_lmhWjc,209,enabled,34325,1338,
30ALDLB7b2Q,37,enabled,16004,204,
K-bZQJ3P9N0,6628,enabled,5568827,51148,
U2p1u13R-eE,685,enabled,3619531,16716,
c38H6UKt3_I,218,enabled,1257981,4959,
fpODCjxgtG4,3920,enabled,3148351,61299,
No8-mBek3rs,29488,enabled,74114332,745553,
s93JwdmZieA,444,enabled,207838,4170,
ctRKt5pG61E,839,enabled,393039,11105,
gErOFu61v-A,15362,enabled,7008867,71827,
Y2OLRrocn3s,2433,enabled,31166950,31692,
ykxAMZRT6x0,6,enabled,40368,26,
NkgW3SLLZgU,2196,enabled,4258138,46350,
rD8XRjYBwrA,4279,enabled,2519328,16481,
uKkDGmDxVFo,573,enabled,249798,1763,
P-na0b2saiY,77,enabled,15336,243,
Q-mkVSasZIM,9519,enabled,8574581,96720,
e4gcT7f-4lY,184,enabled,493549,343,
20EHzZeiThk,2380,enabled,5126801,5255,
gI7XpnnDy7o,0,zero,491381,601,
6RQ9UabOIPg,12189,enabled,9931147,221890,
XgY-seKGm3U,224,enabled,107401,681,
bb3vsDFQg38,2844,enabled,930883,26489,
gIoQGs8lvxk,6186,enabled,5210421,58782,
L5JUP2B7GKI,482,enabled,3506333,35049,
Hawb0gKzf0o,65,enabled,250963,4430,
iJnmHhgGcrQ,219,enabled,409867,4107,
yIWgl_8Qx8k,385,enabled,1167187,13681,
I7DgXRGxvAk,27177,enabled,19064007,158204,
ak6Xx13IxnQ,1148,enabled,1562133,79022,
DWsN63PRCW8,4520,enabled,14139378,14502,
wBor9KB2zQE,2159,enabled,3815393,57948,
wiu6H9YRwzg,0,zero,9594976,43036,
3xM8hvEE2dI,1832,enabled,2079032,31204,
vKCXetiCYn0,326,enabled,381731,7159,
k2jiK8zWsb0,13348,enabled,6579012,113899,
hW7DW9NIO9M,9870,enabled,6192021,97449,
fazWK9yOpbM,0,zero,4160784,11292,
sHCHEykUxP4,53945,enabled,32611445,786037,
AIloJ4JlZEE,712,enabled,266801,12606,
Ot6nB-zWjzs,42,enabled,21404,247,
j3yu8grhZB4,338,enabled,283169,2471,
Ho4n5MZDsDA,37,enabled,67774,385,
pXo0bG4iAyg,333,enabled,1061533,5117,
8Vj9avZxuwI,9676,enabled,17709074,258738,
0w8Va2joeFc,164,enabled,86076,1157,
APFqPoXBE2o,1082,enabled,713779,10161,
fne2O6mtUFc,12970,enabled,3864265,66086,
D7aotMarYQU,3653,enabled,6302215,207298,
zL3FtrYfRXc,0,zero,726211,4325,
513AcwgTUD8,0,zero,1096347,1565,
sCrJGd442Ak,523,enabled,337144,3488,
8s9joL_AGfo,18306,enabled,17198648,365530,
iXpxnxAL62A,5272,enabled,18700816,202832,
Kk3w7dr8KCg,670,enabled,702677,8171,
mjHyIttjpKc,181,enabled,180818,2079,
nYxlpeJEKmw,3144,enabled,688769,12430,
p4TBR7TRGJc,1584,enabled,3465308,21855,
hiqv2OxBiHc,4151,enabled,3030227,41811,
pz0NMKjZY44,102,enabled,15695,394,
d380meD0W0M,22321,enabled,5056451,190749,
CjHlcRjfB9E,3326,enabled,6631032,108715,
bxr7y-tA4gY,0,zero,3342,25,
2gn-QZ_e06k,1432,enabled,556825,14506,
j-JOG2mUt0c,4725,enabled,2505244,26646,
VDqvAAHFvlc,6294,enabled,4589900,195935,
9AaZljojrYc,23243,enabled,29138819,149888,
HngYwnkAsLY,1420,enabled,674280,17852,
1cpdAodx0Kk,0,zero,560016,17352,
Ij-u2bHo_fw,821,enabled,670198,21977,
824sqG_QBAE,398,enabled,246439,3801,
DkWWnXArezQ,259,enabled,54414,361,
mKc08iYhW9A,1413,enabled,3845514,37759,
K0LLaybEuzA,38519,enabled,43636762,194715,
MhBi8_2Lnzs,239,enabled,455566,540,
pMoA65Dj-zk,230,enabled,1815612,5617,
1_HBgvmrhGU,280,enabled,357809,4319,
D74AMYkYbq4,168,enabled,374420,1485,
KzqMzX4_1Eg,3566,enabled,3888933,20931,
PcM5JCGsw3c,4380,enabled,3129610,94857,
jDF-N3A60DE,3803,enabled,2327415,39705,
bUFGI2gwjWk,1478,enabled,444179,1478,
IbhrCSwAoQ8,141,enabled,194509,316,
tYg0VgPy6Uk,0,zero,4952051,15355,
K9PkToULL1c,1707,enabled,1447135,5790,
9AKfOiYY9Rk,631,enabled,267036,2790,
cj6v-fBXtpA,4,enabled,24803,48,
EvCCwnLGtLY,30124,enabled,33873426,265393,
EkCifM0kDd0,6938,enabled,795092,8985,
RZGqeOfZZk0,103,enabled,351420,1354,
UL-mgPq8cAc,9804,enabled,997605,6419,
beiq3hoWzFw,10750,enabled,16472138,194057,
SENzTt3ftiU,3973,enabled,4238513,156309,
-K2VHQr0OVU,150,enabled,119378,1226,
7NW57x8EPsk,0,zero,205251,2209,
pX8hyM1a-sg,2617,enabled,3280110,34021,
3kBW2YT7Jxg,0,zero,428,2,
RygLVGaabf4,5706,enabled,2264578,71492,
juGNz1DJ4xw,3432,enabled,6245041,45284,
CfG_qg8KN_E,1629,enabled,2732614,83705,
jsp_ia70cMY,296,enabled,83305,338,
4gFpwYD7qV8,15,enabled,65392,205,
POtV24aOI5s,5189,enabled,1104176,68713,
VRpBybVl5qY,130,enabled,31071,460,
93M3La8n8mw,3021,enabled,3059357,22052,
o268qbb_0BM,24755,enabled,15131563,520867,
OF8tVhpbZXo,8,enabled,3285618,6588,
I2Ej4Jpquas,2776,enabled,2063902,66123,
3HmP-fq6r9M,1379,enabled,1632092,40192,
ue2PPZnaaNc,685,enabled,642203,12415,
oXGm9Vlfx4w,10779,enabled,19388691,226496,
qAYf7HaLbGE,60,enabled,293110,921,
_EfjQZK6Dj8,3074,enabled,1011979,5303,
gxJ4M7tyLRE,10819,enabled,4653636,79858,
9YfUtdsje_s,17,enabled,21369,54,
3qXYjBxnteA,2655,enabled,3704514,6546,
HZaYHCBfVqI,1481,enabled,398523,2669,
VcaT_wRwmuw,96,enabled,3605592,1263,
DPhSKP8lzJk,860,enabled,282102,8396,
j7F7Pil9tVQ,4786,enabled,2765678,55820,
4L8GLCYKaTI,11148,enabled,6644316,50200,
W5lqFoRhQok,0,zero,649811,1025,
dIgGZA4qQoc,1048,enabled,2509882,12103,
cdg193GvnBA,15603,enabled,36166259,123717,
LctF35WM2sk,2826,enabled,3313765,36836,
Z6iFvGyae28,7180,enabled,9723397,311630,
WRmhToZfoHs,2046,enabled,6188886,296254,
YM-uykVfq_E,4011,enabled,4859986,111288,
ODEUK5sB5vE,2176,enabled,3525722,21547,
qDNUQI_sofU,124,enabled,211656,2791,
qMzt3yQFT-Q,2401,enabled,7460999,65298,
15t0h7V21zg,1653,enabled,2467097,35994,
kzT5gTHirLw,22,enabled,23581,152,
1l1K79zgaVE,782,enabled,912230,7109,
4jCGlpLWlhA,0,zero,459844,1281,
4G_1Hk1ILEE,16,enabled,23033,84,
TCI8lPvr6SM,2221,enabled,2610136,71983,
DsMJLHjen7s,119,enabled,506255,5190,
hk2eZdhTdMk,1425,enabled,5150735,83474,
CxTI66ZR_JE,702,enabled,349214,9758,
wNK-9CGQ9eM,2285,enabled,2628563,30048,
StJTV8bx-jk,4000,enabled,2398409,25028,
Zk8td7OmQQE,0,zero,12603885,46753,
19AhMAKz7B8,0,zero,3103615,24591,
oA-fc3D09ZY,17695,enabled,19489474,267524,
14FZa6nEpYI,12,enabled,14731,186,
gGWsK4pAdog,10,enabled,24197,166,
WFAEHKAR5hU,665,enabled,524970,15636,
SD2LTwgBd2Y,485,enabled,489601,2986,
f99BP3Td1_M,22823,enabled,18503962,246962,
vCGtkDzELAI,8605,enabled,3675155,82289,
uWuOBonC1ds,191,enabled,155089631,107247,
f-Or4SddCeI,13,enabled,93295,660,
3bREysjf7nA,3778,enabled,4016673,83105,
LvAIBDGIYE0,585,enabled,2395573,11979,
m0XrO4YJyeI,0,zero,86986420,168840,
7HGSuE8iLVE,6054,enabled,4436389,19448,
xKg9Vl_Wg5U,11484,enabled,7300783,191234,
TXvnwMYdcyQ,106,enabled,376717,1911,
CtBXTvtFaCU,425,enabled,1883266,3801,
Gy_V8R0bb6s,10,enabled,4918234,12817,
RCHlSkUgcXE,734,enabled,356861,10475,
YEaSxhcns7Y,5100,enabled,6126035,116275,
11K013qpRR4,6512,enabled,5756190,52153,
rMl4Q0qMSeA,33,enabled,266995,1795,
sTExU8XsvOw,1753,enabled,2032913,16158,
mRTxG1pW_tg,2108,enabled,5203989,54250,
c48_kjRFsPs,0,zero,2671766,8829,
hHTE5xg9E-g,10019,enabled,3882382,75696,
kKGbrXLBsjg,737,enabled,1128982,11767,
c1gCtoxyfF8,3572,enabled,2667658,107224,
EBXBzm8z8KY,1084,enabled,1399945,13914,
r02EBnp2EFk,47,enabled,15720,183,
vze4NbQCGBA,759,enabled,4415638,4412,
1cyPyEQ4OHI,947,enabled,727753,19274,
fkPxBZK2LVA,4,enabled,23469,62,
xvqBuhHr9ek,0,zero,5407766,24328,
Bvh062AL7SQ,80,enabled,206088,2288,
yLXyg-7gIPE,28,enabled,16082,254,
VMzJLyh03RU,615,enabled,1004215,5141,
tee3M5zKOTM,44,enabled,73859,131,
T-ZcP_spILM,0,zero,2847591,17954,
FRCdfaR_IlU,179,enabled,175381,2808,
NgpEh_EaKe4,3357,enabled,3002425,45686,
6YJ91FKZHI0,14335,enabled,13799416,118926,
_TNSUIsjdpY,6422,enabled,6721146,129850,
oLPvMY8XToc,153,enabled,60720,520,
sd-Ti6QFeaU,2851,enabled,1075598,4598,
AZL4Z7yrrpA,12,enabled,116029,297,
WKGhYrbrlzo,9636,enabled,3522866,101302,
8KtkmCjceGk,282,enabled,209255,1922,
M-a3bLQ4N6M,95,enabled,44849,258,
dmNddThxi4c,508,enabled,2771265,7124,
unAk_WU4h8o,10,enabled,988749,198,
UEDO2jJhUBU,5,enabled,15182,51,
tq3Wy6uqPfg,0,zero,2495782,9046,
PBgSDD4JIhM,394,enabled,361376,19245,
gemEZCYpKKg,152,enabled,282438,3213,
Q_49iWYE37c,4224,enabled,4009181,17744,
EKvHQc3QEow,320,enabled,2010534,7197,
k-BkKCUBGwQ,3783,enabled,10067362,104079,
_EzB6eTni2s,0,zero,15863268,71279,
5j9Syov0AAw,4832,enabled,3791850,70706,
-cn4uTyhONc,0,zero,705500,2083,
h2nqgKL2JQU,1022,enabled,1097796,30768,
FWMrOXCB9SA,557,enabled,98933,7121,
Rz1r0ZFqCuk,318,enabled,693035,6251,
W9-eEQbF8gc,79,enabled,26542,672,
ZgJeXyUPwLI,1072,enabled,801107,26217,
00KGL-HKPhU,4758,enabled,4678263,83931,
i1dAnpSFbyI,285,enabled,644607,6161,
m2SR5a7AndE,0,zero,3400175,12990,
jN-FfJKgis8,8773,enabled,10555996,94438,
T6W1kA8BbEY,23114,enabled,6973040,285112,
6XclNbQDM4I,183,enabled,173434,1416,
wxv7OEbrkmE,27078,enabled,10281651,417376,
2-e3RYWr758,1236,enabled,1776806,16589,
hO1tzmi1V5g,4619,enabled,6227627,71440,
hdNl7Doj4KM,1083,enabled,5842266,12720,
xLV1ZHEAaS0,5009,enabled,1638702,17379,
yu7nmRITpaM,22921,enabled,15630856,321370,
H88jyTONo7I,105,enabled,240248,1052,
F8whjrksd0I,1173,enabled,1403102,28268,
jVIwpjHazmg,30,enabled,59215,804,
ye0Xblp_Nb0,15592,enabled,6727327,26055,
G4PS7WHlgi0,714,enabled,2907756,16594,
VpC4X5-cXpo,79,enabled,26219,102,
0u1e05o4NUw,1974,enabled,309838,3233,
BFi3Lleh5s4,580,enabled,1666284,13659,
dnZ3uxHBp8E,234,enabled,478846,4000,
kihvf7hVlvE,3117,enabled,4595457,38907,
6LuHS7ZeSjE,3787,enabled,11001708,134286,
OFlA8wA7Oto,0,zero,553,1,
q_K9lSiIu4k,158,enabled,120196,416,
ZQ-2u35cx9E,9410,enabled,18581524,20040,
4xfYfgpjtws,1624,enabled,4050285,47765,
qN5L2q6hfWo,55839,enabled,5488184,52836,
3UUet_8HU8s,862,enabled,417201,5084,
zNTxSBgDNp4,2516,enabled,2616223,69613,
QxvbHFtZ1Jw,6162,enabled,4055098,91796,
nn8YGPZdCvA,8570,enabled,7425405,120450,
j9Uh_RucKz8,9457,enabled,15964798,196870,
hYw8Zph-9Mw,48,enabled,136353,1456,
rKHiRs7WM9g,0,zero,20237882,11338,
oz7qT9oqYGA,161,enabled,223288,4303,
xJU3h34DuFg,429,enabled,476556,10892,
yhg4jkloYQ4,11967,enabled,3048256,10409,
PYECXC267Ls,51,enabled,280282,982,
akGGkTNuZ10,751,enabled,265036,2874,
euGhNDlWr3w,0,zero,7534455,18751,
t7-BAJEnO78,1289,enabled,1595763,14926,
0vyW65M5X6E,0,zero,2796109,11443,
UbPbCGnUj5g,827,enabled,2176390,19538,
rzGwn6C8OmY,582,enabled,644819,12278,
__zy-oOLPug,101,enabled,769290,1406,
XYlmP9aX-Pw,3644,enabled,21916957,79913,
_Oc9tKkH7WE,10561,enabled,8344522,220105,
5m12-fbZJ7Y,1374,enabled,173866,2177,
-5bRd6hfZOY,87,enabled,66928,702,
mAZTtCviIx8,0,zero,24957,364,
9CZfG3r5JBE,12,enabled,219207,126,
BkefOKfxjo8,6,enabled,310650,64,
vHrmiy4W9C0,1955,enabled,6752114,80523,
Hbv5V07-yzg,0,zero,533,4,
-qpAwhVk2Ik,4,enabled,12441,69,
fiEYKSMcHAI,3112,enabled,6151173,74161,
R8pYhnybXhQ,28,enabled,148188,164,
4M98x-FLp7E,4509,enabled,6853918,62779,
2jQcuiXpjcA,623,enabled,1101151,15618,
kA1pmsOGv40,2430,enabled,4862241,66018,
14ab5bUR-so,8,enabled,7617,35,
y2q7A0ZqwGE,855,enabled,362019,3517,
bI7AUgp5fPI,11928,enabled,15209649,106536,
4_aOIA-vyBo,47527,enabled,28218414,632577,
WV-0-7xJXUo,6841,enabled,13419737,160100,
F6prNuyNXPw,1800,enabled,1145911,23287,
ba63OVl1MHw,11837,enabled,6075295,84134,
y9h1oqv21Vs,20762,enabled,3669757,73770,
wkl1ZldQKvU,1183,enabled,191890,2937,
yOP0R4GaoeY,319,enabled,327744,5553,
_7VHfuWV-Qg,367,enabled,1940599,9752,
l71-9b5VDRg,499,enabled,473462,15312,
0pqjvH9Y3Tg,2027,enabled,6676944,30558,
F5F18o8xayA,11303,enabled,5648227,31040,
sgfapaRiAvI,439,enabled,702658,26636,
2O8ZnSN-m4k,13,enabled,19910,78,
Wx9vPv-T51I,2061,enabled,9111749,57412,
NwJQ312wc6M,7122,enabled,6416715,123068,
axWdKP868mw,302,enabled,29002,409,
vvQg6Q4jAQY,882,enabled,779724,11373,
tvMd0_FG7m4,11,enabled,16964,93,
rFxu7NEoKC8,70946,enabled,38004653,411499,
oxbfOrmVkn8,660,enabled,1325786,12206,
m4gWxp68cMY,4233,enabled,2164329,8160,
1OQ5a_BtEso,3752,enabled,354029,12888,
SsEGlRakmmk,6456,enabled,1466566,5218,
n46YLRQPzok,3532,enabled,826209,25384,
bEBc7B0ZVao,455,enabled,63049,349,
bTJ_1so-PGw,583,enabled,759331,4200,
XDniN3k5aQ8,29494,enabled,15637572,132306,
Qzu8H9gASBQ,382,enabled,246607,4556,
8NXclg93-V8,196,enabled,244551,2425,
lOl-jySoseI,226,enabled,905476,5338,
wec4TzusD50,1441,enabled,506918,18653,
WiTgn5QH_HU,3948,enabled,1970386,50762,
amDWC9XRCC8,0,zero,5709055,34515,
G3AWIWJPwxE,2362,enabled,2620566,25995,
UHvuiXPyemI,29696,enabled,8611102,180328,
dvsHQldA6fs,416,enabled,656920,3216,
uSHKzkUcOKM,387,enabled,640491,12401,
x4mc7oLpfM4,173,enabled,24653813,27522,
3koOwozY4oc,294,enabled,750148,3523,
eTSSApFkmzA,455,enabled,292539,10789,
y4pCl0MWNa0,4210,enabled,3891863,76310,
crOK7qROH18,0,zero,2400877,12319,
x0fbPF7F2Ss,78,enabled,287193,1274,
QMvjbz8hG9s,1912,enabled,4065823,33722,
yN1xldL7lAE,1254,enabled,216507,3194,
S7ta4CfXu1Y,2590,enabled,1124667,11615,
ScJi4WigDBQ,871,enabled,1081434,6255,
mJqSoorwojw,945,enabled,421364,2724,
z_fgyACCTNc,150,enabled,580184,3383,
qBfyIQbxXPs,13123,enabled,7298120,150642,
LdoiBdNeCbM,531,enabled,2016242,100628,
lHNInYOip4c,289,enabled,137060,3957,
bPN2gOsil_k,7058,enabled,25240344,177524,
AMqtC8jXvTw,885,enabled,821920,1718,
FAivtXJOsiI,1625,enabled,1536831,14405,
U9BC90sXIoA,167,enabled,116316,2464,
il0EJrY64qE,462,enabled,1838890,7517,
pOhl6oVpEes,5610,enabled,15222502,83553,
f1yaj00AnUU,189,enabled,154460,1970,
bit0mYbdnBk,1187,enabled,4861878,24017,
Earaz8ZpLHo,1273,enabled,2046812,21129,
Rm_zQP9JIJI,2133,enabled,1259219,21587,
waeXBCUkuL8,3984,enabled,4140506,94195,
Mpgwu-xpG5w,1565,enabled,717855,7044,
lepQoU4oek4,9171,enabled,3199441,104857,
IR1zaij35tw,19209,enabled,4207676,18260,
kXhJ3hHK9hQ,1647,enabled,2685635,41523,
jC9l0_NClrY,12990,enabled,40375786,338339,
UcoS9aQItgA,713,enabled,502700,7900,
5ffl-0OYVQU,279,enabled,1181775,14861,
4epd5z2rJRg,1152,enabled,549153,3998,
XN-u3q3wgtA,6518,enabled,11600757,201189,
G6GYjm4KUYw,1213,enabled,1523849,12680,
P11Kh6iktw4,122,enabled,368523,535,
6hhaoTNu2a4,518,enabled,1504173,11589,
ZJDMWVZta3M,0,zero,90795807,517680,
ROBTDSK46aU,5904,enabled,7588572,113462,
0f2rlWxMu3k,148,enabled,153712,784,
V2fxoCS3v1o,466,enabled,532964,3488,
n1SpAepT8gM,195,enabled,264688,3410,
wfaZ8QQwIUM,0,zero,570299,718,
1690vwLAQuA,6254,enabled,863499,14411,
4IG0freUoog,793,enabled,1000471,17678,
PaVFa5DWIVU,1173,enabled,10412207,55784,
CCQysh2Ci0c,3333,enabled,2266885,22117,
QOcnSJD1Jiw,1966,enabled,1189057,3087,
hgVZtxnNpeg,12064,enabled,4166497,61372,
2JZu_F2TU2s,416,enabled,342398,13903,
t3P1p6vF_CY,25779,enabled,40508552,363200,
ixZY53z4i1Y,602,enabled,2400515,23388,
YhSPDqqgO3Y,2286,enabled,3903882,19641,
JFfoYMMzCdQ,496,enabled,1242365,17345,
iSYuNwtRnsQ,0,zero,649854,4934,
HcnjSlkzZAg,248,enabled,166180,3144,
j1oVt2DZG0s,5532,enabled,31793050,298852,
TlvNMlIMWhw,3892,enabled,1589231,7933,
_c5Z4AW6Cls,4505,enabled,5320054,97804,
TkJNRofDgA4,0,zero,3878271,5893,
DWxT_RtyDiE,815,enabled,3049328,14077,
6F7quI-MbzY,28277,enabled,7562781,195072,
Qhu1GXSehXo,400,enabled,6840925,8525,
4I5Q3UXkGd0,20718,enabled,15306007,400556,
PXLiW9IB5bU,2787,enabled,4837390,53995,
MRUiUChzhCM,666,enabled,813408,9182,
RiM6ASvMTHw,0,zero,166465,272,
Picwdokh_5o,22,enabled,14154,51,
PFYZoDZpMsM,0,zero,130207,1393,
2vKIJJyI8fU,1335,enabled,187255,1870,
PimSVfMgplQ,131418,enabled,10506207,223823,
Lpb3Zms1_eM,497,enabled,733771,4846,
jZKIHe2LDP8,651,enabled,1293601,10960,
WeyLEe1T0yo,7935,enabled,7012581,127848,
oFLqaSNp45Q,1955,enabled,4535258,25182,
FRLRBpd3AW8,939,enabled,664979,26990,
woMQRKuIB48,36790,enabled,45261711,391072,
H19txh2F6II,306,enabled,480108,1317,
vp12ENCwrbQ,1077,enabled,7102896,57730,
tjrvKA4w9-Y,14486,enabled,5816454,167309,
gqskRfwr95g,205,enabled,326694,6044,
ruM4Xxhx32U,1060,enabled,4392584,42086,
thv8myYCUQE,343,enabled,2248646,19200,
mjMdwlHh2SQ,175,enabled,169876,2861,
g3MrlZIHf0o,152,enabled,197802,2709,
VJJ90qpzark,8596,enabled,3644967,118123,
wa_4HAutYnI,1,enabled,12669,30,
Vqw-cP51MSQ,9069,enabled,9463987,137973,
HaKX_pz3C-w,1937,enabled,3523652,20367,
qDmOLMkfmgE,5280,enabled,3711728,83326,
0NGei3H8yRk,8793,enabled,7317912,107183,
Cm-vcZPkCzE,0,zero,545284,5207,
H2kXWO02gAA,302,enabled,592476,4641,
DNTzKHkxki8,20049,enabled,16329862,183213,
lBJiW3_LgfI,455,enabled,2080249,17650,
NUrFeWJDByw,915,enabled,3401915,33083,
D3HL-TDwaVI,4,enabled,13590,22,
iX7Dzr2whWQ,1196,enabled,3624089,50158,
HuFR5XBYLfU,1723,enabled,3969318,38531,
QuncAUHpl-8,35241,enabled,96329085,662044,
v64KOxKVLVg,609,enabled,7858663,42967,
p_4UPdFqgIQ,4415,enabled,3120836,22517,
S5jdV3HTreY,0,zero,1877863,4850,
HDv5bUR_Plo,6912,enabled,7853921,131190,
A3Yj3q0QRLM,173,enabled,878083,5164,
59US2xsdx6o,649,enabled,910899,13093,
izwomieBwG0,9519,enabled,5057658,96569,
aJHNNPkXlv8,0,zero,15983226,52739,
0PmoiC8ensA,292,enabled,10713365,15301,
0eAcS_5WNUU,0,zero,503584,634,
bUEgPBJjTT8,0,zero,5543684,28011,
Z7C4cz2HkeY,158,enabled,873635,4113,
vhPHE8j_LWc,5029,enabled,3032161,136740,
FOoffXFpAlU,1916,enabled,2413669,39657,
QCoqyBUuA5E,53,enabled,32669,532,
wu36VdRyogE,597,enabled,2286453,10094,
yC409CU7mU8,7841,enabled,6915833,128419,
iVKdU_OmsaU,2286,enabled,1033731,51640,
VbVRi_GHwks,12,enabled,13343,93,
6leWnZq7O64,86,enabled,114590,373,
5e2oQISK7Fw,3495,enabled,323518,12424,
ttSfo7aOk9U,33,enabled,15778,40,
2Prhs6s8ti8,349,enabled,84448,1142,
rTJPDurLEKw,7486,enabled,5504916,25740,
L1jr0hfH0C0,0,zero,2806513,27574,
Lg_YOpIkcWI,6,enabled,14068,61,
4k9NfOXyS2k,434,enabled,439650,2811,
J7fZjiLV36c,728,enabled,868666,12028,
5c6C3rHOdf8,3081,enabled,4991443,80081,
XCXM1jqX3gI,713,enabled,436591,5945,
-PWM_8Q3M-4,1257,enabled,1436864,10755,
wRn69ytYRoc,3730,enabled,9974236,94615,
4iGAGnCpnZU,4,enabled,34439,29,
2KaEZeFPKMI,423,enabled,2499465,13077,
XnIQIZSLi3Y,40,enabled,25007,211,
ObDJR3isUJE,1265,enabled,1060617,56438,
zQJMTUaGzHY,10644,enabled,4851092,292703,
SWKun7Z3paY,23,enabled,79255,688,
HEz-VJO71WI,2153,enabled,1465062,8512,
TXvBkHlwDgA,551,enabled,737674,9658,
6yxrBPJp62s,15,enabled,36694,55,
UHr-PGJxTvA,0,zero,552389,786,
nD_dFyfOXIo,1071,enabled,3160041,18257,
mU38QDKmiTk,3019,enabled,4934517,39929,
1bS0Haw1WAI,365,enabled,85543,5253,
2Vv2K4bFOqo,981,enabled,859740,19571,
qc25_G2ezSo,308,enabled,817180,3910,
KxRqAuHNXFM,2502,enabled,3727383,62826,
95KTrtzOY-g,4990,enabled,4208001,65610,
WUSanneLQII,40,enabled,210791,106,
HhEcIiyLuXw,24,enabled,20630,131,
q3wh1h17Yds,1858,enabled,1458366,22143,
NaY91YjVbEM,52133,enabled,99622635,1767289,
Uj3_KqkI9Zo,38987,enabled,25284057,516598,
9Y-i4NS70MY,556,enabled,2576758,12089,
RWQ-PuHbM3w,6552,enabled,11641458,170181,
b40Wh6r9mNg,0,zero,703821,18132,
9e9GWdT2pEQ,431,enabled,709931,3697,
WjAHb6IT38o,876,enabled,2047758,84342,
WMs3NOW1TDs,5401,enabled,4914171,89671,
tjVC1C7dkOs,511,enabled,451277,1855,
w5GHbzR9sZ8,670,enabled,744248,6404,
XJfN_PQMvUc,89,enabled,58819,318,
ortDyBY9y74,11,enabled,16112,93,
v02OKNzqVMs,464,enabled,3205866,15542,
Iukx1KFqRYE,0,zero,4387274,12930,
mZt1Gn0R22Q,7553,enabled,3226657,44115,
RIwl8Jz2KU0,3964,enabled,316736779,341680,
XNIMOUqxtTQ,0,zero,500036,10201,
AX_lCOjLCTo,1103,enabled,3003273,17870,
e9XUf0FGCTs,879,enabled,1641218,13600,
z7WtlSROgM4,335,enabled,198152,1386,
k5-bSfTl1mM,0,zero,763,1,
wkndoqWH_FQ,2072,enabled,1486093,25139,
7nOWBS1WoS0,1392,enabled,1456807,70290,
RVN2w2zgaNA,2043,enabled,1804536,6970,
ErALN36KMkA,445,enabled,753578,24445,
2R1qC07dnkk,149,enabled,442583,1851,
gJYxz4prbTU,9519,enabled,3250541,41832,
JVgkvaDHmto,1388,enabled,2550662,12502,
Ms3F3V_V158,0,zero,575262,10344,
_E5y8TeGBTo,0,zero,2041181,18283,
T-B7l-ZMcN8,1154,enabled,1975868,25228,
PfpOJ3QXq7E,12084,enabled,17288451,126706,
UJpgPiwURMM,1543,enabled,641803,10516,
TTDfBBxmqTk,3488,enabled,2843938,90856,
q_lDTOIJ4xA,5825,enabled,1357846,12674,
IvMQe3v-HwA,4930,enabled,17196155,269177,
Eix-Ujvko-0,1478,enabled,2746776,18106,
yuAxlbbZL4s,138,enabled,127433,1464,
O5nskjZ_GoI,1765,enabled,4439893,81407,
UYZ-Xd0-cjY,5052,enabled,3036545,26432,
457xnJv80O0,345,enabled,1528398,5861,
BTOODPf-iuc,16822,enabled,7922507,161540,
ZhHRS1DjRxI,0,zero,15547623,49004,
s_DMfTNEhgg,352,enabled,1551405,18785,
fPix9OLR4PA,3469,enabled,998455,27642,
n8UvmzJXREk,0,zero,4549341,96219,
BiUTCLL4_ng,3709,enabled,800201,4491,
W8y5iNhk_OA,36628,enabled,16164497,397983,
qWgOxp9v_kE,1348,enabled,974406,6450,
0EEfjUGc1Io,6318,enabled,17519297,170632,
FQniHA7zNp8,6030,enabled,1095170,11041,
GdlSsrvn1vs,1521,enabled,716531,17076,
tHLBdGVpvpA,802,enabled,1783806,10919,
nsp2VLsie_E,911,enabled,425113,10287,
ojduVvQKOtA,59,enabled,447108,2452,
vvtG9r3aYUY,102,enabled,119103,1255,
8lG8NtmsAgI,728,enabled,483583,5813,
XbUkAiPNiEE,17,enabled,31657,124,
67p5ofxalo8,0,zero,446276,846,
0_aIJRnX_9c,210,enabled,75711,503,
fbhz3XcNzGU,11871,enabled,21937638,196199,
qZDn-IRVngc,2833,enabled,628301,20351,
uJ3ea9fa6CA,1577,enabled,613927,11547,
DTSJ8nly5aE,0,zero,1438194,4418,
bzfqPQm-ThU,2812,enabled,8833458,56137,
yKbJ9leUNDE,2941,enabled,1636693,45982,
VWCT8N267ss,10386,enabled,2930007,107648,
o-uJOzkrJV4,1554,enabled,1810386,38238,
I6gEk-WXM2k,2779,enabled,3893204,22075,
dfnmioamaX0,257,enabled,194236,4859,
_UqhV3O--kE,2231,enabled,3868560,14604,
RCHlPRyXu-E,85,enabled,248442,1367,
gtLO9rpXV0g,815,enabled,554074,11957,
-YM4dTvc9vA,2,enabled,992897,97,
JQsOHSA29pY,24,enabled,101158,111,
zTRdX585x0s,0,zero,5212,50,
jAhjPd4uNFY,70773,enabled,30587247,641139,
YyW08uNi388,11,enabled,281053,106,
5-3_49w0jak,386,enabled,129717,815,
e6Y2uQn_wvc,5907,enabled,8258967,97219,
Pt9lISJ1ViU,312,enabled,60168,501,
rltpH6ck2Kc,46575,enabled,20724612,400378,
johyMpuo1gk,1671,enabled,1998827,9240,
IDJDtosYKow,2353,enabled,2755863,36278,
st5j-84MGG0,134,enabled,103755,569,
wGzBI26vbUc,4337,enabled,6181907,53114,
1wwq1Vlk4Wg,1493,enabled,2629912,52818,
UODkdsMmQPU,422,enabled,261120,1728,
GgB4u6Mgy2M,1128,enabled,2185347,10867,
PLAjldgatrM,140,enabled,297692,1971,
50dVhd4dmp8,904,enabled,1523151,2467,
0WEBgaEETOQ,2224,enabled,1319012,27282,
EOQeU_6vbeg,0,zero,100463620,363888,
5ndU8XuUaOI,8593,enabled,4146774,129221,
S27ycsxUtRM,215,enabled,203324,643,
RVMZxH1TIIQ,19556,enabled,12427875,316653,
LZ_If0O60mA,1638,enabled,3220395,66509,
S64zRnnn4Po,1822,enabled,4999080,40568,
JYy3QSWjOio,110,enabled,1289337,2012,
qp4NvO_HCUQ,152,enabled,199833,1450,
EBlJYtgVQMs,5694,enabled,5708933,99104,
MMInxg1Omv4,8659,enabled,5101905,85880,
VCERs0v1OoI,7178,enabled,10328342,129836,
Qu_fNTNbhwE,23887,enabled,10607551,107241,
64mWOoj68qo,8302,enabled,11053667,220421,
v9lXoD1ZD-8,0,zero,1892254,1142,
Auf4rACzir4,20,enabled,36844,169,
LAQRtjvtQRo,3076,enabled,8171394,103434,
nsycuxfou6Q,6807,enabled,4483793,97716,
xugufifsB4s,3578,enabled,5500488,96280,
Y2jyjfcp1as,1092,enabled,5873514,39515,
TG55ErfdaeY,0,disabled,10197916,107249,
AVEGJZxglIg,1034,enabled,1053268,20629,
TLeFx1aU7ck,641,enabled,297759,1582,
duPynkGEFGI,9486,enabled,8739937,199990,
o690DovjDAc,15218,enabled,13393006,199732,
DKQCVLpr4Ts,310,enabled,4040392,7321,
oFodeY4lMU4,193,enabled,190692,1540,
HdSLKZ6LN94,3502,enabled,5578343,105526,
DE_2EdiSPTM,265,enabled,571766,4227,
2ONT6-8B94Y,7920,enabled,2581453,12849,
X2BhLUFoIxY,6753,enabled,3868788,51167,
baPCtCNisas,371,enabled,1119976,5053,
h8i9qftqKNY,4386,enabled,3737195,51714,
TVViHShXqC4,0,zero,29182260,114511,
b22HKFMIfWo,1495,enabled,2747269,32543,
a-4vRhg0Rt4,2529,enabled,5401423,66692,
8pR0o2fGyHg,3724,enabled,34406543,123324,
yKTjM5gmTy0,21569,enabled,15429034,162568,
BgeprtNyAHw,279,enabled,400491,12128,
mWwXmH-n5Bo,1772,enabled,1300842,15911,
7R5MVNE-ePU,255,enabled,250986,4311,
_lDBjMSlktQ,3,enabled,1132,4,
779akDPBNYc,157040,enabled,57577594,710144,
FD9ON97JYgk,915,enabled,384725,4318,
lPwlfbeQOBg,6988,enabled,18202848,284629,
ANTd2lIb4pA,281,enabled,218679,959,
zQgQVaiBzCQ,0,zero,4795213,22583,
SjHPzuINEts,3411,enabled,3601847,69435,
yrM9S2JiL8U,0,zero,269379,3425,
ct-mHwAb3g4,2110,enabled,1313886,14325,
Eh993__rOxA,11234,enabled,31615852,220539,
rcL6NpsVj_A,606,enabled,657782,25181,
BjObSaEAg-8,674,enabled,332178,3072,
kQQrlGjeHIM,1993,enabled,1409150,31163,
SRAzJWlQFxA,291,enabled,103668,2060,
wTXRMBoc4Qs,7655,enabled,12358543,242465,
OTRmyXX6ipU,10595,enabled,41264285,232323,
576HwhU6PMM,14535,enabled,34412185,333688,
QJ3WV8N92Hs,550,enabled,614353,6020,
MNzq3F8y9Ho,0,zero,41297612,136072,
QUXhoZFDwQg,808,enabled,3037697,13238,
DH7edXaZS0A,3488,enabled,1659545,7663,
aDorTBEhEtk,6512,enabled,3652380,88030,
QMJY29QMewQ,797,enabled,1058549,6906,
RYreqzP6LhU,15,enabled,25142,87,
iv5wXEwDiaw,4445,enabled,6597712,140756,
tIjJ0QdeVbY,3,enabled,7226,36,
eP-mv5IjFzY,1836,enabled,1837592,19371,
7TQ9x-aJxBw,6,enabled,23587,33,
gQIbWLlGCqU,0,zero,756283,2247,
rLNM8zI4Q_M,255,enabled,851457,2812,
7ZdxeCVbByA,729,enabled,1409608,24932,
UClamQuy_d8,2097,enabled,1090142,5105,
uWLB23NCJHs,316,enabled,844260,11306,
eytOi0VaN5w,7,enabled,32575,37,
CCwYw1Mn_G4,3875,enabled,9780877,106372,
md8PRvrbt6g,509,enabled,446240,6190,
vqEtGzsV1Sw,5,enabled,7718,97,
sOMZ6SHGLfY,2,enabled,8568,6,
Tf4sa0BVJVw,0,zero,35690668,146230,
YFu2HG6pHEE,0,zero,56526879,150745,
6Y_0aGjGoSM,0,zero,47403033,198338,
VVojXv1lmMo,1827,enabled,2030860,26037,
kN9D40lFuJ4,61,enabled,471580,3199,
53gDQ02o9vE,2787,enabled,1672783,28613,
SPQNsHuR9D0,32,enabled,23705,148,
Eobtp2G7d7o,500,enabled,2345159,23000,
c5GnUPRRD5Q,94,enabled,25402,997,
_RTF0DAHBBM,99,enabled,414958,1851,
lFl3FRNpU4E,1056,enabled,572315,1800,
qTENT9gQxCE,25457,enabled,14615984,324265,
UfJ-i4Y6DGU,916,enabled,686288,25678,
U08XWOx3XYM,2213,enabled,5447134,41012,
M6PrV-_E6nQ,0,zero,9237560,12354,
OQIzXcpY4as,0,zero,5442,1,
n-A-_75erag,1369,enabled,1465140,30325,
0m1hAfpOzbU,13336,enabled,8400981,198383,
yFfia3Zs3lE,2680,enabled,9816685,80324,
SOM6fUrargY,0,zero,4200354,19347,
qxPBrWZY75U,914,enabled,3052986,18989,
qZHycHI3F1Q,99151,enabled,109792438,1666511,
hWgzzX-8_0A,1331,enabled,258763,5588,
csInNn6pfT4,26127,enabled,10069984,307218,
okCZhEEqmD4,15,enabled,342345,162,
r3Gsfouo-vc,1590,enabled,1279042,13907,
bAxyxlkD_g0,3300,enabled,5190241,185027,
CrUX49JUWlI,0,zero,26193605,73237,
ejmLuuh7xWA,3722,enabled,995517,9924,
TGLYcYCm2FM,27506,enabled,11079299,212577,
ece7e6yLjGc,0,zero,3415,13,
4WsU4417o9U,694,enabled,437722,892,
V_2YJr02-f0,278,enabled,287345,3822,
Qz7iQNZWAHU,24,enabled,7626,56,
191RB8ONauc,0,zero,303,1,
ZkPSbp3zTfo,15208,enabled,11336294,249383,
Se4HnQyIpow,9,enabled,33589,20,
WsjPhWOt3yQ,0,zero,541643,3172,
nrTsvn9usVQ,3749,enabled,1786473,25768,
YHdOh90kGHQ,5041,enabled,2140861,88044,
TOdV_oPTWDU,33,enabled,85138,224,
LSMbwzuppWQ,124,enabled,85154,274,
HqpH45TtKKY,0,zero,4205730,15577,
ZsWPgEpfafM,0,zero,28316036,82256,
HJ6dXaYqdsM,111,enabled,187718,1695,
W511rtnnlZM,3328,enabled,8841659,87360,
USsIiUO6JsE,0,zero,1182323,16550,
1WbErl_oZ1s,5541,enabled,424141,2162,
0LsrkWDCvxg,8440,enabled,6576236,75618,
l5_foDaatxM,1579,enabled,1982073,19091,
tO7LIRhGbfo,3370,enabled,6409463,91831,
vM-wj6i30JQ,7,enabled,5404491,10841,
-K1wsGeLSMM,1870,enabled,4149385,56153,
F6knNBAJOyU,80,enabled,434074,3243,
9s4i9wL5fcg,60,enabled,115945,353,
bl6GW4vDajs,0,zero,108901,900,
kWPeQf9lW9U,200,enabled,180367,4510,
BIDlAPNwbS8,5678,enabled,4103631,78486,
5WxhkUGbxeQ,2807,enabled,10014856,131634,
tX87J8J4PDM,27,enabled,90557,168,
s5g8QVPHIx4,157,enabled,142818,1253,
wZU1-fKQ8G8,551,enabled,140412,1077,
3pAnRKD4raY,52308,enabled,33664605,590399,
S5Pf49nCdio,2430,enabled,1436890,16469,
zxbz3DDQzHU,6545,enabled,10026045,85106,
su-RH8uQg8c,374,enabled,672389,5857,
3Sjd4BVHdc8,376,enabled,1981936,22445,
muFzMAsGmP4,2207,enabled,3832838,35001,
nybVmE_YAEI,131,enabled,217444,1360,
TM2iAy-dYRk,2,enabled,262499,15,
_fHoAjOmHDU,3221,enabled,4098956,37104,
QRoWiTcO7dk,8272,enabled,57724404,390845,
MaIsa4RBdXQ,87,enabled,14022,136,
mVWuOJkRrCM,0,zero,249986,1216,
A05n32Bl0aY,0,zero,3084519,17931,
fQNZhs0QKq0,7677,enabled,8768728,100152,
ZN2y2m4Eyyg,4876,enabled,11192030,177076,
xpo8SdY1JSw,6144,enabled,1952408,36624,
hdSrmVQsp0Q,160,enabled,106945,850,
GC1gzyXpoGk,1073,enabled,1643404,22420,
SKnLr68Mq8Q,0,zero,190371,2144,
s4xRoQO4GYM,303,enabled,1337763,12184,
RRk3VqE9Zoc,3204,enabled,2043704,42576,
Rk2izv-c_ts,3367,enabled,2351270,38984,
SQRduwgFMGo,3654,enabled,24888610,73691,
qTMdH9-kmDk,709,enabled,296473,2826,
ymPE6nAoZE0,5183,enabled,4184926,90310,
yCEz19DPg3A,163,enabled,68936,88,
_O9kWD8nuRU,427,enabled,562895,4133,
xknu4tpgz9U,190,enabled,115764,1625,
4QJ4ALxD978,139,enabled,922227,3112,
K9M5DND7AhA,28,enabled,203444,1309,
KmDYXaaT9sA,3043,enabled,5000327,77313,
aRp5UoOj5d0,133,enabled,215443,4177,
vqW5ynwFxas,4901,enabled,4971674,109912,
GIimOIZy-RA,34,enabled,208731,890,
K3Cw488fK-A,261,enabled,297144,3032,
JBTNG-8w5_g,6045,enabled,12354915,159716,
26Accs9CHhM,50,enabled,23731,313,
7pL5vzIMAhs,23777,enabled,3015908,57459,
pBUW-jKfY7E,9482,enabled,8073034,129673,
BmFEoCFDi-w,1070,enabled,2559272,21467,
w4GtJB5WAlQ,6960,enabled,11771543,47272,
XSghn1stnmU,0,zero,2000397,8308,
Ea7vdpxLJJU,2331,enabled,2023536,96275,
4MAW6SfK8cc,371,enabled,292074,2156,
G6dIrs0RurA,2577,enabled,3066968,34465,
MCv4yddgiPQ,116,enabled,178336,164,
Af0_vWDfJwQ,2230,enabled,3520443,19706,
U4b-Mv_3e4U,1068,enabled,1373637,23240,
kQr6iTFmCUA,148,enabled,326996,5984,
1YWSvSdUX70,465,enabled,855317,8122,
UtlHIgAZejo,0,zero,554,6,
rGlsxVfCSyQ,348,enabled,2614826,4831,
ieygGPaUXO4,1835,enabled,279637,2953,
55cJ9F9rf08,12,enabled,49995,31,
cKL3uX9fqBo,32,enabled,42578,231,
7o0I3Vz6dxg,223,enabled,74434,226,
SafwXdP7ylc,7213,enabled,3288026,30059,
QZfUlWZmEoA,21,enabled,22525,132,
mw4qS1yAWJo,0,zero,2456931,13187,
p_IlqVthyGc,136,enabled,15418,75,
nYfUfrmWb94,45,enabled,177931,1216,
lCtXdgs2rDc,49,enabled,185756,175,
84q3bzbdlWQ,1440,enabled,2280552,24624,
INUFRHmMwas,0,zero,614343,2932,
eybUWtvErG0,1152,enabled,2716592,15039,
07mBfR8erMY,9907,enabled,21436801,181406,
p_HQqHLdjvQ,3397,enabled,4535642,29565,
5UTdqxEktX4,1645,enabled,2791984,77701,
Oiu_OfCPy4U,3165,enabled,2195596,78513,
PV1FAscOMn4,9,enabled,88605,41,
WpyfrixXBqU,6502,enabled,51262659,214309,
Ga6RYejo6Hk,0,zero,9578897,42809,
Z_arJBfzVSE,0,zero,16163021,50919,
2I91DJZKRxs,4876,enabled,14884553,52493,
Gv1xjf8BUrY,22651,enabled,14698628,368388,
n0MIYCLLOo0,788,enabled,1382620,22443,
-FtlH4svqx4,872,enabled,3078321,13700,
7e4vFMJmBIc,10452,enabled,15451752,109078,
UkCAvIDYZUo,366,enabled,59547,1959,
QNfBAvDQNr4,860,enabled,211246,5157,
8CjeXP7BzW4,25,enabled,20805,254,
nxgSXM8NUls,9485,enabled,6572306,61819,
7t70fKk7tO8,9832,enabled,7170977,312936,
xMwIHGTngl0,19,enabled,16370,98,
Y7uv3zqSq9o,2601,enabled,1749528,12457,
eJjpbVCZbXU,47,enabled,178696,1092,
FhhlMSpvCQE,171,enabled,371183,9650,
WmI1WcFo56M,2126,enabled,1836408,28106,
7PHynRb-Eus,44,enabled,20001549,17953,
wvA2Qswz2xE,217,enabled,89626,1600,
ToWu1lheBNk,1371,enabled,251555,2571,
TKNYHMqo9HE,157,enabled,31819,923,
puwBPhEFIrg,238,enabled,383866,1797,
s-ffIj8BzG8,190,enabled,207813,4798,
h6nhOChpMck,1145,enabled,3787566,25761,
Diq-eri8xrk,15,enabled,42285,51,
y4ZVUxbCDNU,0,zero,567770,897,
sW1SWAN6zlQ,190,enabled,256499,6939,
LuOaEe89_HE,234,enabled,890723,10369,
nVRrz15wGK8,1033,enabled,516790,31697,
9G0w61pZPig,221,enabled,560131,2512,
wBU8T4hR-6U,13568,enabled,17438854,211650,
x_-x4Dwz-rU,14978,enabled,10066500,128838,
gjqeFEyaUxc,5989,enabled,7465643,99787,
a2YeK3NyqMc,1909,enabled,1002144,12871,
GWvFx1IerS8,466,enabled,436283,3772,
PINttscIAEo,4622,enabled,2099990,24853,
b2obQ4kTNcc,3576,enabled,8837925,29034,
mVuspKSjfgA,11131,enabled,4147911,37170,
wnQoxT2iMkQ,1811,enabled,3799063,63056,
QKRPgJYHblo,5710,enabled,58224298,245869,
RBTpRaws5ts,2918,enabled,6098529,85951,
IrgE_c8XgEM,8057,enabled,7105717,6729,
qvpd6A5NMyc,33432,enabled,22010470,475199,
Zajn9DzVh8k,2554,enabled,8757742,55687,
7JFp-6ovHo4,1423,enabled,926136,12799,
wHCrT6XQVMc,2825,enabled,1132321,27236,
anOltVpamJ8,152,enabled,266224,5673,
7ElWcehf_Og,0,zero,320338,1395,
fDZQEtgkw0A,1378,enabled,185077,3295,
hWvBkTLX_Vw,10,enabled,24604,152,
1wK1Ixr-UmM,1758,enabled,5394268,19603,
UfKcTaNLS_U,574,enabled,55007,418,
hqiaTuEtr5A,781,enabled,496731,8145,
G2Z3y3Qw3RU,251,enabled,902465,3314,
NPv_KF8TFtg,222,enabled,240265,2436,
ZsY4WcQOrfk,1619,enabled,2000982,28168,
GG7aDyn08Qk,3179,enabled,2314336,23205,
bTfE5CU46e8,2314,enabled,875953,5021,
rqaQ-0QVXnE,893,enabled,1543267,15833,
GmUiVXW4R5E,8814,enabled,10364528,200991,
fSqbqDhDYZo,1105,enabled,4949846,28640,
1xbt0ACMbiA,3988,enabled,3639164,57504,
IcjpNPAf7wM,3,enabled,1864,40,
B210FvdB-bU,0,zero,20212532,120187,
I43IbqF4aNg,499,enabled,548998,8120,
9bw5B4_QoJM,2017,enabled,1764315,7434,
SxsW-XZ9cQw,5989,enabled,9903023,158439,
rzdo1XIv18A,67,enabled,165744,224,
RJxYPpv2Tss,4332,enabled,10706202,190283,
W8CsEqYCg68,1065,enabled,1578154,8132,
f8lnnqgZTYE,0,zero,120379,147,
6zqejRWHeRM,1144,enabled,1805729,13085,
TVueoznrt9Y,2561,enabled,11180602,135848,
r5N1OFwqFKU,1586,enabled,1846106,18397,
6RlxySFrkIM,5112,enabled,4594655,122904,
4xyhVO-SWfM,8887,enabled,22495842,255993,
j4KaLkYxMZ8,5252,enabled,2652038,46399,
1hfx6AVDoLY,1769,enabled,2919590,53012,
lFM9aEblzvI,0,zero,371089,911,
NwCjSclxZIo,41558,enabled,24611866,367250,
mhf1vCqSeLE,0,zero,26359289,45189,
8c2DVPORDQA,1201,enabled,718021,10119,
u3_3EUKbY00,748,enabled,2226254,11189,
d5i1bumC2Zc,59,enabled,17862,89,
6rbuNzK_rlM,191,enabled,54513,816,
J7Cc4F7Ayno,3075,enabled,9334623,63072,
gAWrAQp7pWQ,8171,enabled,210637138,762130,
jYk2Vx1z6lk,673,enabled,2120240,16372,
y0GutrcKbRM,2619,enabled,3166775,18989,
j8FPajQdj3o,360,enabled,427706,3365,
EHQ4n980evI,9243,enabled,3677987,104222,
4LGe265pwvU,5593,enabled,19430050,206903,
kkPAa9VkLRc,0,zero,677705,4938,
xtuj6e-pabQ,59,enabled,272036,1533,
ymeseAJqKAE,5111,enabled,11854353,138867,
ZIKzHAS1N_U,4321,enabled,6943456,72256,
k9SwNST1eW0,84,enabled,321713,1446,
PShEBjbbGps,33,enabled,46206,235,
XgZvoWlvoyU,827,enabled,330979,1255,
fblKtKAAF2c,115,enabled,104697,204,
kI2pDzEKdzg,28,enabled,16953,160,
TCDSqgs8qNo,3003,enabled,1142735,30619,
IoxolLJoipM,314,enabled,242861,1977,
omyAD-SRXaI,5987,enabled,8384473,73742,
knG9ISF1AeY,2853,enabled,1998185,13788,
I8ktbz585t4,5304,enabled,7402724,186510,
ivQ-CZYfEo4,0,zero,6313572,7930,
O3QRmM7V4VM,6,enabled,5015,17,
izXmg4K4e5Y,1103,enabled,757947,2297,
MPTUaGKR56s,11,enabled,44058,211,
f7KSfjv4Oq0,18424,enabled,18498841,445886,
uWKDE1_uNTw,0,zero,9990355,92999,
w8v-IifCPH4,1968,enabled,2129782,99478,
T7A810duHvw,3925,enabled,16753207,82929,
unIIn_1JOAE,1460,enabled,830382,32381,
sStxk4mv_DY,8359,enabled,11005060,148386,
qHrGehGbMCs,1275,enabled,985282,2826,
oThh3_Srxtc,10811,enabled,7431407,215112,
PDZxezdKX6Y,1171,enabled,363394,2617,
2tmpOjLDcvg,14,enabled,1115874,405,
uftIR_L_iyo,3591,enabled,844327,7494,
l7p0Fphlzr8,2219,enabled,2126363,14315,
Rtu3xoz5K90,2364,enabled,6587233,64721,
x0sATDVCTME,135,enabled,120941,1358,
RyU3ErBa-Aw,1032,enabled,213254,3668,
_vuwDVXgf5A,2696,enabled,405398,2036,
FmTsS5xFA6k,0,disabled,3209267,61140,
Fw8dfZJ6thA,165,enabled,982772,5035,
ZN41d7Txcq0,7917,enabled,7471386,255501,
sD0kuL7rv1w,351,enabled,140631,1295,
yIx0YPejzE4,698,enabled,982888,5520,
zpHHcC9-rPc,815,enabled,660179,4755,
2SgYHAdBkMM,4235,enabled,2963216,52588,
vvHTN0Yi1t4,2237,enabled,2172611,3889,
jjqvGG2pvxY,315,enabled,430344,2948,
LWr8hbUkG9s,914,enabled,5168538,12114,
TXWkTc5_G4E,2671,enabled,5742007,65087,
XaR5kR8h4es,5118,enabled,2103695,39748,
vS6an2tZqcE,11978,enabled,42971175,268625,
9pOiOhxujsE,16701,enabled,6150893,69251,
LiwU5jPMnFw,3744,enabled,9558297,126533,
36jPIdNntcw,6060,enabled,8704312,216785,
huyhae0B1mM,2056,enabled,1359823,8997,
ZXvzzTICvJs,25388,enabled,62093766,456509,
jqCo-McgHLw,7169,enabled,2620859,51001,
hfXrFAkKKCg,380,enabled,327256,2696,
0kHhc0nIaI8,231,enabled,374449,4052,
9_2vkVA8p-8,56,enabled,198828,2943,
umAeFKF2uxA,139,enabled,455876,2023,
Ug86qB68f1M,3861,enabled,6171282,155828,
j8Y2zAj9moY,9136,enabled,40600151,345789,
bnfwClgheF0,5821,enabled,5517550,72020,
Jac1Ah__vcs,636,enabled,460241,3528,
qGkGhJKXBSs,8551,enabled,3208567,87604,
q1GdvcMsiWk,793,enabled,1287943,52302,
T8Q_-8BUeho,682,enabled,691112,40035,
xdIjYBtnvZU,2980,enabled,3675984,89126,
kwuwJURHgX4,4934,enabled,2652485,9389,
hX3oEJicVX4,0,zero,6292942,59166,
BK_J-QAdGic,1241,enabled,1740123,14533,
PTFOc5Ltd5A,56,enabled,22569,341,
py9lrUq7cOU,1794,enabled,1518960,31325,
1KxSWKBIoQQ,7713,enabled,17387253,200950,
Uly5jpIub1E,69,enabled,5217635,11659,
x-4c_SKbnHc,158,enabled,305719,630,
yIoTRGfcMqM,1161,enabled,5928923,55696,
GF9B-9PH4qQ,37928,enabled,6576001,222529,
cTVgw1DTSXs,15534,enabled,13802776,179349,
lWKa2oe05r0,3,enabled,30084,573,
7RO4yFTUWm4,650,enabled,356013,11787,
D9C87r_gIew,142,enabled,41301,197,
n7WE_fzaQpU,1762,enabled,939499,6423,
2aDq30UhBKM,1119,enabled,1099137,14195,
A-19SxqZ8Qs,76,enabled,182495,2147,
W3Vz25q_a9w,3502,enabled,5779547,129719,
GWeaGoqSa-4,1,enabled,3118,7,
hFV71QPvX2I,2395,enabled,7266774,99640,
nATapY005XY,7940,enabled,28448374,183978,
O-JVepPdZbY,691,enabled,427492,9879,
R2cR3zy38DU,4443,enabled,10214886,133282,
kB1ziaDbim8,813,enabled,1012848,7119,
wzbiQ9sGh34,160,enabled,35054,1125,
otD-k2c2OX4,681,enabled,234741,842,
rUTzkMle-1Y,4441,enabled,7338425,74792,
cWoQJ9I3x5o,10938,enabled,13902029,290571,
MbRm5s3i2ik,3129,enabled,4819312,71169,
D_PHs-kbypo,23160,enabled,6046453,13386,
y05IcDJvd4Q,385,enabled,703748,6509,
VXLSTd_dlKg,194,enabled,929712,4883,
M9sbdrPVfOQ,6748,enabled,5543879,47786,
8bdgxDFlroY,1047,enabled,649952,9028,
Y1g10iFEn5A,101,enabled,16703,61,
StVd3OLH9W0,32,enabled,44501,103,
7ipwho-kxkI,4789,enabled,3065788,32634,
f63BmPpHw8k,1751,enabled,2157580,46701,
OaGGhIMjtIo,120,enabled,215786,369,
MUendT_dGks,23157,enabled,5354224,287908,
QeVfMgU3Q30,36,enabled,26336,499,
kB-dJaCXAxA,11942,enabled,5853350,141456,
pg9VDZelXDc,107,enabled,61833,452,
x2h_zLe3p44,3,enabled,97411,39,
ZmSrqqHPP1M,171,enabled,364073,1059,
4CF9LqcnJGI,4155,enabled,2147325,80364,
vLNXXNCAHY4,1201,enabled,2030269,19786,
DtWsdD-8tQ4,4619,enabled,15419907,206447,
RftqoygXXHk,4727,enabled,1618331,23938,
q2sI-T69sjs,6856,enabled,15606720,298980,
PYimOnyCknw,0,zero,2742673,17184,
rI1P-FjpA54,1179,enabled,823670,8799,
P-k5X8lCdK0,1543,enabled,1018377,10095,
cFy0aIGSGTM,167,enabled,116042,877,
0k3l9IqsbTs,950,enabled,2208790,163261,
SGZaQgMUvFM,139,enabled,54758,484,
7SWvDHvWXok,39921,enabled,29772987,544500,
nSYWIh7ajR4,5919,enabled,11669654,238047,
WYQ3O8U6SMY,1310,enabled,1158209,24676,
hQCc_JJTwTA,2041,enabled,3038201,34496,
K_Co_ktxqaM,1005,enabled,1130949,15163,
hBkWDTYHlLY,691,enabled,1309627,6528,
vOaoW7hhD6I,3947,enabled,3067630,20064,
6q2sh667b4c,127,enabled,75296,685,
bcJlmhoYNfI,1542,enabled,1809102,23952,
IRs22MbhC1Q,24,enabled,104276,472,
bhYOGuozHd4,0,zero,5264145,19308,
7N3ERfi6WHM,3493,enabled,7897228,40689,
hfG3knPrK9M,0,zero,449513,701,
kYxqVPbL-Po,17,enabled,26460,226,
RohJfM-VFS0,54696,enabled,90639659,824571,
CATZYVXrXyg,0,zero,8422283,13319,
YXUMkatJ600,0,zero,107351678,162452,
lpkRFHSpvGI,9483,enabled,8617858,84651,
sYyVkdfaKA0,188,enabled,27287,311,
eqtEzthzxuo,410,enabled,573017,8308,
ycE2xoVSbJU,1184,enabled,268133,1592,
NGtt7GJ1uiM,7696,enabled,8943857,85676,
UGttmR2DTY8,1817,enabled,3888537,50873,
kF4ju6j6aLE,6197,enabled,6972368,136297,
vskoSJFb91w,0,zero,23577575,188540,
dNMBVVdrMKo,0,zero,1697743,4027,
Vp5kVbiJeNg,1482,enabled,221048,3888,
VGsIsfIyz4E,5353,enabled,6426138,139623,
kjwcxCyFXcQ,0,zero,2776120,6938,
Zr0-jxm2Sd0,1479,enabled,4540556,37988,
VDUogAQzLAc,4622,enabled,2354642,31768,
u8HKr9sG5kQ,4014,enabled,5745295,37143,
Sx7e1_IcUeI,32,enabled,15859,83,
1mlUfRtCYf4,816,enabled,2006221,23714,
pQiKBM9rDoM,476,enabled,200360,3748,
ZETpCefN784,1366,enabled,965518,5182,
iKtWFV8-1gk,49,enabled,429418,3488,
WOfud6Wk8VM,602,enabled,3345290,10257,
NGStMwh0-TA,8344,enabled,8451262,96270,
v61JI6h423E,30783,enabled,12875685,187942,
2YI7NbpPOjw,8642,enabled,1245947,4992,
LM2iVXAA770,1293,enabled,1507578,10305,
Fo1bARC6vyY,1732,enabled,1246593,24197,
JYDkzqCfJzg,19747,enabled,19080540,55790,
9SSv3ASZ-tk,1215,enabled,1047298,9125,
R4wKm8OiEWw,457,enabled,791725,6389,
iG0P6bjyUNI,1609,enabled,4815443,16129,
9-sXycgMq5s,1126,enabled,2639934,76077,
iMrWprNF5so,1,enabled,2003,24,
UA1rTAqBgAo,467,enabled,70147,337,
ZJpRmfMWOIw,318,enabled,7151850,5688,
ifuE2uIt0T4,21482,enabled,47596456,340758,
DTBu4tigSDo,9996,enabled,12967700,287101,
Qp5aj6oLnFE,3043,enabled,4870300,99343,
_-sMMZ6k-qQ,66,enabled,154539,373,
wOn8xawC-HQ,4569,enabled,4833960,111175,
ILznsO7rrX4,758,enabled,383505,2916,
FfGTYTXpd7g,1875,enabled,637211,23137,
3sS4nT5odP4,342,enabled,449778,2206,
GaRw1TsS72M,848,enabled,582682,6397,
iR497t1v1N0,880,enabled,3758059,12989,
LdVGaCyVvq8,402,enabled,2301096,14550,
HrTmGj43NyI,4,enabled,14368,230,
5mXY0yWxZOM,1802,enabled,1954562,7920,
1JNjQoJbrUM,41628,enabled,9035884,168900,
mpdF9YQxJO4,0,zero,1049793,1219,
GHH4HnIXxKQ,0,zero,129677,248,
xHR8BCFv_JY,2610,enabled,2609276,55051,
vCdsYzQdQ3E,826,enabled,1723758,16601,
nujgBunvgBI,6492,enabled,4561653,98236,
lROo5nCNvgk,3757,enabled,1165668,9903,
p3xmqbNsRSk,3061,enabled,7571832,12782,
VnrARhxhaSo,1752,enabled,4370364,60555,
BhtgINeaJWg,37148,enabled,8638667,241870,
GMSI7nS2z-g,2540,enabled,1141791,17869,
lcyokadl-cY,729,enabled,1716693,18112,
zBcG5tOURuM,9303,enabled,28338019,357944,
IT2Rs5dRtYk,211,enabled,520056,3743,
CzkeqNcupCs,117,enabled,509271,1454,
2VeNDBnuDHs,603,enabled,5656406,14412,
HOE5QDDKDlY,6914,enabled,3615251,59692,
HVT3Y3_gHGg,3780,enabled,5489170,55195,
cGrBzbtHAOE,74,enabled,159480,1158,
6CqbqLAgYgE,0,zero,324501,2473,
LhMUR5Y_rIU,634,enabled,430307,2498,
jFhJjCmYi1M,909,enabled,3075471,12573,
VzPD009qTN4,11545,enabled,10604172,269340,
FxV8f1LoP9g,306,enabled,202527,2394,
7PFaj-xrgsQ,3732,enabled,2174931,120809,
sUrMKQ4tqUI,70,enabled,126060,1408,
IZsTBucXSFw,49426,enabled,9139260,144287,
WUV81ukrsHc,212,enabled,1116270,2366,
FIG_n7RrCH0,2623,enabled,2846962,73709,
iZm_NohNm6I,508,enabled,564489,9181,
TtOfCaYhjzk,3244,enabled,41286965,94164,
oXKl-jPGUQg,0,zero,4827682,2103,
mlPuXyxIdVQ,5592,enabled,7536919,313841,
K_U_oSHRZRU,108,enabled,141240,2449,
5fDBl1wT2Lk,37655,enabled,24721872,195961,
WRkxyROtjn4,401,enabled,1669165,11392,
i7mqjhOYL-8,5191,enabled,10116483,264244,
gI8atdMG1eo,10,enabled,22640,397,
CBrgPNAI4tE,986,enabled,605529,10890,
A3sBZ5Nr4hc,17817,enabled,8858574,90681,
_9ywYptCKlg,1670,enabled,5304862,253778,
mKajVjasp84,719,enabled,209335,1803,
xe-f4gokRBs,7319,enabled,15108918,221263,
blcKeLDDzSM,6339,enabled,20068927,325801,
Ks8WH3xUo_E,15210,enabled,10351252,210753,
qQi3_PpYzIM,10060,enabled,12635370,216486,
Px6nTLFD6do,3889,enabled,5296471,77708,
C9i0xI4faJk,0,zero,551878,461,
SIT8EhUkPxI,9611,enabled,5092464,110024,
BvfFf8fYYT0,239,enabled,344689,6027,
J6Y_r29mp3Y,371,enabled,424391,5195,
sAkdx7-3JnI,360,enabled,146902,1288,
Nclo5q_z5F4,4487,enabled,4888131,271117,
O2jkV4BsN6U,29023,enabled,18008454,463392,
vAR47-g6tlA,1138,enabled,2036267,21982,
nt6ab7BTlgE,19405,enabled,14774719,269795,
iFwfexZstO4,1120,enabled,1521496,31938,
mtTGYXj3htE,6144,enabled,3428424,82303,
nUhq9Mw68B0,6645,enabled,2978733,75522,
O0ww9TD1aQ0,91,enabled,148413,745,
V1rlGILzpeM,1075,enabled,1203515,17687,
4wAdtRVC054,193,enabled,523480,424,
1UStbvRnwmQ,1358,enabled,923311,20137,
Bc9bhLk_AhI,52,enabled,438525,2232,
dmENZqKPfws,567,enabled,324000,6097,
rN1pXbxz3kI,365,enabled,706830,5996,
wblW_M_HVQ8,515,enabled,1567526,14267,
KkP4TCNVMTw,0,zero,7683538,122123,
MAaKSHB22vU,258,enabled,2519735,10384,
JQIwwJqF5D0,356,enabled,1830436,17685,
3GSzlqcK9CM,1705,enabled,5021725,45638,
k5uNMQPHNPA,0,zero,1575284,896,
cW9DU2481rU,0,zero,4925680,15388,
ijYbu49t8E0,914,enabled,714973,4568,
Z_5E4f2xVPg,90,enabled,384609,1805,
xFcF_qfLHeQ,5786,enabled,7724446,181189,
dq-MFP-9P-Y,0,zero,863164,5162,
kp1bZEUgqVI,4780,enabled,2651643,50622,
6OELw6H-8BI,3117,enabled,2445381,29795,
s5nkq4_FQ3A,665,enabled,969783,16156,
oKNYGktxapA,10,enabled,421859,147,
3N-LGBdLaJ8,1265,enabled,3310253,18241,
X5FYfzaK5HA,180,enabled,492806,1628,
6xDLqHRzhL0,836,enabled,2069862,32433,
6phdJWRi_vw,1132,enabled,3149816,48722,
M41UO47DnuQ,1199,enabled,4092271,22885,
EaDm9G4Ig18,322,enabled,155819,4247,
q7sZ4AvWjGs,592,enabled,515416,3318,
wglytopH34s,3249,enabled,2499922,67913,
ioSI3KsE2_k,8618,enabled,12508526,292086,
X2i9Zz_AqTg,6975,enabled,19429101,112826,
0ZWSl6PV_Ps,315,enabled,438234,7511,
ehYoIKTsiV0,4715,enabled,6998767,35410,
6BacbW7FG4I,943,enabled,200513,11279,
T2LAd43JoP4,3589,enabled,860258,18400,
XNBmeISyeD8,8150,enabled,5958101,268212,
dgT66qE-CfE,9,enabled,25174,291,
Qx54quy9tDQ,19427,enabled,13251913,160609,
PlY12s5bak4,1024,enabled,1083765,11318,
tA_E6X4ISgQ,1261,enabled,5454628,62662,
QsCLUqWXzcM,5645,enabled,798374,6939,
-dL5ctL7fFE,522,enabled,628100,31005,
dWmJxAf3Qp4,913,enabled,589032,18672,
65GbpVZTgAk,2765,enabled,3604813,74896,
SLSviqKGxSA,2291,enabled,1952194,15034,
xpP2EDUVuKI,1363,enabled,4708657,21927,
rktZbb2Ia1I,1362,enabled,3604543,24567,
ZiZx1HKE3UE,3522,enabled,6358229,55746,
A9R3Ndv7958,670,enabled,453773,5959,
jRus8parI2c,0,zero,70190566,44381,
H5IuDl1dUmo,11,enabled,118903,228,
XJiCE88hOmM,4547,enabled,6703049,95054,
zl0IhCr8Ya4,6376,enabled,3848690,64119,
FwdqFHBaPwY,13128,enabled,8235539,149915,
tWf0SOPXWIk,721,enabled,1258298,12674,
lOtaF_57lww,1438,enabled,4665276,72844,
RRhjqqe750A,1710,enabled,3797712,26523,
Wx_2SVm9Jgo,3920,enabled,4149950,68575,
Rzxr9FeZf1g,36917,enabled,3018205,86930,
-k-y78ji9B0,4590,enabled,1666104,55745,
P8m-KThvtxA,24272,enabled,41407080,682556,
naleynXS7yo,9648,enabled,47613533,567545,
er8-Vq__cRE,81,enabled,953752,4283,
6zGkKGcszAQ,147,enabled,189278,790,
qcIB8fi2h2Y,212,enabled,208098,1362,
HcE9RcTW6Q0,1063,enabled,850492,8295,
XD0dV3Uw-yo,12,enabled,15177,109,
PFcGiMLwjeY,106,enabled,441384,1173,
55oRa7u3dGo,874,enabled,1212689,13973,
oC5MsBfBNDA,541,enabled,2136373,7418,
fyJCWM2tYdQ,178,enabled,249742,2628,
i72oXnPh8FI,2356,enabled,2140748,11863,
ZOLRZobcHC8,947,enabled,510123,3633,
Kk4EC6-YFbs,7515,enabled,9503268,226896,
H93n-k3SkiQ,11970,enabled,16171994,135379,
TwSFKAENnMI,0,zero,631671,3637,
Gjmakhf30iY,9,enabled,11444,94,
Uly5jpIub1E,69,enabled,5217635,11659,
JQ-1Ts3BChM,912,enabled,5658844,10496,
nyQNfW1cWrQ,420,enabled,578019,6161,
JIJw3OLB9sI,2133,enabled,1365205,42008,
vdCjKH5IKJ8,1673,enabled,2393571,31233,
y1MZ8U8C9c8,13677,enabled,1774162,26363,
AbpKruA7AnE,388,enabled,1498452,9063,
n58bFRauLL4,5054,enabled,15231913,75276,
d5dCwHje3MY,1020,enabled,1419164,20606,
8uSkLiFXx38,384,enabled,289716,2623,
kw_4Loo1HR4,341,enabled,1170939,3765,
N7HFXgyTya0,3720,enabled,3304129,114170,
sRdDIrRcwio,3247,enabled,474526,3835,
VkZ318x-NqI,1074,enabled,878873,20038,
PjBxYw4SJVg,524,enabled,1036288,9695,
VzVyf0hTjW8,38,enabled,205044,1285,
Kgudt4PXs28,912,enabled,1698954,19646,
BWAyNbwiMPU,5621,enabled,7389441,124097,
1rcLovRGm4w,20767,enabled,18140503,182226,
MjUcBWYVF9s,213,enabled,553062,4087,
mmguh7eks_U,363,enabled,279247,3070,
vShHLqhGNEs,2348,enabled,2440555,16100,
WbP3YoXmmkc,0,zero,1916779,12697,
4gKhm09PKPQ,3208,enabled,2679829,52709,
sDtQKNTz0QY,1232,enabled,1097767,14853,
ykjA2N1EeZY,5863,enabled,16772837,105554,
6E9WU9TGrec,8872,enabled,10798009,82629,
3_eQZFbLRsc,10034,enabled,4447824,158651,
k27mr6p-yhY,5630,enabled,4488497,93961,
YxSMCOQLSLw,4,enabled,7682,37,
q5DsVVurRQ8,4937,enabled,49715264,158459,
RnhuY17O2vU,743,enabled,1221842,15324,
x377EyNlWaw,445,enabled,266986,1569,
R_hBqcZXF2U,342,enabled,139576,797,
4IM0SvIiMI4,2448,enabled,1464509,11666,
0Z7h6L4vBCU,702,enabled,858571,15534,
FZwkeN-4F1E,0,zero,89359,872,
iisOssAvc6c,1985,enabled,1508261,30333,
eQ29buT_H1Y,4,enabled,2731,11,
JUpiUXhNBb8,129,enabled,92893,732,
8arFX8v5te4,1285,enabled,417665,28458,
FA2k2U_pEcw,742,enabled,1084197,7292,
L4aBqvbP_MM,39303,enabled,94424794,891685,
tcwH_Xg8RwQ,53,enabled,162224,905,
8PDnSzf_TV8,1324,enabled,1030423,13030,
vMUUKtF_BF0,418,enabled,1313180,5715,
yBbg_JGbf3A,1343,enabled,407649,5649,
T_Xev0-h5iE,358,enabled,2018008,5752,
__RqOzOzWjY,1099,enabled,1401064,5141,
wEDpOuJJllw,1705,enabled,2265184,22058,
0ZZgiSUyPDY,465,enabled,1305600,13645,
DgHm96fspS8,203,enabled,66547,340,
DQ8JqQuKW_o,1984,enabled,1221048,43206,
Ut2DtP9wAK8,0,zero,195562,2000,
e1CEdPAnj44,46263,enabled,138328713,878449,
3dGVXmuLmEM,15918,enabled,1743994,10763,
7ymxTOnRBo0,189,enabled,270314,2243,
VMrt9ud4Ylk,802,enabled,2315247,28483,
9iKKbujuihY,3075,enabled,170800,1157,
X1MXLKfY-NQ,6355,enabled,17192400,155770,
eJKVB5w-PQE,0,zero,3944077,5274,
O2Bsw3lrhvs,0,zero,31291806,159181,
wu-tIqnUUX8,210,enabled,387289,2960,
62FdQCwngTs,2704,enabled,5073206,34046,
rArpyMXT2ew,19477,enabled,55507602,134903,
ro8xEvYLR_Q,1710,enabled,1737926,39658,
YplKPH_qcRw,15307,enabled,23043932,448264,
WVrlHH14q3o,1165,enabled,2017476,19586,
tvM067ITfe4,15968,enabled,1657124,44951,
Z3ZapYLsAuc,4094,enabled,2795641,40362,
RhNbHQwxsX4,87,enabled,41186,37,
dxqsBk7Wn-Y,333,enabled,386939,2452,
q1KD0KonRwo,0,zero,6213623,10497,
9_7c3G_4xzU,586,enabled,883504,17013,
cCL6tWv_7FM,270,enabled,383815,3572,
20r5bNv__8g,22,enabled,52676,108,
Yn3_6hLVNYM,251,enabled,627699,21767,
tISuDPuB-U8,0,zero,38937923,106271,
XD3ZI4a0YUk,0,zero,3053563,15030,
zhtg9XgVwuM,434,enabled,1281142,10351,
mZsaaturR6E,16409,enabled,14965584,374839,
uhT89dzjwe4,30,enabled,18503,66,
gx3fH2-FiCo,7960,enabled,2626520,75560,
PYCPZrOkZx0,4671,enabled,4510687,62570,
b1BYE0s_7Xg,32,enabled,44315,133,
j9M1mc_L56k,1176,enabled,1133610,13411,
j4vS48NykgY,820,enabled,275694,10749,
oL1ZOLo3s7s,2257,enabled,1128025,32371,
_UnHKAtC3bg,1409,enabled,1017751,11988,
LfR4QfmwTAc,22428,enabled,23165285,351801,
oShoh8O0Ty8,31431,enabled,7494738,180497,
gdlEPF_6Pd8,445,enabled,661198,7715,
NLmt_VmPwKE,5130,enabled,18787749,96917,
-d_eU-eho9I,145,enabled,3823372,2831,
KhcDh0-_5m4,3137,enabled,88456,322,
vw_FSlpo9KI,2855,enabled,4761802,122579,
vobEBqEISh8,7485,enabled,1504032,27208,
lOScL7REF0A,1759,enabled,5017394,13352,
LVeKbEgn50o,1915,enabled,961086,7488,
6cLn1-OE2dI,932,enabled,2411940,16709,
2MibKZFFRIY,8345,enabled,6617706,138572,
Rvr68u6k5sI,0,zero,25018957,63571,
PjhX22BWET8,9932,enabled,4043580,102325,
LpcDFmfmRkU,137,enabled,395740,791,
5-Hi2lqWO-8,76,enabled,27337,179,
1Z7xba0is94,679,enabled,1808785,35863,
0s4Xe_Le-3E,1828,enabled,1377139,74592,
cCny20lRUUM,375,enabled,140609,2863,
cgg9byUy-V4,1020,enabled,2822556,17693,
FZNrVYsw4Oc,402,enabled,814956,8771,
wMvTR012Dmg,3567,enabled,11380062,51775,
gPjIsIkKttE,14,enabled,3258108,5754,
4O9VweDzThg,94,enabled,766193,1819,
dq37f5LUJgc,38169,enabled,10335751,393220,
_pFCpKtwCkI,5051,enabled,4541049,47898,
5ZQVpPiOji0,2136,enabled,7411935,21830,
Z6LQ0pIC4j8,1565,enabled,818753,14101,
_tgh8Z6yit8,1287,enabled,607951,8147,
YrY3v1eDmQY,1427,enabled,11166645,32408,
s94suB5uLWw,872,enabled,2176619,27424,
Xvuto_LMyt4,1,enabled,38774,376,
rWphZlYQXSE,0,zero,785094,3112,
juM2ROSLWfw,2057,enabled,5607440,38813,
-nSrJwWvGV8,1817,enabled,3715861,60783,
8MIjKGJG9vY,0,zero,222823,866,
G73C-kC1IfM,2710,enabled,4846914,43068,
Ou1pomxPViU,623,enabled,3750502,28312,
nc0g00zqIFs,1435,enabled,454817,3821,
uTjfgqtm2sY,0,zero,1167717,4066,
KvaBxlTHMto,0,zero,9568665,47194,
hr411nEAqJ0,4427,enabled,8156477,161944,
iK0-76FChfk,9218,enabled,24315998,177549,
-uyM2Q8aGp0,2072,enabled,1305620,33193,
zV_Pwjq7sPc,1327,enabled,1877702,28079,
V1eN1CPit2M,1787,enabled,1084632,7293,
hULCUsd_5jU,3,enabled,3468,20,
r6rBoFi5c9U,0,zero,1300575,4638,
VKkbjXYzxXA,2503,enabled,6852564,79302,
KFzKKiFBYy0,2309,enabled,4252313,62446,
rKfRfrmukN8,6206,enabled,28393853,366225,
wmeZWCB6dVw,332,enabled,573660,21323,
y95xrKzdwQE,0,zero,1539166,7608,
_riIY-v2Ym8,438,enabled,1321311,8314,
E21NATEP9QI,3519,enabled,3832653,64390,
N9lSbr5mFwM,0,zero,12429191,30005,
TEHWDA_6e3M,0,zero,22940362,57968,
BN_Uwo4qQTM,453,enabled,2096532,11365,
rCJBqgH9Y4Q,0,zero,35469225,12622,
3aZzmJTpGQo,18366,enabled,4850719,165140,
lU6OKQxSg8U,5268,enabled,7276267,101835,
pz4lgZZjlTA,1529,enabled,2234975,17057,
6ymUzWNvtEE,89,enabled,165743,912,
4CvMZIHxBhc,0,zero,1882116,17881,
gYD07kGeNAM,1053,enabled,2554420,17005,
V6Y-ahQFQDA,10008,enabled,9047127,294795,
-HmZQMrbQ2E,53,enabled,337549,1709,
fQ8vhfrZYHg,4621,enabled,2890292,30606,
6BsXLnLn9ok,3547,enabled,3822858,62269,
svfGcI-vfoQ,6626,enabled,4878912,230147,
WWgB3roxh-M,640,enabled,2965221,5379,
kG5I3N99BmM,1074,enabled,197532,2396,
QFa6jP6WgzM,895,enabled,999172,16206,
aFz-FMj-9Ps,262,enabled,1626535,1867,
pIs_PniE4lQ,771,enabled,670457,11822,
ZORzsubQA_M,6754,enabled,7879105,140589,
XYNt8ujbHyk,1706,enabled,1272797,7383,
-K6vHu5uzyI,858,enabled,178227,10061,
vy2CDXtWjoU,14670,enabled,7233959,57770,
ZKaPIQXVL3k,858,enabled,362778,4571,
pcgKxdBH8jM,162,enabled,57976,195,
imC8x37M_ds,30,enabled,12288,117,
vOLPK513BMc,428,enabled,653192,26587,
NnMIhxWRGNw,7932,enabled,3406974,66805,
IFKnq9QM6_A,704,enabled,4267717,15598,
CNd0kXZTi2s,10279,enabled,2446889,51513,
CHiicN0Kg10,570,enabled,546412,4083,
avvEMoTO-fc,5,enabled,14806,4,
Gp_nWOxthOc,1201,enabled,2946810,23741,
yE8rkG9Dw4s,28030,enabled,7349887,162815,
zyxjs_-xe8Y,20,enabled,88086,290,
sm3S7uCqWHU,0,zero,687735,1696,
4fuHzC9aTik,41004,enabled,23359458,470534,
BKLpmPeWY44,353,enabled,2062008,11128,
9ce9Z4fSx2E,15,enabled,19298,80,
x11dJ96CINo,475,enabled,83559,877,
6A8W77m-ZTw,6798,enabled,25770571,211998,
kdrTQlClb08,29765,enabled,15013573,378657,
YymQxD6hhWU,1637,enabled,1212418,26052,
70zhjbMiSno,174,enabled,427140,2607,
nlRkwuAcUd4,5940,enabled,8260436,121508,
5CFuiwLUSks,1066,enabled,384872,1910,
fMnM5wKRftU,213,enabled,120213,844,
l-LYx4zjC3c,107,enabled,223065,829,
YK1kpSZpMPM,1391,enabled,1859927,34823,
5SnMIHM0XAw,23,enabled,5824,87,
AXdE3yy7Fdk,211,enabled,282082,1712,
82GUjPConiE,13336,enabled,122423731,131893,
MHS-htjGgSY,2807,enabled,4531990,114247,
PjOI0QEyR9E,0,zero,218646,185,
8X0URbZn9hQ,493,enabled,444982,11273,
7CUppYmq-FQ,2937,enabled,6058187,55486,
YzmNsWHvV2c,3041,enabled,2532612,145416,
zvaKWQb2TA4,0,zero,1528223,3159,
kVmau1cM5TU,9169,enabled,1479922,12728,
wYy7igKD21A,4598,enabled,3760254,13728,
ymGENUjIdIg,6200,enabled,13968796,208607,
lHm2GCTPlQI,1,enabled,10844,14,
YBBc3S4Q6GE,0,zero,43761692,91954,
bb5fVqt7GS4,2,enabled,8171,100,
SqEo107j-uw,1280,enabled,860752,10898,
MISVkrFAiFk,1229,enabled,392298,5490,
XZTWOnnZKZ4,25267,enabled,12092704,169264,
9vQuqg5hZYM,275,enabled,2162830,3718,
i-80SGWfEjM,0,zero,36634462,122964,
AdPqWv-eVIc,969,enabled,904182,23423,
7JjLd3MufCE,7813,enabled,14007328,134283,
pVyGOB3M01M,1935,enabled,130518,8089,
PTocKcwlmjM,114,enabled,507460,3171,
NSotHm6rIHU,12,enabled,21372,309,
6GhSM3Gu9VU,2503,enabled,7235921,58035,
SAZEOMjiCGk,222,enabled,92542,1985,
HULSoVuAQsM,1521,enabled,181490,4353,
CFEuP0bOwl0,3064,enabled,1615240,34196,
WoGBoHUCeTo,754,enabled,403574,2578,
nZMMuv0Ltyo,1281,enabled,1046671,25315,
tlYcUqEPN58,27622,enabled,236343132,1215097,
9N4RpohW-hU,3578,enabled,4923159,99730,
Wfih829MMlQ,435,enabled,409037,4591,
LGIUUurlrfY,4133,enabled,3672381,18436,
80NQLXXQwRM,1047,enabled,3277015,33959,
qk7ChII_Up0,6632,enabled,6208098,154836,
_gXotGSe_JE,3101,enabled,1769550,13781,
8DCw_eR_iPA,2630,enabled,5985796,95287,
XFhntPxow0U,463,enabled,1456532,6545,
r0Pe7iHIpco,513,enabled,257226,1091,
0EqINqnEa-Y,7267,enabled,20404098,216525,
Zn53XpM83BA,246,enabled,184046,1471,
umfgvffJ6M0,887,enabled,803024,9007,
pdgqDTpi6OA,702,enabled,1573319,5151,
oxF4jqOevVg,24008,enabled,19596477,392479,
yLfGhdjrj4w,5832,enabled,14515967,173020,
4z8rr88sztU,1545,enabled,3838567,45713,
CeBirl8WxMI,1263,enabled,1852923,23792,
0e-MATDGnM0,1282,enabled,161576,2486,
7ZRWMHisJjk,4231,enabled,446014,2740,
BjRNY3u3bUw,2786,enabled,9682616,27436,
8bWRjajx-LE,4357,enabled,13434122,159037,
_CMql2TRQV8,1513,enabled,1261822,28948,
05XOhz67jGA,9221,enabled,19315470,302128,
QSFmuI-DAK4,1155,enabled,1065940,15102,
NlBuxHbjfzo,37,enabled,379782,1273,
BASELWRpRks,6203,enabled,3632943,74773,
uZCQewdO1DQ,0,zero,579692,5077,
OLuq3CKqky8,2515,enabled,1408743,17297,
3niNDriTVfY,0,zero,863459,7550,
v7bOxQe_WhU,604,enabled,1168576,20362,
VnzRFyOMD4U,2120,enabled,7542139,87384,
j3I21M0XB8k,6244,enabled,5497338,46612,
8ns4cfMABqQ,10831,enabled,10774387,293135,
AHOXcEhQ1Qg,723,enabled,704391,5614,
0xRjLiYGW7I,114,enabled,79197,1181,
OWVTtuxW6Fg,2089,enabled,2385849,27745,
gRaAXsHrI6c,775,enabled,498719,27649,
CoRKrejQBjk,1198,enabled,3353483,40023,
tojzuAeyxzQ,10,enabled,10260,101,
rCWeVmiLF7A,2687,enabled,4869315,96393,
j9ZPMlVHJVs,113,enabled,666410,2795,
ol5_zk1skx0,675,enabled,532733,6558,
6IWRfHpaTdo,2502,enabled,1385673,18939,
WeMl6fLzCPI,6,enabled,4159850,10681,
vn2sO2cBK50,28942,enabled,14890354,314724,
nopWOC4SRm4,15125,enabled,35327636,501016,
a9K8wG_M06Y,470,enabled,1922045,13896,
kAYYwfKlr3I,7211,enabled,5415169,44087,
iGWGlOX8NC0,0,zero,1359595,2727,
fcN7RP723eM,2535,enabled,4155252,86768,
MA5tWWwWYw8,475,enabled,695220,34628,
cTLrMyrZNCk,619,enabled,771268,17380,
aGihxo9afQQ,4128,enabled,3961443,73754,
q47sFg_WFus,3258,enabled,4157473,48299,
8l4qdf_1nGM,423,enabled,2020600,9171,
7wiQpyHgp1Y,485,enabled,865018,13013,
5LoBGoQPUNc,18402,enabled,22814756,381574,
MRqIY5YxIKo,302,enabled,784207,9686,
MQyxG4vTyZ8,32989,enabled,14722534,266788,
wq-ScQkDgNM,932,enabled,2027591,19134,
EL0-OIyeMsA,30,enabled,125357,341,
MmxbY3HVaW4,28,enabled,26264083,14470,
qTUJqajxhJ8,2324,enabled,4118243,45272,
SFILzbSO0oQ,2522,enabled,1215773,56801,
wGB1aLDR2Es,1431,enabled,3054448,19921,
Z9WHJQXcv8w,342,enabled,196587,2027,
jPLiUm9Rp9k,124,enabled,44664,539,
8HTlzcMK9kE,760,enabled,1137327,8684,
Aq1DfU-jJNg,0,zero,1679979,1546,
_YSBDYUAHq4,391,enabled,156957,5540,
gXMLrfZ5VT4,110,enabled,82317,454,
d5mFe7GIt9k,154,enabled,66017,1927,
9nwIe07x4ws,2826,enabled,3921669,127025,
a9QtIfPIQl4,366,enabled,579184,5678,
1Ka3hNgR4Qo,905,enabled,1995659,7777,
WLbhDNBcBQU,1031,enabled,206247,1620,
vDzRZeSrNTQ,146,enabled,945026,2399,
XbSfFmKJJ3c,275,enabled,1127156,4377,
TziuG5LtEWY,13806,enabled,57813663,489861,
KNwKPfOKipk,3567,enabled,1296566,25824,
bwWW3sbk4EU,3692,enabled,6150317,98701,
F3QpgXBtDeo,6816,enabled,8544990,132393,
GOb2pn7wnpQ,801,enabled,1665015,14038,
nmc_7yTtIsw,16,enabled,42513,204,
zjNsa_mdSC0,0,zero,26503071,16457,
tgeh607ZXA0,268,enabled,431501,1722,
hlQE4IGFc5A,2796,enabled,1837862,27547,
gKYr1VerT4A,292,enabled,313603,1180,
HneiEA1B8ks,2460,enabled,3118422,69809,
ySkGRS1Upyo,8941,enabled,3242949,104342,
fWQRcvClgJ0,19,enabled,3528,103,
PaOyrD1DGp4,973,enabled,2218018,14027,
3iQ8BGw13So,5904,enabled,2455783,86732,
4VnZ4rChGJ4,14,enabled,22942,109,
oBI0MU73nlc,2702,enabled,2647776,21896,
5xUTguFE9Aw,1140,enabled,751410,21918,
W9H3gvnN468,10294,enabled,8595347,78874,
N7hlIbJkvUQ,6232,enabled,14333167,161207,
afxHPJfaaeU,9461,enabled,17123347,195098,
XLVSD9K5kp0,4708,enabled,2030849,17495,
AnFhXOslywg,51,enabled,15888,262,
iuQvs1TTrPE,145,enabled,75593,864,
IhwPQL9dFYc,1745,enabled,2223221,19286,
yjNXVkWhXkc,0,zero,2299705,49572,
SzAuB2FG79A,4700,enabled,539128,8509,
FCPahqGhqwU,2606,enabled,3603329,9610,
VSgB1IWr6O4,431,enabled,1459516,2981,
I7yNxeTZZaw,445,enabled,1226710,18318,
K0-GxoJ_Pcg,26038,enabled,21436909,415492,
mtIeLsMbfzg,906,enabled,3075590,25360,
TAF7zAThTus,108,enabled,64216,733,
_ypZt34cFjY,102,enabled,277474,2413,
srDdPbl7zEM,0,zero,3618431,14172,
BrEyOkNRzGI,2453,enabled,1150441,38680,
aDU5CcINqyI,1432,enabled,10360587,70529,
99DthpG9L1w,0,zero,2295107,10989,
xAev_T2JMSQ,17,enabled,68716,72,
aTSVHwzkYI4,2384,enabled,2961526,39813,
MomEx5UpbVk,667,enabled,247484,1579,
vI15rtezCB4,1231,enabled,2025524,23838,
Q077tLseHHM,273,enabled,355716,5224,
Kuds4w8QEos,1260,enabled,1529896,58941,
LXeq-6ZPNV4,1,enabled,2654,23,
nNBTLbw1_2Q,5962,enabled,5122631,93172,
MZ6Ziyvp8SU,864,enabled,315348,1818,
O8rhYaQkUMc,1465,enabled,2030050,20180,
_lu_Hgw60Ns,16337,enabled,2619965,13606,
TU4JpTCa0QQ,15973,enabled,4682008,265207,
lnOt5_GDfBg,24,enabled,25566,267,
Bed87s9ORrk,444,enabled,3127962,5149,
g2p1osv0jj8,43,enabled,162779,655,
JS8Cejh7jxg,162,enabled,194332,2042,
3n4kt-hOpzc,2672,enabled,2276247,38677,
PAlUniqvvfI,560,enabled,2305530,22744,
fa-UDAoPeJ0,687,enabled,410493,11738,
dIfhwkPMvpc,6326,enabled,6958945,119213,
9Dq5IUijkrI,444,enabled,178517,3502,
7yvy8Mp8pw8,707,enabled,297278,920,
ShmXGz8tN-Y,120,enabled,62381,326,
5kcYN3W1n2c,86,enabled,32474,437,
Ls3UgZJpvaU,3289,enabled,8980304,118500,
g0fP7QLRr5k,747,enabled,1089898,12171,
vONyW7DxzjU,158,enabled,510514,7207,
2-81ZybkgxU,1590,enabled,282443,11748,
PE4owT56yO4,189,enabled,219642,1046,
OkJguTJ6Ysw,3137,enabled,3307396,99415,
sHScGlVJpsU,14,enabled,16399,123,
zUTL4Op56CM,1897,enabled,1710939,72979,
2c4rfYWXvpw,79,enabled,1085643,1427,
Z1rZAT2GtmI,7486,enabled,6680237,117526,
V2JbfugMGP4,10197,enabled,5076941,110623,
mEZXJcQmbqU,3239,enabled,6543280,92477,
yjnyFkt2Go8,14,enabled,15189,87,
AmFMJC45f1Q,7976,enabled,6873477,72698,
ueTGjegTKoo,1334,enabled,1775090,37232,
odIyyOcusgQ,165,enabled,122336,2077,
9xGPj4Cj66E,284,enabled,140238,1493,
oEZTgRvL7kA,482,enabled,971534,10440,
w7hf5wbggdA,2774,enabled,1782083,16369,
qcbNTHNugWw,830,enabled,1109028,20564,
8H5OP5xX1qk,3150,enabled,5871983,109593,
Fs2MZIA4Sjc,160,enabled,408467,715,
qJcDbpNFKY0,0,zero,3337313,43834,
G44HxQpAcI4,0,zero,1808437,5368,
Z3Y2Ykh-Z-8,615,enabled,480372,6544,
qvM7rlrlG-s,1,enabled,6905,51,
wLbS3r46px4,336,enabled,862000,650,
Him2AmTLgEU,4025,enabled,700389,4843,
P0GoC7wfCyw,30,enabled,184494,1621,
QgF0U7P50KI,0,zero,1712613,4183,
VUTP93qWV7I,2916,enabled,484831,2958,
_rJhVZU5Xqo,28927,enabled,9375474,309203,
qgxJkU33DhU,80,enabled,620707,542,
cEQPqlcF6l4,438,enabled,2450147,10726,
RuGeeGRdYlQ,66,enabled,258861,1289,
g8_g5WXmMC0,4131,enabled,3124366,88306,
Wfql_DoHRKc,0,zero,28144784,61859,
CORL6kACgE4,2177,enabled,1075224,14831,
4P50c_WRWqs,57,enabled,81408,395,
6etSoOt5WkI,11,enabled,4928,91,
kE8bujXQsac,3675,enabled,3620010,31623,
d5LzMPAAbog,0,zero,227249,205,
gnqYiHCS3Sc,1140,enabled,524568,8542,
omwFwo16BFk,17,enabled,63498,355,
sW-mSHLGIkE,1230,enabled,499411,24964,
8WEDjRQT3-E,12,enabled,14707,130,
snmrKlXJSJ0,0,zero,32489468,116759,
dN-tB7yqTvs,120,enabled,550725,2367,
8_0oGn2xerQ,0,zero,3426955,5047,
hqzHf48CqJg,142,enabled,126796,706,
dKz-uroh2Dg,24,enabled,63520,401,
X8VQBMTt51s,128,enabled,12950,398,
SKWR8B0LlhI,1691,enabled,2835308,34763,
24dsf1QAd4A,1977,enabled,588744,8087,
90LTtKIFY8U,1589,enabled,1131193,24700,
MxILnUgZXeA,102,enabled,166381,3181,
RV4fbdcsMT4,991,enabled,1404786,12369,
iKRpMjVJKZc,6213,enabled,32651491,227347,
7SB0D8A02dI,5136,enabled,9926014,139110,
rTpFqoS4hyY,1997,enabled,2933522,37239,
o6DOCx8_FOI,481,enabled,2055834,17738,
MFBlia-uDiM,4556,enabled,8968142,47262,
cvk18vx-nrY,17429,enabled,9062934,114808,
u_GMfzCQCls,394,enabled,493201,4513,
DiLrMq5Joh8,970,enabled,2720874,23378,
s0MmvxvOomU,22362,enabled,22295189,151154,
L4PKj9UNyGM,8758,enabled,8537492,145546,
tIfsHPpkSPs,1081,enabled,1138097,13936,
Im3_y478lTg,501,enabled,1573077,14784,
s7Cn0XHvBx0,725,enabled,1147693,37021,
5oQCkcot9K4,1309,enabled,1937480,26976,
K9Z9ef7Js8U,4468,enabled,3217299,219462,
4jCGlpLWlhA,0,zero,459844,1281,
XP-tYZOVkuY,788,enabled,402619,7092,
UtsfUAHkyWQ,68722,enabled,223778083,2186880,
j0c2vmFGbtk,145,enabled,387153,1406,
6IHLIGGshck,700,enabled,4749765,21975,
cXNTArhA0Jg,1462,enabled,1754325,52361,
JI6iczwm0Ys,8004,enabled,3733291,128330,
XCbJHr8TCi8,513,enabled,737448,4422,
R-GuYMLjMTw,537,enabled,205421,7521,
wN39H1Eb-6I,3960,enabled,919377,13965,
PO5OYZTOtdc,39,enabled,120236,777,
sISVLsPQ7vk,1522,enabled,924061,5592,
Aj7kDaBLjb4,171,enabled,53382,226,
5PZuMdrYI7E,1174,enabled,1004210,7758,
5H79Os9t7y4,5,enabled,116898,38,
hToKUbjiKbM,21,enabled,89155,399,
OOcLYD1cKtw,19,enabled,5606,140,
-95sCSpKM8E,1097,enabled,200089,2834,
skvnj67YGmw,28033,enabled,17675567,492610,
mvvx2yQRbzQ,1897,enabled,1181695,30457,
TkWmK-cplV4,4799,enabled,6218903,131838,
TaliInOFKIA,15273,enabled,13524455,109630,
6ckloLGOgVo,209,enabled,754513,1557,
-LO4xWk7_cI,1494,enabled,3709164,31375,
e0xGHf8o-9k,9917,enabled,3494895,62258,
XSPWclWpP-c,1820,enabled,4881265,47860,
0rTFk-8_8NQ,16,enabled,21834,56,
PyTCdk-LA0s,2662,enabled,3452020,51147,
XDTBLSkUmYk,4461,enabled,20830023,110326,
J9CkiijxRDk,1859,enabled,251887,3659,
zJVNxCP4I0A,7,enabled,240631,92,
IoixIBUi8jI,7183,enabled,2791513,17280,
sf-HOTnKiT8,80,enabled,119755,1524,
V_jKNxM65Nw,31205,enabled,7047671,161364,
iWZmdoY1aTE,94179,enabled,438153234,3165046,
7zzq5f8x5f4,6437,enabled,7339986,122107,
PQynVVwlcSE,848,enabled,1252952,23891,
r0T3gpfH_-w,733,enabled,898054,18752,
3C-KeTYs0IU,445,enabled,242645,5112,
7WdRyXluk9g,872,enabled,1305945,15407,
i-hIT01Onfw,34,enabled,36699,154,
SWbZRE-Aq_s,275,enabled,143770,1055,
UvmK97AmRNA,251,enabled,165661,5877,
DI4shM8NlR0,5687,enabled,8161002,60248,
25ijKthdhNU,9541,enabled,2019287,35505,
25Qq8k7V83g,727,enabled,1126330,12770,
WKz_AUF0GcU,2177,enabled,18033037,37988,
xX31xYRl-II,2115,enabled,2360540,17506,
azFsk42kb5E,3842,enabled,4956008,134188,
1yv_MXNYbAo,3181,enabled,7838053,93148,
LVNr5NsLFoY,161,enabled,150454,416,
jgnVsuKY3oM,23521,enabled,87260145,518564,
kwkSAnLHm1Y,1181,enabled,955554,22396,
b6oodEzixvQ,1052,enabled,3637471,15920,
d-sy_tAhUzA,4049,enabled,18400884,115085,
qjfaoe847qQ,20216,enabled,11832196,282104,
rCw5JXD18y4,4322,enabled,3637286,40120,
kubGCSj5y3k,22949,enabled,4280317,92694,
dKC9xSq1Okg,0,zero,1275723,7235,
OkkkPAE9KvE,438,enabled,2423125,9169,
mumJH5BfJTk,1451,enabled,457419,5334,
fZQdYBReYUo,922,enabled,1090291,6763,
4MWYXQ1mzvQ,0,zero,3324690,7853,
Cf16mp6Nbh8,10241,enabled,9520834,159092,
sNhhvQGsMEc,42967,enabled,35010880,735885,
kvlCFyufaJ8,860,enabled,1780883,22104,
sD3FOFZKKiY,149,enabled,274892,2729,
Q490iOW_-Lg,4735,enabled,2430779,37983,
aJOtGx5ue40,948,enabled,1613602,24286,
IAXSfAUcOeI,59,enabled,33775,208,
72Sm6xXBHkw,606,enabled,1037138,23379,
ryQpA86ZC8U,6890,enabled,6995160,201737,
zXd0g39W-tU,2379,enabled,1527514,31268,
vJWGyr8DIx4,44,enabled,109949,417,
HpWLqLBftmE,200,enabled,581169,10152,
ADLPNnld_nk,793,enabled,585473,11457,
d3M-PRA3NsA,83,enabled,59985,147,
nPhubc3x6Pw,6901,enabled,9104964,131844,
QaUxGOEDrSc,590,enabled,575236,3456,
ecItRVAZxNI,2786,enabled,3420039,72765,
v7TdTk-7KoU,111,enabled,204566,1005,
IDQ0f4n9aAo,3065,enabled,2375864,22131,
u0feM_2mLvo,5009,enabled,2177195,46671,
zb9l63Nm9zU,98,enabled,670645,4357,
DWjhuJuX9hY,0,zero,8996597,70189,
fCsSLb11RUQ,255,enabled,1500443,7798,
8jBpibMzs28,172,enabled,62859,1189,
b7mpIQsSAiA,0,zero,3550183,10705,
Z0m7xhxu4dQ,193,enabled,69956,468,
pX4uXofQXSk,3,enabled,4139,29,
r0aaKD9xhEU,30,enabled,38618,91,
frsvWVEHowg,3420,enabled,9352474,30156,
OkKFVYoRBgs,0,zero,29240129,121182,
uy8F1Nh83_E,920,enabled,798891,2806,
t-PCGhoWGr8,0,zero,2284522,12664,
ZGhKlTPYTnc,101,enabled,14198,85,
mp_w0xZ9XFg,8643,enabled,8579128,121105,
FPrTN2B7prc,23,enabled,21477,178,
XgsqLLYy3JA,36503,enabled,7087151,181017,
B1-D33OQ4SA,11,enabled,90484,44,
NlHNzjkEWz8,7,enabled,93223,321,
vhxq07qooMA,876,enabled,3412888,26647,
zpL7avzsGXY,7079,enabled,8243499,74568,
ImoP-Apzrsg,10874,enabled,18119569,337384,
QpbTCNOYDWU,7312,enabled,6735782,128083,
jJiWkbXcZ6w,110,enabled,181870,2643,
8lJvb3tFjfc,818,enabled,946582,16203,
QP0c6smM_NM,2559,enabled,1521050,20942,
97RvxFbkTHo,2591,enabled,491152,2696,
9a-krioFrFA,0,zero,12247710,32667,
8WqzQNlsq_s,0,zero,37691,627,
O6BODAJVYc8,18008,enabled,4812590,125428,
GEDL7dCxWvs,3974,enabled,4210107,42057,
wZRayrio92Y,0,zero,13972191,130716,
l6iX_nozv2M,263,enabled,634138,4996,
TJMRrHhttME,2711,enabled,276365,3182,
8GUP0kYkSao,127,enabled,376726,4711,
dHg50mdODFM,0,zero,34794207,549144,
m5mApBlx1kc,2413,enabled,1933620,33844,
f5Ov_n0crZ8,0,zero,82300822,58802,
AR160wbv9VM,1745,enabled,702528,6586,
YqPywTj6Lo8,570,enabled,944695,12995,
hSgIDgGpRpk,843,enabled,1260031,10915,
uz9PCsdUjN0,2990,enabled,5307320,69148,
BC6Ra5giYaI,7023,enabled,9240752,209549,
16Y15eImbmY,11,enabled,54669,171,
09Z9tbJLkCE,24498,enabled,68736384,622464,
64TbMz-hA3w,6205,enabled,5181713,143268,
UhtOYZBnSls,1864,enabled,1296584,9435,
wC6V4gLAat4,2399,enabled,6774497,81816,
RnGu3xO2h74,3608,enabled,2547806,17925,
g-qXuV1ICTg,89,enabled,510231,3758,
bVMVxJJ7P8M,3916,enabled,6960946,94729,
k3eEk-__E2U,483,enabled,493815,5330,
Xk6QllxgIfg,2,enabled,37226,100,
Ama19ZYVl68,0,zero,29559625,50406,
XaNR-155s8U,24,enabled,37992,447,
f5UkLhTQd7Q,1575,enabled,1174866,14095,
fXNV9kLaNTY,16207,enabled,6226914,274069,
awuk6SJ34CM,2000,enabled,400264,2990,
P9-FCC6I7u0,0,zero,68296637,212339,
KuwyR0OW-nc,2078,enabled,6117470,89084,
f8lnnqgZTYE,0,zero,120379,147,
1f3ApRb50H0,45,enabled,49577,375,
cT4FFpW_My4,4,enabled,15878,185,
ZuYTtKZUkJc,6216,enabled,7846733,85797,
ta0Mynwbn5g,59,enabled,150791,1824,
fiuF1uyaBQ4,8948,enabled,8393843,25568,
29Dxvsy66AY,2927,enabled,557050,3456,
5z0e-GKJA10,4429,enabled,3690009,50676,
g3uzzbRJtDU,1336,enabled,308302,10387,
HDNQR_1-Isg,3000,enabled,4716684,28638,
Ky5Y99wb_00,0,zero,41530692,252487,
ZRkIloATj58,168,enabled,120557,1356,
bUcszN8jRB8,10557,enabled,6649831,65755,
EP0rH8IR22c,4612,enabled,1843212,40572,
ddIz-ydl6Yk,1082,enabled,3909931,29205,
wnwF1FHybDQ,220,enabled,904595,5982,
6bMq9Ek6jnA,3484,enabled,5018049,44929,
_60sKaoRmhU,428,enabled,1082255,9964,
7k85eD_tQZo,7858,enabled,4729287,92374,
rClXqZD2Xrs,5373,enabled,7953391,201263,
0LpbSdTeD0E,146,enabled,713945,47124,
dKrOhTEk4Fg,0,zero,8936510,42026,
J5etXw2ngaE,9056,enabled,6679937,148780,
Yaou-qomTrg,3312,enabled,7899626,136619,
osE542oTMDA,2036,enabled,5513770,9581,
oDIH0wHKkYo,0,zero,28939254,52857,
zMvdpfN8utw,18043,enabled,13810883,78371,
VGACrpNOjtk,0,zero,11851386,106926,
hBjFJSFtb3M,473,enabled,336826,4500,
HOwuFJ_09vA,45,enabled,75472,414,
dmleVISsBIs,499,enabled,484005,11314,
C4YNcqNF4hg,2146,enabled,4919009,112594,
GsASW1z7BaA,5422,enabled,5019932,268223,
VM0sBhZbXS0,4441,enabled,2424829,44051,
AUuHyXguUsg,79,enabled,259556,1180,
hoO38nt6ejA,241,enabled,513584,6477,
kUfF2MTnqAw,8824,enabled,11585714,219029,
aT8aalyFqUA,2097,enabled,1189561,25286,
JV14tr3qHgk,11461,enabled,10860830,110522,
62oHw3RZo30,815,enabled,2129676,14534,
fabg8xwqpDM,4442,enabled,2405193,68773,
ZiRr57HU5w8,855,enabled,2068027,17800,
uNUoJ8tDuHw,160,enabled,274593,1458,
ffq0bbICESo,105,enabled,126858,779,
foV6LGohzBI,5876,enabled,48975650,370055,
cDQ5_mkYlFM,298,enabled,46590,343,
rDBO0D2tvu0,0,zero,9594909,23816,
uevYxaID9sM,1609,enabled,197112,2351,
-DqpAni2M5o,17967,enabled,8856273,76583,
-JMDWx8Emko,416,enabled,883583,34286,
c1Uh8Yal-HU,414,enabled,486227,6318,
AmNid7KxUhU,7076,enabled,15576375,83997,
FRcGD-TCFrs,5256,enabled,2094792,63805,
fpnE6UAfbtU,1226,enabled,2355824,51421,
ixb3K74M824,3319,enabled,1618838,22826,
d7b5Vbp_NDs,0,zero,653936,31276,
iVUMZ8-TM2c,78,enabled,62356,556,
SynVdC540nw,7586,enabled,9422361,158881,
YdfCucsar9s,228,enabled,215683,5071,
e5jDspIC4hY,22792,enabled,8280089,182294,
gP2my8IjpDM,51,enabled,141483,186,
M5_4kHZsdyc,1139,enabled,2118699,53075,
51qsAwPM7Jo,2656,enabled,343399,5557,
QiTKnVuHLsA,1057,enabled,2474813,15785,
HIPJrrQlxzY,31434,enabled,114074706,568844,
wxe8weq5RtU,720,enabled,1033828,13694,
dIYWTQEFaq8,3475,enabled,193494,3164,
VdUAD3j50hc,23,enabled,48884,121,
h3-Pj-zbEq8,1247,enabled,1631125,35700,
IjcpG4t_rIA,143,enabled,18088,1133,
iLXoLcr2yqQ,2778,enabled,22561197,51660,
W1YrcmtVTYA,3270,enabled,5992454,112467,
Zx2YyvbxTkc,35,enabled,134106,996,
kuVmtyw9pd4,64,enabled,63053,359,
skqCqWkZigo,16,enabled,27102,37,
tAtIyWFeFMc,1520,enabled,3056289,27829,
TSDjeTgXZlw,2399,enabled,4434484,82501,
d-84UJpYFRM,10674,enabled,10661929,138525,
IMmj35or744,636,enabled,1342503,14412,
48rlkSRQzSo,1445,enabled,238301,704,
o1Af8RrmLPY,28639,enabled,22869947,214764,
CE5XqQd2wak,1803,enabled,861200,3325,
lbQTg107tmE,323,enabled,53692,247,
j9qAFZxiY74,83,enabled,97101,1399,
kD6TOpVQ5i0,366,enabled,192045,1208,
iiEzf3J4iFk,317,enabled,904302,3524,
X0v1q_VTQQg,443,enabled,716304,5395,
rk_qLtk0m2c,31925,enabled,96370221,765193,
-9YyBTjo1zo,1278,enabled,2009611,20632,
sYjJbYyWxUM,897,enabled,1400458,13040,
Ia9MK9ix1dU,0,zero,154909,11,
6xHqwj-nWFg,105,enabled,370603,1759,
80mw2nPlCsw,228,enabled,173403,154,
lY9_ht-hLH8,0,zero,248376,195,
9i-Lkq1btP0,1916,enabled,1101322,6286,
F5GbNRH6JOw,22430,enabled,25832168,169707,
EOiSvoM4z9I,263,enabled,131935,666,
Hua_84GxP9E,440,enabled,916938,11410,
-p6WWRarjNs,2311,enabled,4260717,78725,
RSFLtcUT30Y,2342,enabled,8594251,118047,
kATuE1S5qk0,1692,enabled,3624129,55926,
6FGPxHSZSI0,0,zero,9556186,35094,
CQkd3P-_m1M,0,zero,2800186,2082,
DpEtc6F9Jl0,2555,enabled,1955652,19617,
USuY93sovuM,639,enabled,676850,12910,
HHuTrcXNxOk,5743,enabled,15174966,104556,
3TqGEbROFd4,9784,enabled,86318624,478128,
awpuf8y5FF4,1834,enabled,2714675,26959,
f8VC2t23KTM,1497,enabled,757844,22307,
Zs_QOx_X5TE,978,enabled,1507740,7115,
8-iR_6Sjwug,281,enabled,303118,2768,
rqno7K2zXi4,3351,enabled,1983018,36508,
AOiNUWPC5eU,459,enabled,1000124,10424,
Edx9D2yaOGs,160014,enabled,19084708,509051,
ZsBWgeQHjnM,1405,enabled,4440040,59828,
2T_jCX8J_I0,5729,enabled,8644177,165519,
5WlTYwpZV8M,645,enabled,868749,4709,
GIpCvOU0-BQ,633,enabled,418821,4243,
YPIxKgoXTRg,0,zero,6939454,36241,
pEDUz79LvLo,30,enabled,36060,357,
z0rEHNUx7O8,3,enabled,2942019,58,
xqsDUwDwdUM,8197,enabled,12304364,61051,
FCWLtyTmX3o,185,enabled,1405374,7986,
f6mJ7e5YmnE,4554,enabled,21119772,139449,
Kkt9Uz8Ol7M,6972,enabled,26490875,128035,
_CYDUyIsMw0,51,enabled,95529,417,
hBkCrBlDHus,527,enabled,207333,9640,
Bg9MVRQYmBQ,1835,enabled,1264178,24723,
-qDBAZcWubE,2392,enabled,1221334,40988,
YTaxwrcFhHs,1465,enabled,4044484,24322,
qfFMgPCVIt8,372,enabled,164277,279,
jCm3BemDlj8,28397,enabled,9336627,61772,
9_EjhMIM7-o,0,zero,10486583,10753,
45ETZ1xvHS0,1775,enabled,5344635,31834,
uVDgz24LDfQ,0,zero,1246938,8208,
KvpVTD5Ahxw,92,enabled,78159,297,
N40uY51s5Z0,550,enabled,913189,8752,
3H67PjqaNV0,0,zero,11143083,18516,
nBADYxGJ5QE,848,enabled,517773,13071,
yDq-Imf4EY4,480,enabled,509070,9056,
DDo4CA13LbY,20737,enabled,14766480,182048,
Au5ro1NOnhI,0,zero,171008981,675890,
MtvxcnPHq2I,434,enabled,660725,2440,
RzUpJd9DZbM,8706,enabled,6940290,225625,
LWrZIXUxc3A,10165,enabled,19561076,207695,
GQNmX0K48i0,1333,enabled,580461,3817,
icp2Pb5uoME,3618,enabled,11057809,77604,
vvsI2pERsas,581,enabled,1333015,9117,
S9KxqRUcnCU,45207,enabled,117747322,2283213,
yhc0kS0ipJE,45,enabled,176497,677,
uRfOsl0nSnc,19116,enabled,14332856,177126,
AGgir01pDTQ,0,zero,436031,1042,
YlFujEBi40E,3664,enabled,3172199,70674,
RXMp9fBomJw,8838,enabled,11895220,53680,
TMuhw2tLN0I,850,enabled,1355969,16678,
Y_NiP_bqlns,3502,enabled,16743130,66261,
1sISguPDlhY,2201,enabled,6949705,132119,
C33HiCDlwGg,773,enabled,739129,3006,
TRXGch6675Q,2893,enabled,21560909,61024,
OsizWChLOQw,841,enabled,1613521,18028,
KKoOIyhJwA4,7186,enabled,14456000,263039,
fen7TTooi4o,4278,enabled,1228043,6430,
vdtQgwOOiBg,2433,enabled,3188986,26516,
UPB_-SRXjwk,847,enabled,1776549,25930,
cXCMz340CRg,11668,enabled,18669211,132302,
hD8Rh5YM-_4,212,enabled,108058,1347,
SHG0ezLiVGc,41783,enabled,35760900,394963,
0Mh9p7U6nIw,107,enabled,52485,545,
e9-_9eBRaZo,0,zero,539189,9877,
sEcMtw4_UHo,1180,enabled,2558399,12853,
UlbFFq60Tec,2447,enabled,3802479,86260,
S0IZJPtoX8E,1933,enabled,392934,8676,
3R2uvJqWeVg,21065,enabled,35599520,223550,
GjOeZ2xk96Y,13049,enabled,5429195,212435,
KPmoDYayoLE,113573,enabled,34412440,920778,
YoIIZRDqnUw,135,enabled,216680,2011,
ccR5gWHCioM,0,zero,26401321,55906,
YFUF5OEUiD8,6052,enabled,14593429,147200,
ch-la5pHwdU,28,enabled,7896,38,
cIFiFWaaNHc,171,enabled,102962,1814,
zCF6hrL00cA,1,enabled,1088,5,
dNthopipFHM,8161,enabled,21944163,140272,
0vCAz5CL6Cc,321,enabled,111344,1218,
-RNI9o06vqo,5706,enabled,19616424,129846,
vn9mMeWcgoM,64539,enabled,70224730,670210,
r2P_1M8ImGo,1778,enabled,956674,8664,
TUmyygCMMGA,4536,enabled,2321220,45216,
4M82H4j7i3Y,986,enabled,537930,3312,
TI9vCvkVH2U,541,enabled,726509,2787,
4AyUk53WRO8,742,enabled,861449,5089,
4Kbruik_LOo,275,enabled,556112,2465,
gIyPntS7h0w,2527,enabled,3398818,28730,
p7SWgstujAg,216,enabled,146477,2117,
0cj81wHmfXc,2883,enabled,4765025,17479,
QBQkkotcEME,0,zero,15526708,176215,
o_W280R_Jt8,28950,enabled,2701367,44096,
LdNx86H2gAY,1318,enabled,942805,53776,
lHHy-QgsWbA,13,enabled,18789,80,
48WdyjnaSp8,872,enabled,761201,8215,
rs1md3e4aYU,204,enabled,1196542,5544,
RS7IzU2VJIQ,14331,enabled,9982695,288689,
pK25VJwNH2o,1342,enabled,846950,21659,
WC6Gd-EmW7k,547,enabled,252812,581,
m2pFKH4gK6Y,6,enabled,25768,16,
z3t5bKMrKq0,0,zero,209935,895,
cppxO67e6eo,75,enabled,417472,2019,
pv2xZ4A8fmA,355,enabled,249114,3188,
WXIewCMep64,4411,enabled,9816270,151750,
q87L9R9v274,169,enabled,1167975,5534,
1u9ijlRUinU,13,enabled,30855,48,
eiE7GNkr9Uo,9596,enabled,13818118,133329,
rXi1vzRIePo,135,enabled,405370,7415,
MHsxq45a84c,22,enabled,21835889,16397,
1DbMIaR1ImI,114,enabled,395842,3103,
5YJCKT90km8,20,enabled,5398384,8642,
d6H7bgx_M_M,5,enabled,12368,83,
fEX7HAuhY0w,0,zero,83678,879,
mWeGfoWB9ZY,85,enabled,202813,1799,
2AjAToIfEPc,3903,enabled,8100327,138401,
h8EYEJ32oQ8,0,zero,2772892,11455,
mK8vQuiFTMM,0,zero,59308,252,
d16LNHIEJzs,11924,enabled,5718266,101064,
pzZgJZMXNEc,150,enabled,1717844,2806,
L6lq_gm7Zmg,136,enabled,31266,526,
kUs8tWJ0EWM,1135,enabled,3850582,12269,
siKmEMklPc4,1598,enabled,964815,16990,
jC8gzOUe2To,10742,enabled,5746779,57580,
JrzenOfcmBo,422,enabled,747878,4212,
ZA4gR9CkCdY,2031,enabled,3620933,29710,
zk85Zdx4siQ,0,zero,39224878,148725,
bQDMEt0j1Wc,344,enabled,535671,3695,
ubNm5M2-LAc,4172,enabled,4892017,49802,
GfY2Is0_DLY,15,enabled,68649,179,
olZoFR2XROs,185,enabled,82643,908,
gU53KILhMmw,55,enabled,20183,73,
Af3ZG47oT7I,7441,enabled,4290116,82857,
SEodHWBzDSU,505,enabled,1717465,90988,
e0NT9i4Qnak,11005,enabled,5087455,97017,
Z5-a9uQkzac,0,zero,7725243,8412,
1vwfGxVWYNk,1180,enabled,800421,16648,
5clXuoK5Lm4,3187,enabled,2536604,74456,
4A1oMb9XIVA,4661,enabled,27093036,422022,
pf-BpvfTSKQ,708,enabled,708315,7093,
gPEQYZXzOcg,46,enabled,15279,133,
kvzXwBoDw5s,130,enabled,454152,4041,
WqzK3UAXaHs,281,enabled,1607248,6132,
QFgh69uujkk,0,disabled,3616411,1408,
s7wrfzpjf9U,4376,enabled,6612049,58308,
8qGjpTsYSrc,583,enabled,1028500,10723,
Dbg1_xjW7L8,1536,enabled,4265640,128802,
GInbdM29BAI,1558,enabled,802208,23649,
QXvTVYazOlg,50,enabled,111281,1473,
xM9S4QiEHEY,75909,enabled,23739276,670174,
TLS837FaO4Y,3215,enabled,2944402,142755,
WoNAt9bQZtY,21793,enabled,30958538,285802,
oZ3VjKaf498,2424,enabled,2387283,37256,
yKbJKJ_whHY,2909,enabled,1403003,8459,
gDL4Zf2yEa4,1068,enabled,1259042,25836,
L-EH3pKnpG4,65,enabled,25423,557,
0qmwWY8bXh4,3,enabled,9656,53,
WtOAiy457-w,25,enabled,4697207,13509,
fT3kVythPAE,3019,enabled,4958240,92525,
ean02idlEm4,1444,enabled,4272706,56740,
tx2Ws1n7BMc,695,enabled,302174,2187,
PQapEDr084o,0,zero,163382506,435431,
IIkC2sBDf3o,3356,enabled,1240012,8450,
fo13b2xmkiI,9195,enabled,1792998,72452,
vNhORnwcQcU,324,enabled,1060299,9334,
dZSL8OnBLlc,11986,enabled,899424,4258,
1Za8BtLgKv8,40649,enabled,107757468,1418719,
8M57Tt0uEM0,5388,enabled,2766676,30432,
Z_bL6rq5UGA,69,enabled,394371,2750,
drbhNLvYxGQ,9370,enabled,8141741,176351,
YiXe3HmRvWg,262,enabled,675543,5383,
bbR3EdCnGGI,2158,enabled,2067370,30882,
MYaYdaFFLoQ,3318,enabled,3730431,6375,
9JvMailItCo,198,enabled,346609,4508,
M6bdpR_3HCU,2684,enabled,5727741,101526,
yRUAzGQ3nSY,1802,enabled,21681828,61698,
mGkPQNczvRU,160,enabled,90679,491,
6LyCC6jjcx8,27855,enabled,12942879,324042,
4QDDxmtbUsw,8038,enabled,8399412,163033,
TgBAz8z8QCI,1274,enabled,2973340,20753,
Ao2uW6xf764,57,enabled,65619,494,
E-MTkeK4eN8,6537,enabled,2544232,73488,
IZfNygh__NU,12900,enabled,10713052,194108,
wOskfnnbkdw,1526,enabled,3912170,68906,
lvVOtwezkXU,0,zero,3418119,17788,
-GbQWmFzVdY,144,enabled,282793,1108,
4gAlsk9t950,219,enabled,393708,6214,
bgfbuaBc_-0,1144,enabled,4051390,199627,
Bp5kQkvlIEM,61,enabled,33570,343,
-SzoHL7j-SU,1937,enabled,1585543,19490,
Mgfxo3CLdNM,13382,enabled,10664232,211868,
VuUU9jYqxpA,23,enabled,20138,111,
wtJDy3WuUQM,19155,enabled,10801191,91522,
Ko-27mN7Z2Y,206,enabled,639724,1796,
95-uiTX1qWU,121,enabled,101270,590,
HZakJFqdpRY,10426,enabled,3267394,133003,
8GDPZDxGr18,24,enabled,70887,172,
TjW_4kXStaY,60,enabled,66504,206,
i5qOzqD9Rms,0,zero,166587368,488937,
aHtjhCxRIa4,15399,enabled,5024025,98733,
mHC15HYwJ5Q,2619,enabled,2604783,21508,
p8V5p4sL2K0,3419,enabled,1981433,14645,
NtFe5PM87BU,3369,enabled,5641786,21715,
q3MWRvLndzs,21837,enabled,3454260,71682,
SUIMLWwWbwk,433,enabled,831311,13623,
T5c6O3efej0,135,enabled,133042,1236,
IEzjvhdJLaM,7,enabled,20742,168,
YBQ5YILNGXE,4987,enabled,13112410,181774,
0qY6V9dUZFw,0,zero,531225,1604,
caCMooaCIsA,1532,enabled,2005896,25239,
Q36_8s5z6S8,7409,enabled,15884272,41844,
ia-FzULL1S8,0,zero,36297024,44379,
Fw8YjMOvokc,0,zero,1137958,11523,
VoVANzPX2is,0,zero,6409379,9721,
6q4VVxJAGgQ,2382,enabled,1900125,41734,
YeGqMBCESFU,0,zero,46802897,78231,
iY5sUfKgWsU,7,enabled,16801,16,
UGqC9URTJIQ,716,enabled,656856,10297,
EFIKeRrrloQ,88,enabled,192118,1890,
U_Jdvnj5s90,4,enabled,23376,133,
FJAZkC9d43c,235,enabled,408515,10339,
XhaglZnAgnE,1435,enabled,7841444,38508,
pLlLWnv-t-U,24,enabled,20689,279,
Rn0t8XaqmbI,611,enabled,484215,4630,
4OpBylwH9DU,4876,enabled,8058553,50765,
dn_aaxZIA2o,6008,enabled,5653860,123647,
elpUGB9Ap1Y,2219,enabled,10467502,71543,
p1_zJGvh4bA,8256,enabled,6803294,294537,
wNGXlREJAHA,212,enabled,289997,5295,
Gdc3PZ0gFvA,2093,enabled,2419888,55500,
4zudc0WAQQw,1209,enabled,3841069,156360,
cl2lDQzfSkM,31,enabled,38656,129,
jY_4mXSfArQ,20,enabled,80391,102,
C9BoLkIyZQE,746,enabled,1478106,15037,
jeNTCi2ntdE,60,enabled,1435765,2382,
lzEvGGINE20,508,enabled,719173,8606,
NY43w15joPE,1371,enabled,655725,7002,
ejiwyTOGmgk,998,enabled,599029,3804,
WVwk7Kqgun4,973,enabled,1279828,72173,
R1yA1A7lyYk,7340,enabled,2452874,80399,
gBabKoHSErI,1113,enabled,3350757,13124,
1bHdzTUNw-4,0,zero,8493794,21721,
l8f4moBLpEU,1497,enabled,4748745,19839,
m1sdAmSq4vs,4313,enabled,1164872,15956,
G6Ig75dtt6A,3,enabled,2822144,6801,
xQHUOHHoOz8,17,enabled,649486,121,
0UzMaoaXKaM,1501,enabled,3273311,64559,
DNq69d8_M8w,237,enabled,331104,2829,
x7QhUL8NUK4,54629,enabled,44179872,443076,
L264dZzvXcU,34,enabled,8635,75,
X9ueRFZXFoI,9,enabled,29516,395,
LH_bVKfwf2o,504,enabled,3040165,8082,
AHFMoe9VXMI,40957,enabled,20918522,213173,
-_PFfy36nFU,1152,enabled,2124632,29237,
o_gACZHOXAk,2071,enabled,2879848,25042,
FepIkIILumA,43294,enabled,64859198,908602,
UkXI-zPcDIM,289,enabled,1311906,8361,
ZQIQCBvyQuM,2186,enabled,4821803,36016,
DblEwHkde8U,14031,enabled,7739372,74654,
FMpof1D7194,0,zero,437558,418,
StrsvKSAbT8,6522,enabled,4002248,74153,
8bIys6JoEDw,1659,enabled,4603621,69678,
CChoJftAxiI,154,enabled,381941,2550,
pVg9x8_SC1w,5,enabled,23125,355,
74v498Oqlm8,458,enabled,719827,3690,
F6IVGNtdrdw,1324,enabled,2567177,41699,
HHxRBljtoqU,4867,enabled,8707647,99806,
BwNrAlZdq9A,550,enabled,98221425,72229,
I3EuAWUgIGg,6328,enabled,4158247,229303,
Kndc9HK97S8,1562,enabled,437693,5377,
a27s7NUzOMw,213,enabled,387098,2754,
B1wp2MQCsfQ,158,enabled,534246,3976,
OoetqEJafy0,1794,enabled,1560657,27525,
YJAGNad7FLI,7680,enabled,19640425,303372,
MaB4k1SgfUg,820,enabled,2277929,17196,
OVO4LhrOFiY,11507,enabled,65165477,338684,
gd5yB9Vmd6I,17637,enabled,9200942,220331,
0NS51Iph2Ms,4217,enabled,1087453,12335,
FRlI2SQ0Ueg,39877,enabled,15429368,75110,
7H3z3J50XCs,5460,enabled,10333668,183382,
V5PzDHbAtO4,8079,enabled,17278029,187251,
01JtQET-NSY,0,zero,306,0,
qCSu-X_aEvo,4211,enabled,4808316,60704,
K1aLtgEjzPk,24103,enabled,8589845,116325,
YVlCtJ52Juc,703,enabled,329331,3481,
kNGR5OvhM1c,64,enabled,102116,1120,
IhEdSEYE5po,2661,enabled,3276087,21156,
LDQYzEd1Dns,30,enabled,10269,52,
AHO1a1kvZGo,2417,enabled,6063603,46616,
4BAWIhTU5s8,40851,enabled,19930389,235424,
h9oDTMXM7M8,809,enabled,1673464,19416,
U7Gd0iswVBs,0,zero,27328962,21880,
G_sJuMVEm24,0,zero,1477196,11011,
oULkYytYPgs,1045,enabled,2025673,34004,
RN27demSPXg,1699,enabled,3614617,32781,
KsbQ_HNX6Pg,1277,enabled,634889,16001,
_Oso_6Xwy0E,0,zero,494478,5237,
TJ5C7TsBsao,1351,enabled,1548450,24033,
j7_CkQ4SBps,102,enabled,91165,1386,
fRFCXQ3HgdY,587,enabled,521281,3034,
uhS8K4gFu4s,4117,enabled,1900168,20475,
kLwXX9vPH1E,1401,enabled,1945333,14447,
_DnSuIWL2zY,535,enabled,293546,1968,
z-Y2LJK-VdI,913,enabled,1859803,13890,
aanouy5DolI,1007,enabled,458819,7670,
PvWLbK_mNw0,15318,enabled,67632701,271388,
Jv5pGTG_Kjc,6077,enabled,4452898,55433,
ABrkDu3jbpU,27426,enabled,11146926,166474,
Gy0yuOSUSEs,573,enabled,2077551,10784,
vueJoyEI7yg,1188,enabled,2821192,35411,
NJw5aHHLBx4,280,enabled,43133,167,
0r1M-JXGn-k,1229,enabled,648692,9021,
8IyPZ08XGew,70,enabled,44202,308,
aQaCY7wlQEc,2041,enabled,1361733,43190,
w9_skJ-LopM,213,enabled,119729,3575,
q51xG5oAdgA,147,enabled,374844,3352,
0XPIct5NdGU,3663,enabled,1181518,9300,
Azzmbm17u-A,651,enabled,658382,6758,
SVmDWS2rfjY,8874,enabled,1083976,7495,
rfkplDX3XtM,0,zero,1813290,7397,
qIErsl9d0ac,2409,enabled,5555095,31882,
b1f9Gr0xAhY,4054,enabled,2682702,29417,
CtR5EkvLNfg,2974,enabled,1605756,30949,
trqDnLNRuSc,1430,enabled,2103150,33375,
6ZDBDWAt1DI,4012,enabled,7898060,172738,
djmDciOIuls,850,enabled,1067027,17771,
8Ok9lTr37vo,9,enabled,4101520,11716,
QV7Ievqqdak,1088,enabled,163056,3117,
jGIbUK4nw00,18510,enabled,4790234,77460,
OCMfNAs98bE,2472,enabled,5092154,34890,
RETcKotfmK8,111,enabled,13301,57,
moDdHXpxWrw,0,zero,1904663,17870,
RKWlsnyYqfA,573,enabled,2342118,4373,
AiTG6T9pTcM,492,enabled,1493928,4107,
6HEUcCj5cLU,475,enabled,486441,7258,
lstA9e0A5Ok,681,enabled,230885,1066,
_gYAPmUf08Y,1420,enabled,2992866,37507,
XRpcPi5bQpw,23050,enabled,14787820,84636,
f6Cswdm601A,14381,enabled,87457943,779563,
CrpkZkwTvu0,2774,enabled,2222873,71500,
9rfXgT4oE2A,5329,enabled,9766533,40538,
fOU_D_gCUEM,20,enabled,6808,91,
HzkBKhkjg5E,1482,enabled,1426325,65016,
XMIc4uTAMh0,1113,enabled,1297529,27892,
wlgjqCSHYYU,101,enabled,404164,3467,
GwY8W-i-8RQ,0,zero,102220751,964277,
36cXOyPtVF8,1460,enabled,3655745,26681,
s8VOM8ET1WU,33173,enabled,10771001,220362,
7rMgpExA4kM,2302,enabled,3502917,46722,
uKJzojYBeiY,32117,enabled,26243705,150738,
2LoCn7hdKOc,175,enabled,808052,3599,
76avFOAryv8,60,enabled,308957,1278,
MMmOLN5zBLY,25411,enabled,17565639,561223,
V4tzrB5zyF4,467,enabled,132332,3998,
41Ac3qis7zE,2367,enabled,9413235,30086,
FSUcsO7XK98,223,enabled,191447,5227,
vcn2GOuZCKI,566,enabled,1675859,7009,
b7AMNMXy8FQ,97,enabled,237768,1547,
NNq6dKguwNU,4762,enabled,13129573,12602,
SR5BfQ4rEqQ,1816,enabled,3532726,21336,
wLHNI96oF2A,4762,enabled,7493383,118349,
QnMs5Pq7tjc,2,enabled,6936,26,
8aq_gRfmjgY,4996,enabled,5881450,93671,
fYDNId30_-c,18,enabled,856282,163,
-f4GJ9lAXS8,1436,enabled,2694837,37084,
eExfV_xKaiM,10192,enabled,10725692,159387,
nbdJGCi29nQ,2804,enabled,5320736,101637,
anoHSL0lXFc,94,enabled,83888,526,
Law1mZPgdf8,131,enabled,258690,1836,
8-iR_6Sjwug,281,enabled,303118,2768,
YfQnRjkuvaY,6935,enabled,16392851,66785,
fAU0vDETpIc,0,zero,6200625,23502,
95QW-b054EE,59,enabled,19601,88,
sDVS_dpHyD4,818,enabled,1504546,22731,
NqpBZuWE-H8,1294,enabled,3133624,16511,
HNAQqPNKDTE,203,enabled,210958,2854,
zJ_UXP6GWkw,1461,enabled,2930453,46777,
uyUzl_VrumM,701,enabled,1181476,21336,
GG3WuV_7HzM,2231,enabled,1317044,25352,
NNwM_OMLa10,306,enabled,476422,2503,
7WowkSdAADU,2737,enabled,2637754,114382,
2iVgPEZHx1o,4344,enabled,10638792,137286,
oagwBHoh6Rs,0,zero,6705763,13678,
YmY94vsb64U,39926,enabled,13808516,360942,
h1dmem6lF2c,839,enabled,265116,3765,
8aKT1vR4dqQ,449,enabled,875829,5690,
BKNj4XHGDv0,4267,enabled,5228000,35998,
g4wYHydcDhY,397,enabled,534779,10528,
JmST4vGXPX0,2473,enabled,12511274,135515,
yIUube1pSC0,3887,enabled,11230616,47587,
4i1MUWJoI0U,825,enabled,1991950,30226,
vTl6UNMKjLc,577,enabled,347047,3348,
xQpmSBpXvN8,7741,enabled,3531781,20369,
fGHxyBTycLY,701,enabled,306132,7347,
WlWmwWQaUws,1188,enabled,4193517,31236,
YpnbYbVrm2A,9,enabled,23088,59,
a9swmbESgwM,2,enabled,22039,26,
c3nJu9SBkis,15603,enabled,21333317,210866,
YnbHJDBT-pY,146,enabled,286066,2237,
BDeEKfybpFQ,2819,enabled,2213102,36554,
tXdIVk77PL8,5487,enabled,13226839,191715,
p1RKkRCiU90,38997,enabled,18218169,942109,
GocPFyyPGLQ,546,enabled,763780,29953,
jwVxeh9mNis,478,enabled,343085,3255,
YemAJyJFkmQ,7512,enabled,8182771,109403,
4pS4x8hXQ5c,3322,enabled,1687484,51697,
wyx-mmq87Mg,47506,enabled,48898064,458510,
t-EQBFt7nks,3519,enabled,933314,3151,
82AgRVlPcSk,848,enabled,369308,9119,
Vjzti9U03S8,47,enabled,75167,37,
0JhwpxZ2Fiw,851,enabled,242497,1573,
7uiv6tKtoKg,79898,enabled,35250392,844157,
wLg8Ch4ROvo,56,enabled,353057,957,
RG6EOci0suI,3812,enabled,12938688,102683,
-ceYJajgJqM,0,zero,341590,4230,
Jmh-qcziOII,16,enabled,31341,391,
IcLZqpB_QPg,3748,enabled,1235220,28342,
ZiOBZDP_3zk,290,enabled,118407,1873,
1Hpnp_0Ijv0,253,enabled,419375,6448,
Pa0SY6RYJIo,8039,enabled,19574885,26575,
FR7YnNM6IXA,1182,enabled,4179768,58357,
_dn_8RR3SyY,1180,enabled,1678383,20843,
AGOQnaJuWck,304,enabled,203867,1418,
winlxJtR1pY,180,enabled,319075,4216,
T9OB576Awaw,0,zero,7614192,26166,
W4Ck7JQJxhs,13402,enabled,6369009,62804,
Eswi6WGCjo0,0,zero,49514071,156304,
dBcQuDG6STA,0,zero,35120023,222601,
xJxLbVo0kUo,1128,enabled,1206445,13716,
mqHVRgCkCDE,1884,enabled,3143925,43133,
he1cyZEmku8,339,enabled,34607,419,
G36BAjlL3pw,2182,enabled,2672584,26467,
4AtOU0dDXv8,84575,enabled,9529821,110292,
AdW7C_3HVjA,14316,enabled,32933803,301112,
OLvz5E61UNs,4265,enabled,6054973,55780,
TnzcwTyr6cE,19605,enabled,9867865,241245,
e-c6S6SdkPo,460,enabled,1327902,9641,
xjeegoHXTSg,5,enabled,63271,164,
9zXiaDhAEwY,0,zero,7925261,16563,
Ly_I3BWYirQ,638,enabled,598868,14115,
058vbq6R7j8,808,enabled,276226,14982,
jVhlJNJopOQ,11916,enabled,25252552,482532,
hmTYMthvXQw,0,zero,562065,829,
g7B0Z-rI7iY,2279,enabled,344182,7559,
eWdqlpxRA4I,12546,enabled,2952779,74617,
KCVSx_4V0wo,11790,enabled,1534549,28286,
m3KYyk5NnC8,506,enabled,1269108,5290,
7GGzc3x9WJU,26077,enabled,11278019,289839,
CbWP9nvnRhw,20963,enabled,6541328,281542,
FvhOwpip0K8,4281,enabled,4733021,67428,
SPCUHB2t0fM,0,zero,133787,224,
lPW2F_NZj1w,4033,enabled,5192398,44537,
5NQjJ7vRRzw,1024,enabled,157453,3934,
ZCFT24ewLaA,951,enabled,207908,12086,
aFjCcjOvj9Y,394,enabled,321018,1946,
nBS3MUWrfGg,382,enabled,215563,2153,
PQqudiUdGuo,2012,enabled,2893441,23195,
9Q6o4KNVO88,0,zero,16273332,24239,
k8b7QpLx5dk,43,enabled,13051,208,
eMnn3Gl9i5I,7988,enabled,2792223,99750,
gV6hP9wpMW8,12833,enabled,13979955,248406,
v0f4QsMMwzg,0,zero,5565773,4937,
Ji_slRovrmk,4807,enabled,7204994,187293,
3Hmw-W2zVZg,2127,enabled,1155224,9242,
yH8YspHM27s,589,enabled,8947561,24346,
K5kUITklALQ,2160,enabled,940017,8284,
SAWVFkgiMD0,521,enabled,335706,6211,
RXlHS8Nucx4,10840,enabled,11094555,266284,
3KszO3mGfhw,15,enabled,12921,119,
opBTM0Cj2Pw,3292,enabled,6929493,88443,
ghy-FMZSJR0,5598,enabled,3713716,66218,
yWO-cvGETRQ,31633,enabled,31544216,531141,
gUajFAl9vDY,1570,enabled,1444755,12783,
BFZXSBwzoa4,55,enabled,222949,2575,
2rDHAEknyDo,13270,enabled,3516428,142183,
jvz-iVx6I4U,3,enabled,9072,55,
8vhiUG5xMPY,12471,enabled,6772476,58275,
YhhACgJJkc4,2224,enabled,641177,7299,
0NeuAFz7NFk,4089,enabled,4134262,38727,
k3J1oGzY5Qc,16,enabled,11044,146,
WbNcQX9PtWo,358,enabled,166710,7629,
zBQiE2FbesA,2166,enabled,331863,2449,
DlR437Pltbs,960,enabled,1253572,32354,
RsldtV4jWA0,0,disabled,947600,21571,
4eGtKyc68Qw,18564,enabled,11221027,350566,
33fLisIFCas,2728,enabled,7935037,145744,
xuPsawH9lqo,560,enabled,361339,3323,
mAgRdfoJhGk,113,enabled,78262,968,
o7Skqc5nVKY,1221,enabled,774853,13769,
KYOjsSq5k44,2990,enabled,655442,6672,
di5-xxrCpRU,4577,enabled,1382552,14273,
EE_GY6zccqc,1116,enabled,3520250,17590,
Sy3Sghe5NPM,3895,enabled,2430399,73049,
GJ6hEI7P8Og,53,enabled,20851,184,
eQlveAt9e88,5498,enabled,38718778,240397,
lWIrT8tN-a8,256,enabled,187993,3291,
BsKMStXgEkI,109,enabled,1910722,2179,
f0HiQFfMzjA,2895,enabled,2500797,14832,
dacojrlGM7Q,1197,enabled,500084,5657,
qVQQKbbO1EE,19,enabled,13059,79,
6oc8KRNkW_Q,791,enabled,2869644,98327,
CKGdw5DJTXg,3933,enabled,8213083,55952,
uAIP84aTuOc,1709,enabled,2073002,43602,
cBL-5mOGHt8,1846,enabled,2518062,21773,
NF3dT9bDu_4,4696,enabled,4965160,61986,
82QbMrg2HoI,12882,enabled,16802073,266707,
uTlOvgV6hd4,0,zero,1946329,7917,
o5y7yRsKYxU,52,enabled,82935,622,
W6dy7xQ8NeE,7043,enabled,5321124,72130,
Wc5zUK2MKNY,4263,enabled,3636111,45919,
843mH3FlRWs,577,enabled,568222,9722,
pW-mfHHWNkc,1519,enabled,3544736,59044,
qd4CVvItJlo,3261,enabled,5985750,97652,
RFinNxS5KN4,47013,enabled,94327028,380832,
6QT0zKjvRfE,445,enabled,4725213,14035,
bzE-IMaegzQ,30631,enabled,30673574,781586,
QrbE-2M-aNE,1298,enabled,225882,2510,
GCUrSA-KTas,1064,enabled,770364,21741,
PUTQQSxLpEU,8623,enabled,5958666,62987,
KnWpHhEU-T8,2455,enabled,3754394,39950,
Z-nyXX5zOLg,1000,enabled,4342840,30319,
G10whpr6prY,476,enabled,925246,16518,
FAy5Ms15YIM,20218,enabled,10545605,287208,
Ln5JqpP1Ccg,936,enabled,2482170,16068,
HMmqaq1Q3JM,1431,enabled,2082323,107786,
MWVpKCnRCvY,1900,enabled,888286,13887,
z76EyzLNwRs,174,enabled,78670,474,
bUurb0_5cXU,182,enabled,782020,2840,
xj5q72H2DYM,283,enabled,256502,6872,
wAD7PwUFbv8,43,enabled,11463,253,
QbtJwGz9Tac,0,zero,29211360,73263,
djKNh503jPU,1457,enabled,943859,18900,
5YlOCs96Grc,1030,enabled,2080483,31411,
O9hIw6oLJIg,171,enabled,597160,3682,
PCJJvR5Jt5Q,93,enabled,6513029,1438,
TpcbfxtdoI8,0,disabled,13065020,215678,
mPs_lCNRNDU,438,enabled,884601,7822,
REPPCePGgh8,0,zero,2430567,11381,
6IpTeIn9kEM,0,zero,2819130,17614,
WQ1IfI_1Oz4,493,enabled,5079518,17074,
4Jd_qrqbUgA,0,zero,1203380,1576,
ANZU0_nm7xI,139,enabled,276609,7382,
yg07HhZ1UnU,94,enabled,134914,943,
UfpQTAFoTU4,630,enabled,757660,3963,
T-CauK5HLVU,1678,enabled,4745037,31261,
rourxJTkD6I,0,zero,202901,271,
VJ7mZHpwds0,1408,enabled,2091437,23508,
-VRnBKfPOvw,2472,enabled,1744852,13667,
pBIiIxY49Nk,0,zero,7266972,22987,
cR6N3g2qJJQ,594,enabled,1438643,37126,
6rjYXEYpuDo,17855,enabled,12646260,338786,
36PDeN9NRZ0,4906,enabled,9556906,67799,
MMjaGWON2Hs,3,enabled,11804,103,
npk5FUSxFos,596,enabled,449301,5892,
lW4Uq_2VPhE,993,enabled,1592384,18383,
2kH9-yyUzew,3524,enabled,7637416,83463,
h7H-_8UkmFU,14832,enabled,10065535,191941,
VELVomIF2Ts,2138,enabled,6244156,122664,
S4G_MeUUZlI,288,enabled,668738,3777,
22U9G5mzM_s,1669,enabled,2346289,20241,
tA-nvkN7UaI,65,enabled,198786,686,
mdulzEfQXDE,601,enabled,1740132,21071,
QXT4OVM4vXI,1498,enabled,4032281,44496,
s6DX9-62eEM,286,enabled,127485,540,
om3l4ipUdtU,2177,enabled,1945782,11592,
YfxnXsdwmcA,104,enabled,515711,4026,
2N45801_38g,0,zero,1697781,67610,
0fShKY-JPfc,3082,enabled,888664,25356,
CWMh61yutjU,1267,enabled,2047607,28122,
CgBYFiPkQUc,49,enabled,300246,1592,
sw7ANejPy1w,0,zero,115626,999,
bv0RAwKQ_1s,29,enabled,26007,91,
TSRvY1kKebY,4894,enabled,15062491,307276,
zMInC0Dk9l0,2295,enabled,1544440,26049,
jvSL2MqjyTQ,19,enabled,15271,113,
rcOFV4y5z8c,4499,enabled,8061350,119986,
ZVl1Hmth3HE,3151,enabled,763144,12167,
2U_0OlCizx0,5502,enabled,4795375,77110,
TPSSFnrY2G8,13,enabled,24763,114,
KQ6-suVy9B0,1108,enabled,1406851,6823,
ATdRgRM-iPc,1286,enabled,449965,1880,
X3n41cfMrE4,42,enabled,70888,412,
03zGCCeyhtM,1344,enabled,2846889,41739,
tyODq3v64wg,2415,enabled,4148079,32778,
cjyqWsrpQAA,1049,enabled,3063080,24851,
zMXlRnMcwJM,1150,enabled,462435,3911,
3J6o7hcm8bE,88255,enabled,183656003,2301734,
HQqs7Uzkrx8,106,enabled,72055,1075,
HzorXYT9uMU,3730,enabled,1675543,19096,
1NCjLxKK_OI,800,enabled,356887,10011,
xn7ZaT3AgoU,21248,enabled,10465383,298485,
JhHMJCUmq28,18895,enabled,19285047,455282,
trjbUkBqM6o,4801,enabled,6924275,48641,
vj1IIlqGeu8,6578,enabled,2533118,33597,
2bNEjWsL7Mw,10,enabled,25014,97,
eQzjUISCrQs,881,enabled,431582,1625,
qNZIJmEZ91g,9745,enabled,11377274,140124,
Cgnk3MLw9TM,8736,enabled,17267570,108487,
vV1OmDM2zdE,1265,enabled,1864579,46023,
OntNV_FufEo,0,zero,966404,8536,
oJcmxyTltlk,4125,enabled,2455249,41509,
2nFZaSbkf0U,545,enabled,415220,1853,
Xo8KqrV8v6U,591,enabled,1139005,5479,
j6WX5SR7zxA,1749,enabled,1375874,45043,
7c_H3pV2X1c,450,enabled,2027856,11595,
A1fZjiOwynM,288,enabled,2687656,7480,
kuvUZtOHiaY,25794,enabled,6509330,88199,
IOYyCHGWJq4,13047,enabled,7821980,81994,
ZVXchvHefNc,685,enabled,1310562,29805,
KQ9NVz_LKj8,9858,enabled,11935229,66502,
rTf-Q2hqJKk,2197,enabled,7553387,50353,
jEmLaGA94fY,5613,enabled,861559,4981,
uVUTTSnxapY,21,enabled,126720,447,
iuoRDY9c5SQ,259,enabled,103401,1245,
_cEqkJaz3I8,1993,enabled,3782597,66820,
1dY7yOA4cwE,3837,enabled,2188877,62119,
4kGJTWzPABA,172,enabled,466638,4777,
n1I7oRgy96o,98,enabled,152128,2244,
28FzV5OHqMU,5807,enabled,15437671,84450,
YBAfZHc-EsM,29,enabled,110166,136,
dwD4JZsAuew,562,enabled,2342423,14210,
_aa8ylQ7-mQ,5044,enabled,26364987,243724,
vJazpys1z6E,12524,enabled,9771297,236833,
K7wGvxMPqtI,104,enabled,377614,4105,
BbOe8nR76e4,16872,enabled,14002723,167487,
R6y8O2IpJ6g,216,enabled,299908,2159,
nYzGYXM7XAA,37,enabled,330901,460,
7iabU20oaho,5452,enabled,14994706,150159,
XfU3QiMz9mw,6,enabled,38927,13,
v-0Tilq3yJo,4556,enabled,1528190,126577,
iqKdEhx-dD4,65226,enabled,33926769,734722,
ZVcS5vPgCsc,26,enabled,746298,232,
M5pfng5S8tQ,690,enabled,1690043,9896,
HOtgF3eCn-Y,4445,enabled,4849829,108530,
Rxkz_ygndLU,6385,enabled,3454190,30107,
VcMIeyjggbM,6045,enabled,9132117,120100,
YndyFgCJfU4,188,enabled,108170,1090,
1hkELB3yyOQ,1974,enabled,5398617,83764,
bIB8EWqCPrQ,33662,enabled,168662170,912236,
RRNGyNVKToE,0,zero,179578,252,
Xa0Zdado8WI,271,enabled,63491,465,
tcJOWmX-1WY,2460,enabled,3981323,69344,
6sBB-gRhfjE,3560,enabled,7055324,84717,
4iEu2HIKf3k,2466,enabled,358553,2632,
2ArQ3ckIXkk,19,enabled,34184,194,
M9gFRXw5-kI,27864,enabled,110045681,786711,
CGlOFK5cO5A,100,enabled,45470,426,
cpHcYVT6Ovo,303,enabled,389445,2923,
JKHH-xbbTRg,11226,enabled,9103480,197428,
E9gGPR6wOQo,3608,enabled,1341271,18353,
d_Uabc36o34,9,enabled,7037723,7442,
U4mfG4AUe3k,0,zero,5672228,14494,
v8VPAvbHzJM,3906,enabled,10303550,35666,
4XK_o-jHxMg,0,zero,129638,1439,
xV7Ha3VDbzE,20278,enabled,16856927,312789,
Zoygy-8PTtU,7771,enabled,8191516,48904,
VBVizIbJKLg,2108,enabled,393171,2694,
reRFdS2lFVE,653,enabled,2218935,18888,
ee8kNG64n0A,51,enabled,118992,344,
UhVhC9gk8wU,338,enabled,138468,3112,
Z_aV_PJ5Z7s,0,zero,42120297,150505,
1w8n0L3uUCE,10027,enabled,19047938,177003,
_k9cZHvJAZM,4311,enabled,10600723,204479,
F-KU27hxPRs,5,enabled,14605,56,
FXP8KiJJK_s,1227,enabled,745145,17750,
N3ISUUO0CSo,1712,enabled,8094802,27256,
dhT72PWhqh4,15764,enabled,20048799,105338,
3eYZf4dXSDU,420,enabled,257826,1378,
h4VeFWKnvlg,114,enabled,31071,1066,
sLN27wguj2Q,5311,enabled,1554337,6685,
1xDsaBvC3Og,3847,enabled,630820,25534,
3ZSmw3uNJEg,1910,enabled,2274518,31466,
SFdsY9Rdh6w,19,enabled,261790,890,
5PZfFyWcYEM,4483,enabled,20029567,56829,
OdPoVi_h0r0,1766,enabled,1042725,33471,
vb60rrtTddQ,3530,enabled,6357663,127718,
pIWh28WPyxQ,15183,enabled,146275469,584959,
eiWIOKKuyGE,15692,enabled,30112125,255263,
VA6KMMhnJCQ,0,zero,256104,1632,
tj3Trywp_zk,0,zero,31894053,146539,
Qh-M3_L4xYk,295,enabled,1216645,10073,
3dRt8Ui4l5U,2329,enabled,3022782,49664,
8ZU_XFpNgho,799,enabled,743699,7056,
HvnKqRd5HkY,743,enabled,399469,2857,
JFX7SF-CNNM,540,enabled,631262,4893,
XdRiSjbpZjQ,25309,enabled,13588800,183242,
PW7DMeOgETI,324,enabled,945824,6461,
Iz02MGDksuY,1,enabled,777,9,
B86yjVuOuy0,694,enabled,1133670,15805,
n_sbPEd-jmE,327,enabled,285564,5970,
yQVpYgwE7OE,38,enabled,76220,349,
blLrgnUgkjg,1385,enabled,567588,8543,
SgyaTrDDY4k,215,enabled,125652,4552,
66FUADyOi0A,175,enabled,272434,1786,
1gxyAsydWuA,1263,enabled,558589,6989,
iYAjQyOW-Ak,1346,enabled,3436453,45908,
OogedrOiq8I,1450,enabled,890474,13564,
x5YB3m1uz74,610,enabled,860681,7064,
nODrjQUR5YU,408,enabled,3785889,5800,
WwhCygmhbCg,2031,enabled,6620655,27805,
p0nqexbrs9U,2269,enabled,3893514,25018,
Kq7CiatolXE,1497,enabled,1336760,29054,
YcBJuuYKo_A,92449,enabled,36964915,516762,
24rDGWcCg70,0,zero,987738,4985,
49UHAsIk2Ds,4340,enabled,7797488,169323,
2uUZXj8ugCM,49,enabled,189084,355,
rUtd4ehOkfQ,7869,enabled,9131924,144584,
gXCBqQqN8k4,34,enabled,44872,183,
KSAy3WE2fHA,227,enabled,635296,3028,
1zEyU9iJ-04,1118,enabled,797877,7630,
nnrX68k-EyI,1404,enabled,506604,7003,
P3d9XxDTIHA,666,enabled,777904,5296,
904dG5l5AB8,1147,enabled,1112093,12319,
tRYdv52oTPg,180,enabled,63987,382,
zRI5HSkOdBE,0,zero,38919159,180538,
ondQYFBvk6M,2479,enabled,1478472,7448,
zSjYra7cYqY,11108,enabled,6118782,151988,
b5szk03nhrI,1171,enabled,809521,3662,
a6E-dFOXgTg,49503,enabled,24438202,448898,
Xaw0VE2-EgE,6,enabled,53688,131,
FiO9wUb9FV4,2419,enabled,2731968,30608,
zCqMPJnyihQ,1932,enabled,2601679,37795,
-HzOqZeX3Yk,26543,enabled,4307890,26966,
8fD3dCh5-a8,71,enabled,13700,52,
W8XZ26fyFLc,0,zero,315376,153,
ur0fATmsVoc,476,enabled,588638,18118,
QGwvVlD4Itg,2737,enabled,2734587,22319,
4IelQJv0Tmw,76404,enabled,26181478,847294,
YXcrXXRlhTA,1545,enabled,324479,2376,
OOcGVx4MPiA,130,enabled,686172,6121,
qsN1LglrX9s,18902,enabled,15706996,357217,
uNLnBYqOXUA,2062,enabled,7027794,106343,
Vn5aSK5ZLM8,0,zero,808348,817,
honScJFZMek,214,enabled,492762,3561,
AaxobrC3Qmo,2178,enabled,3556176,34444,
TZafTtNBrZs,524,enabled,58368,344,
aQKjNSK1eRE,1325,enabled,693831,10960,
J8-BB2i9rhQ,812,enabled,263993,6410,
WrVkHk_O7lQ,77,enabled,214844,1651,
N6Iq8SXhbQk,4078,enabled,6334184,80689,
87gWaABqGYs,89278,enabled,625207198,4046004,
TYB7DYWI4G8,526,enabled,2713253,10061,
88WZ0031GoU,740,enabled,104145,1793,
2yx8kGyeOyY,3326,enabled,410605,15522,
zFIWWM0Iv-U,4000,enabled,14222439,96094,
zXANV6jNJCE,0,zero,20123197,20359,
EqPG1T0OcT8,0,zero,8312446,29952,
klFyrnrUSck,1210,enabled,2139389,22248,
MPSoj42FKxw,0,zero,12475270,14301,
rcKilE9CdaA,3213,enabled,3964678,47211,
2H_qO4-_zwU,1552,enabled,2182739,29128,
0fr02VqwQOA,10878,enabled,4535456,60094,
74BxKXHgk1A,0,zero,1323667,49658,
hLWSiO-JQjg,734,enabled,713286,6580,
jRgd_9RmPVY,26,enabled,31802,263,
uldqs2kW25g,307,enabled,1426236,6997,
BcytdVihY58,402,enabled,434707,5270,
RBDkx_qgxFw,5366,enabled,2782463,90868,
S5qcql27j7c,17,enabled,33671,473,
p0N2DmoDXTQ,560,enabled,1756237,68049,
crytzKqIXOQ,2277,enabled,7484328,43995,
rdNWP6sBgCk,10702,enabled,3222319,83037,
tn2-GSqPyl0,1621,enabled,10052000,23145,
YAZ46f-NW-k,0,zero,21452650,104966,
33h2mgrY_ZI,684,enabled,420231,5032,
g0hcaCWnnlU,289,enabled,194486,4215,
HJ3l5V-7a3g,873,enabled,482258,5213,
lTTvKwCylFY,8573,enabled,10164033,105153,
lfZGtjSWcQs,93,enabled,937435,3650,
1AxLzMJIgxM,4046,enabled,3440970,107724,
Nosq94oCl_M,5016,enabled,4494589,56383,
1t0A_tZGrYw,3380,enabled,11385181,32549,
ziPVzZWPem8,0,zero,46343,63,
mLFO6Ae_nyk,806,enabled,2505130,12924,
AsoM1IfNxqo,11,enabled,166271,132,
sMKkkW6jbug,55,enabled,359426,328,
WOmtFN1bfZ8,5996,enabled,19828321,137109,
EB_XX_IM8io,9148,enabled,22243046,252516,
IhvW8yZdE5A,728,enabled,495182,5378,
okOsyezoR7s,219,enabled,733826,1372,
mYyaElmd4vc,17,enabled,27427,503,
cVA4BO2v7zs,9746,enabled,42148187,214627,
PCxtsYfEtLc,342,enabled,1061319,26085,
biHtfTG1ZLQ,307,enabled,415203,4903,
6icCJbE1cYQ,716,enabled,1561357,11607,
-jTxiWmSpk8,3971,enabled,11781747,40529,
wnj5ssOPB7o,611,enabled,107232,4850,
s68FR1MXT8Q,1791,enabled,2467707,11567,
q6OYbrRDd_M,1415,enabled,650605,9777,
qt9Vp0_3bs0,64,enabled,342440,1906,
ex0URF-hWj4,12906,enabled,9725460,124750,
zN5DSC_o08w,1066,enabled,431575,15971,
D-lf5NJISo0,554,enabled,157109,1410,
PuU9k0E0O78,444,enabled,178682,1217,
jKPU56RDiHY,844,enabled,2745351,54518,
Bt0GnjoNcbo,1592,enabled,857225,9373,
n1neZX-1ZIg,20,enabled,74384,363,
A3cM3z4xCJw,0,zero,406421,454,
pGHshidi0sQ,88,enabled,112475,893,
8lBvC7aFB40,1767,enabled,2246583,34023,
wHqQzF4JXdE,675,enabled,3070219,15228,
TjOdENdBXic,248,enabled,36960,183,
Jrv0_tT6DfI,463,enabled,102538,465,
RJnquSNVuuw,830,enabled,730342,13612,
wZGr8Xf2ip8,454,enabled,730753,10462,
czgOWmtGVGs,25135,enabled,10056149,357297,
ZNz2qF6r3Kc,154,enabled,3067884,5827,
Wk9_wLZlyo0,1,enabled,875,3,
Q__r6eIT7Go,1413,enabled,713345,9947,
AiyZ92_JZxA,3663,enabled,7058667,51821,
4He0on6e00Y,1763,enabled,2148165,38931,
sWppk7-Mti4,2193,enabled,3011779,50219,
HQTUWK7CM-Y,1358,enabled,3743225,30739,
e3h6es6zh1c,18200,enabled,37714474,500516,
MjUBG_tCSy0,529,enabled,461679,3095,
sLQcJooS53Y,250,enabled,366923,3559,
Ve810FHZ1CQ,1493,enabled,3192000,46866,
2nYF46P7B2c,14635,enabled,21135089,323151,
EqqCOHifYTo,1646,enabled,3794646,26565,
28YI9p6NBk8,2986,enabled,6353118,88048,
aDXUJJxzjCw,2657,enabled,3389424,62094,
oBmF1EcSPVI,453,enabled,2284528,9500,
Huab6p5HW0E,5799,enabled,10782815,89492,
a4d5CbK0b3A,1355,enabled,3505928,27323,
OvcgaUnjB1Y,116,enabled,162091,3269,
DTQeee7Mw18,491,enabled,304800,2179,
shCN0y3119k,33,enabled,107914,853,
ihNZlp7iUHE,944,enabled,4850744,21471,
eJi7p5GcLxg,470,enabled,4009518,12936,
cQszhfoP_WI,2523,enabled,14824777,66722,
sr3O7ArQTYY,1750,enabled,3518961,32868,
gGmuiGl_Nxc,97,enabled,114081,581,
Zze1wpwVl7c,1403,enabled,691220,3093,
DS7Si3EJ9gE,1418,enabled,1349890,6656,
PVvij8G85t0,1468,enabled,628948,14749,
VVIA1eQGHv8,0,zero,870657,1332,
ksG3mTPqd4w,3985,enabled,5169383,128366,
GTeyx1A-Gdg,35,enabled,266081,1046,
RKseZzSL2jM,2981,enabled,4167979,53065,
QQnuDO18R9c,0,zero,1902568,4624,
JVwYB0PY37k,6116,enabled,2808479,10534,
-XNDM4eAn1U,8636,enabled,4217640,68668,
FYp9H2ci3ss,611,enabled,529783,7358,
TJSYxPN5q4Q,1324,enabled,2150594,19942,
vxwqcEZHHTM,0,zero,3840517,105723,
ilVUqrEHng0,101,enabled,105254,1750,
ItF1fSJ9qJ8,829,enabled,2428401,30113,
NbuUW9i-mHs,28094,enabled,12727169,309253,
_LVEvWO-sA4,0,zero,223780,313,
gYXHnkhRwCY,4209,enabled,5954628,220327,
SWa9piamHaQ,15,enabled,29880,154,
Zcy9bfAQ55c,1633,enabled,513060,10891,
lycgfl2kQyY,1961,enabled,7658832,10727,
y8mzDvpKzfY,5972,enabled,8027823,110915,
7uY0Ab5HlZ0,926,enabled,2510349,15806,
Z14eUj6iHQE,2165,enabled,3759082,57802,
Jr706UDEPEw,509,enabled,97941,662,
JRAOdRq-1lw,11192,enabled,11606480,174422,
YbvIeHC3ueU,338,enabled,108854,881,
SHg2xRMnM38,6709,enabled,10448547,208496,
XsoSwJxstbs,562,enabled,312946,10164,
ibwTDmxsXuI,358,enabled,388718,8111,
KXBYn9cwl7U,522,enabled,3578024,7765,
Qs_8e08_tMg,0,zero,3209115,34448,
_J5IZxI_xKk,375,enabled,231816,5059,
pq53AjCCfuE,2023,enabled,672234,16340,
ZefgUVg3qx0,2093,enabled,1637451,21153,
Wcp5-6vWpAU,22,enabled,4035,73,
W8NyJkayFGk,11190,enabled,5510932,177584,
aiXQjZp7XqU,16,enabled,27402,109,
x841VvfHIJ0,2126,enabled,1255664,18270,
LvkFkzpVYJ4,3862,enabled,3246674,25901,
SC68ll23KeQ,17821,enabled,12182608,270554,
omphQiZ3hAk,1428,enabled,2885154,10640,
qxcHWa50WLw,1395,enabled,1312259,19085,
r6tRp-zRUJs,2330,enabled,4053965,28833,
f-gX0spJpa0,8949,enabled,1192346,29384,
Qqm_7zGxrko,3146,enabled,2096068,98898,
AC48ZVFakWE,9,enabled,4987408,11281,
eAnYAiusIuE,50,enabled,115233,1146,
z0KoI95DfZU,111,enabled,51959,940,
OBX8wmqG-K0,0,zero,21689835,79258,
t5uVXqNLMDc,11035,enabled,20744858,401215,
8dsLxF6VoXM,1469,enabled,3868364,22058,
xuujyK28vOA,0,zero,9882494,11501,
B3u4EFTwprM,29087,enabled,11294031,138882,
xUMAcLzsAO4,0,zero,2934431,6776,
4HUBOD7Qt74,4692,enabled,3300688,49834,
Mu0lbTM7px8,1947,enabled,1098677,6742,
S2UF32rBD18,8953,enabled,2774465,59021,
2rnNHt84iRE,3194,enabled,1094603,25061,
UXmw_LWO4g0,1001,enabled,1610426,125910,
IM630Z8lho8,9618,enabled,5913767,113453,
PRSoRkM8GcM,33590,enabled,55150078,1013507,
mhF3XBoR0ZU,0,zero,40093515,30710,
H6LB489uQeQ,759,enabled,2243599,15458,
kGZ-CRTYE04,182,enabled,366094,4229,
wHf01y69Ae4,1319,enabled,2004521,41006,
5jeMp0uF1kA,7296,enabled,4381491,31947,
3Ivjd6vtmGY,1040,enabled,1891730,26374,
uKPu-yL3axI,159,enabled,131169,993,
XSsgKBoVRw0,6219,enabled,13419529,244528,
2f1d2TUFPeg,24,enabled,12671,68,
RGLMjkTSjHU,70,enabled,83752,382,
jwU_QM6mHe4,885,enabled,2240965,24489,
5UVpLPtgdF4,196,enabled,266949,1731,
UsjdRsrR6cs,98,enabled,623056,1437,
rpMxOjUjweA,1788,enabled,4422740,4840,
2Wjd2xS1HAQ,238,enabled,149286,1932,
ms6Ba_NiboU,0,zero,13283977,80470,
p1rYJdMZ6-A,43,enabled,10513,63,
RgxCfrG5hmE,68,enabled,25457576,25993,
4XXJs6vCTzc,193,enabled,2121780,5736,
Uxl60btmsM4,10876,enabled,6832936,137649,
Q_h4IoPJXZw,646,enabled,1935716,12659,
S1kwJEwHhVM,2,enabled,9856,164,
n6enkC6lF0E,938,enabled,512087,3040,
n0makpckS8c,14027,enabled,4152751,113904,
ltV4PPM-600,49,enabled,171975,150,
343ORgL3kIc,1483,enabled,3394888,60282,
7vtb3kMdBvY,0,zero,10157456,34992,
L2hzRPLVSm4,4042,enabled,1569086,15150,
66Xe2X8b5OM,4317,enabled,5633188,47930,
Xo0RH0B5tMI,109,enabled,33035,204,
pVKEsiNMPNc,6486,enabled,4958077,85684,
pdZQ98mWeto,4144,enabled,5033798,68548,
0O7e9rYsjB4,1422,enabled,4391523,43855,
veztNJQyRJg,23854,enabled,37779774,213943,
5sjHY-zB0VU,1553,enabled,632298,9018,
7OIFdWk83no,732,enabled,5087805,18149,
b-NnjZayMVg,143,enabled,1559048,2490,
ONF2FJb80Cg,47,enabled,42498,725,
9ven9qLKZF0,0,zero,9315212,17328,
sUPHMTbeGms,7545,enabled,4315539,100304,
91o-ojYFur4,8,enabled,7736,72,
zqypfA2AqHU,1042,enabled,1423526,14274,
cn-NsWRtaSY,26380,enabled,138463175,986764,
delzuaEX5bY,130,enabled,30190,201,
IElHgJG5Fe4,1818,enabled,2357696,64555,
gsVoD0pTge0,2404,enabled,10486658,41196,
BALBUyoTxQM,1522,enabled,2413179,15422,
fIM7gSNbX08,521,enabled,1229898,6404,
tkpJ9gOTa0c,486,enabled,633359,3683,
q4LI3I7PIoM,2628,enabled,5178235,100747,
FugDYi79DAA,203,enabled,71444,1628,
ug02cqP69V4,1199,enabled,2426385,27828,
dCPoOhgl1RQ,43089,enabled,9496464,420530,
jRdkrDk0BQ0,11258,enabled,23312383,351260,
2yXNrLTddME,3495,enabled,2833683,31983,
ofTc_9k3284,102,enabled,63484,173,
RVKZ-YW3aLU,125,enabled,156273,160,
g3HzuEQpyX0,397,enabled,1015499,6509,
muKuRQ8YnvE,851,enabled,1148061,23326,
3hJ_i8yRBpY,56,enabled,27153,215,
nf4EIX8eNlo,1597,enabled,1222680,18272,
PmyqezGljuc,2388,enabled,10227026,79360,
00Ic2Mpaqzw,114,enabled,50751,269,
2EP3UdvTp30,0,zero,55846466,140267,
nFDK22Qi4J4,0,zero,1850135,8057,
hRAFPdDppzs,1797,enabled,5953111,105093,
4px_2Ouh6-c,3605,enabled,860719,25884,
LlPAfEELGYM,9,enabled,26031,97,
Cd2ch4XV84s,4826,enabled,6986395,66860,
iktC8imMBnw,1137,enabled,7210027,54122,
JO4_VHM69oI,2705,enabled,5126192,92571,
iGKffRRIMko,4329,enabled,7751669,123852,
DkZ7BJQupVA,6471,enabled,2556617,78371,
Ip45GkOy9iA,12081,enabled,9652304,94548,
Vmvk1LC3bbI,3,enabled,22523,186,
fP1z6pE7EDg,372,enabled,440743,3677,
NkSHXT6znvk,5097,enabled,3888664,189528,
v5ZD6YB2foc,101,enabled,204660,1855,
v-dfygYIfLs,52529,enabled,71539363,1035137,
5cbjIxUMqVs,0,zero,715,1,
1pfuHcIppnM,49964,enabled,30227382,436686,
t9bWXjzedPc,3,enabled,1160760,120,
z0gC968uanU,2214,enabled,2637438,68993,
yLZINRgTz4o,0,zero,21725,29,
BfZpBZCdCCo,3369,enabled,3354683,75396,
3_RhISgoXUs,3641,enabled,1860987,21554,
CapZkIVY27o,0,zero,1075751,17919,
GoM3EQWZkWg,7473,enabled,3401977,89132,
v4Qv26IWyGU,53288,enabled,16259418,398513,
YH77LT02XJQ,1507,enabled,2019082,110959,
xks0ctc2nl4,509,enabled,230452,1220,
bgrvAa9ZymE,891,enabled,1381756,10687,
ixWL1BWi44U,8924,enabled,7519645,50008,
6iClgRjmTvc,4571,enabled,11803100,244255,
JHWlSrIgwwE,212,enabled,1341636,5188,
Hlvlog7ZENA,457,enabled,610943,20916,
iXCW5t7asms,25,enabled,93200,495,
vW4TOsL7e3M,2520,enabled,27596203,109776,
CQUePVXxSGI,17,enabled,54922,72,
OKK49JXNeC8,68,enabled,49355,477,
PBn7iWzrKoI,2004,enabled,5070413,75651,
RWc8V-iKJ7s,14121,enabled,25875755,558246,
ijThyoEH6oM,438,enabled,2064189,20581,
iksrM_LNZ6s,329,enabled,1271166,5692,
j71ggLVEsU8,459,enabled,757290,12397,
-64U7WoBrqM,3411,enabled,6195789,110558,
ZsKXq8AQTZE,12848,enabled,36671019,526974,
qyzmpimZLis,1938,enabled,3507208,43609,
fpwhA-LdOHo,5262,enabled,8360832,62418,
Ngk3VX405GE,6753,enabled,26986545,414491,
iiq2qS1Alzw,0,zero,27375070,201805,
Wod2pRsAhv8,496,enabled,1160397,5436,
U_2gNhjAkjo,2470,enabled,3215035,21014,
WOmecDD6u3M,754,enabled,620401,4688,
noRgOMHKUrU,34,enabled,103670,706,
S1pvKilN3yM,754,enabled,2113793,23977,
Zm6na9tz4-s,2794,enabled,2260893,47354,
X3srqfpoZP8,251,enabled,82827,574,
LoT3h7c6tLY,0,zero,389184,2907,
iN9lyBlSc8w,76,enabled,151191712,83639,
4zDZ3clucMI,9136,enabled,7236574,134334,
iF2yGGfGv18,255,enabled,1057497,2858,
KIZYjrx4LbM,40,enabled,119569,1386,
x3vcSab13Sk,21041,enabled,1647488,11562,
6uhN97Cpz6I,25408,enabled,53293669,1382661,
oKI4EAIcaLw,2761,enabled,2361892,54258,
nM2JuyttF5w,91,enabled,115801,323,
zoFD5H4-DvU,183,enabled,621400,6164,
V_yxGsWHx9o,6701,enabled,10643167,115514,
zZf7_cCF1Og,11,enabled,3261094,4521,
h9QxAdKcDSE,16,enabled,13496,34,
CcpRfsLlI2M,1632,enabled,1317749,5563,
vLhMJflzdyA,961,enabled,2920893,37428,
bz8bqJaKeKk,813,enabled,754735,10734,
jmq9uSx_Eoc,5857,enabled,12275303,139426,
N2ah7Y2C_hY,2976,enabled,5151615,35973,
oGzo7V-luOc,240,enabled,176906,1425,
xpMEMztf89w,74,enabled,90214,379,
9pSsg2Dn2Jc,23280,enabled,11231158,335101,
1ja-hTqzIg0,1393,enabled,1278212,42401,
DTGZ6tUh9OU,12,enabled,25509,201,
pg5qtE0A35E,9,enabled,296989,203,
2jO--kC3aqk,68,enabled,408390,1066,
YxEjb5gQGPs,7,enabled,63212,324,
sx8xsyLxuBo,16,enabled,53822,96,
F_ylNzY7Ixc,554,enabled,211978,1382,
3nV1XSbePT4,833,enabled,1539931,19656,
IjvuUUlfrCE,1529,enabled,2481933,41212,
PX9O-AkgBRg,41,enabled,20494,37,
GsUSEwafFIE,23,enabled,100867,359,
64zr0Gia4uA,1446,enabled,729957,4928,
4p22E_TBm50,10,enabled,17229,59,
Efe3CxHor0Q,527,enabled,270383,3433,
Cc4c9NyNXvU,237,enabled,1562820,9472,
skKZlXXpJYw,11504,enabled,12527102,291062,
wxyDP_dS3EU,672,enabled,189323,1381,
BqCu0DOHY9U,301,enabled,506729,7702,
SfjLRuE1CLw,8630,enabled,13684179,214230,
VrrP5owCNBw,1257,enabled,405567,9567,
4db_NhG2N6I,2556,enabled,1103044,20678,
I8yJkIuvPvM,5430,enabled,12689323,142174,
XGrxY0nlMgs,3493,enabled,1898023,35851,
P5CKFPPnM5A,922,enabled,995504,58889,
FQWmz9-P0Bg,1511,enabled,692111,17939,
wSN8L2SrZOg,42708,enabled,70349645,1144388,
uxsWjeiQ76s,18283,enabled,10204285,316132,
dW4wpGg64pE,4610,enabled,9949155,177587,
6GmgwKGsgtY,117,enabled,4438976,11054,
5tBmfoB13ec,278,enabled,436359,3082,
9tbxDgcv74c,29150,enabled,36385240,705935,
YhUhkvlY23k,289,enabled,325721,2200,
fdibwIkjVZE,23907,enabled,43040400,351069,
2WS1sG9fhOk,434,enabled,2031439,7347,
NzQdsErOPTI,116,enabled,395317,5358,
rieoWn9BdrQ,922,enabled,3834911,35980,
q7S9IhIq0Jw,0,zero,7175849,41809,
gIZZwcKqSkI,2414,enabled,2749681,26053,
7xg48eBUkDw,68716,enabled,25656578,399345,
LFB6LQ1-WKU,3441,enabled,4616471,26952,
fXDdTSkrTjE,82,enabled,20945,143,
kKmp2sWRYQ4,10,enabled,21151,26,
CeVtPDjJBPU,2009,enabled,2323450,24349,
IT4DzZWj78g,169,enabled,143952,1151,
LD2LGkUycQg,1683,enabled,2240284,34457,
c9NVpZmTqGY,0,zero,1885288,21289,
d_yLDDRt21o,50131,enabled,11372466,85498,
YXRha4U7gb0,1846,enabled,1214651,27704,
R5oCXHWEL9A,1104,enabled,674999,21417,
TOPoY7jV4f4,2048,enabled,2451716,19405,
OgNehTfe0cc,8,enabled,28729,73,
TEAT43BXUK4,30,enabled,40780,166,
0QtobHvhsYQ,0,zero,2027369,6609,
hzlvDV3mpZw,790,enabled,3114237,15459,
vlSz9gol1ug,1106,enabled,3329230,21586,
muzeGsrYpnQ,35308,enabled,100552799,1097822,
XApvYjMekhQ,4021,enabled,1648283,17476,
rGLGe0FZoMg,8,enabled,3899281,5634,
cCLFfVav7qk,659,enabled,373239,784,
AMkVpw8yB7g,0,zero,507,1,
lmv-xLyKM4U,1282,enabled,1137252,18405,
0O6ivAXdSho,345,enabled,201327,1308,
F5B9jmB_4oM,0,zero,2128462,24678,
7nGBH_Qzens,172,enabled,30039,171,
VIuQaMhJlRY,93,enabled,66798,356,
UFXfH-ruLXo,1797,enabled,21141176,123420,
vuj6T3tIjM4,0,zero,13580024,45904,
Sk8nvfbjo4M,1787,enabled,527606,3689,
sbfZGocy3Xk,870,enabled,1411924,16597,
5MwEBEq2Axw,57008,enabled,27137867,355397,
1DKsedUbJ7I,432,enabled,263259,2616,
wKjLLB05BYk,0,zero,40830,60,
Kv7m9js-2XQ,79,enabled,55581,327,
TuIeQ7-hDJk,131,enabled,137431,1245,
rPP6UdoSMVw,1209,enabled,734061,896,
UKFMxgTJHhI,6684,enabled,6507627,103303,
YvNxgHTWIlo,6358,enabled,8913277,286230,
__zGnZtL53Q,4287,enabled,5807798,145166,
hhn-RzMELhY,0,zero,1251532,37552,
HlfM34DXbGw,3567,enabled,5087324,59250,
lX71_Jcm4po,0,zero,6803231,85380,
1VjvfMmpvfA,13,enabled,39748,438,
Yo3aEunJ6WE,185,enabled,1227949,5061,
9TboZAzj59c,112,enabled,7910166,746,
4EQYXH9qT2o,81426,enabled,2691106,87270,
I8Umj580ls0,10516,enabled,4423802,51629,
LS-VPyLaJFM,12814,enabled,13798504,237153,
y3PoXXoGVj0,4335,enabled,8137862,124525,
CFXfSBR5Q9w,27027,enabled,23865996,455280,
WAJ7Rx2EIxc,171,enabled,127309,1084,
H174j8HgkYY,24,enabled,37743,356,
a4JTpq_PkMs,81,enabled,530898,2688,
UjtOGPJ0URM,46075,enabled,27519959,631592,
hw0W6XX5NUA,11,enabled,48456,242,
BYV34Abg35c,395,enabled,940053,24401,
H6LEcM0E0io,871,enabled,3666427,46937,
EA3FU8czNJ0,2599,enabled,1299334,36286,
iJrwY2MYFDU,7244,enabled,3186595,111737,
yCn9H4A7ZVY,1635,enabled,4977125,49202,
4o0cU2-IlCE,2012,enabled,3674188,32263,
vVBbx-qaDX4,250,enabled,898014,3572,
kWm7bT5LnTI,199,enabled,712703,3498,
5TpY7ZjmFro,9222,enabled,8900859,190312,
K5KIqlISk9Y,2234,enabled,8092020,19498,
NsPpqn4rWuo,5464,enabled,4425428,104945,
aioQwJZUIN4,968,enabled,454312,3005,
shbRxyukfR8,0,zero,2146721,17021,
HhTJqYooY_c,411,enabled,346194,1488,
GLLbU8XnPrs,0,zero,1794,11,
25Cozs3XYXc,213,enabled,104116,881,
B61uvUmYTfg,359,enabled,416843,8792,
zz6v6OfoQvs,9400,enabled,12112384,122770,
W6ZHY0E4_Wg,6890,enabled,2834094,31037,
Lqwj5bACKbU,4557,enabled,4978912,106667,
rJnrkMSDBls,5373,enabled,1183084,8299,
WT7iAbQDSpA,236,enabled,304284,3133,
Dn2Gs5OphV0,1539,enabled,1575459,17756,
yW8OTskmJJc,0,zero,9170429,20776,
dxCKRMN9llo,30336,enabled,23960942,231440,
BqQAOv7dB3M,472,enabled,1066029,27176,
c1DWrTnvyJQ,63866,enabled,11847009,97507,
EXHJXN031-Q,0,zero,225,0,
SG-R87ZG78Q,959,enabled,873110,13062,
5r-_eHZ-H1M,0,zero,23513882,109705,
OFITZD_IYNA,460,enabled,182642,3538,
NeCuiJYo8zQ,443,enabled,583804,3144,
o6HAYKfTDhU,0,zero,4623399,8677,
5HOijUtExiM,2349,enabled,1346816,33546,
oUVbZ1uK05M,8,enabled,9911,55,
LaLvVc1sS20,5381,enabled,7343947,146033,
p4Ep9_Vh94o,3928,enabled,3170998,86030,
uX207XCIOuw,2571,enabled,1967683,10505,
nFumIvWQH5s,140,enabled,295183,2780,
9rCNMTR-5_g,2003,enabled,3403240,11192,
CXOIa8j7XPE,0,zero,8697387,56072,
dkGPIPSHyUk,0,zero,2660203,41503,
RlduVwzqK2o,2530,enabled,2005097,58183,
doIkYUJuOlM,142,enabled,460014,4025,
QNpRMfiwwlM,1348,enabled,4231586,48956,
SCognYXKTI4,3786,enabled,8028752,18389,
Z2zA9nPFN5A,1114,enabled,1249739,19925,
Bc1T6GAmq_w,1282,enabled,944494,10351,
9gFZvXjnmxQ,5931,enabled,1626877,6844,
ZTRV5GXWpo0,1062,enabled,1744174,23852,
X0zudTQelzI,9193,enabled,7963836,85193,
b102UGOUmeg,29218,enabled,6233902,229350,
YaesWY1dZoE,968,enabled,704427,15329,
YgOLT90qnO8,16,enabled,43404,82,
-3y-6LDArp0,0,zero,2484143,2681,
l_NYrWqUR40,5752,enabled,11137416,284579,
A13Dw_tEues,9560,enabled,7067538,146180,
LfB1jnTRS2A,12,enabled,46976,255,
4JSvOjVFivQ,254,enabled,216663,1177,
DJWJ6RP55nU,2605,enabled,11918369,56959,
ciZzoW7SIu0,2162,enabled,1570436,98112,
xeNf-axc_4s,1074,enabled,952046,4395,
3g6P0lRXotI,63,enabled,392002,1791,
gRug3YWFb9E,74,enabled,70573,372,
qptGV7finFo,326,enabled,197604,6275,
q9Oh2OnG51E,10846,enabled,8170677,44893,
yHftrMKYgmA,35,enabled,36094,116,
mHHcyfbxR3s,147,enabled,39732,136,
F8UFGu2M2gM,1164,enabled,3183614,47043,
Fxeb3Pc4PA4,2929,enabled,2272045,20387,
_qkaRSiGUY4,1514,enabled,38948911,22750,
MfstYSUscBc,1087,enabled,3338736,16808,
7Y7RHELRYO0,93,enabled,318612,3818,
iHVkfOXj4ws,0,zero,6600722,5330,
XDGhXNYf3EM,2518,enabled,2805826,145439,
rgU4Oum8SLg,4332,enabled,6572939,193096,
a2VJqud3Ls8,13238,enabled,32439613,225355,
LprsAUXJJHQ,3374,enabled,1925007,13325,
07kfn32yS4Q,98,enabled,28288,787,
N8lSmrGqPMA,13,enabled,22960,66,
6DBi41reeF0,0,zero,41628883,133398,
jgQrlYOT5d4,10,enabled,20549,144,
Phbe8mEDMe4,46012,enabled,44570403,335120,
QCzJbpcCLgI,5694,enabled,5991686,129095,
N6JZx86OyXM,4442,enabled,5938974,60479,
-CKPj4O5_9s,1306,enabled,4698706,8679,
qPQnXw1q3OI,382,enabled,406882,4069,
H7mb3714xGI,126,enabled,47337,253,
f7DqQ5lOlaU,2031,enabled,3255146,37246,
F8rDgP0s8BU,2,enabled,10859,48,
RpTlVbsrwPU,1897,enabled,5716617,16451,
89PKbJ2NAqc,7049,enabled,50861218,408731,
4xpqD_SXy34,135,enabled,75343,986,
Mx7KM-k2MMo,87,enabled,386256,1563,
FNeHfj1k0ks,4,enabled,11744,102,
rny3UdYPDn0,8456,enabled,29661484,204254,
Ej092tY36IY,2469,enabled,5543270,58895,
RCmSfl4hWi0,0,zero,651661,2354,
IPfG4OdGEyI,736,enabled,9157314,20127,
GNUv_YK4jzU,212,enabled,437791,15434,
TautiJV2j9Q,991,enabled,4777368,73603,
HS6R2Q7eRdg,8190,enabled,5467545,164109,
W3_qOgWE8ro,27,enabled,26088,186,
FEC3GE7Lal8,6,enabled,56084,101,
YFDPTyr1huo,232,enabled,543788,2231,
CeBtZ0r4Ep4,12,enabled,85433,747,
P5e7cl19Ha0,5566,enabled,11806647,184271,
dOYBoQ7LkCU,1267,enabled,2564732,27769,
QS8bma7LRX4,7062,enabled,13006720,201864,
m5_AKjDdqaU,50107,enabled,134032907,732685,
C-7fzHy3aG0,10101,enabled,5714030,101141,
6XOm3Km7r30,361,enabled,973580,6411,
ojXz3BmOZ0Y,181,enabled,74724,648,
iEgojxvUcLM,13,enabled,25310,169,
lb-_L-lXEqg,24,enabled,4487951,11460,
5kby-Kol7XE,815,enabled,834981,41220,
wUWX3MLca38,154,enabled,2283585,5783,
VBu0pOyJO0o,1998,enabled,1064916,20186,
I8EQAnKntLs,514,enabled,1670197,15053,
oUZFuS0c0Ak,2797,enabled,4169122,77985,
7yDmGnA8Hw0,23639,enabled,23910054,278351,
2GK1AEF2nZM,775,enabled,378990,2774,
A6rV8QUpxdc,148,enabled,355977,2710,
iWSu6U0Ujs8,1765,enabled,1851479,42912,
ls77_u1ItuY,359,enabled,287243,3869,
6D9p-wmtIJc,9913,enabled,12776239,82871,
33-zBb987mo,179,enabled,272101,2410,
vgSoG99-ld4,1587,enabled,585820,13344,
A5fKfWMcD48,0,zero,18552613,29492,
oPrc8z4VW4w,1145,enabled,959384,14406,
qVb1bGbu3ow,9162,enabled,6992636,148175,
kMqeoW3XRa0,2155,enabled,11465908,25471,
Y_NmwtttzA8,26124,enabled,62635638,367493,
yh6ZSQytxbU,636,enabled,669648,16818,
UrMr4iZPFz8,2805,enabled,3368758,129433,
YbR2-nW7sCs,108,enabled,61389,245,
8Pd2fpoD0Xg,3146,enabled,54681642,102118,
hXx3lsorQWw,0,zero,1669357,47800,
th2T6rygqNU,111710,enabled,98562547,1813487,
J2I2vQQwiyE,3055,enabled,1889804,9676,
XjwO9InuFJk,11129,enabled,16553276,100632,
oHLLYIUbfB8,662,enabled,1160013,4745,
5pIK_oiRVi4,1771,enabled,1644831,24486,
Ql5WqCksQhQ,5289,enabled,1672698,52993,
ewu_7Dmj_18,51,enabled,458761,1968,
BqKeiiezqzc,1082,enabled,1968719,21998,
YhINec4cH38,556,enabled,1171765,33242,
kKjczXkVgWA,1208,enabled,5695899,31200,
JWhhGA-XeXw,22467,enabled,5018822,61249,
ijFm6DxNVyI,18081,enabled,16392191,435271,
PBou1uIhLYs,1352,enabled,2050160,20657,
OdNm5yLIfkY,1080,enabled,418013,615,
4zSYy6ZWfKU,16,enabled,21443604,23138,
Q980C74SdYQ,10891,enabled,6130676,193615,
z861NN5ZB_s,4430,enabled,4493438,24010,
bAkEd8r7Nnw,11593,enabled,13691900,241813,
q9ATvo2Y8CU,114,enabled,23940,214,
XiLH7x-ICgY,738,enabled,353192,4470,
PXT6zdNcaT8,1363,enabled,1111913,7099,
YdtajrLzy80,1880,enabled,479313,933,
py0wRutmMF4,20541,enabled,30846464,242028,
Hfz1bwK5C4o,122,enabled,978751,3828,
YI66LZKfLs8,527,enabled,228133,9614,
bRl80S0n_yY,5040,enabled,1051488,17643,
ayj9EVc2ZLI,1676,enabled,489978,3067,
qBWml9WHOKQ,22,enabled,19496,237,
CUGkzJFn9mE,43,enabled,404685,111,
GK_vRtHJZu4,1883,enabled,4593203,41540,
R66eQLLOins,3365,enabled,2197274,37834,
JTybKQeVheQ,375,enabled,987691,4174,
kO1kgl0p-Hw,1374,enabled,3820783,49151,
8jGnSosvX3c,1302,enabled,1384785,20828,
QSKBoO5hBHk,13723,enabled,25466129,385537,
DXt2RmwW9sI,170,enabled,181681,688,
oIG_BdsffcU,6515,enabled,8073597,60666,
d_FEaFgJyfA,14772,enabled,25443801,525134,
coGfGmOeLjE,24810,enabled,8461946,200123,
xflY5uS-nnw,7116,enabled,12432380,303654,
LxzyAadoyzY,1293,enabled,660809,20016,
ZkLrYj3rkCU,960,enabled,797555,12428,
P02BPgLnkPg,1954,enabled,1895686,94347,
9qPgK_u4vX8,0,zero,12100589,57939,
Dj4cP4PMPPM,839,enabled,784771,5410,
kxMC7g_sKjw,6398,enabled,12543338,127995,
MloJx8bAcOw,10817,enabled,17706657,382279,
OIi2zLAYHPU,287,enabled,720682,4024,
rg1CE7Y7B-Q,26071,enabled,13775485,259111,
OhCC3_ayHFs,1431,enabled,362038,17205,
XPluctLY8Y4,112,enabled,284743,2047,
ZrXrZ5iiR0o,1000,enabled,5802996,16827,
DzfpyUB60YY,12768,enabled,25395997,142265,
nFLNmPLRxyI,6225,enabled,7182179,125929,
7Tx4PXDW35g,2859,enabled,5997020,110265,
v-Dh8DXDUMA,127,enabled,228450,1220,
GzTrKccmj_I,2538,enabled,3385266,28229,
hoKc0z_YkiI,418,enabled,139651,622,
dAFnYJ2xgzo,2376,enabled,2142325,14131,
Uu5057uWEpk,2500,enabled,4481342,27124,
kBb3w4AUHkw,587,enabled,1076130,10337,
XaJQse2u5TQ,148,enabled,504511,780,
uE5xZKszXMQ,7239,enabled,6622822,35714,
LqzzUnhvrIo,73,enabled,26723,169,
NXfjRgc8Dls,0,zero,2048046,14354,
k_OzplzFhqc,2307,enabled,3088740,103181,
x1Tb3JpJdk0,1534,enabled,2920499,44966,
rfWfyOFbiR4,77,enabled,357493,2131,
u2sY3FMgQxY,1163,enabled,1048718,10241,
hWU7PUJTWhY,26,enabled,108497,57,
wxA2Avc-oj4,432,enabled,1925844,7706,
yaWuNjHH2xA,1128,enabled,2183843,8354,
Uv1xscwDtIQ,1114,enabled,2008146,21287,
U60obmWODLQ,610,enabled,833689,6876,
nBQ0DY4nrEA,475,enabled,1151509,4043,
-eqdZ9KUCuQ,357,enabled,505472,8786,
kSBB5PsRV-k,704,enabled,1652493,21707,
YYGVuss3Mn4,10,enabled,42633,174,
HS2O3bWsoME,409,enabled,169036,426,
TeSuGVn04pA,367,enabled,17171,1744,
rh8wgqXtnII,3893,enabled,6669873,38194,
UbpXw95WbHE,877,enabled,3804628,19798,
xJx85diM3IE,4233,enabled,1216359,4746,
HlSpfIx3wIA,6465,enabled,9264078,229529,
vjs5hNZR838,9,enabled,3210937,8753,
osPX0mulq2Q,11617,enabled,12986922,117328,
yeuBPPhx4K0,30,enabled,3027497,13036,
xmPT460ZWV4,5345,enabled,9461017,119954,
wO7UrRPVsVU,26,enabled,199482,1023,
gZOTWh145Dw,1580,enabled,6016683,83100,
Nj4JtEqlyos,774,enabled,379705,2005,
IETbROVCYJ4,3259,enabled,2818469,44799,
DLFWO_Cmrl8,679,enabled,844710,5357,
DCbxGAQvYCE,1,enabled,7151,31,
0OwDp2LMVbg,10961,enabled,15718194,28195,
O9YL04v-J5U,7361,enabled,19037581,185676,
W96_Dd9bI5Y,148,enabled,497977,6855,
rtoU6gUpHpY,0,zero,20973986,66592,
aIYBZIM10DA,9693,enabled,8476801,68804,
l0abbb87i1c,1390,enabled,1153305,13829,
x6yyjmcfp_U,1230,enabled,797162,15322,
reZH2B8irtw,1311,enabled,859677,21350,
ZYZsJYZVt5g,9896,enabled,142107052,180809,
qKcZ2sbG7dk,2723,enabled,2728196,36368,
Udmwy9iVxU8,85,enabled,51521,689,
QJtsA46evT8,10231,enabled,15766544,192746,
u-TNsO33eqQ,9302,enabled,17744192,199449,
N2i-bvysNOI,900,enabled,389259,1447,
tuxBiTwHNhU,171,enabled,73157,440,
LNhwR6QJCls,2666,enabled,2393503,38925,
uls5sl1avlM,18,enabled,96283,841,
0t2VPBF6Kp4,33579,enabled,55890476,295669,
4zH-krPtxFc,0,zero,8579617,12513,
b_lnWo5xjtU,0,zero,39835503,42048,
Z04M-o26qcg,1218,enabled,2636762,17144,
VWHoLtuUE0g,917,enabled,857349,13620,
LsS-8pSGBjQ,1287,enabled,592824,2443,
uBsBOTGBwBg,4628,enabled,4739125,109042,
Q-i0tytSYIM,958,enabled,1763621,16592,
_wMvItIDMPU,11395,enabled,10575063,168647,
dOyc98tV5kA,3903,enabled,5368314,52636,
3q-4gs0bNR4,0,zero,799777,1529,
TNUDBdv3jWI,3006,enabled,2228336,30675,
3b0f1KtNPcg,294,enabled,1329197,4195,
wxRHsZIHTYE,1372,enabled,1186870,20967,
dtA-juh3rf4,0,zero,11180769,142053,
DbU8-fj9ab0,1510,enabled,5325602,46315,
0zPEtyAsM94,2896,enabled,7308940,211756,
uMjx62rVM74,18,enabled,33291,228,
KkyXfpebihk,2269,enabled,3392642,14285,
CURDtu8s4zE,1467,enabled,218396,4534,
mdHt1RmLaKU,2221,enabled,1333506,27032,
uc-CzXQJg8Y,7855,enabled,29105865,285388,
vBXE402ki90,0,zero,9565135,15071,
LDWCA7u2Gj0,752,enabled,1913018,39623,
ncW-E1GDg5E,247,enabled,295060,1933,
UxlJQ2ZLMIs,963,enabled,783259,14259,
GRy43ljtqXE,2510,enabled,4250795,22153,
y_KP9x80Z9Q,930,enabled,14208735,11174,
lxMWSmKieuc,25666,enabled,19860173,309410,
K7DRFZBPSu8,59,enabled,400849,1534,
EN0_wL8KSis,1334,enabled,217343,1941,
l8h_6uV7Yzs,767,enabled,18354375,16854,
gI1YHfhC9Jo,2569,enabled,6505005,103684,
xYIuX3b1NGE,118,enabled,312484,1480,
XNP1x11Z2Ig,6918,enabled,3351207,81356,
eiLeBJUf1iE,545,enabled,3011678,18668,
NTnG4OFaFYc,61667,enabled,23952194,469279,
QVNDjLfFxFU,45550,enabled,14060882,388154,
-gfQ4jzUEwU,3149,enabled,5435563,25169,
THQwO7-JMvE,4378,enabled,3221375,6194,
RLmKfXwWQtE,1284,enabled,2939680,25010,
FSGeskFzE0s,24446,enabled,45621305,255175,
28IEhf54ufA,2915,enabled,1049065,21321,
hSJeKQrMlqg,887,enabled,969755,24534,
7tzaWOdvGMw,11452,enabled,4101112,73155,
xs_zLnXsZH4,2427,enabled,6253429,121938,
AgKycd4KrOc,7959,enabled,2867005,14797,
k1M54RjcECI,65,enabled,276529,1661,
iIJsXgmutuQ,167,enabled,386345,7401,
jUSUdBzduaA,478,enabled,198345,1492,
WS1duiNFCQ4,52,enabled,23596,447,
17WGIJ4ZeAk,86,enabled,703608,3600,
1hNK7JpwcBc,61,enabled,2701,92,
7Oum_c5Seis,3844,enabled,9508803,130996,
RJx0BUqanz4,0,zero,9788168,31212,
5xQJHsiXY_8,0,zero,2833734,16089,
xtNsjtgIMI8,137,enabled,644943,2995,
cdl8p9akJJw,11887,enabled,4528604,94854,
BQl3T0uD5Aw,161,enabled,138198,3623,
hKlMvVGJD2k,0,zero,7055645,12207,
yh_OGDaGNzs,229,enabled,497918,2285,
1byR9UEQJN0,250,enabled,1386555,5039,
fe4JKBEr82U,529,enabled,834596,7870,
F-x46m-wivs,1586,enabled,2559575,27415,
d_1REHxLoqM,4520,enabled,4085546,73176,
SL8WpfG9DOQ,1352,enabled,516822,3799,
TC23wD34C7k,342,enabled,1322367,6349,
aH--sKPgbSE,423,enabled,1426328,6872,
Cy0thWiV-eA,19732,enabled,48431228,393180,
JLlL_a0PX98,330,enabled,371579,3211,
QCbJj8EklfY,0,zero,1838564,28944,
DB7jILEzjAM,1999,enabled,5023541,93962,
SXzs1G9fuiQ,1823,enabled,3219805,81681,
UQgcBiAztjs,436,enabled,1269168,10287,
7wKu13wmHog,23251,enabled,32879924,361199,
GrEoQ3f2FKg,61,enabled,467883,1615,
w0ouM2vmtBE,30,enabled,15450,43,
Enan6eEmtqM,3620,enabled,6929651,116402,
S2DbJtFDi9Y,373,enabled,390703,4551,
H-T3nwvLHJ0,566,enabled,507295,9122,
qRfUd8TvrMU,36,enabled,27657,151,
irw3YQxiUOs,1547,enabled,2827275,19818,
hIs3k4iKFjM,0,zero,8774280,3246,
ADl03GO5B8w,396,enabled,213287,1936,
wtnM2ntrLsY,1409,enabled,875106,22307,
BFETdlfkNGA,827,enabled,956738,12906,
awR_iel7BEM,5,enabled,387556,14,
n0hV-sD0Slg,1100,enabled,571075,9758,
0S6MFl55_FY,9208,enabled,11515354,282404,
IMin48SK01g,10,enabled,56159,248,
0OsrAUdys3Y,521,enabled,910318,4960,
2GRtMtscCW4,372,enabled,1136822,8228,
QuB3kr3ckYE,25491,enabled,18023111,47374,
y3EBQvcmbXM,54,enabled,102271,1221,
dwuLTpWyhoY,395,enabled,16458,551,
HmxgD0kVR0w,1291,enabled,3637328,42937,
zi64v0Oe8z4,213,enabled,187594,2067,
1lz47kmYacw,363,enabled,2255640,8510,
8_0oGn2xerQ,0,zero,3426955,5047,
uqoxRcP5kbo,907,enabled,957325,7829,
tQL6nYzQR2E,203,enabled,315453,5538,
k29J8rwjBCA,841,enabled,3171041,96525,
xv5AQDntIcI,955,enabled,3421684,27136,
IpQlD-FLZMU,3184,enabled,5909104,36877,
m-5CDVdglp4,1244,enabled,1050221,8429,
vubuBrcAwtY,3309,enabled,4191052,137952,
UT3I5REIrso,191,enabled,634349,7601,
8PRqEP_PKk8,29714,enabled,20543427,542082,
uTzEMW9OgBw,1851,enabled,927239,21961,
4Y-62Ti5_6s,2176,enabled,14508525,22176,
Hwstj9FJHGg,7523,enabled,15519534,155475,
c1EyN9xTK94,323,enabled,1292237,4484,
KRcoOfwmwDM,1188,enabled,2786288,28944,
Mcg9_ML2mXY,1087,enabled,1097795,21441,
TjOwycbkJDM,191,enabled,562222,2651,
sYxeaVeeWvc,458,enabled,37107,1092,
mJyfLy1yp0Q,692,enabled,791955,9884,
IfFfevlkWCE,410,enabled,4328375,12139,
Osd16ILchHs,3520,enabled,5873216,184656,
GoR9JmdPfCk,28674,enabled,5909521,97553,
XEZCY95JliY,0,zero,1815341,10374,
nQBdHREKDqE,125,enabled,498198,2702,
tq3Vem1h7XM,194,enabled,253066,5526,
Gs26bZTRkdU,7683,enabled,4823910,116211,
bO7FQsCcbD8,6442,enabled,9793233,80850,
xRF7WIZV4lA,536,enabled,493099,12989,
h9lNAmVKH4k,15,enabled,16647,183,
BAQlFTGXJ-8,52440,enabled,16097899,267087,
eXR1olg_I0w,4743,enabled,6909598,105434,
QO77MO_AQVA,18,enabled,70703,331,
wcEp4M7QfUo,37,enabled,71956,658,
MlNfJvFnzc8,9820,enabled,8486806,75412,
wlKop4BV6gQ,3153,enabled,2353238,15737,
mRYIkdYss5M,3711,enabled,6365995,29458,
p73MsP4VSUU,2174,enabled,2700429,32897,
_wUs_ywD2_Q,11,enabled,11938,68,
mtlhNZOIobw,1677,enabled,1768662,9988,
G2fOum_KWQU,33129,enabled,115704980,520108,
xu0rJneMWKQ,360,enabled,1867496,2287,
E34CftP455k,210,enabled,811947,6301,
mO1QBTG6EXs,164239,enabled,83726673,978213,
IK_L3Qpi6d0,2201,enabled,914594,13152,
3o_kIMzyhUc,298,enabled,260872,971,
pFWmYhkMB5Y,7587,enabled,15886535,176565,
LORsgF-fhgQ,1503,enabled,479238,9857,
0ov9-WKINhc,343,enabled,181802,1255,
Ezv8gzbtAVg,2201,enabled,4758658,195445,
cOIsNUzsOoM,47,enabled,152757,452,
FUI4SE540NA,2,enabled,16014,66,
lk8lozFBXpo,6609,enabled,18438315,183930,
Uztf1el3JUo,32077,enabled,22812701,124226,
SCNJiXnYBVI,643,enabled,3180739,10691,
Ffam7Xrw4cU,717,enabled,219414,1911,
2GL0oIdZrY8,75,enabled,47066979,31922,
FNppLrmdyug,789,enabled,6066681,13462,
xrPiPMkjjVk,3,enabled,1771065,64,
Bf6D-i8YpHg,0,zero,18874137,80241,
2Zf6LE0HcFo,2328,enabled,1336142,23357,
0cq_SgBd0-c,1098,enabled,2320440,11781,
5AUAP8cHWd8,1486,enabled,3170710,26981,
K50ovhuGisI,24,enabled,25914,283,
xe6fqasFBUY,112,enabled,685724,4769,
9hdSLiHaJz8,1152,enabled,3173843,39191,
a2hAhsSRLkg,73,enabled,139411,694,
rOzFab1izbg,912,enabled,5392327,203827,
8FlOgBsvkHI,2,enabled,17958,23,
1WD1GSb1MJ4,311,enabled,185638,1746,
a_6KxeEjNUs,3010,enabled,1999524,26458,
WLukCE3vwwA,427,enabled,117473,2426,
-0f67QE-HP8,0,zero,18444516,115356,
6ms8LlcpB4E,617,enabled,90282,2074,
PAGvfXjMheE,7,enabled,40203,101,
7MkhKd2rP-A,4787,enabled,1198646,13731,
dzdfj-xzXAg,3068,enabled,4769023,24277,
t3i-CTKQyIo,2630,enabled,2322334,20923,
McDXSxH3Sx8,4944,enabled,5917500,157760,
s9HPNwXd9fk,514,enabled,1630496,9464,
lAI6epaii6M,66,enabled,46423,218,
VsZIYj7evaA,1736,enabled,1066366,16745,
C7oSFNKIlaM,1890,enabled,3018982,35632,
YGWdQ5BtyVU,2546,enabled,6659396,122183,
Yu042ryvO9k,872,enabled,664908,6476,
9rJWtkvFrMY,2663,enabled,1002921,12436,
hXsjwq1Q6HE,2061,enabled,1237512,20847,
y3LCrktMhOM,14,enabled,16223,76,
kNMjx6tnJbQ,25405,enabled,10935672,173528,
PQfKNmcRwtM,964,enabled,14810268,46491,
94x_0wkHSXg,446,enabled,318498,2874,
A-_RcmfjSAI,0,zero,250255,2473,
hoIOFKEd5NA,0,zero,821352,2071,
FeLjAlPQOlI,0,zero,4700705,3943,
LVWTQcZbLgY,3195,enabled,8158462,233404,
ZgJyhKEZ8QU,5910,enabled,5386828,180445,
Pki_eSxjrGc,2093,enabled,8255326,85410,
P6uTKPwVnNI,17793,enabled,9462923,277292,
GD5tobT5EEw,313,enabled,431685,9366,
bfnHDQpFLSQ,759,enabled,409328,2103,
HHujfrRiWEI,542,enabled,267926,1332,
eZY06fMVbNU,605,enabled,223456,7514,
aOSktnIcoX8,0,zero,389887,358,
LEvS9RXN43Q,8903,enabled,3861691,98242,
R9OCA6UFE-0,4870,enabled,11280053,398360,
U0Nfu7iR7lc,1735,enabled,8713879,28356,
69rgLvitaYM,1905,enabled,519423,12731,
NaILbbTdilk,2009,enabled,1454091,20677,
Hhk4N9A0oCA,6324,enabled,9661995,217136,
FiCYoL7sIx0,0,zero,11736111,136981,
3yzhblg_uxQ,2870,enabled,4605409,20067,
XVyS66Ja4b0,232,enabled,227957,919,
GIWYkCOPAQ0,1245,enabled,1684413,18890,
fUmkNKikPUQ,1259,enabled,133282,3071,
IJlXXvSFyUU,740,enabled,2247258,36082,
IwQfQxCVT6o,0,zero,2931514,11180,
zViYpS3BIqY,2437,enabled,6244861,217127,
ftV7bAbtwZc,0,zero,526680,1549,
fuzGrT2gzq4,1160,enabled,1659139,80937,
rNmCWQYCFvE,782,enabled,175272,7987,
HVTigP4l8Qk,0,zero,11215889,38330,
CmjeCchGRQo,6336,enabled,11075120,220633,
dm3Na4XU3us,766,enabled,655672,10018,
Y8TQXt6sRaU,406,enabled,1975523,10608,
6qsH_LFRr6k,0,zero,8372158,27631,
ncwfVWu1lKk,2305,enabled,673359,26922,
FCpCaD6teLo,462,enabled,1422835,12886,
z9vGoj449s4,422,enabled,2121753,10106,
kH6QJzmLYtw,19591,enabled,54436922,681675,
9eqJ3KKiO2U,247,enabled,3650130,4178,
4kIKynSUbJw,169,enabled,594394,3417,
gJD1avXys_k,266,enabled,165006,1515,
uVZYgPMxjHw,1,enabled,494,4,
fPI5_A0sjnI,15,enabled,20054,176,
qObH7OqChMc,2229,enabled,1909538,18177,
vu_9muoxT50,3710,enabled,7075311,103377,
yZ3GlUDdrqg,6740,enabled,18169729,258359,
f2O6mQkFiiw,4939,enabled,14804344,546215,
-CAmTENXSok,4,enabled,15549,50,
mS4_2NAUak0,2,enabled,15150,6,
mNUnCTKwS8Q,2596,enabled,31463818,189978,
Fl2lVDZUeak,112,enabled,69028,394,
2mNMvz85NG8,0,zero,6617518,12765,
dh2sGBtxDsg,9,enabled,81081,660,
6guXMfg88Z8,1367,enabled,1129297,16140,
bt90VCye6Vk,12185,enabled,18698094,293627,
UkiI2vM2lfA,11208,enabled,18514969,213309,
tIJDzeHmaLU,0,zero,23332,188,
hCm2PX5Iz00,1959,enabled,1289756,10677,
puwzuqEUxDg,229,enabled,479073,2260,
YwLNBeQ2bcI,0,zero,2913355,14948,
8-tPcVb3anI,2030,enabled,367064,10764,
80Fh1LmQDMM,75,enabled,198563,2478,
z4VT4gik54w,349,enabled,842782,14480,
Cht63QybtiA,0,zero,29147412,96687,
yS-dq_vU9OU,1060,enabled,1397421,7053,
ZAgGBfLgKmY,1195,enabled,778357,15138,
4c_ADqshdSA,1267,enabled,1781992,13577,
Z1fvT-LiWiA,233,enabled,1386008,86477,
_-KDvUNN6SM,0,zero,13474984,30062,
OMGO51u4ou4,3299,enabled,8337034,90124,
NjmqBvRQ8tI,797,enabled,677019,9130,
BGgYEm1irAE,0,zero,1850951,21958,
kOctJhwdLcU,606,enabled,99615,1101,
iWfmmwdCHTg,2464,enabled,15916265,55647,
DkVmHrfRrDc,0,zero,523166,799,
k55Hm59emgw,1891,enabled,4658426,44857,
hQJd91ML2E0,0,zero,18749377,99333,
dM0LBeNZy0c,0,zero,360915,2802,
Xb05CaG7TsQ,488,enabled,1559450,7524,
6f9D5xaYq-8,1147,enabled,2260701,23878,
l1IuTFUMgkg,1277,enabled,6829450,43691,
kELDEdMbkyg,6320,enabled,22120955,235350,
aiU4xQ7ICM4,5310,enabled,8457915,63033,
xFV9v5m1VNo,453,enabled,793063,29708,
SrU9YDoXE88,85248,enabled,28987537,642636,
-p-Wt-AN-xY,694,enabled,1028768,11508,
Z5myJ8dg_rM,321,enabled,2237891,8567,
KQvl_Ble7n4,3588,enabled,3280986,32624,
R4BJRr3zzHA,11789,enabled,2228605,127802,
U2i0jrlIOP0,308,enabled,158140,478,
unKI78hW6LI,1561,enabled,4525160,41493,
4Hdiix7hoXs,0,zero,2205,6,
cfqAHfpQkno,9961,enabled,2847684,153030,
HOWG8j2FXL8,0,zero,483592,2023,
-hJj5NpWUXQ,28,enabled,224510,606,
Pq_lmSRcBSY,6717,enabled,4456148,113523,
qTQaIbIu8q8,434,enabled,1150012,12706,
pkR39pW-xKI,1976,enabled,465612,3766,
jKJpKk0hfe0,22,enabled,5852,88,
6ZnHOqsVFNE,29849,enabled,14537028,196501,
Jbp9F3MgSn4,0,zero,2885820,9973,
b2M05Sa5aMo,8061,enabled,7418199,56229,
g-uc5_QEmuM,4429,enabled,16400789,105385,
JDn5vz-fR00,11003,enabled,2116241,14196,
HpzbyjyUf1k,526,enabled,2585476,9317,
h9hMpp9ckIo,549,enabled,38791,250,
hOfRN0KihOU,77215,enabled,11344254,256479,
Dz4rXCDW3Yc,0,zero,5475965,19527,
wgZ8Y7djtQc,146,enabled,138039,745,
AYF1RYejayw,0,zero,4828901,4550,
iC1Ha3HO7gc,1351,enabled,7219452,11295,
mK8vQuiFTMM,0,zero,59308,252,
ppILwXwsMng,1500,enabled,1436152,5958,
N-f_dRIFPqc,49,enabled,58964,480,
7_cDT5_Vmdc,3886,enabled,9503883,274959,
aqNR429SuAk,2248,enabled,9121781,69648,
mLpsp2ntgmA,62,enabled,136510,184,
o-iPiN_YHjY,1126,enabled,3197057,15001,
UC4tfugiENI,541,enabled,3819981,19505,
DZ11QM9YitI,202,enabled,163645,1771,
0fyXnhAGS6A,2049,enabled,2164232,16512,
RQqulifdDrQ,1552,enabled,324631,15635,
iMNOLFPU1L4,2464,enabled,3695736,85436,
eBlYqjKeL9Y,3,enabled,9221,40,
yhCOyNqZZs4,836,enabled,2321497,21330,
4XBWtqvHWc0,2643,enabled,27961152,96595,
4pS4x8hXQ5c,3322,enabled,1687484,51697,
4Rz8BPRFeiA,13127,enabled,15988858,246372,
Mt4dpGFVsYc,72,enabled,372350,2139,
rdHRX7iIAQs,11326,enabled,8301808,177741,
naW9U8MiUY0,0,zero,34841063,529461,
CVaMNRDMP0o,10,enabled,25332,133,
KyrLpnxH8lk,0,zero,23536,32,
elshHcDWwMI,17,enabled,11487,45,
mxhxL1LzKww,43218,enabled,20633864,407036,
j__Kredt7vY,220,enabled,1031601,4525,
C13kWkzlaX0,8964,enabled,31021030,85230,
xaz5ftvZCyI,372,enabled,1283521,7910,
iBRnqz4bD6s,26,enabled,16444,106,
RI874OSJp1U,43,enabled,474851,1577,
vb8rGCPrrwo,84,enabled,192441,184,
2coob7np2LA,282,enabled,86862,961,
Zu1yXoH5z64,3136,enabled,3511145,160304,
poga7b3M8V4,165,enabled,234710,4271,
EePE2F5qYZM,64,enabled,209455,2522,
Bxz6jShW-3E,5908,enabled,5233088,143790,
4A3QD6RuDfM,4748,enabled,179556,2404,
H2PtjWEUdKw,39236,enabled,17345411,359514,
IgAypF0rBGI,2744,enabled,1333204,6662,
UpsWhvKQ_-U,17,enabled,25986,195,
zsQTq0eE0Sc,0,zero,65951844,176589,
MHxSq4c_E6g,0,zero,155734,504,
nJ1hrmVHUJg,0,zero,11482404,33813,
SAWoGBuJMT0,29571,enabled,6411767,265446,
mZDQZH0rISA,366,enabled,4060322,13864,
kWLNZzuo3do,1541,enabled,1924280,15102,
A7SydxYq69E,3461,enabled,7924682,98132,
2OVpfFJ1EE4,1,enabled,1819,9,
kIq5CZlg8Rg,6365,enabled,2331933,15258,
XE49YW8NdJo,761,enabled,4574281,31912,
-aG9lNn8AuE,0,zero,7758546,2072,
tvS6ubOyH_Y,15,enabled,93076,178,
Tj5AF_m3-4I,22844,enabled,10276466,167326,
94kGGQxvDhc,89,enabled,79442,631,
csoP8Didoi0,12747,enabled,11666296,112592,
bQyW5X7IGIQ,3531,enabled,1271759,20384,
pnjjEaJBF88,103,enabled,134319,1539,
fV-_8jdpYw4,158,enabled,32565,1652,
IPBCeXkKFSU,235,enabled,296348,2015,
8vMonR9gfbE,32,enabled,41834,219,
MUKJTbOD-pc,4145,enabled,3859618,79278,
jH-c3mk2Neg,325,enabled,1605431,1515,
v6o2bUPdxV0,1759,enabled,1915050,12413,
lokFoo_QD8c,4368,enabled,9749206,218575,
nFqh3cWdeFI,814,enabled,303480,7658,
EoDxuidPG_U,525,enabled,123530,1017,
OLI37bpK0KU,571,enabled,301606,2821,
olb97DDMitk,1972,enabled,2682410,50270,
nfdRmhcC_H0,899,enabled,2493476,30136,
p-BytyjzmTQ,10,enabled,13213,69,
NYR4o_nw-wI,832,enabled,5012541,83726,
AByf89Xp0W4,1746,enabled,5097533,69402,
1c_RpBA2W1U,30,enabled,12929,79,
_ibq2xaSpWk,4705,enabled,6998865,51095,
oyVn53-clR4,859,enabled,181897,1279,
vHbLRf3C9KI,21003,enabled,11091293,131990,
l13z75wZvfg,0,zero,623001,761,
4RDnxAGQL-Y,1123,enabled,1160499,9827,
Roq20IV4yP0,3099,enabled,1541091,28346,
quxJy4t7_3s,490,enabled,247809,1312,
dp8xuBqTAUs,20,enabled,89641,474,
WmR88M0mpuE,618,enabled,556319,6889,
dhCZ8JJjF1k,1586,enabled,1971576,22650,
3PNsMXe170Q,29169,enabled,85031197,448637,
keU-IqHJDL4,2672,enabled,2272219,11523,
RlJvJSgIFZM,295,enabled,222255,2278,
VSrEIdhrXB4,1867,enabled,724100,24002,
7p6DMevgbyw,4401,enabled,6873031,98308,
0UM3hMxFImA,4,enabled,13832,124,
s-dN4kVGPT8,128,enabled,121420,1123,
T1chgUE70pA,1451,enabled,2416032,31982,
hNx_R6LdB9o,296,enabled,3044198,13527,
WecCeTs4e-8,7162,enabled,1026540,6025,
0Cl7TY92rd4,9674,enabled,7714422,230406,
pP1Yg43FREU,4763,enabled,2272854,67715,
BTSNAM_v3oA,287,enabled,32911,1017,
eO1Jm4N4rlA,6181,enabled,105957809,215892,
UjLs5XkJ8vw,611,enabled,865557,3187,
ngNLw24D3p0,673,enabled,4925816,10786,
Lm8p5rlrSkY,2142,enabled,7559612,34898,
w-k19MsY3TM,2494,enabled,2503004,15534,
wAuW7Jq5b0s,2545,enabled,1778040,74151,
VSrEEDQgFc8,4687,enabled,1710467,8616,
z0UNp33SUTE,487,enabled,1028750,6193,
uIlx5-aGq_A,2991,enabled,7248278,58181,
2OOs1l8Fajc,4082,enabled,1474678,7615,
iP-gHYdU22Y,413,enabled,544138,10633,
wP0G3Vwe1bw,151,enabled,331201,4167,
hE2lna5Wxuo,7125,enabled,6297671,178841,
i6wKYVN3p2U,105,enabled,46400,871,
p4xobSGCjoM,513,enabled,900074,11060,
f8XrYK7OP6U,69,enabled,456880,1974,
Ywr3CAUpGs8,943,enabled,376745,7568,
Wq_Nfw2DJgo,965,enabled,503446,13951,
UCZVSr2Xt2k,5825,enabled,13304237,296315,
gBVRvVMWIA8,2948,enabled,2136415,37810,
yiC4w7Erz8I,7734,enabled,2014491,13050,
akO6D_tc0lo,1405,enabled,4087567,42384,
hlNvdfv76WA,2991,enabled,100736910,241385,
9Fkl312lldQ,2360,enabled,3059240,9428,
01egdlDn3_g,3193,enabled,5547165,153007,
SrplBLMLkn0,0,zero,257236,420,
rVrq92m12lA,1223,enabled,278919,1428,
sc357VRYCxs,68,enabled,27957,546,
t74qQkSb8cQ,1098,enabled,802796,5318,
MBPgXjkfBXM,2957,enabled,4551540,41456,
W61trr1tR3c,1073,enabled,947767,21213,
3sqAjdBndG8,602,enabled,1481879,6650,
ssopBo-qfso,405,enabled,1590896,9252,
vqwKWN_CdcY,319,enabled,141589,4430,
bZpOhhik1mk,0,zero,311309,427,
76BCuuOOdbQ,106,enabled,789201,1475,
zuzImQo7cdg,3005,enabled,19663111,30317,
mhYYLx95iQg,2558,enabled,2120057,111881,
4OxmkY0Pkjw,2786,enabled,5842258,95527,
khFhF64P3VQ,57707,enabled,48125468,446081,
vX-8qAg2m8A,209,enabled,512466,3311,
-PhhiKPHTWM,1812,enabled,2145670,34397,
bZzHc3qmBio,365,enabled,1262473,8924,
CcdjirDeHks,48,enabled,10228,37,
-6vfsYwXW6I,6455,enabled,1347778,31416,
4cHcN0VK3lk,7,enabled,14429,117,
LMT9w5eLLAI,2748,enabled,948957,23699,
bKpQquYRw5E,695,enabled,468243,8197,
k-uGLScZv60,0,zero,1536740,4519,
PA66nEJYaAU,17977,enabled,53020376,229985,
-93Ij5WIcok,4724,enabled,19172871,221912,
pIxWzV56570,9374,enabled,14090987,169877,
YWPYF5thVPw,10826,enabled,4405763,85428,
7E-ozJAOxfk,1054,enabled,243731,14383,
KcrAkPNB8jc,1830,enabled,1986073,62050,
