video_id,mean_compound,std_compound,pct_positive,pct_negative
St8vFW9Kg-c,0.284929,0.3892488644286583,0.52,0.07
aVHDjmvrXfc,0.08889000000000002,0.4613948659228883,0.39,0.25
-XjXTVJhFLM,0.6230259999999999,0.38860566506936045,0.86,0.05
JI1kq6CA_38,0.32395199999999996,0.3976913005032924,0.55,0.05
7s5DoGy1Bfo,-0.062686,0.5772331102804135,0.36,0.44
E2kUsRIj4tM,0.57503,0.2993318882110625,0.84,0.0
Bi6pcwUbTB4,-0.02069799999999998,0.4984805095447565,0.29,0.34
W1_mXRfrNbQ,0.0665625,0.45569147851781255,0.375,0.3125
dsyyq62uJ60,0.16710200000000003,0.5129623654772346,0.43,0.2
yDtSgSZVxLs,0.049735000000000015,0.3614366567947972,0.27,0.2
BIAyb-1uwTg,0.596155,0.3545294854804041,0.84,0.03
-_wfFCLaFWk,0.4396285714285714,0.3607004503711621,0.5714285714285714,0.0
3sXczWhu6wg,0.09711627906976743,0.3917546633374257,0.27906976744186046,0.18604651162790697
qMPTitxLhKo,-0.08483399999999999,0.5085827433604093,0.23,0.38
sZG20Mq3Mew,0.08638800000000002,0.4132483929260947,0.29,0.12
Z5CigvO3MOw,0.058290243902439025,0.321473825740955,0.2073170731707317,0.10975609756097561
OdJnRxYjOmI,0.37934200000000007,0.4557887230241661,0.61,0.1
iyQxa9MHJdA,0.376494,0.47062194101422855,0.63,0.08
uI8hzNEHku8,0.23671100000000003,0.4286327168789149,0.48,0.12
HlKFVcuIHg8,0.3685,0.2600806644101018,0.4,0.0
hAeTOUCmK_8,0.20120700000000002,0.431400862830616,0.45,0.12
C9u2rNVnZWQ,0.4239439999999999,0.5542976251653979,0.68,0.14
T1zzyGhA4-g,0.30382600000000004,0.41947920726062216,0.55,0.09
tnazs2t5Brg,0.20142000000000004,0.4488826129401762,0.49,0.15
MSx_rMsPy08,0.26408,0.47621117689529296,0.52,0.15
JkDS7bRO7TQ,0.12427099999999999,0.428009650661057,0.35,0.13
n1NvtUwfRJc,0.44796700000000006,0.44167160539364536,0.7,0.08
tft1sD5NX_k,0.17999069767441858,0.4785884355175552,0.4883720930232558,0.18604651162790697
OttRV5ykP7A,0.28175400000000006,0.5030900292035214,0.54,0.17
spkfIpPmPgs,0.308778,0.4549988407853365,0.52,0.1
Sl7mO6Z5vWg,-0.01824200000000001,0.5137841362245432,0.31,0.33
WRmhToZfoHs,0.130704,0.3804617849193267,0.31,0.14
VxhPCJZXhfk,0.2613607843137255,0.4841672268546986,0.5098039215686274,0.09803921568627451
WlWEpRdcVCY,0.009075999999999996,0.4076543756958828,0.25,0.19
YgVBG8uuxx0,0.15967699999999999,0.34419880907841627,0.29,0.06
VSrEEDQgFc8,0.06490599999999999,0.43900781287352963,0.32,0.24
YVp6q68lvYI,0.140027,0.39916461988883734,0.38,0.11
JzR0MiObqzw,0.109246,0.4556829420594982,0.37,0.23
1RWOpQXTltA,0.135289,0.4327373967881676,0.35,0.16
S9d2QkCncuE,-0.053633999999999994,0.3398404049609169,0.11,0.19
tg803wPzFEE,0.125112,0.3355035800941623,0.31,0.11
iDJjq0Pd0RM,0.47024099999999996,0.45867744921567705,0.71,0.07
s3jjdHuOUFI,0.2238317073170732,0.4757400568352142,0.4878048780487805,0.17073170731707318
WdT4DPFXIkM,0.543345,0.34884964193044543,0.81,0.02
iCRyq-UAOBY,0.104045,0.5504507001312652,0.45,0.26
SDaWVYXBxZg,-0.078987,0.5227647977159519,0.25,0.4
ShjRCYXU-xM,0.065635,0.5609368373310849,0.41,0.28
3ib6ST5S_Ok,-0.09914,0.5127943236815322,0.2,0.4
qTQaIbIu8q8,0.40837399999999996,0.42039716093713103,0.66,0.06
JRrl7SjUjD8,0.06059500000000001,0.42313372646835895,0.28,0.24
C6X3qkWoXv8,0.26674600000000004,0.40249955364447293,0.5,0.07
N24EfTHdJX8,0.18269000000000002,0.36902235420093454,0.35,0.06
qNUmCtCV_so,0.11546666666666668,0.3509963818498483,0.3010752688172043,0.11827956989247312
vgA2gxUwEfg,0.24212000000000006,0.44477141927061814,0.44,0.12
kR-BPVSqZqk,0.406167,0.4176366763240508,0.68,0.08
XdXWpEFGEUE,0.5819390000000001,0.48755913710954085,0.8,0.1
omcQ4Cb0Hx8,0.20198299999999997,0.41445066052667845,0.47,0.11
i5temwLLRy8,0.196569,0.43204278947692215,0.39,0.15
a7efEqgpIrE,0.053434,0.31624046206012285,0.21,0.13
sD3FOFZKKiY,0.246952,0.41053952026083923,0.45,0.07
wLHd91tAI5s,0.21264399999999994,0.42961219938917006,0.4,0.07
0RDtwoAt1do,0.3817952380952381,0.37675790948336657,0.5714285714285714,0.0
Tck3jgaZlhE,0.42116299999999995,0.4306139767018716,0.69,0.1
rT1nGjGM2p8,0.21692600000000004,0.40095468437717496,0.42,0.09
WS9MgI6Jv9Q,0.1586561403508772,0.3316972033994225,0.3157894736842105,0.05263157894736842
48--pjS2sLU,0.17065000000000002,0.4995626368134431,0.42,0.18
0dC_4IqXgTs,0.215514,0.4056794463662166,0.51,0.13
6KSjznyrAo8,0.17805500000000002,0.35364451003090663,0.3,0.05
H-EtOKn6qXs,0.027338947368421056,0.36789719224540146,0.23157894736842105,0.21052631578947367
oqU_pqD6OCA,0.21572285714285713,0.45755138358484737,0.45714285714285713,0.17142857142857143
apmDI1iZUm4,0.163904,0.3478859666384949,0.34,0.08
H6i9PiKyuas,0.33034731182795696,0.4815352639732245,0.5806451612903226,0.13978494623655913
Fq6bluwMCLs,0.20438024691358025,0.4824567973800459,0.43209876543209874,0.16049382716049382
9nuT_ZxWwb0,-0.036137999999999997,0.40383199174409157,0.18,0.28
jGISQHZWvlI,0.16183100000000003,0.42861886348946426,0.39,0.12
fjIbLTaLaoA,0.06136153846153847,0.3350376041775277,0.23076923076923078,0.11538461538461539
1kly25zVbco,0.603715,0.32408083169943885,0.84,0.02
oA53ZanVNgc,0.27641299999999996,0.37957362043614146,0.4,0.02
eQvdOLxkGc0,0.18976200000000001,0.38861060479096554,0.46,0.11
doUdRCrK80E,0.277637,0.40760934475426347,0.52,0.08
m7mP1qyBQiw,0.086153,0.43917963032340196,0.32,0.21
SJLENbI12-A,0.20398333333333332,0.286610346211639,0.2916666666666667,0.0
tT3cPwV4uTk,-0.06907999999999999,0.46522305101961575,0.22,0.35
Vg7dWjieF2Y,0.19848333333333334,0.5581853766646186,0.5,0.16666666666666666
-RNI9o06vqo,0.19946099999999997,0.5781831488196452,0.48,0.23
qk7ChII_Up0,0.216331,0.4790569808895389,0.46,0.15
kArC6ZlwetQ,-0.089196,0.431050667768883,0.17,0.33
SNYpl1hCu3w,0.30899899999999997,0.4133293307993034,0.54,0.11
HVyUkKthTuA,-0.021417,0.4082820422342869,0.24,0.25
_cVlSAD2mRU,0.372437,0.3839249777378388,0.64,0.06
EwzD8U4u76k,0.4296580000000001,0.4101501318249208,0.65,0.05
hI46Wvjgo_0,0.27534615384615385,0.3609733553247911,0.5,0.07692307692307693
5P2jzgIDrPo,-0.029704000000000005,0.5068917566739471,0.27,0.3
heWJYtdZcPY,0.37404899999999996,0.41644999855805026,0.61,0.06
N7hlIbJkvUQ,0.3018080000000001,0.5026719782681346,0.54,0.16
KDHuWxy53uM,0.5111529999999999,0.3426424414619415,0.77,0.02
Nm7U_ZZaOAc,0.336338,0.38422562636555097,0.51,0.03
BFGEGksIm28,0.14967699999999998,0.4566320303822324,0.4,0.17
JdKV1L1DJHc,0.079732,0.3749391336950572,0.27,0.14
SJMlzIwzyQE,-0.0034270000000000034,0.4723118357303784,0.27,0.25
PBwS7svfqkI,0.253423,0.511008684046563,0.54,0.16
yJ6qaml8U9w,0.048917999999999996,0.31868388141856185,0.21,0.12
YzA-HMq0rUA,0.03828,0.5176220290907256,0.4,0.33
PU06GuQ7svA,0.10330694444444445,0.4404359662521231,0.3333333333333333,0.16666666666666666
GsUSEwafFIE,0.3334615384615385,0.547779695383606,0.5384615384615384,0.15384615384615385
OAaLyhs9kQw,0.004728999999999992,0.3969039541992495,0.23,0.21
N5gG8eUm3gQ,0.014757999999999992,0.5562419979073857,0.37,0.33
cgTE_09hEDU,0.39040400000000003,0.4180717337778291,0.6,0.07
URqSPBaxV7Y,0.5498239999999999,0.4268231955083978,0.8,0.06
-JuqoWtI2Wg,0.07897399999999999,0.4721244186906668,0.37,0.29
NTuu2Gx_4H4,0.050429,0.3805213219505577,0.26,0.18
0mccdi3V5HE,0.09835,0.22681681957662916,0.14285714285714285,0.0
xIbyQ92vijE,0.307147,0.42842800035828654,0.55,0.11
pz6WcZlwX_o,0.144101,0.41601493254329225,0.4,0.16
EgZI5ZY3dmU,0.441942,0.4356861813691134,0.7,0.08
N05FSw-va0M,0.13003589743589744,0.4096731993306807,0.3333333333333333,0.14102564102564102
6XZeIovgjIQ,0.341585,0.5997399417872716,0.6,0.25
QDkLaDDJhG8,0.274389,0.4538493943798978,0.51,0.12
rxICmJthL4Y,0.19046100000000002,0.3676084386667423,0.42,0.09
flY7yG9me0w,0.23396666666666666,0.18016607770486529,0.5,0.0
8nz2dtv--ok,0.30876800000000004,0.44426939729853104,0.57,0.14
9ezzpuOqkX4,0.06798599999999999,0.44049091659647194,0.28,0.2
vp12ENCwrbQ,0.37012400000000006,0.42101520141676596,0.62,0.07
hoKc0z_YkiI,0.18696399999999996,0.4681186824983596,0.45,0.18
axI5Luw0Eos,0.42206699999999997,0.4748612026803201,0.67,0.11
yAXeLLddRkc,0.40249999999999997,0.3813301748120941,0.7777777777777778,0.1111111111111111
POEjtktj-1k,0.147678,0.3846046805695428,0.38,0.12
jE2HOuhEwIg,0.20037999999999997,0.4349438579862923,0.39,0.11
GlBYewv-VIo,0.09189,0.44600921616038386,0.36,0.16
BmFEoCFDi-w,0.16009400000000004,0.5875911409849539,0.52,0.26
NaILbbTdilk,0.264097,0.41961574790634343,0.54,0.11
MzaBSb7DBD0,0.250334,0.4121096378926365,0.48,0.11
HjlmIREzkm0,0.034553999999999994,0.4892294466648548,0.35,0.27
Y_TF9N2XlAs,0.21314545454545453,0.4083038350298929,0.42857142857142855,0.1038961038961039
LBINn20LUes,0.12375957446808511,0.4669730493200954,0.3829787234042553,0.19148936170212766
ey6H4fRjAKg,0.005605999999999992,0.49454716434734514,0.29,0.26
YdVamEfoHkU,0.238269,0.44677465521110304,0.45,0.11
Usgp1mgwOio,0.26243900000000003,0.47491419854432654,0.5,0.13
Y2OLRrocn3s,0.54053,0.43257268094506385,0.82,0.07
1TxzkOEaSA8,0.048852,0.4282743579716161,0.29,0.2
3Ka7B3hCg08,0.4415979999999999,0.4412961255166422,0.68,0.1
QUMmXFB-QOk,0.4123785714285714,0.3443170448844483,0.6428571428571429,0.03571428571428571
M2Jxs7lR8ZI,0.217616,0.5144742280658965,0.51,0.19
8XJHEe1hhPY,0.36857600000000007,0.3807950835081777,0.64,0.07
mOcVhNaPQTA,0.10103700000000002,0.4442294633756298,0.34,0.2
JvHU-UOPrGs,0.048679,0.49546299504503866,0.34,0.3
LMyyu1bydFI,0.5495939999999999,0.3061246098633692,0.84,0.01
acNfwJE0bU8,0.23222222222222222,0.2655312694612979,0.4444444444444444,0.0
gLv6tsTdpgM,0.21147400000000002,0.41345492369060016,0.45,0.11
iHi2OermTEc,0.25149999999999995,0.33475274457426035,0.4,0.0
JWECaawgzi0,0.26515299999999997,0.47001344224500646,0.54,0.11
eGoT_VqIVKY,0.06728600000000001,0.3641465158476736,0.27,0.11
ssTdkqVW8xQ,0.17973199999999998,0.5012387889778682,0.43,0.19
cNI-LIVs-to,0.276829,0.3695766760213637,0.51,0.06
edamnPJRCpA,0.37469300000000005,0.38666990916154825,0.61,0.05
gOngJUc5ZtE,0.14762599999999998,0.4124268860343612,0.29,0.11
cpk_c7WsyPg,0.18957272727272728,0.42590405709162654,0.4431818181818182,0.17045454545454544
_K0Ka7Mkqus,0.3013269999999999,0.4446068915019199,0.55,0.09
ySwgm9MMJco,0.08344999999999998,0.2769766641794937,0.3333333333333333,0.16666666666666666
Rh1pXkFczSg,0.181983,0.4051810146230941,0.38,0.12
YzyeAh8Y7Xc,0.30054100000000006,0.4170835839720858,0.53,0.05
cVKoHSdhA1o,-0.10203200000000001,0.5908402809355503,0.27,0.43
Ot75SS-c4Ic,0.206332,0.4213885610407573,0.43,0.13
7HfD4cvY3ww,0.050816,0.42278196478090213,0.3,0.25
vQJ8_ftaHi0,0.2202247058823529,0.46873276216922993,0.5176470588235295,0.17647058823529413
4CyLWOWz5uc,0.220439,0.3512986797285182,0.43,0.1
e01GIoFak2s,0.064893,0.4386021297839307,0.27,0.19
UPku0k7w6rQ,-0.08965999999999999,0.4679611926217813,0.22,0.36
A0YSmiV_KCs,0.10730857142857142,0.3922382441989115,0.3142857142857143,0.17142857142857143
h62tcdxa4Ag,0.13772600000000002,0.48191994431025575,0.41,0.21
e2cMS2SuWm0,0.13866599999999998,0.4151311198211958,0.36,0.17
T5c6O3efej0,0.25015875,0.4999036348872026,0.5125,0.15
cIgVjbcKRM0,0.5379589999999999,0.5607160914571652,0.74,0.13
JIYuOQscL6A,0.011767000000000001,0.43988266982344276,0.26,0.27
wmv0UwkbsZY,0.031100999999999997,0.48426805892914304,0.28,0.25
ACplPj5CC-k,0.37720200000000004,0.40344514843532325,0.56,0.04
szsITKAs5B0,0.011908000000000004,0.488748083511332,0.32,0.29
fRaX2jbxUjw,0.241428,0.4619522068526137,0.5,0.13
Q1yRQ2A078g,0.2749599999999999,0.4360065173824813,0.54,0.14
BN2II_ZH--c,0.012206000000000005,0.45976061332393403,0.29,0.24
TXvBkHlwDgA,0.495767,0.38677421011618657,0.74,0.03
yLpAZJXFrEo,-0.18091100000000002,0.4870009231808498,0.18,0.46
00mdcc9o28A,0.52487,0.4007482078562548,0.77,0.06
tugFFhML7VY,0.244079,0.4342126947234501,0.47,0.1
-y44hPaZqUM,0.32435499999999995,0.4136429654605526,0.56,0.09
UYMIgnw2FPU,0.17403,0.43376647738155144,0.38,0.13
mww5BL096CQ,0.1220081081081081,0.3258413503684489,0.24324324324324326,0.08108108108108109
ST0c3xuWx0Q,0.07237,0.4438311288091451,0.3,0.17
-7WGI3JoxAg,0.074673,0.4915018516455457,0.36,0.23
yeuBPPhx4K0,0.32483000000000006,0.44907081857987613,0.5,0.05
-CAmTENXSok,0.577325,0.3516173586087581,0.75,0.0
lhTQgIwKhoo,0.28535,0.49478528255530535,0.5555555555555556,0.16666666666666666
RnsEf5URYf0,0.157384,0.46213799383301085,0.41,0.18
wDOvjrlym3E,0.08485833333333333,0.22102648015691592,0.125,0.0
Hn44wy93smw,0.16217600000000004,0.5000593465019927,0.45,0.23
Xz6yBbBRr8Y,0.302313,0.43251033736894656,0.56,0.09
-xe5zuhc7a4,0.20217142857142859,0.47144728144690096,0.42857142857142855,0.14285714285714285
YkiR1KjIw7k,0.343547,0.402687862358676,0.6,0.05
orr8JffO7a0,0.049541999999999996,0.4640598606171406,0.33,0.25
DtJ28qOEG1g,0.431757,0.4217826775141435,0.65,0.04
IGyx5UEwgtA,0.370852,0.3811555827952675,0.61,0.04
JGEShR6-Uao,0.13256199999999999,0.4219578058953288,0.37,0.15
m72SF3G4RA4,0.335013,0.5197686486611135,0.57,0.17
zAuWt3DFbv0,0.107727,0.4276000988903066,0.35,0.18
3AVmLf3jSsQ,0.4551222222222222,0.4719537310249757,0.75,0.1111111111111111
-fjXflOeRP8,0.08916506024096388,0.3696796471951054,0.26506024096385544,0.12048192771084337
TUmyygCMMGA,0.23103900000000002,0.5264212668376915,0.51,0.19
SKV6h_5XFbk,0.24493900000000005,0.537842178504996,0.55,0.24
OgMj7upTTMg,0.21899600000000002,0.4670831756593251,0.45,0.14
xlnud-AsrnE,0.306641935483871,0.5267925029313165,0.5483870967741935,0.12903225806451613
NKmGVE85GUU,0.05096199999999999,0.4119550754099286,0.27,0.17
rGlsxVfCSyQ,0.194004,0.4819462015453593,0.44,0.16
kWplTlAWdU0,0.20579600000000003,0.4094631756141204,0.39,0.08
xs3_hNYAVRw,0.494885,0.4587474321181537,0.72,0.1
EpUab4NG7rc,0.08065699999999999,0.45776785323021535,0.34,0.2
vqwKWN_CdcY,0.44133399999999995,0.44897306226988715,0.67,0.09
tQzti9knx_Y,0.43954999999999994,0.36505729573132306,0.6666666666666666,0.0
Saip_BCBW3o,0.105436,0.5252661766228622,0.39,0.25
cw7W4f2dIw0,0.22923888888888888,0.4593155092561212,0.5111111111111111,0.15555555555555556
7E5cQwhCuWM,0.236923,0.4774023514510585,0.52,0.15
CRioIAZ6TmI,0.02988499999999999,0.3568197820679229,0.23,0.17
6rjYXEYpuDo,0.14936999999999998,0.4607683787978511,0.43,0.17
0t2VPBF6Kp4,-0.022034,0.3786579121634724,0.19,0.25
oKc1n8viMD4,0.23173500000000002,0.5005203460150246,0.5,0.175
DYetyYSJ05k,0.5487166666666666,0.5682462242627653,0.75,0.08333333333333333
ixZY53z4i1Y,0.394474,0.5509173334757221,0.66,0.14
IRlf3OGCJXU,0.16313,0.3772233254983048,0.38,0.1
Fx-KrvuiafE,0.267046,0.4643655414476832,0.55,0.12
CTuts6Ns_SU,0.241116,0.451902492518021,0.49,0.13
2FM_8Q7EIiI,0.20567500000000002,0.44717270452812746,0.45,0.12
Gg60lml6o7k,0.06062407407407409,0.4118272106812224,0.2777777777777778,0.14814814814814814
HGEMscZE5dY,0.259477,0.5298968910750468,0.58,0.19
cgg9byUy-V4,0.425261,0.3942522760606462,0.63,0.03
TImO_RquoW8,0.259132,0.46912042822286054,0.51,0.13
sgIbXwoSv-s,0.020112,0.340250373777899,0.21,0.15
WolVEMFbUcs,0.453852,0.4039260641454077,0.7,0.06
VFOIVrL66UY,0.41485099999999997,0.550040797122359,0.69,0.15
l7A9q0gKElQ,0.06499999999999999,0.41151794961719823,0.2857142857142857,0.21428571428571427
fgzPeVe5P0Q,0.321183,0.43006684946761475,0.56,0.07
Wd7NJWlKii4,0.16679000000000002,0.3843958130625255,0.31,0.1
NwXVKKCGnlw,0.26682300000000003,0.41531851628719857,0.55,0.09
EWe6ER1_UEk,0.11644200000000002,0.5405913956362975,0.41,0.25
mt2z3fvyIGU,0.259975,0.482085927480776,0.51,0.17
2HjOAuDDvlc,0.046389189189189196,0.43078100336029135,0.28378378378378377,0.1891891891891892
nGXP4ot1OdE,0.165,0.290135436354423,0.2857142857142857,0.0
q_7KUC6CY6Q,0.39167899999999994,0.44997023863695695,0.61,0.08
MO5Fd54Ap_k,0.12751,0.3296742654500044,0.33,0.07
80T1gkb_iaE,0.45023900000000006,0.3934702532326935,0.69,0.04
cOTK8-s30No,-0.016022999999999996,0.47262287774821055,0.28,0.31
dgC1wMSAQ9Q,-0.049931914893617015,0.4833672530507886,0.3617021276595745,0.35106382978723405
0YQJftzuCaw,0.19933823529411765,0.33009170652188896,0.38235294117647056,0.058823529411764705
XIz26m-5N3s,0.139185,0.49292832306025997,0.42,0.19
gqskRfwr95g,0.6196130000000001,0.2969080243627646,0.87,0.01
N2z5dSRkv_I,0.32189500000000004,0.5360922857820284,0.58,0.16
APi-5QcLQHU,0.22418500000000002,0.3997548252054001,0.45,0.09
9iOXBfcDYv4,0.395825,0.3581222149978971,0.65,0.03
3bi0qfFwKRQ,0.30115300000000006,0.4026187746379943,0.54,0.06
Wcp5-6vWpAU,0.3224,0.5221659155223878,0.5,0.16666666666666666
0hHFLBKR3y4,0.3814039999999999,0.41786783793922216,0.58,0.04
TYTirwx3FkU,0.158875,0.4298367197843851,0.44,0.17
LT6xUAmG5z8,0.3144583333333334,0.47614663962959514,0.5833333333333334,0.16666666666666666
E7HwKKyUecs,0.301618,0.5271527747019834,0.54,0.17
E6_KUdKj4WQ,0.07938799999999999,0.4822875143065597,0.33,0.21
aQaCY7wlQEc,0.303607,0.40096733539155033,0.51,0.08
R5P6O0pDyMU,0.18392500000000006,0.41049147576411377,0.39,0.12
cfZ5lExKMQs,0.050554411764705896,0.4213706742615047,0.25,0.17647058823529413
RWQ-PuHbM3w,0.18534000000000003,0.43803502713824155,0.4,0.12
pP-C_B8nSmw,0.23391199999999998,0.3976348956718965,0.41,0.08
-_7Dqs5unqs,0.018447000000000005,0.5362201567369508,0.34,0.3
A60kWg9IRSA,0.0,0.0,0.0,0.0
VYuwhwdzM3A,0.22220256410256406,0.3729545228942418,0.358974358974359,0.05128205128205128
u9C8Pp1sS9E,0.18805699999999997,0.5079050082948582,0.46,0.19
hz-iqA2wKgI,0.125204,0.43358786950743905,0.35,0.16
hzAWq6btY2w,0.192733,0.43014778601197057,0.44,0.15
nb0YoRMXIY0,0.036878,0.3414844891294479,0.2,0.13
uRVhYrl-iYA,0.34344299999999994,0.43449734182270894,0.62,0.1
DXt2RmwW9sI,0.28914776119402985,0.4359671260912928,0.5373134328358209,0.1044776119402985
ANbgKuGrgGo,0.099802,0.4715829895108601,0.43,0.21
SIzEJfDcZpQ,0.026833,0.4471319791862354,0.27,0.24
wIt7JYJgt4c,0.5009989999999999,0.3820133389019289,0.72,0.03
rjfST1fGMOs,-0.07772299999999999,0.5502652269324312,0.31,0.37
ZNyiEnKBocs,0.272928,0.45987805755004224,0.53,0.14
cBQiLh9N6kg,0.345181,0.4700410870753748,0.62,0.13
Mvuj5fCmLVU,0.41699499999999995,0.4409161626375246,0.67,0.08
leQaHImtVrA,-0.25,0.0,0.0,0.0
0_aIJRnX_9c,0.245492,0.4762897965902692,0.5,0.13
ZcDneXm1ZMM,0.0,0.0,0.0,0.0
U5SxvTFZ6lY,0.060088,0.5195466516646989,0.34,0.27
M5pfng5S8tQ,0.249901,0.47260808911718816,0.45,0.13
g7Xn2JqH5ng,0.036747000000000016,0.49965709010380316,0.34,0.3
aXj-ZjxUIDw,0.296069,0.41480802974267506,0.51,0.08
mjpaPLnpzlo,0.15431599999999998,0.4688551018641047,0.4,0.14
EeWjx98A0Yg,0.0,0.0,0.0,0.0
Kd1CGQ36tTU,0.5237709999999999,0.4707810054144071,0.75,0.09
-t0jPT9c-qI,0.047825,0.4711292740586176,0.32,0.26
vKCXetiCYn0,0.19181700000000002,0.3430426480934987,0.44,0.08
QrbE-2M-aNE,0.24892899999999993,0.43260597714201776,0.47,0.13
w5LICH9PiIU,-0.18286800000000003,0.5039068949478662,0.15,0.4
WUnDsNL_5nk,0.232957,0.41863084101747694,0.49,0.16
GCUrSA-KTas,0.18983200000000003,0.3616897819623883,0.4,0.11
z4VT4gik54w,0.6226729999999999,0.264687797548357,0.89,0.0
1wkPMUZ9vX4,0.5553161616161616,0.38261354892320565,0.8181818181818182,0.04040404040404041
_8Nb_zgWZZ4,0.160296,0.41696993294960727,0.4,0.13
RyCqbivfz08,0.11230500000000002,0.3887056782129636,0.32,0.15
Lk1uBMZOaXc,0.191094,0.49354565681809015,0.44,0.18
LD0x7ho_IYc,-0.03623900000000001,0.4638365992232609,0.29,0.32
z_qQaMc4HTI,0.18709000000000003,0.44704714684247787,0.45,0.15
n5XDBHDK9bU,0.28298333333333336,0.3243439245444393,0.5,0.0
Li4LAxoHVoM,0.6557151515151515,0.36690987013261805,0.8787878787878788,0.030303030303030304
qI7MsmJlinY,-0.11900699999999999,0.504222717706174,0.24,0.36
JR9QBiyRRgA,0.126666,0.44369655176032186,0.35,0.14
LpcDFmfmRkU,0.182013,0.4611358237341792,0.48,0.18
Ko-27mN7Z2Y,0.6349779999999999,0.31917693042574363,0.85,0.01
khVJLkvx60k,0.17181399999999997,0.3991358736119819,0.38,0.11
DdFKKZe73Pk,0.19781300000000002,0.39736229706780185,0.41,0.07
QiwtLBQrjG0,-0.065117,0.5372958762274284,0.27,0.35
jLw4Eq90wNk,0.031194999999999987,0.4564893265729222,0.36,0.32
EgQ7uLt-DwI,0.06983900000000003,0.4801987786104833,0.39,0.24
Mx7KM-k2MMo,0.35780999999999996,0.36908355002627796,0.6166666666666667,0.03333333333333333
k3ofpyDTVzY,0.038310000000000004,0.40297750669237115,0.25,0.2
ZGCcs_5vdbM,0.2634931818181819,0.4127467121160425,0.48863636363636365,0.10227272727272728
wP0G3Vwe1bw,0.16679245283018868,0.37426529529705926,0.32075471698113206,0.07547169811320754
WdC1sq8h4Cg,0.20828599999999997,0.3571799378520579,0.36,0.06
gHJ6gZ7Q554,0.128494,0.4269592176824387,0.35,0.14
lwZzRtxFdvY,0.103428,0.5024654660929445,0.41,0.25
GA5cmKI6_A4,0.09122285714285715,0.42100564236851085,0.2571428571428571,0.17142857142857143
xwi_uXHZkEw,0.298082,0.41260431369048967,0.6,0.1
7NnvE0n0NSc,-0.03426699999999999,0.4624522810096194,0.25,0.3
roRGPI1PwNQ,0.22062099999999998,0.46623477654396395,0.47,0.18
cMiXSBkDZ7k,-0.020693999999999994,0.44153093839956453,0.27,0.25
2cLMgClppLM,-0.03746551724137931,0.37728685901228143,0.15517241379310345,0.22413793103448276
iUNi6NQPi3Y,0.142684,0.32725445565186734,0.27,0.06
c8erpQwQLpI,0.25084599999999996,0.3297698714012546,0.4,0.03
nkmx_k9wVs0,0.27597700000000003,0.4553761392200957,0.51,0.12
4BMd8XVqusY,0.22173099999999998,0.38341376597482785,0.38,0.06
BN_Uwo4qQTM,0.19198000000000004,0.4151464984797535,0.44,0.13
nATapY005XY,0.311913,0.4673345173759371,0.57,0.14
nJMHHKrAAtM,0.20735128205128206,0.3581692766046309,0.38461538461538464,0.05128205128205128
98I3cGOwkwE,0.3510020408163266,0.39379008366874235,0.5816326530612245,0.05102040816326531
nt6ab7BTlgE,0.17496099999999998,0.32875643199639454,0.34,0.07
r7j9cBnpfx8,0.08967899999999998,0.44495848284868106,0.33,0.21
p3xmqbNsRSk,0.12254199999999998,0.48331722981495284,0.44,0.19
vI15rtezCB4,0.451,0.4146566840170311,0.7,0.06
A5BnuuqptOk,0.27227799999999996,0.4629880520229437,0.57,0.1
3x1zcnKtDHg,0.05350800000000001,0.4594597200364794,0.38,0.24
LomxrQz-E3M,-0.12774202898550727,0.43386101708566516,0.15942028985507245,0.30434782608695654
CVXyS5sx_SI,0.36028999999999994,0.6728028550028604,0.67,0.24
BBdUlJkqILQ,0.16117500000000004,0.4136477712680198,0.39,0.13
VfsFV7VGBzI,0.144497,0.398235521884977,0.36,0.15
Rz6jHTpi6zw,0.07249900000000002,0.4407848219925455,0.33,0.23
eDDMSULnTdE,0.103408,0.32416606382531776,0.26,0.07
6DogXzVzcQA,0.010736999999999998,0.5193258554424187,0.34,0.31
vJazpys1z6E,0.171827,0.4514341772296378,0.4,0.16
V7bkSjaaX00,0.5859,0.0,1.0,0.0
kI9EtkHy4d8,0.05069400000000001,0.47665980002932906,0.32,0.22
7p_nPxfqNFo,0.37397857142857144,0.3501792187653374,0.6071428571428571,0.03571428571428571
qnxcKRJJwcA,0.12241999999999999,0.4725394063990854,0.39,0.19
efiW2K8gASM,0.306356,0.43639762151505823,0.53,0.12
jZBAPmDkqd0,0.087161,0.4869008379321194,0.35,0.23
QsQV4nDG7u8,-0.18743500000000002,0.525315702673164,0.22,0.5
iI4e_F7Yy1g,0.14211600000000002,0.36648948135519527,0.27,0.1
vsEPE3Jh_y0,0.095144,0.4664171296854351,0.35,0.19
dtn579DvHa8,0.09806000000000001,0.25906900316324993,0.3,0.1
0qmYtrqSg-Y,0.15483508771929827,0.3712487804888603,0.42105263157894735,0.10526315789473684
m8HVoN1uTtM,0.601821,0.3805323711052714,0.83,0.04
ZnX1IbIFUaI,0.07737999999999999,0.40299827617497325,0.31,0.19
c-TLJS8cdTU,-0.006797999999999999,0.5188619527350218,0.33,0.3
j6WX5SR7zxA,0.016094000000000008,0.45361235825757656,0.28,0.29
ZX6kfY4428w,0.10934600000000001,0.47971229657368597,0.36,0.23
ch-la5pHwdU,0.33594285714285715,0.4923102850181924,0.5714285714285714,0.14285714285714285
xaz5ftvZCyI,0.552323,0.37689466933216237,0.79,0.04
oBSlllgy7-s,0.383559,0.4876444366738945,0.67,0.15
tE9aSULUqVY,0.21697499999999997,0.5272868426909589,0.52,0.19
9sn5iYFKySQ,0.10545000000000002,0.36987728356848304,0.3,0.11
ZJu8Kh2fzu0,0.126492,0.3664787540035575,0.29,0.1
5wosC9QLQTM,0.119966,0.5122892956562727,0.47,0.23
UbuvFMvytu4,0.34230799999999995,0.41668636927070224,0.57,0.08
NWiv_JdjvyY,0.19212800000000002,0.40469438248633993,0.44,0.11
lDVUBG3PI0w,0.5203659999999999,0.36997300448005666,0.77,0.02
CUdnMkFXI2I,0.021708,0.5040722774920279,0.37,0.27
b37iKMzC1C8,0.11502000000000001,0.4228340000520298,0.33,0.15
6mNcHDrIMQc,0.27745,0.44421057450267887,0.52,0.11
vG-QZOTc5_Q,0.24285299999999999,0.4633754720429212,0.51,0.14
yiC4w7Erz8I,0.17856199999999997,0.5423530336929996,0.45,0.22
K45mFsyZxtU,0.279927,0.4992715759694317,0.54,0.16
zjzsdvG6Fm0,0.089891,0.5445729405864745,0.39,0.27
Hxo4Zo4awmY,0.2168,0.4766867561074839,0.4482758620689655,0.13793103448275862
4oPPkKsskbQ,-0.0009069999999999945,0.573360687570224,0.37,0.35
xtXbnLe64jw,0.158721,0.3851982300829016,0.38,0.13
9D0XuUC5bMs,0.18048999999999998,0.3150378083659166,0.31,0.03
I_7zAlNreH4,0.415927,0.4061861036163103,0.67,0.05
Dm09LvHlAmA,0.08019399999999999,0.39496109651964456,0.29,0.15
sNhhvQGsMEc,0.06699700000000001,0.42774903049685575,0.32,0.17
Yy60Ttd6ujQ,0.2695322033898305,0.3936553996945862,0.4576271186440678,0.06779661016949153
0eKdNcP4xrM,0.15513000000000002,0.5414090894139107,0.44,0.23
SRMw1AQRLQc,-0.05337000000000001,0.3786907465201652,0.18,0.21
QtMmgzGYih0,0.305954,0.5327264411346596,0.56,0.13
1HWVFfLdTT8,0.171455,0.5255457215837648,0.46,0.21
XQLS0UiLOgA,0.06423799999999999,0.48792469107025116,0.35,0.26
ziq-2JifkjI,0.12117399999999998,0.5069547485959669,0.43,0.2
pIs_PniE4lQ,0.16517799999999996,0.5437506210718293,0.46,0.19
Bs8zdytkhZ0,0.2776705882352941,0.5499328747965582,0.5294117647058824,0.14705882352941177
dCFu4H_RD9E,0.021236000000000005,0.43234371986187103,0.23,0.18
WCiTX32O-Bg,0.071323,0.45257505120256025,0.33,0.23
oXCAdGdvh7E,0.35612800000000006,0.371403962843694,0.55,0.02
CdzB3dWSv9c,0.4074990000000001,0.3972616912049286,0.62,0.02
ZJqZ6RUZkpw,0.41469,0.41755314883257677,0.7,0.06
sN_b1IEokkI,0.100852,0.4147385647561606,0.3,0.19
s9ixts1s6LE,0.001909677419354837,0.3987912214347808,0.22580645161290322,0.2903225806451613
8CZWfo4MGTA,0.022862711864406783,0.38518797255731557,0.2542372881355932,0.1864406779661017
QbpEz3AxnVY,0.039918000000000016,0.4793609709561262,0.32,0.27
eXTiiz99p9o,0.12376399999999999,0.4755221177863339,0.4,0.25
W-m4gfVRc9Q,0.164583,0.4464886166645237,0.43,0.17
XrJr1HToN2k,0.05640600000000001,0.4296353409159912,0.3,0.23
MHsxq45a84c,0.3529125,0.3677089063970983,0.5625,0.0
7lukoNrS1ZQ,0.41797399999999996,0.4390347573074369,0.64,0.08
vbBzXPQ4CFk,0.21992499999999995,0.4162740960893435,0.44,0.11
8AlvNCEd9wA,-0.05704615384615387,0.44505475396142957,0.23076923076923078,0.3076923076923077
y3TAfaKxexY,0.2775,0.5185288580847421,0.5,0.16666666666666666
hTONQA3MePg,0.22375699999999998,0.4770340476852779,0.47,0.12
U95NoBQ18Qw,0.21743599999999996,0.43173910814750155,0.47,0.13
V5PzDHbAtO4,0.2964010000000001,0.4464810294950951,0.55,0.15
-G16EX6b8Xg,0.10927899999999999,0.5285485794692858,0.37,0.22
Oa1rMuhv2jU,0.06308000000000001,0.4439637926678256,0.34,0.22
P1m-MThFJ0I,0.132323,0.4773143293166464,0.41,0.22
KVtaUf05sn4,0.054480999999999995,0.37623031023430314,0.27,0.18
iHSKFgPYySM,0.294561,0.3943569917967729,0.58,0.08
Hvcps5dFzfc,0.30753199999999997,0.3940596119573789,0.49,0.08
hkxlU-Kbt0A,0.057935999999999994,0.488281751967038,0.35,0.26
x2ZkVPkpjJA,-0.058314000000000005,0.49437432154593147,0.3,0.33
JC82Il2cjqA,0.171006,0.5019273217946997,0.43,0.21
wtAN1JH7sos,0.342889,0.4401609307730526,0.58,0.09
Yi6yqintlH8,0.055942,0.49625303105976093,0.33,0.27
4jXHbh0BKV4,0.056081000000000006,0.4489105903618225,0.33,0.21
dSeB32NBVUU,0.122792,0.3919360630715168,0.31,0.16
TL2p9E1yd4o,-0.23469599999999996,0.667207682797493,0.27,0.53
yYPuBDP1xdc,0.14153600000000002,0.36328079264392715,0.34,0.08
xn_aBXN1Jlc,0.046395,0.4196049044935009,0.26,0.16
mHC15HYwJ5Q,0.290256,0.5058787296022634,0.55,0.16
3PkP5U6giiE,0.14889400000000003,0.4657003969978982,0.37,0.17
nKdXSRnyTiQ,-0.06649899999999999,0.4563360782351095,0.26,0.33
D342wdr9GQs,0.17149743589743588,0.3612941854707377,0.3076923076923077,0.07692307692307693
dfOVNptkgPA,0.14673999999999998,0.48059018175572416,0.43,0.2
TCCYCSACA2Y,0.3490310000000001,0.41938304297980383,0.56,0.07
NdHRAI9VdXI,0.18545,0.3699533840754655,0.3611111111111111,0.05555555555555555
nR5AIdM23h4,0.16151333333333331,0.3387318671489623,0.3333333333333333,0.06666666666666667
Q1bHT2k0XEw,0.3949166666666667,0.3429578201308273,0.625,0.0
1w8Z0UOXVaY,0.05197099999999999,0.49327983483921173,0.33,0.26
pJBRQQkT85s,-0.078587,0.5171936891832691,0.29,0.36
XEdkXabqLM0,0.461683,0.40567067013896874,0.64,0.03
xGzVjJrcM20,0.311295,0.44417245195419314,0.53,0.08
b102UGOUmeg,0.37003199999999997,0.41762074634289903,0.64,0.07
NtIhhuPOVDY,0.4247310344827586,0.41607086316490843,0.6724137931034483,0.06896551724137931
vTl6UNMKjLc,0.446233,0.4234852561908148,0.73,0.07
6brM44delco,0.16044299999999997,0.43491155175621626,0.41,0.14
c0UdIUC-Gfg,0.05023000000000002,0.4154761772954016,0.22,0.16
0w8Va2joeFc,0.590068,0.32107662819956234,0.86,0.02
wGWFkvMyWF4,0.031163000000000003,0.40564541132743015,0.23,0.19
4HQgulh7-T8,0.07253617021276597,0.4631326607546407,0.3829787234042553,0.2553191489361702
9NgfAsg0CsM,0.1928076923076923,0.43662792373711307,0.46153846153846156,0.1282051282051282
hXP1Gv9IMBo,0.34904399999999997,0.37566960998196275,0.58,0.05
1Se35LYYDJQ,0.2365531914893617,0.42346000682878127,0.44680851063829785,0.10638297872340426
fzxYR8sdAUg,0.229504,0.42451063165013897,0.48,0.13
ako96rxKFp0,0.023164000000000004,0.49796772817523033,0.35,0.26
qRMSvFO7org,0.4799570000000001,0.4302491081350431,0.74,0.07
Uv6lPaGp7vE,-0.34748000000000007,0.5191192529660212,0.14,0.57
WVB2GSlyrSk,0.232779,0.42819014147805884,0.48,0.09
ZnhnmSlFJeI,-0.047175,0.36366337521807174,0.18,0.27
nUTtPoNUfYg,0.25262686567164183,0.41826996480423995,0.47761194029850745,0.07462686567164178
Vt9ROJ4H82g,0.19324000000000002,0.5073564908424845,0.46,0.19
v66I6Et38yE,0.19070700000000002,0.4429886507022499,0.45,0.18
KIDz7Oc1nnw,0.12771578947368423,0.3860394024928133,0.2631578947368421,0.05263157894736842
vJvAW-KDV9w,0.23766900000000002,0.4851166164325853,0.48,0.12
mHBXRHupdr4,0.10489699999999999,0.3150658300911097,0.27,0.1
LZvGRxHGhaU,0.24106,0.24668100534901347,0.6,0.0
qT22LiVF3CU,-0.320159,0.5320718526843907,0.15,0.56
eDijKSMoVwg,0.31760000000000005,0.5061863787183531,0.6,0.1
jsUuHKnOPTI,0.081928,0.43584951992172716,0.32,0.2
Insk0blNs3Y,0.1627875,0.21022856869072293,0.375,0.0
DkZ7BJQupVA,-0.016282000000000012,0.5303052136986776,0.31,0.36
KiW7zE77dz0,0.16126200000000002,0.4238418185549887,0.41,0.14
8jKB0dRWkQM,0.062702,0.516761029680064,0.37,0.25
5hqaqQ4Mb38,0.19422499999999998,0.40026563214320565,0.39,0.11
FezkyApo8Ro,-0.133412,0.50136748843139,0.22,0.41
g18pXHwRWCQ,0.08408100000000002,0.4357027072890413,0.31,0.18
wblW_M_HVQ8,0.4603580000000001,0.40705811849906637,0.74,0.06
SSOnqgsfAlo,0.246736,0.47766085699374616,0.51,0.18
l_PTOY_SA-U,0.15028599999999998,0.5650396324188243,0.44,0.28
oney3Y3RUFs,0.613048,0.3892381696288277,0.79,0.03
Z8SQeprQe6M,0.08793333333333334,0.38030912718763693,0.2777777777777778,0.1111111111111111
QXT4OVM4vXI,0.29121300000000006,0.45593411314684495,0.51,0.11
irqb1Sk7uKU,0.0,0.0,0.0,0.0
MmxbY3HVaW4,-0.03489545454545454,0.28064723161952354,0.13636363636363635,0.2727272727272727
L0TabnDseT4,0.25872,0.4909852333828381,0.54,0.16
ePTTUtuD_d4,0.40021699999999993,0.4205293889979629,0.67,0.08
2Vv2K4bFOqo,0.216552,0.4898975773526544,0.48,0.16
COJr7OB23Hw,0.5701750000000001,0.41223705931781535,0.79,0.06
jM2CD9x9jOM,0.5277080000000001,0.6114127968369651,0.77,0.17
Z-qDr_IXO38,0.32453999999999994,0.4215050142050508,0.54,0.07
G7kiczPFf2w,-0.0548607142857143,0.4405065577096487,0.17857142857142858,0.32142857142857145
aCW3Yz_xM3Y,0.257966,0.4423255645381578,0.52,0.12
yxdRTaAp5Fw,0.087792,0.4943323739509683,0.39,0.24
VdHGqX0nuPQ,-0.19844600000000004,0.5074619763923205,0.17,0.47
DUXvnuR8qAg,0.28386300000000003,0.42873858693964084,0.47,0.08
RzeESd91lfs,0.23608800000000002,0.38275814512038797,0.46,0.08
Bk-36FZEtH8,0.14996315789473685,0.38402145665180615,0.3157894736842105,0.07894736842105263
o_W280R_Jt8,-0.021179000000000007,0.3872112137567816,0.21,0.24
j-N7tm8mvZ8,0.102178,0.4162201219499124,0.3,0.2
aknKsPD9MKc,0.052689999999999994,0.46097538969016555,0.31,0.3
wuLzlIjmuEQ,0.24270500000000006,0.485813012665367,0.58,0.14
XpXSsJ5oDco,0.26016,0.43352988409105087,0.51,0.11
C6gkAQ-CWDg,0.301875,0.42175129623392976,0.55,0.09
hVcz93FLVt0,0.169445,0.4990721485667178,0.45,0.19
XUrL785fX2U,0.2132491525423729,0.41483949249460333,0.4406779661016949,0.1016949152542373
LWxqsbr3sc4,0.2717,0.3992431802798891,0.46,0.04
Rmg5fLRBkZo,0.502146,0.3904334681914449,0.69,0.03
55cJ9F9rf08,0.10192999999999999,0.4709538640886175,0.3,0.2
PCKu-sY5y3U,-0.16268099999999996,0.5188588269837953,0.22,0.44
jT8eRkC6FSY,0.1865666666666667,0.4426315939203933,0.5238095238095238,0.19047619047619047
L3kE4199ViY,0.2388279069767442,0.3279514111242853,0.37209302325581395,0.0
nDh7xG2_Eio,0.12035,0.3916140187006297,0.2857142857142857,0.07142857142857142
p0RgVLQYZSQ,0.5069764705882353,0.4297838232652369,0.8235294117647058,0.11764705882352941
ZKAQvRPME0Y,0.17624745762711866,0.39164066605384024,0.423728813559322,0.1016949152542373
M3OeVz7Imm0,0.24032608695652177,0.48047407767690314,0.5652173913043478,0.17391304347826086
i57sjfsdfBo,0.087956,0.4394608766022295,0.35,0.21
MRXxYL2MNQU,0.12222250000000001,0.496760306378992,0.375,0.225
ym9E1YG3_QQ,0.22128699999999998,0.3961771017247211,0.41,0.09
xpc62ygz3HU,-0.094469,0.5304554623519302,0.25,0.36
UgolB_YLQGs,0.44946900000000006,0.4652719982322169,0.7,0.08
vvBl3YUBUyY,0.399423,0.402487952330253,0.64,0.06
qK8vKyYy8kc,0.17388700000000004,0.3896221738184314,0.38,0.11
yBgYPkfpsFY,0.12418714285714287,0.3496183882551409,0.32857142857142857,0.1
4JbIMf7Y7tY,0.09390000000000001,0.352257559180779,0.2545454545454545,0.10909090909090909
jDqFzw4AQa4,0.11611481481481482,0.4445610966666001,0.38271604938271603,0.16049382716049382
O5sBXKS8i2A,-0.10871190476190475,0.41165013994339844,0.16666666666666666,0.3333333333333333
aUqLjGB_kyI,0.45702499999999996,0.3992342215730009,0.7,0.05
S0GQaeMSOeY,0.27625299999999997,0.456967201110758,0.53,0.14
nxXRObxAiOg,0.487425,0.28590711231971827,0.75,0.0
Sf872ObD7Tg,0.257104347826087,0.3751271465357485,0.4782608695652174,0.08695652173913043
UnHohdIkEQs,0.032156000000000004,0.4523227757520066,0.27,0.22
4p22E_TBm50,0.3281,0.3346696669852229,0.5,0.0
Phbe8mEDMe4,0.130608,0.30338635027963934,0.29,0.07
1m9p9iubMLU,0.279206,0.40390884586005293,0.57,0.09
EVbdbVhzcM4,0.277562,0.4212981022459038,0.51,0.12
ppILwXwsMng,0.22722599999999996,0.4163839345171713,0.43,0.1
Mr5Pl93L4yY,0.17500299999999996,0.4011104188262878,0.41,0.11
vX-OOfbnD9w,0.044395000000000004,0.5041221223820672,0.35,0.25
UtsfUAHkyWQ,0.18837999999999996,0.36131468057636407,0.37,0.06
JPXyHVukMWE,0.28310199999999996,0.4444513086897146,0.51,0.11
AC48ZVFakWE,0.3466666666666667,0.25184907958713865,0.6666666666666666,0.0
fXNV3Ad0qQ0,0.033109,0.5278563471428566,0.34,0.28
V1neQzgKL38,0.31453000000000003,0.5022564680519307,0.55,0.14
TlvNMlIMWhw,-0.104037,0.5356196881472899,0.27,0.42
VKkbjXYzxXA,0.256463,0.3756284666142863,0.47,0.05
yGNlGh-bxKY,0.0917888888888889,0.38913343882256707,0.2777777777777778,0.16666666666666666
sovMpY2QH-I,0.217832,0.43889123296780497,0.5,0.13
tEbF9Jpp7E0,0.10423600000000001,0.3346159247615092,0.24,0.08
COrifv5ENLY,-0.08264499999999998,0.45195256440803605,0.24,0.29
8Su0t-0KCw4,0.092246875,0.3463736478841422,0.3020833333333333,0.125
N8JD_P2J24g,0.25823199999999996,0.4473546418402295,0.48,0.11
eJJPC323_f4,0.06196600000000001,0.4957688155219124,0.3,0.24
JBPD7Xwnbuk,0.125588,0.4106360216249909,0.37,0.15
Oqq5tgday_w,0.11726799999999998,0.43498379300383133,0.33,0.17
-dCh9ynZ6Qc,0.17856299999999997,0.43029171515496323,0.38,0.1
1nSvuSQH9h4,0.12312300000000001,0.47384460572111614,0.34,0.18
Ssphf4UcQdo,0.319168,0.42053970867921614,0.6,0.1
JKXlkPyQ2HM,0.35662,0.4414808600607732,0.64,0.08
R6gsrO8QWnQ,0.006626000000000003,0.4170007790448359,0.29,0.21
oGh1Yibm0uI,0.28235394736842107,0.42661455715804536,0.5131578947368421,0.10526315789473684
8ri4f41VB28,0.21799999999999997,0.23337184920208348,0.5,0.0
4LJzbmtTtes,0.265323,0.39539193108989973,0.52,0.07
QMJY29QMewQ,0.6344339999999999,0.3433543150216697,0.86,0.02
qGJKjFHzuqo,0.3337599999999999,0.4385715613215248,0.61,0.07
uxEZiXrTnnQ,0.3919576923076923,0.42008269897639194,0.6923076923076923,0.07692307692307693
BicD0RF_H4g,0.36568799999999996,0.47580317028788277,0.59,0.11
FNLqPQ3vCt0,0.04013888888888888,0.4916120355398699,0.3333333333333333,0.2222222222222222
ll7nM_e74lU,0.181794,0.45283746462058544,0.42,0.15
WnlYITW8Ohw,0.038870999999999996,0.4441107268001978,0.3,0.24
RVKZ-YW3aLU,0.09328169014084507,0.5039435074279989,0.4225352112676056,0.29577464788732394
w3BhzYI6zXU,0.34835599999999994,0.4178623266866732,0.62,0.1
WiX_O7hBTGw,0.152,0.3085022495866116,0.3,0.1
oN2mXJlgDQI,0.336661,0.40651558934313947,0.61,0.08
lX_m_t3cAR0,0.15224615384615386,0.49073614893323525,0.4423076923076923,0.23076923076923078
c8wM6fjPj-0,0.32656599999999997,0.5049769450618514,0.58,0.14
-FtlH4svqx4,0.46786500000000003,0.38344451837912613,0.74,0.05
sohXPx_XZ6Y,0.22036700000000004,0.505304689876316,0.5,0.18
ktddFSm3nTg,0.061121,0.4688363962609985,0.36,0.25
ioGb9wUY1y4,0.19070384615384617,0.44870399869707595,0.40384615384615385,0.1346153846153846
v7TdTk-7KoU,0.20393013698630136,0.45966060519526186,0.4383561643835616,0.1506849315068493
qeZl_b1SDfo,0.058394999999999996,0.5106776674919318,0.36,0.25
nFpk8jvG9Ww,0.10822100000000001,0.4256504298823155,0.35,0.2
S4Rgu7WYH0g,0.256669,0.4572193728824272,0.53,0.13
ULcqFUa2qGc,0.162897,0.44455587083177744,0.38,0.15
FXwix8yKyh8,0.20339399999999996,0.3707304057721729,0.38,0.05
QsBT5EQt348,0.07915100000000001,0.3968658381607064,0.27,0.17
c3SXahnwMVk,0.05126,0.40662160837810873,0.28,0.2
9zJlI5VzAvQ,0.24300099999999997,0.43730728521144036,0.48,0.12
gE6MDvvUERA,0.179578,0.3819038312402744,0.42,0.1
tECHHXEnC0I,-0.007231000000000007,0.5203484996989998,0.34,0.35
wxRPNLUaK8w,0.28725789473684216,0.42873589381832666,0.47368421052631576,0.15789473684210525
u42COg-qCMI,0.18511264367816088,0.42203399786910395,0.367816091954023,0.06896551724137931
dmX1W5umC1c,0.14593400000000004,0.4681187623285356,0.4,0.18
ydnxRLaYphk,0.22240000000000001,0.34153692333333446,0.5,0.0
jnDyj7Gb8cw,0.170242,0.34330456366905465,0.35,0.08
xxv42CCHrhY,0.10698799999999999,0.4615053200733444,0.34,0.18
P4tNeWmSESA,0.173478,0.3833962194857951,0.36,0.09
5ueSUnUL3ek,0.3543280000000001,0.4107463236792266,0.63,0.09
SD2LTwgBd2Y,0.250855,0.402691157185007,0.52,0.09
E3a88_SjJR0,0.258982,0.3963822731606448,0.46,0.07
jNN6FI1Gcr8,0.231218,0.47505067737663526,0.47,0.14
Hxsbi2IWlRo,0.1754074074074074,0.4512454427191038,0.37037037037037035,0.1111111111111111
YN1bUAFc7bs,0.05377894736842106,0.47342414117947507,0.3157894736842105,0.3157894736842105
lP2Sm2nOmyM,0.2581510638297872,0.47998399081119203,0.5319148936170213,0.1702127659574468
Dg_h91bC8pY,0.137095,0.41643825217551766,0.35,0.15
-KtqpIMGhyc,-0.038469148936170205,0.5180452282535734,0.2765957446808511,0.32978723404255317
BWo_tYF0nAc,0.113074,0.42371350146531794,0.33,0.14
QK1jlPgn9Ck,0.15677999999999997,0.4455704705206574,0.4,0.17
oufGY-I7j0k,0.42800699999999997,0.46065520842708374,0.7,0.09
hnKiPEy4tW0,0.2534647058823529,0.4103400038435508,0.47058823529411764,0.058823529411764705
Twvt-Vhli9Y,0.21292470588235296,0.4561861307188192,0.4235294117647059,0.1411764705882353
rufj8ldbQLg,0.449796,0.39890011178739976,0.69,0.03
f-gX0spJpa0,0.23869799999999997,0.5060388317076072,0.51,0.17
ZO1xRXSTF1A,0.22235555555555553,0.39595508755163716,0.5555555555555556,0.1111111111111111
j71ggLVEsU8,0.4217670000000001,0.41514017826632965,0.63,0.06
uGqpKSbbMmM,-0.02146666666666668,0.4580079135657908,0.16666666666666666,0.3333333333333333
-iS_Hg8ygBE,0.4207230769230769,0.4640662720475072,0.6153846153846154,0.07692307692307693
DkzQxw16G9w,0.09323100000000002,0.3777453509164607,0.29,0.16
__PJO9Xid50,0.052562000000000005,0.48550509385175356,0.34,0.24
5SVTOBWEqOA,0.11594399999999999,0.4754071220164881,0.4,0.24
DvCP3Gmxd8Y,0.26834199999999997,0.47836991527059897,0.55,0.17
bSaFSIh65dI,0.450184126984127,0.40837539577578796,0.6984126984126984,0.07936507936507936
esgs5XqLW2Q,0.058228999999999996,0.43675287023556014,0.3,0.19
2Wcwc2h-eKI,-0.0009550000000000025,0.47230601210973383,0.32,0.32
wOQe1hWvX_c,0.091478,0.46124218163129876,0.33,0.22
umfgvffJ6M0,0.40912499999999996,0.40809304291423537,0.62,0.07
N2XVVt4ryWY,0.08769,0.5071406510032498,0.35,0.25
TbG_SMvslYk,0.0022250000000000074,0.31935788995263603,0.15,0.25
zE0qp3Yje6Q,0.11422500000000001,0.46268091885769397,0.38,0.18
ZuaseSovWDY,0.10671699999999999,0.3931460914354866,0.27,0.14
MglmeOowhYo,0.05927448979591837,0.413024465429237,0.23469387755102042,0.19387755102040816
nCmXFmRkB28,0.06575945945945948,0.3336417592142802,0.2702702702702703,0.13513513513513514
md8PRvrbt6g,0.48952900000000005,0.3931781299347663,0.72,0.05
RcqEiI9bpCg,-0.030165999999999995,0.4832712679686223,0.27,0.31
UqvXc4q0NyM,0.037723999999999994,0.5427793201882327,0.36,0.3
vJiUQ80ro5c,-0.004109473684210526,0.4966199765093466,0.3473684210526316,0.29473684210526313
a4d5CbK0b3A,0.6169250000000001,0.37334975756654776,0.82,0.03
SPSz7T1c80I,-0.125819,0.4956406873320631,0.25,0.45
uE6morUlDHo,0.08323,0.48470465058631323,0.33,0.26
-YbxjN53TDM,0.13639545454545454,0.3516030877893071,0.22727272727272727,0.045454545454545456
U-16eckVOZk,0.410762,0.3966778243814494,0.65,0.04
vMr1p7w5F9I,0.20956599999999997,0.48255244983732076,0.45,0.15
vYkwNZJJc4s,0.17064299999999996,0.5278874638130745,0.5,0.21
MxCRgtdAuBo,0.23254399999999997,0.5457113318083106,0.53,0.2
hzffWi3Faao,0.237399,0.4879337945859048,0.45,0.15
4WcdkItFjbY,0.33686600000000005,0.5344988776826383,0.6,0.16
feJ7Wj0yYVw,0.15866999999999998,0.366350429916494,0.32,0.11
C-7fzHy3aG0,0.064907,0.42043589315257085,0.32,0.19
EiUeQOTQSnM,-0.09354299999999999,0.48240251994677646,0.23,0.36
p6TFYR60fqA,0.18236400000000003,0.41518964330050434,0.42,0.14
D6wmz6HQBWc,0.20328100000000002,0.4392652978997999,0.43,0.18
ItznKylqptQ,0.28018039215686275,0.32328209621502324,0.45098039215686275,0.0
711kXYm5L10,0.20622600000000002,0.4495988442200446,0.44,0.1
qkc8oAr7pIE,0.388287,0.4479104503480579,0.65,0.11
8TDnEs3dqP0,0.20955000000000001,0.4845585856220071,0.51,0.18
6Nr_xHolP1Q,0.124995,0.4384375076051318,0.35,0.16
wDJp6ho7fDY,0.18072600000000003,0.42806431610682055,0.45,0.15
q_aM4KXTYPk,0.03150625,0.15031260122137963,0.125,0.0
tEq45ul1aEw,0.09483246753246755,0.37806101804000336,0.2857142857142857,0.12987012987012986
myba3XPYlpQ,0.16001,0.5711619259894694,0.47,0.25
SDUWutN67f8,0.13441600000000004,0.5169329654258857,0.43,0.23
BMqzm7m4uOk,0.147966,0.41460513388524267,0.36,0.13
LsoYmWsAsbI,0.3823727272727273,0.4648089980957166,0.5909090909090909,0.09090909090909091
HDv5bUR_Plo,0.285821,0.5078565902486646,0.54,0.14
ABtt5y-maO4,0.322789,0.4432194002737245,0.53,0.08
6UCjUdTyr1w,0.03836499999999999,0.5774781270966027,0.37,0.34
dHfQYGGUS4U,0.145706,0.4975417208275101,0.42,0.25
wplX6t4S7p4,0.282778,0.5109750261177155,0.53,0.19
yuWtVYxZIzY,0.003286999999999998,0.4122847590331226,0.26,0.24
NN1d6_h9skc,0.23176000000000002,0.5038082645213355,0.48,0.2
ydCgf5FILUY,0.3360849999999999,0.4377137698028245,0.57,0.09
ibVKeM7BbVk,0.251798,0.4198722598553041,0.5,0.11
qZxU_sJZqO0,0.04201800000000001,0.44440045530579736,0.28,0.23
Paf-iSf2Mr4,-0.092747,0.5293319902395849,0.28,0.38
KnIN5I2tfGI,0.268904,0.4573670735678291,0.56,0.12
W0uT01T1hRI,0.13493902439024388,0.5227590994311554,0.4024390243902439,0.21951219512195122
JNnRbYj6Rnc,0.422455,0.4343740713659138,0.68,0.1
_o1Gz9pNHc0,0.143936,0.42748321663429084,0.4,0.16
xD3x_7yNGLM,0.22679400000000002,0.46089624880660507,0.5,0.16
HLVCubFinpc,0.009681818181818186,0.3016731820370028,0.2727272727272727,0.09090909090909091
fmDz9mF109Y,0.0,0.0,0.0,0.0
afzHsxXOJGM,0.35520000000000007,0.3000052466207883,0.6,0.0
X1PsuaqmJjA,0.110528,0.46360006429680317,0.37,0.24
Osd16ILchHs,0.048055,0.44793766561319664,0.31,0.23
EaBOPZBSNCc,0.12427246376811593,0.3924327723775867,0.2898550724637681,0.08695652173913043
Je9fziS354Q,-0.12451099999999998,0.5051138762487128,0.2,0.45
KjAx5VAPOUM,0.014522222222222214,0.3378116759306311,0.2222222222222222,0.2222222222222222
s7gDXtRS0jo,0.16759300000000002,0.4089979724289596,0.37,0.14
2PD55fyRBxI,0.156605,0.3546118560835213,0.42,0.1
qVQQKbbO1EE,0.25699999999999995,0.407561103803262,0.6666666666666666,0.16666666666666666
0f_xpcMhCNA,0.414128,0.37387710068416863,0.7,0.05
09nKFCUpHFs,0.43951538461538464,0.48154344455519565,0.5384615384615384,0.07692307692307693
U6_cSjQo8gE,-0.030627380952380955,0.470044511152475,0.2976190476190476,0.30952380952380953
V_mXR_Kol4Q,0.32258699999999996,0.4487648024644981,0.54,0.1
sEjf0d38JK4,0.11846521739130433,0.4568782766336515,0.37681159420289856,0.18840579710144928
twyoQ8LWatU,0.4331960000000001,0.5358151759552915,0.69,0.14
x3gq1p_CwCE,0.25963099999999995,0.4424371170448971,0.47,0.13
7lylpi32ibE,-0.05188199999999999,0.5412141877999873,0.3,0.38
MRFCVG85X_s,0.283507,0.3919541267176556,0.48,0.08
BwPj6O-afX0,0.3034157894736842,0.525763882628893,0.5789473684210527,0.15789473684210525
54acHHUqObM,0.043508,0.4752573567405349,0.32,0.25
9ry8hyOfEGY,0.269785,0.4323446750857469,0.46,0.08
zpnMb5wziVs,0.18982699999999994,0.3932617504550881,0.39,0.09
c2gKsnRzSHw,0.13541799999999998,0.42765777471712124,0.34,0.13
bPFnQ_PVKNY,0.40157699999999996,0.38718055887531333,0.62,0.01
Bg_tJvCA8zw,0.129942,0.4040278587374886,0.36,0.14
ZN41d7Txcq0,0.24051199999999998,0.3961844525672354,0.52,0.09
ZvXgHiS9-zQ,0.22389399999999998,0.4154189393419612,0.47,0.14
-WOFikAp_Mo,0.284601,0.43048009582209484,0.5,0.09
yarsCzySIC4,0.099536,0.4216743730700266,0.34,0.21
XMIc4uTAMh0,0.337474,0.432411358227325,0.6,0.1
C7oSFNKIlaM,0.28497100000000003,0.4259715779943539,0.55,0.08
rbK8z3BhX30,0.288907,0.4166076231311665,0.5,0.08
E3f9qWTkrRU,0.0,0.0,0.0,0.0
x2l75JEuxcA,0.028797999999999994,0.459074308141939,0.31,0.25
dKJlUiGkYtY,0.10660000000000001,0.44153017163896335,0.37662337662337664,0.15584415584415584
xe6fqasFBUY,0.4451770114942529,0.4316388517292012,0.7011494252873564,0.09195402298850575
KRv0gqlXNd8,0.2406809523809524,0.3933064522118522,0.47619047619047616,0.047619047619047616
KBpGxb_unmc,0.18589100000000003,0.49162154368884203,0.48,0.18
KBgB0VMcRYQ,0.14238900000000002,0.42778628400055096,0.39,0.13
oUhWx-Pz70s,0.13104400000000005,0.4432170694637109,0.41,0.15
h5_s6BS2_YY,0.31615000000000004,0.4243498107693698,0.52,0.06
fnC5VkfBLN8,0.38745099999999993,0.3965205852146897,0.63,0.04
R4wKm8OiEWw,0.535108,0.3638055757351721,0.76,0.01
bEV0MCO18B8,0.14338181818181817,0.4099937877981297,0.4090909090909091,0.13636363636363635
LzefVqRNiqA,0.145723,0.4309726422535426,0.43,0.18
wUNLGdqm_-0,0.090454,0.38062184735508814,0.27,0.16
tEG1Eo7OexY,0.266685,0.4416056660358878,0.56,0.12
5S4dDGr1VYU,0.19238100000000002,0.3998598261128517,0.44,0.1
L6lq_gm7Zmg,0.09567837837837838,0.4072588874713447,0.36486486486486486,0.16216216216216217
gfME4arLPpk,0.11478300000000001,0.5126868904224098,0.4,0.22
A3Yj3q0QRLM,0.42222599999999993,0.3699679012076588,0.66,0.01
hmMlspNoZMs,0.330081,0.41491433397630406,0.59,0.09
F815eqx6BMI,0.05443142857142856,0.365723711307108,0.2571428571428571,0.17142857142857143
kWE2_-jiDS8,0.3977142857142857,0.2722166963944687,0.7142857142857143,0.0
lfJvhI9j1tI,0.0,0.0,0.0,0.0
bYXAnHUm8TY,0.15814999999999999,0.3714934170345418,0.33,0.1
yxXjPy9m20Q,0.160654,0.48014041996482654,0.42,0.17
HaKX_pz3C-w,0.24387799999999996,0.5469600500182806,0.57,0.23
r61vQDbCBLM,0.35951800000000006,0.4695189526270478,0.58,0.09
lVU8Hd2P8Ao,0.025483000000000002,0.311029278382277,0.2,0.14
x01l_jMhjVM,0.35127699999999995,0.4637643481025681,0.61,0.11
iK0-76FChfk,0.176261,0.4610733475044941,0.46,0.19
l6iX_nozv2M,0.36933,0.3992757880212623,0.6,0.05
Xo8KqrV8v6U,0.6414219999999999,0.35512957341792867,0.81,0.01
Q-jDzZYMn6w,0.11543380281690138,0.4238138974861961,0.30985915492957744,0.1267605633802817
PXTAhwqqAmY,0.024486999999999995,0.45279098084104985,0.27,0.24
48WdyjnaSp8,0.24998599999999999,0.41687258029762525,0.46,0.12
TymTs09IvB0,-0.15892999999999996,0.5607735518906005,0.28,0.52
-93Ij5WIcok,0.177393,0.43023310431788014,0.38,0.16
nM9Uy4j4ePk,0.04695099999999999,0.44523428495456197,0.31,0.26
fRfPupikHT4,0.31392,0.5017321416851824,0.57,0.15
zN007md9h8Q,0.09257899999999998,0.4273028846836867,0.32,0.16
N4vf8N6GpdM,0.13652800000000004,0.4167944459994638,0.38,0.15
BRUvbiWLwFI,0.138542,0.41692159147254526,0.38,0.16
_QKdnGgnerg,0.13256600000000002,0.44015509044426604,0.38,0.17
L161lrzksHA,0.09444999999999998,0.4386403904110975,0.33,0.2
spPMvChCFWQ,0.488675,0.38521940095872637,0.725,0.025
uMN0cGnzgNk,0.17750178571428574,0.4293379627365966,0.4107142857142857,0.10714285714285714
yy0XNyOsikE,0.333598,0.43032634243792234,0.56,0.07
DolduIxtx5U,0.0007070000000000003,0.4042378117531808,0.23,0.26
eXJFbsQBvLw,0.220353,0.4917652174473099,0.47,0.18
ggR_SPwP6cw,0.1531,0.4283577570209276,0.36,0.11
JYnaNvXZhoY,0.168854,0.44746173119497046,0.36,0.13
rAhtREmnjzI,0.034576923076923075,0.30560212482609617,0.19230769230769232,0.11538461538461539
5-idSP5Ztaw,0.130847,0.4927351224451125,0.39,0.23
WgKC4NozEpk,0.08331999999999999,0.37035010409071034,0.29,0.13
0azEQxM1chg,0.0406,0.35782908426843546,0.2903225806451613,0.12903225806451613
s8qnYmUarNE,-0.11403799999999999,0.543848059255524,0.27,0.45
eCQLWGs0qQA,0.27352,0.3675509659897523,0.44,0.07
bvYUq6Ox0Hc,0.138306,0.38291375603913735,0.31,0.12
IUKEzK64kug,0.07074736842105263,0.34913884942424445,0.21052631578947367,0.10526315789473684
A5DcOEzW1wA,0.10657700000000002,0.41814152481067934,0.36,0.19
K25fl-kvr1A,0.341599,0.44928136562626325,0.58,0.11
JmST4vGXPX0,0.25529300000000005,0.40825253122424116,0.5,0.09
Kk3w7dr8KCg,0.537337,0.3478740506720787,0.74,0.0
hx5RM9LUD6A,0.10022200000000002,0.4611306662064452,0.38,0.17
riJ7Ry9ikdo,0.43260800000000005,0.39888863299923705,0.73,0.05
gm091w0sSKk,0.009980000000000006,0.44628355784187257,0.32,0.29
0YwlBl8WLb0,0.201247,0.43210564575228594,0.43,0.15
VZ3NPWUB_5A,0.34850200000000003,0.44263674203120557,0.6,0.09
fjFjv8iXio8,0.04195600000000001,0.34239874132946224,0.19,0.12
YN10zSFennw,0.058321000000000005,0.45801639103748243,0.29,0.23
9jBXGmWIj34,0.019151,0.5008218412759172,0.3,0.29
L3GJiAprbRQ,0.235809,0.4364940492366419,0.49,0.13
Pmw9f9eY6LI,0.16722,0.49107473463822177,0.42,0.16
ekqp90s2F7Y,0.603979,0.4971295946320235,0.86,0.1
LxNlxrQXoQw,0.07213300000000002,0.44496072861658253,0.31,0.22
yZb3qsnr1Bw,0.250434,0.3985402883574006,0.5,0.09
vKCFkFaIwU0,0.312218,0.4066844441037793,0.51,0.05
kmvAdRntWH8,0.30765200000000004,0.6237330820920115,0.61,0.24
JeiFgGZL4rY,0.12019540229885056,0.42175734754565475,0.2988505747126437,0.13793103448275862
OWVTtuxW6Fg,0.168399,0.46658033809730987,0.41,0.17
BjObSaEAg-8,0.20781899999999998,0.4633943339521967,0.45,0.15
b_yyRHdbIJ4,0.17482599999999998,0.5388025446524914,0.45,0.23
voNsus-FOSg,0.065373,0.4538361349330835,0.32,0.2
xqpNZQTi0Ls,0.02160857142857144,0.5304712672285862,0.34285714285714286,0.2571428571428571
JGXi_9A__Vc,0.19279400000000002,0.41610151761799663,0.38,0.11
-mqMDOJGnnM,0.31077899999999997,0.566038963375314,0.59,0.19
-dAtfh79ZkQ,0.07927599999999999,0.44195718709395365,0.36,0.2
VtF6Lis1ML4,0.19353333333333333,0.19657264701772612,0.5,0.0
IBbQByoFa2M,0.134976,0.3550136009000219,0.31,0.1
h8xuGS-vPA8,0.07313999999999998,0.44643530707147255,0.34,0.2
u1bpI-49BzY,0.155417,0.3876515946194469,0.37,0.12
-SWZjpAgfJg,0.151173,0.4639217170719646,0.43,0.21
YzmNsWHvV2c,0.076564,0.35722766032881603,0.28,0.14
Hh0wW41a4WE,0.2994318181818182,0.38588197605245667,0.5,0.045454545454545456
e2E_N8uBlyE,0.17003,0.36331808942027644,0.2,0.0
uVxSZnJv2gs,0.35145199999999993,0.3943034528076061,0.62,0.06
NcUchJEPd6k,0.284266,0.4743201497343329,0.54,0.14
6x9g4JzrRpo,-0.00918461538461539,0.2639692722390061,0.15384615384615385,0.15384615384615385
7rhDHSoxV_4,0.217403,0.4758536652070676,0.48,0.16
6muw6pqzk_c,0.22622499999999998,0.46292470000530317,0.43,0.14
EFQZxxAql64,0.405342,0.4084413522600276,0.65,0.05
63hcuBJU924,0.051418,0.44336142962147707,0.3,0.24
e1ksqQQ51h0,0.111036,0.40982448133804794,0.31,0.15
dmYEOZq8aZc,-0.110115,0.5141068638668423,0.22,0.35
BlLFR5LlfnQ,0.125008,0.405492304903558,0.33,0.13
rbeoFRnYQzI,0.23075099999999998,0.4118433776315943,0.44,0.1
3zVBoaHOeXo,0.0,0.0,0.0,0.0
WfLHhO-bCFE,0.292002,0.4524866139412303,0.57,0.13
HOwuFJ_09vA,0.042074999999999994,0.3480048641131738,0.25,0.17857142857142858
iC_Pjvu0auU,0.283867,0.3654193082077081,0.49,0.03
zZetA8aEigo,0.11108400000000002,0.4580377034087914,0.37,0.21
aGJLOXqZEmI,0.025680000000000005,0.448894179289507,0.26,0.22
VvqbjUtt3mM,0.231459,0.4435040033855388,0.46,0.15
znkVb9ch_MA,0.205022,0.4947625472042119,0.49,0.16
dQ591CfNbgI,0.1236,0.3864783007143829,0.23076923076923078,0.07692307692307693
AmznnltVlmI,0.295741,0.45641903709091713,0.56,0.15
0btbPc21N7g,0.10654999999999999,0.4470595052674756,0.3645833333333333,0.1875
sPp6gafspTM,0.334262,0.42620080004148275,0.55,0.07
Qm2r49yIr3s,0.29967800000000006,0.4357976784196997,0.59,0.1
XGTDx8aZ8jc,0.184101,0.40580281750993313,0.33,0.11
w7yp8sQekrU,0.02756764705882352,0.43581769442832013,0.35294117647058826,0.20588235294117646
9tXEr1cps4Y,0.09046724137931034,0.5094656644340397,0.3620689655172414,0.2413793103448276
prWMXGN1E3E,0.053530612244897975,0.41822112899321556,0.2653061224489796,0.16326530612244897
etifRufySPE,0.15909354838709677,0.4939321096979166,0.3548387096774194,0.16129032258064516
HSQFyNGAA0s,0.042829000000000006,0.41096368143547674,0.26,0.17
Q8-NgZsUp4Q,0.524456,0.3767497140861556,0.71,0.03
joHP5kYVR24,0.061101,0.49952900105899756,0.36,0.27
a7nMhCOEptg,0.120714,0.3864075767942446,0.3,0.12
Fxeb3Pc4PA4,0.267762,0.43107389315058264,0.5,0.12
t-O-Qdh7VvQ,0.009781000000000007,0.40559545872580965,0.26,0.23
pSg_Sd94Y8k,0.041006,0.44767655038431486,0.29,0.19
Fiy8c7PWGm8,0.23124099999999997,0.39240031042164075,0.43,0.08
3kDcjx7J0kI,0.157911,0.47866168969220846,0.38,0.18
t3i-CTKQyIo,0.1396,0.5067809438011655,0.47,0.25
KV8z3vE59O8,0.13870899999999997,0.43681945059600996,0.39,0.17
fdbNq-4c6Uk,0.16313599999999998,0.33305190632092174,0.36,0.08
vobbh2Ah7Es,0.03193599999999999,0.5400856503407585,0.35,0.27
g1QONg2b2JQ,0.18222600000000003,0.34972039220497286,0.37,0.04
crytzKqIXOQ,0.31882699999999997,0.4664152715885277,0.56,0.13
y6Rmpw87QwI,0.114732,0.49371606817684194,0.4,0.26
wcDHKnnfZM4,0.10435,0.30902859786757597,0.23,0.07
GQNmX0K48i0,0.282346,0.47143436222235646,0.53,0.14
qTENT9gQxCE,0.16771400000000003,0.46864077437201296,0.42,0.17
oQdNqqbmaIk,0.29702413793103455,0.38888008935932794,0.4827586206896552,0.034482758620689655
1t24XAntNCY,0.12171100000000001,0.4408046664669057,0.4,0.2
kr5PoOpsnjg,0.19743599999999997,0.41340971215490335,0.4,0.12
33JzTRfdguk,0.10602600000000001,0.3771186955376251,0.29,0.13
2tmpOjLDcvg,0.3511777777777778,0.2793246330298922,0.6666666666666666,0.0
T8fbNsj2dyo,0.10825699999999999,0.3755674778931211,0.35,0.13
Gz5_9MB0e-0,0.281639,0.38887097857644254,0.45,0.03
e3oMDGE8PrU,0.5821999999999999,0.3910714400208739,0.81,0.04
FgBixSFoi8Y,0.03765769230769233,0.4569477610044525,0.34615384615384615,0.2692307692307692
j6dWirO1WQg,0.21907460317460317,0.5294145649462465,0.5079365079365079,0.20634920634920634
c_efBMq-LqQ,0.319958,0.45473626140434414,0.54,0.08
Ogw1EgEdV9g,0.44081000000000004,0.4652806536919411,0.67,0.06
T2BlqlR4a7A,0.21194599999999997,0.3874163242353115,0.38,0.05
9CZfG3r5JBE,0.13765714285714287,0.38095273744030933,0.42857142857142855,0.14285714285714285
taNCapxvdbc,0.11177191011235954,0.49332920680779674,0.38202247191011235,0.19101123595505617
-0n2kxkdJgM,0.032882,0.4308528930806894,0.26,0.18
EEBt1UQxNyM,0.246588,0.4620055614989932,0.52,0.14
tmM9a6vNDYo,0.210574,0.40293190159628717,0.4,0.09
mjQwedC1WzI,-0.179042,0.575624115231459,0.21,0.49
gUajFAl9vDY,0.24483700000000003,0.36106266094820716,0.45,0.05
qCnwXYuzoco,0.34820416666666665,0.3922442558312854,0.5833333333333334,0.125
7Qpwe2cIWFA,0.5115999999999999,0.5721578337020884,0.6666666666666666,0.0
y-dqb45bzXA,0.06488,0.4635810906411088,0.33,0.25
i9rnOr628qM,0.26246700000000006,0.46131477020685124,0.51,0.13
QB8OXhvtOMY,0.18536600000000003,0.3972257164937839,0.44,0.13
2bNEjWsL7Mw,0.54223,0.3322316964108031,0.7,0.0
IvdohUPWg-0,0.150211,0.4370786494202159,0.34,0.18
kG5I3N99BmM,0.4019920000000001,0.45759161392665404,0.65,0.08
gasI6cyjkvM,0.4327169999999999,0.3976407014014034,0.68,0.05
hD_4AYx74L4,0.149982,0.4980162160773482,0.42,0.2
-HWUNjO-Lvo,0.076833,0.4450021689958376,0.32,0.21
oNH3akWXaV8,0.18190600000000004,0.4138821271376671,0.42,0.14
VHvBYG5-DDE,0.086692,0.49248108160212606,0.4,0.23
UaXjcIl-6q8,0.16587083333333333,0.3610240209911785,0.3333333333333333,0.08333333333333333
cyOrx2o8IC0,0.300354,0.3875343260718978,0.51,0.05
rKXhSZjMYIk,0.288261,0.4218385041446549,0.53,0.1
XrV5oR-5iLY,0.05244615384615386,0.4615899689207771,0.23076923076923078,0.23076923076923078
gSSffWM2zdc,0.15180400000000002,0.3887819861876319,0.34,0.13
d4yjrDSvze0,0.3861049999999999,0.40907684763990254,0.65,0.07
WaUzu-iksi8,0.126409,0.35219277706818464,0.32,0.1
m1ewbghHOP0,0.58125,0.37077579168548747,0.81,0.03
r9Iwph3aU2U,0.256527,0.3626814309707625,0.48,0.06
RMMd2mrJnVM,0.10222800000000001,0.5001757651226217,0.36,0.22
7Vd1dTBVbFg,0.236723,0.432592759036718,0.55,0.17
UmlJbxeLiK4,0.27681500000000003,0.46235486249741115,0.51,0.14
YxEjb5gQGPs,0.44334285714285715,0.30579993393039956,0.7142857142857143,0.0
VTYoxHfXKeE,0.09460700000000002,0.45023437524360577,0.33,0.22
REs9lYQlN2g,0.20905100000000004,0.5021435861374712,0.48,0.2
8HHGRq518eE,0.4601800000000001,0.551289351974079,0.7333333333333333,0.13333333333333333
_q6CPOXJtgU,0.127314,0.3555757531159851,0.3,0.11
pSmFd_I6B94,0.076477,0.5618356547701472,0.42,0.27
FlXY_w4wZ4E,0.304591,0.4570035604007917,0.51,0.11
WZsJ6BtOh60,0.307103,0.5130663451163017,0.59,0.14
TALwNlM6gFI,0.08848181818181819,0.3740566615274453,0.3181818181818182,0.18181818181818182
0UFav6JzYY8,0.12863000000000002,0.36263359869157186,0.34,0.08
0o3ENJLcVh0,0.24657708333333336,0.38606123177957113,0.4791666666666667,0.10416666666666667
X25OnF3TQys,0.189041,0.46411351264426676,0.44,0.2
I8EQAnKntLs,0.242201,0.4859406921621197,0.46,0.15
TFlVWf8JX4A,0.29495099999999996,0.4728763710516735,0.54,0.13
O7wcuzs1A_w,0.04097857142857142,0.40679863951621675,0.2857142857142857,0.35714285714285715
5QyPYq-LNBk,0.1604157894736842,0.5466151337893369,0.47368421052631576,0.2631578947368421
CYh_0QYQ-CE,0.136614,0.4832883776835524,0.43,0.19
LX07w8_uNtk,0.154882,0.3826242421436467,0.41,0.13
h1plQgwxf9o,0.261872,0.4185151930527732,0.49,0.09
6o3suuYv0mw,0.12384186046511629,0.45850543058464255,0.3953488372093023,0.20930232558139536
e7tGkJp2HfU,0.27469400000000005,0.4775206284172444,0.53,0.14
hiduiTq1ei8,0.086581,0.4285542527370368,0.32,0.19
hzEhD198T30,0.48362599999999994,0.33551430956667105,0.73,0.02
y4x8MRWULt0,0.201102,0.43376907496500944,0.41,0.11
bKpQquYRw5E,0.41567800000000005,0.45005656057433496,0.61,0.07
v4rNOLZgKF4,0.33962999999999993,0.4471518206381363,0.56,0.1
TtMQVrfGmtk,0.27751499999999996,0.38860077904579654,0.45,0.04
EXQbKJFmPXo,0.3360882352941177,0.39527222619704533,0.6274509803921569,0.09803921568627451
ylWORyToTo4,0.259854,0.4993051662901156,0.49,0.15
9HtJkzCIK2k,0.233275,0.4302695218987745,0.5,0.12
f17lyOPBQ-I,0.407609,0.39305830333297875,0.6,0.03
V4lOjZvtVO8,0.052501000000000006,0.5715796370576894,0.35,0.32
x_-x4Dwz-rU,0.206118,0.4896343710116765,0.46,0.16
ZRmrSWb_9rY,0.163583,0.41007033178590224,0.38,0.1
Ul9ysDvkuLA,0.45940900000000007,0.40779544752118063,0.64,0.05
DLFWO_Cmrl8,-0.020895999999999998,0.4331185345653081,0.24,0.25
dfnmioamaX0,0.309181,0.36603660464357934,0.55,0.04
ODLAF85hI5o,0.22996499999999997,0.5693502151356404,0.53,0.23
5pIK_oiRVi4,0.0021929999999999927,0.4948772921149241,0.35,0.32
vSa4x57IV7U,0.11216000000000001,0.4041501028083501,0.32,0.2
tEYCjJqr21A,0.17874600000000002,0.4627307051450119,0.46,0.15
Rlth9TUWaQg,0.106094,0.4964640042983983,0.41,0.24
qUqSexDQlyk,0.137829,0.4726196689294681,0.49,0.17
w7VgmPr8Iu4,0.132364,0.39754870733534026,0.33,0.14
d5mFe7GIt9k,0.5615500000000001,0.3923513041905175,0.77,0.04
xPxkUHdznQM,0.29073000000000004,0.345325189784933,0.49,0.03
qqWWHKjyMu4,0.03742700000000001,0.31719279274756546,0.16,0.09
WKt9EqC_jdw,0.206919,0.46360564204828225,0.44,0.15
t5MkOw1gqQ8,0.127422,0.4754121488939886,0.42,0.22
OWWUdxYFu2E,0.294494,0.41981215056736987,0.51,0.07
cdzUh0AypK8,0.33777580645161287,0.45066391872489486,0.532258064516129,0.08064516129032258
Ha3JdNofoy8,0.17127299999999998,0.5097584380576745,0.46,0.18
GGm0FQ6i74U,0.26700300000000005,0.4895812450360001,0.51,0.16
uhTlvBzjQFY,0.352648,0.5196012697213124,0.63,0.13
5UTdqxEktX4,0.105237,0.46244977644172347,0.34,0.22
auJ_yTdfJ1U,0.25968863636363637,0.3550332770676761,0.5,0.045454545454545456
5NRapD1_jus,0.05467142857142858,0.4594337651724118,0.31746031746031744,0.19047619047619047
xJU3h34DuFg,0.32279800000000003,0.38035444258743717,0.56,0.06
s_a7AZbJGNM,0.18180200000000002,0.4020599057304769,0.43,0.12
cp3Jr6HtQDE,0.36545600000000006,0.4377190453521528,0.59,0.08
NN4PegHL8dc,0.08375699999999998,0.4595227207124801,0.34,0.24
lzEvGGINE20,0.371384,0.4281410801873607,0.59,0.08
754gPbt9SDU,0.315484,0.4598315980269299,0.62,0.12
iVbopWyBR5Y,0.271785,0.38808528917623253,0.47,0.04
hgMNgarvg8Q,0.12249900000000002,0.5373052807287493,0.42,0.26
5HTzpavCRRY,-0.014229999999999991,0.48031577790033086,0.29,0.24
RBaVeVBhRhI,0.17333928571428572,0.32984698617687264,0.34523809523809523,0.05952380952380952
jEmLaGA94fY,0.314779,0.5616898448957397,0.61,0.2
JMrGNOmza64,0.2636808988764045,0.43050933040728784,0.4044943820224719,0.06741573033707865
Z-AE3guPGBE,0.13696200000000003,0.39315341758148303,0.36,0.13
znebYZMlPOw,0.2009931818181818,0.5063742289317651,0.4772727272727273,0.13636363636363635
omTELPJJ3ms,0.1670722222222222,0.4378992531337108,0.3888888888888889,0.1111111111111111
JQVmkDUkZT4,-0.11480899999999998,0.43373284175745785,0.18,0.36
FSu19nz7NlE,0.196306,0.44130851471957805,0.44,0.15
FojpfgBg0WE,0.27512099999999995,0.3860892767987736,0.53,0.07
JlsjRLPAdX4,0.23070000000000002,0.26494440926352836,0.4444444444444444,0.0
eoganOAP_rA,0.588873,0.348329606222325,0.86,0.03
NPupE49Wxdg,0.052654,0.4667189034997404,0.26,0.24
6BacbW7FG4I,0.241577,0.4232984941752096,0.5,0.13
JYy3QSWjOio,0.10641454545454543,0.38652003096073084,0.2909090909090909,0.14545454545454545
bYLEUfJtf80,0.15518666666666667,0.28025672246868377,0.2,0.0
HjQHP95rzrA,0.334628125,0.39623671999384963,0.5625,0.0625
0HDZrYdqaQ0,0.30278299999999997,0.4550320511909024,0.57,0.11
IxI97BS_gS8,0.306516,0.41579437531549174,0.56,0.07
FNa1In1D1xQ,0.4222099999999999,0.4438987167136215,0.64,0.05
DY4PJ55kZJc,0.28446,0.42175477069026734,0.46,0.06
0rATAh4kIpo,0.15874499999999997,0.48768463813718804,0.46,0.22
sn1sJbjZqx8,0.3948674698795181,0.41109107808849354,0.5662650602409639,0.024096385542168676
uv8mfsCZXRw,0.3268618181818182,0.4158966499639539,0.4909090909090909,0.03636363636363636
2rAbXozcDk0,0.0,0.0,0.0,0.0
KJVuqYkI2jQ,0.34525600000000006,0.47242420838056126,0.57,0.09
EkZv1DmDXVc,0.04497407407407407,0.2854103992403098,0.14814814814814814,0.1111111111111111
voNBzuI7IJ4,0.34181999999999996,0.41370668256628385,0.63,0.09
dK9SSu3uZ2Q,0.215618,0.4747374266644668,0.47,0.14
u9CtzalboVg,0.333356,0.4407064949192376,0.56,0.1
5HOijUtExiM,0.37426099999999995,0.3970959281823474,0.58,0.06
E-8e0cqUGTw,-0.043005999999999996,0.4783409440597783,0.27,0.28
kz-UV6l_lRc,0.10549285714285715,0.41484900775425976,0.32142857142857145,0.16071428571428573
FSvxuekIVuk,0.319464,0.4873437592747033,0.61,0.13
Z2ttpo7c95s,0.18009599999999998,0.4583611032624824,0.44,0.17
cuIsNp6UFFU,0.06829999999999999,0.38153820418144235,0.25,0.125
4juWQC8rGUk,0.20896499999999998,0.4672519188564131,0.46,0.14
1kgvd7Sz2iw,0.23630999999999996,0.48628803470782617,0.49,0.14
cw41l3SyiEE,0.2318,0.4120701608949622,0.5,0.125
Z4M_ARhvODE,0.17463599999999999,0.38203389653799047,0.36,0.09
zRxtE6ovkfA,-0.031160869565217405,0.43472291548918585,0.1956521739130435,0.2826086956521739
OEjuZwVVEpk,-0.111161,0.45281503572540516,0.2,0.36
2daR-0XU8-o,0.29746100000000003,0.4247606888343129,0.52,0.09
MlAlOZIkm2M,0.277052,0.40348149238347975,0.48,0.07
RuPiETBbRoE,0.017585000000000014,0.5255443256995551,0.33,0.31
3XxLV2TAXeM,0.42448100000000005,0.3965243018265085,0.68,0.05
8fxbUQhx0Hk,0.1487393442622951,0.38237024211958026,0.32786885245901637,0.09836065573770492
UlgbwGHF8GQ,0.136859,0.47073022637068895,0.4,0.21
sH4bi60alZU,0.20940799999999998,0.46344728085943065,0.53,0.18
p8to55HOxas,0.09073913043478261,0.3474593160283604,0.34782608695652173,0.13043478260869565
JaS7n6qKQe4,0.36007100000000003,0.4805178681995083,0.58,0.12
XXhmblzSAeU,0.562379,0.3163159699714828,0.79,0.01
Bc9bhLk_AhI,0.2006258064516129,0.324559595370296,0.41935483870967744,0.03225806451612903
WtVQLkkDNio,0.34121666666666667,0.38014345720471837,0.5,0.0
dLqOGq9tQKQ,-0.05033200000000001,0.4952773303675427,0.28,0.37
YUefSKCjP8w,0.321988,0.45399773155380413,0.58,0.14
qwIU2MdXZJM,0.4149600000000001,0.3828069390698136,0.68,0.05
5CVryVEBmjU,0.10695900000000001,0.37320997416869767,0.32,0.12
qZ2B6P_lEI4,0.21076176470588237,0.44225899386638745,0.4411764705882353,0.10294117647058823
rpMxOjUjweA,0.22053700000000004,0.4285385729791427,0.48,0.12
ktT1mclBPn0,0.283251,0.48920352829778324,0.5,0.12
gLflhddUiu8,-0.05078260869565217,0.34706225434811366,0.13043478260869565,0.2608695652173913
RrSP2KsU7Kc,-0.112293,0.4563596981011799,0.17,0.32
s94suB5uLWw,0.326195,0.46078925863674386,0.62,0.14
ullt3Ziqcgc,0.37212900000000004,0.5088008176673855,0.66,0.12
916J0I2yrlQ,0.37989999999999996,0.4892799523790035,0.63,0.11
6XV71wBqfB0,0.20883235294117647,0.459858654576144,0.47058823529411764,0.08823529411764706
tWf0SOPXWIk,0.28763099999999997,0.43017307788726156,0.52,0.08
hFMFDCAEM9w,0.08974100000000002,0.39354472607189134,0.27,0.15
2jG-sH6p_pQ,0.105359,0.4425075961144623,0.37,0.22
zf8UU9Us5KU,0.033315,0.46084361802568125,0.29,0.26
IxndOd3kmSs,0.13036000000000003,0.44198108918821405,0.38,0.18
JL9TOipHrIA,0.093549,0.43671435687300225,0.33,0.15
RRCW1acFsxs,0.115334,0.44178024564708646,0.35,0.15
Pq_lmSRcBSY,0.16846599999999998,0.35260826372052034,0.38,0.11
Nfh2870B3Gs,0.215864,0.4078584037432599,0.4,0.1
TTHLdNxbIEE,0.061893000000000004,0.41925075390629885,0.27,0.18
RpWyfSNtg5I,0.5888199999999999,0.34181830495162197,0.8,0.0
RkwbEYMiMx0,0.421819,0.44918021187380913,0.66,0.09
epAmqhvKQ08,0.2023959999999999,0.5358278607762011,0.49,0.25
eQ9eY0_DoEk,0.283445,0.4785887059626459,0.55,0.11
aFlJhW6SmXM,0.20013750000000002,0.5415958177864283,0.625,0.125
HlUIS77Q_7A,0.46205999999999997,0.39022116259031026,0.6666666666666666,0.06666666666666667
zXmdYaxHO78,0.23410000000000003,0.3159709575261625,0.4,0.0
bt90VCye6Vk,0.28868499999999997,0.4458637887012131,0.51,0.11
wESuMyTv8sQ,-0.093174,0.5229750004770782,0.26,0.43
B9FO77vlqto,-0.25615263157894735,0.5275940059597471,0.15789473684210525,0.5789473684210527
26aMc-bAsa4,0.176461,0.43283632123355825,0.41,0.12
vin2CjR7viI,0.193327,0.4252879113859222,0.43,0.14
PZ-q0BIfvbA,0.1581576923076923,0.34466954315589005,0.3076923076923077,0.038461538461538464
Ytbneh1gPh0,0.141234,0.40316339745071106,0.34,0.11
Es4q6NOtuhc,0.2110285714285714,0.29810872280469236,0.42857142857142855,0.0
E3WSlN6O1KQ,0.18643703703703704,0.39208011289091693,0.48148148148148145,0.14814814814814814
SToObKgr4cI,0.0868943396226415,0.4685539414045047,0.32075471698113206,0.22641509433962265
o-e5eWVCzx8,0.454773,0.46539660868016647,0.68,0.08
o63Tz0UPwjQ,0.21719900000000006,0.40562964129732926,0.4,0.09
AORABZEP3V0,0.02901875000000001,0.43284614070525973,0.25,0.125
XpMNW5aUIbI,0.252644,0.3553417527732985,0.54,0.06
8pK5FuptsSQ,-0.13961,0.5974859180767359,0.29,0.43
XQ1_u-z2UWI,-0.228944,0.49607306766644765,0.16,0.48
8dLAaZa9JJY,0.09769200000000001,0.5045504840310828,0.39,0.24
TdrHYPeWxwc,0.24097000000000002,0.4175429710820193,0.51,0.1
5n38XDmdm_A,0.18302916666666666,0.48038052146116994,0.4583333333333333,0.16666666666666666
26UfiKtOtrE,0.196133,0.4276307968458305,0.37,0.11
wGYf8J3m0dQ,0.44487899999999997,0.40717138192535096,0.71,0.06
03Ge6L0Bbis,0.0,0.0,0.0,0.0
poq6AoHn4HM,0.048354,0.44174089926562154,0.31,0.24
pnDZsXK1X9Y,0.23977000000000004,0.4179256313029867,0.47,0.1
jlZlewNcWp0,0.32865399999999995,0.41732621135509806,0.53,0.05
JrzenOfcmBo,0.10453500000000002,0.4379577386860518,0.41,0.21
WLFCYdgtzUU,0.296987,0.539100812029624,0.59,0.18
JZKyqt_RKOE,0.136904,0.3723079784049759,0.37,0.13
tXdIVk77PL8,-0.05046099999999999,0.6243512306218352,0.35,0.41
noF0OvsJugg,-0.047177000000000004,0.5129287299138156,0.29,0.33
iMNOLFPU1L4,0.22737300000000002,0.3797279670645816,0.41,0.08
3FYRwfKNHxw,0.562209,0.41323120988013473,0.76,0.06
kvlCFyufaJ8,0.4278039999999999,0.4244491568892557,0.69,0.09
-MIW5I7TlPQ,0.06507500000000001,0.39468437310717025,0.25,0.125
_TT_q9lW2n8,0.08604800000000001,0.48120104560983656,0.37,0.24
XOCgs_nMxDc,0.22325199999999998,0.4111353221215614,0.46,0.09
vVQTdoHgsVc,0.1967571428571428,0.4374504408081735,0.42857142857142855,0.09523809523809523
0feDvVEz3Qc,0.002406999999999997,0.48975324424754957,0.29,0.32
gODZzSOelss,0.202169,0.3952346975393228,0.41,0.11
F4gJsKZvqE4,0.17505699999999996,0.4485972053535331,0.45,0.14
wZ0Z18M5G50,0.1476,0.2556506991971663,0.25,0.0
i7gHuDT1-xU,0.382739,0.4127848681565253,0.56,0.04
PCxtsYfEtLc,0.23460399999999995,0.4338978379572777,0.5,0.12
EUvq3iwJGTM,0.30163,0.4580533703620136,0.5,0.1
fNgHZ7IIGv4,0.363668,0.42488458076988395,0.57,0.08
RlmbBuMl1KU,0.174954,0.3925177413620944,0.34,0.1
M1EGPPhGfZk,0.34114067796610176,0.5159359279359537,0.6101694915254238,0.1694915254237288
juGNz1DJ4xw,0.26013000000000003,0.4275942156998853,0.5,0.09
4vm92JSfkOM,0.2669,0.3078600951435866,0.5,0.0
OUNq6xVBnI4,0.291865,0.4099395046528207,0.54,0.07
Fn2TGi57XNs,0.21254999999999996,0.345915427525284,0.375,0.05
GR-vYp6pXLg,0.004065624999999996,0.37599846085902977,0.203125,0.21875
xWoTAEcQi7k,-0.035012999999999996,0.46219214503385925,0.26,0.3
qejzWssRjA8,0.18815555555555558,0.5340589462078988,0.4074074074074074,0.18518518518518517
hdpqABS9_Ko,-0.020841000000000002,0.5288785968622667,0.32,0.31
rhMfYKzaY4U,0.255485,0.39749882499826333,0.53,0.08
mtfuo7yl3gg,0.18192807017543858,0.27318318046552253,0.3508771929824561,0.017543859649122806
PimSVfMgplQ,0.17742900000000003,0.3760135788226271,0.32,0.06
Ws4Doah0zw8,0.0773191780821918,0.3245342482117075,0.2328767123287671,0.1506849315068493
r2P_1M8ImGo,0.22690800000000003,0.4894433962533359,0.45,0.14
HIPJrrQlxzY,0.141982,0.4468392329194024,0.42,0.16
ds5ddHws3_E,0.367132,0.3830330604216821,0.58,0.04
3upCBO27Wqw,0.229329,0.3484842364569738,0.41,0.04
E0tiP3GcRF0,0.379903,0.4737151626146244,0.66,0.14
G3EeGUn4b7Y,0.168522,0.46594495416948123,0.47,0.17
LgKfXZ2kARM,0.079036,0.36648139284825915,0.29,0.14
TkWmK-cplV4,0.20370100000000002,0.3903764002843922,0.41,0.1
FqsIQk0pT0M,0.10611099999999998,0.36659406648089654,0.31,0.12
ljiWOrULppk,0.36835,0.49269514418147053,0.6,0.12
neAFEvNsiqw,0.448407,0.41262587661342814,0.71,0.07
HqeRNQo-mh0,0.28457599999999994,0.35739798575817405,0.51,0.05
6HEUcCj5cLU,0.23500400000000002,0.4367014611654053,0.49,0.13
-FL9kKqOQxI,0.192577,0.36483046551926007,0.42,0.1
-TSX_0rwPNc,0.40691499999999997,0.42826920117491524,0.67,0.07
e9L9A1IMTQo,0.21111000000000002,0.5142269054610037,0.51,0.22
uayCJxVy7rU,0.331949,0.457796502279124,0.59,0.1
0JUP9z5qjbg,0.20035699999999998,0.3445219938567058,0.37,0.06
5NxwD_NhIZ8,0.225892,0.4098368103721285,0.45,0.12
shCN0y3119k,0.18346666666666667,0.3690151858764181,0.4444444444444444,0.07407407407407407
h76cs45ZwcU,0.32980599999999993,0.4715881770825049,0.61,0.13
wSzxKur2b20,0.0037469999999999925,0.5014264489344374,0.33,0.28
tclEFBLGgw0,0.11613699999999998,0.38489020165626453,0.33,0.13
OuM0XS4Gtes,0.028700999999999997,0.43938523017848474,0.26,0.24
6f9cFLYW6ZY,0.139736,0.4646458071520715,0.39,0.23
9bza8Uzoh9Y,0.263739,0.4927328462554531,0.5,0.18
DjUhK8rYJYM,0.175309,0.3635741113156986,0.38,0.1
MsRh-PTeXzw,0.3700569999999999,0.4091832753803605,0.54,0.04
X45VihfG-QE,0.044973437500000005,0.38032481974383897,0.265625,0.1875
XUBjho-x2hI,0.28308,0.38113182181497257,0.4,0.0
_pJ3WzHH3Mg,0.26132500000000003,0.28517329270988895,0.5,0.0
RBftKSN2ey0,0.49141460674157306,0.4537511099563759,0.7415730337078652,0.07865168539325842
y0923ck6JcE,0.0859941176470588,0.4098510625761628,0.3235294117647059,0.20588235294117646
H-qOgfRGQ3k,0.028767000000000004,0.5947697710971869,0.4,0.36
JeoBUUgh6BA,0.057393,0.4449170763760366,0.28,0.24
LTk3YkJd_o8,0.20768099999999998,0.3757595227522518,0.39,0.08
dY_4ZpDxr0w,0.20109166666666667,0.37671763030964067,0.4722222222222222,0.1111111111111111
AHFMoe9VXMI,0.056017000000000004,0.46522748909646344,0.34,0.25
M27_S6PpzvY,-0.060084999999999986,0.4332511004890814,0.22,0.3
pvs_QscDsWQ,0.26137499999999997,0.4897329185127338,0.58,0.13
VjO55pKuBo4,0.07162599999999998,0.47658844166009734,0.38,0.23
Dk43ntUCX-w,0.161664,0.44354309159764843,0.41,0.16
35lhqO_1Alk,0.09804099999999999,0.5011854371577451,0.43,0.26
e6XeP9gQPmg,0.316985,0.4231232797601664,0.54,0.08
jy-tpTD5JuY,0.049217,0.4662839862262053,0.33,0.25
eia-k1vxDO8,0.069546,0.42103794684564955,0.35,0.2
3pGo-IKX7_0,-0.015680999999999994,0.4483549753699628,0.26,0.3
w6aUlX5-ow8,0.03576200000000001,0.3232163321306645,0.2,0.12
v0EmmxOLjHo,0.18616774193548385,0.3010939681712251,0.3870967741935484,0.03225806451612903
YlzFu6Y_h4Y,0.025439,0.40360408047862945,0.27,0.2
JLV9mW1P0m4,0.3347384615384615,0.5252379307564576,0.6923076923076923,0.23076923076923078
K_XDh-GVoPw,0.161242,0.5474708829115937,0.44,0.21
7tzaWOdvGMw,-0.166371,0.5704909163685256,0.26,0.44
a9RZFbn8PXU,0.283088,0.4194437634010071,0.52,0.08
1Ds9fVKCEs0,0.171354,0.5006334370415144,0.44,0.18
ad759EpRjPM,0.11347222222222222,0.35111976558426705,0.3333333333333333,0.05555555555555555
dxauA6KIYIM,0.10484833333333335,0.43002018886391313,0.26666666666666666,0.15
JPXjycw-A0g,0.178041,0.46851333323503186,0.41,0.16
JWZoNiwGqFg,0.05035000000000001,0.3871807313129102,0.25,0.15
ZvpKpUeUk8k,0.30299699999999996,0.4762884045313302,0.53,0.12
PGbsmsDQxe4,0.0007320000000000054,0.4563670550949093,0.29,0.25
b79FTeeEemk,0.156996,0.4727710492236173,0.36,0.16
akGGkTNuZ10,0.266416,0.47566704546773053,0.49,0.14
_riIY-v2Ym8,0.378998,0.4264665689078102,0.61,0.08
2nMDmCRcuEE,0.13016363636363637,0.3659948640293573,0.18181818181818182,0.09090909090909091
mWENaab1-UI,0.248317,0.4307200733782905,0.44,0.09
2CzHFhZFk3g,0.311893,0.41071350117935007,0.57,0.1
j9ZPMlVHJVs,0.2489546511627907,0.3842820129821619,0.5116279069767442,0.08139534883720931
Rc711jTrKL8,0.0891659574468085,0.44147193268852647,0.2765957446808511,0.1702127659574468
2z3wUD3AZg4,0.32171400000000006,0.48035957178347133,0.63,0.13
_Ik4hwi1cJo,0.276102,0.40802392184282527,0.45,0.04
UkCAvIDYZUo,0.30137099999999994,0.44215145511351645,0.54,0.1
WA8qkFtrpUg,0.33494,0.46732212188168454,0.59,0.11
chcun4_DdGQ,0.20627199999999998,0.4421428226444482,0.42,0.14
2Gpa_uJh5DU,0.25832,0.2457713360015769,0.4,0.0
e7K8oUPs8Qc,-0.007438999999999994,0.4694053587029019,0.24,0.27
h9QxAdKcDSE,0.38239999999999996,0.3738305013639203,0.625,0.0625
IBO9pdb3q4w,-0.042670588235294106,0.4770069690756235,0.2647058823529412,0.35294117647058826
sbh3yMroOb4,0.17002400000000006,0.39957695331938253,0.4,0.11
x5YB3m1uz74,0.21585100000000002,0.40698567161387883,0.46,0.09
8c2DVPORDQA,0.49745900000000004,0.4156939266082678,0.7,0.05
6oPcK9xYSF0,0.3491909090909091,0.28842410205221775,0.5454545454545454,0.0
swhftRwwnA4,0.051653000000000004,0.4380148304464131,0.28,0.21
KmwxpFzEx6g,0.35895699999999997,0.4377207295194049,0.57,0.07
UytSNlHw8J8,0.19792,0.4025512046932663,0.42,0.13
3BJU2drrtCM,0.173568,0.39808179960405127,0.38,0.14
VX_qI9e95_s,0.368391,0.43090522092334876,0.62,0.1
o7xnZb221YU,0.06666,0.46471116879197133,0.32,0.26
mnV0BaqBWxo,0.12160599999999999,0.44711512607381115,0.36,0.14
Sj-VzFlJ14o,0.584222,0.36437373686367686,0.84,0.04
IyBFfouLzhI,-0.031652,0.439341717227035,0.24,0.23
n5BWseBIu80,0.5458509999999999,0.36285995714462627,0.77,0.03
33qdRXqUCJA,0.09107099999999996,0.4699745540547913,0.39,0.23
6K9eXRlO_UE,0.07843384615384615,0.48879881885697757,0.38461538461538464,0.27692307692307694
WwaLOSHHUiQ,0.07052727272727272,0.4965512403128184,0.3409090909090909,0.18181818181818182
PZjx5ao7alw,0.21936799999999998,0.4778228705032859,0.44,0.11
8ZcoI4vt-QI,0.008370833333333336,0.4240241217383419,0.22916666666666666,0.1875
wPnmqg3HD5s,0.23073571428571427,0.3787844290945574,0.5,0.14285714285714285
5Wallpu_h-c,0.1641741935483871,0.48394286450801255,0.45161290322580644,0.22580645161290322
jffVm6tNBDg,0.339495,0.43354896756306543,0.6,0.07
TxaAk7kDTiY,0.2481148936170213,0.3991814251737073,0.48936170212765956,0.06382978723404255
WM0XViFp1M0,0.299761,0.40201131100878246,0.53,0.08
oKW2WvSUHQI,0.65697,0.35910163951171264,0.86,0.03
SDIsHJxEvjw,-0.036445,0.48172089831664977,0.3,0.32
JT9yYXKY-i0,0.181509,0.39445953407035306,0.42,0.1
DmkVmEb5TwQ,-0.004916999999999993,0.534664717379967,0.32,0.3
NtFe5PM87BU,0.24193,0.4438976860719146,0.5,0.14
-e3T3VHmEkg,-0.016230999999999995,0.46000797899493,0.28,0.28
R7WPEYGr1Vs,0.249397,0.460159753010843,0.49,0.15
dFd7FBp97gc,0.0,0.0,0.0,0.0
Wc5zUK2MKNY,0.25526499999999996,0.45325646501180766,0.5,0.13
A3SyKtmr7bs,0.257069,0.408796566691796,0.47,0.09
n9PqH0sH69I,0.09126200000000001,0.4009827659089602,0.37,0.2
kO6SUiUbdOc,0.179885,0.4248594587331203,0.43,0.19
33zPlnhymCU,0.34305,0.47945002440296114,0.6,0.12
--mc5lTTIQk,0.08372452830188681,0.29585841776198724,0.20754716981132076,0.07547169811320754
BLMKNIateO0,-0.009675000000000003,0.39202069912399606,0.25,0.16666666666666666
XgY-seKGm3U,0.261119,0.40498159432127284,0.55,0.11
yNLdblFQqsw,0.151677,0.3938091532341522,0.35,0.12
yjYm78K6aNI,0.34919599999999995,0.45012425927070404,0.59,0.08
O2DgcoiD1mo,0.20723456790123454,0.5027470598745134,0.4567901234567901,0.16049382716049382
UIxRrkNFiN4,0.17567590361445784,0.5579624637783703,0.43373493975903615,0.21686746987951808
ygiDcofmxjc,0.032797,0.4349735648185991,0.3,0.23
mh9Z3Cd0Aq8,0.01399100000000001,0.4671579563905554,0.28,0.24
f5uU0igHmyw,0.08413500000000002,0.3642344723869502,0.28,0.15
dAB7r3DA0w4,0.12544899999999998,0.39726300293256606,0.36,0.14
tC90kKbPuEU,0.06923636363636364,0.3746964762671737,0.24675324675324675,0.1038961038961039
UXl8F-eIoiM,0.176429,0.39416762583829734,0.42,0.11
NaA9Mwo9fyg,0.112562,0.37579214222226626,0.32,0.11
CSoP-ezfRfk,0.236341,0.4893309101405714,0.48,0.15
lcawK3l7cew,0.16248888888888888,0.46761235158839065,0.37037037037037035,0.14814814814814814
8pR0o2fGyHg,0.22000399999999998,0.42390943747928045,0.43,0.16
0UdarIjbq88,-0.01509300000000001,0.5278016620388761,0.31,0.31
ZbEdcNAOicU,0.45320769230769226,0.36281172371342324,0.7692307692307693,0.07692307692307693
vADCp9L7uJ4,0.12151300000000002,0.4304886792135189,0.38,0.19
NAJ1Z4kOyHA,0.26361500000000004,0.4597080876762993,0.53,0.16
oThh3_Srxtc,0.078365,0.5145897650313305,0.43,0.22
bAkEd8r7Nnw,0.24219199999999994,0.3995747556290312,0.49,0.1
9g23BtPMcrw,-0.0017040000000000043,0.4499305666255628,0.24,0.25
ik158i0SpX8,0.16726666666666667,0.4619402654985695,0.3333333333333333,0.0
K9PkToULL1c,0.20868900000000004,0.49894591588567994,0.51,0.19
ND_5FiL0Btc,0.17385,0.4077463703087987,0.25,0.0
m6dCxo7t_aE,0.520448,0.4259987524582672,0.75,0.06
63PWdao1TOg,0.175197,0.46663389277998224,0.39,0.18
Gpu_st4ynLc,0.53295,0.4202459288321542,0.78,0.06
ES6BGxpBD-4,0.013905000000000002,0.51181608969922,0.33,0.27
oUsIMpm3SxI,0.09286600000000002,0.46019628447435346,0.32,0.19
SAhB93qLDXU,0.24050000000000007,0.4288032994276047,0.47,0.1
V4Ei7rSsqLU,0.08234999999999999,0.5804950999547098,0.35714285714285715,0.42857142857142855
xJWLxxD0Hp8,0.3287820000000001,0.538955393029887,0.62,0.2
3UfNg5-046A,0.137991,0.4264175217073051,0.38,0.15
MRS68CDu7VQ,0.10211599999999998,0.3492518543171962,0.28,0.11
JU-dODmBYqY,0.11925899999999999,0.4030854644104647,0.34,0.14
ddOGCYRK_ok,0.117089,0.4902580497850086,0.38,0.21
IoZseQRJpAs,-0.047581,0.5467029715842049,0.34,0.35
oIoXdKwrt8w,0.020635999999999998,0.4616005627206276,0.29,0.27
6BsXLnLn9ok,0.06150599999999999,0.4488639425973087,0.28,0.17
A7oSwX-mi60,0.17991800000000002,0.3660110824496985,0.38,0.1
csrYDgBF2nI,0.24927200000000002,0.49686808351513173,0.54,0.17
J-ek8drxFJA,0.17835299999999996,0.39572921763625185,0.4,0.11
Q_49iWYE37c,0.4464399999999999,0.6087121248997756,0.71,0.18
RWpYVOsdaho,0.2615035294117647,0.4652399194968394,0.4588235294117647,0.10588235294117647
DGfQaU_pgY0,0.21126842105263158,0.44949242140163714,0.47368421052631576,0.15789473684210525
LD2LGkUycQg,0.54074,0.48306175423024333,0.75,0.11
yezGH6Q-0fQ,0.19540399999999994,0.44771770702530855,0.43,0.13
Vk7StnSNEJI,0.3417675675675676,0.408392222742777,0.5675675675675675,0.08108108108108109
bPvnwkqOZ_M,0.4582825,0.33542911537871906,0.725,0.0
GAsdj-YaZaA,0.278491,0.4267637517631974,0.51,0.1
E7CwqNHn_Ns,0.39015299999999997,0.42679526999604855,0.6,0.07
x_uWxkFRPII,0.22040421052631573,0.494800642452842,0.5263157894736842,0.17894736842105263
thz6RC4VdCg,0.03218846153846153,0.5581741900207545,0.34615384615384615,0.3076923076923077
PNG75B-EwDE,0.3131785714285714,0.4497528403445154,0.5,0.09523809523809523
gbaz9_b4skU,0.12209399999999998,0.533065782773571,0.46,0.26
LUb_mBBBNgc,0.101244,0.4831004086771196,0.4,0.21
CAUO3YGvqnU,0.21953799999999993,0.40582107726928135,0.47,0.13
bwQR4WnTYdQ,0.4618670000000001,0.3693965779633049,0.68,0.02
DnuXHj_zRbM,0.110901,0.5412043376572291,0.45,0.26
Ib5ClFrYaXo,0.09460300000000002,0.35798564062124055,0.34,0.14
YGBzEN6_t6c,0.09325,0.35303856375755893,0.28,0.12
fKnAJCSGSdk,0.308558,0.3885449498269151,0.52,0.04
7p6DMevgbyw,0.10548400000000001,0.526044495973487,0.43,0.22
3312poOhXUc,0.38315,0.378194597091538,0.5384615384615384,0.038461538461538464
sXT6uHVeAfU,0.20453799999999997,0.45767189399830965,0.45,0.17
um_4I5OtSRQ,0.39903400000000006,0.4632527217880107,0.63,0.06
1E5nu50n8Dc,0.17850919540229884,0.3940647183068983,0.3218390804597701,0.10344827586206896
RHhXZ3DUED8,-0.064779,0.42581622028640476,0.2,0.29
sfk4Zul_Gd0,0.3936239999999999,0.40526392391131977,0.64,0.07
jEYMh_IUdVA,0.214041,0.41823444408489363,0.44,0.11
1rodyk_PvbE,0.40285,0.41586791472774143,0.5,0.0
6RlxySFrkIM,-0.136327,0.5104642335864482,0.28,0.49
YXQ11lY6v7E,0.018921999999999998,0.342826765168649,0.19,0.14
REuNRW5bTjY,0.070726,0.44370409139876094,0.32,0.23
g0fP7QLRr5k,0.39133200000000007,0.3934297799811295,0.66,0.07
N-f_dRIFPqc,0.14133684210526315,0.5576912749150228,0.47368421052631576,0.2631578947368421
7tKZB2k14iY,-0.19214599999999998,0.5029660482418271,0.23,0.49
95OWfZ1pXIc,0.157584,0.49252338558082703,0.4,0.16
MjV2kd3wRJo,0.320961,0.41816392453079926,0.56,0.1
FOYMXjfqUos,0.192516,0.47525511900872774,0.45,0.15
hPaMZKI5DA8,0.30424199999999996,0.4074419453566361,0.58,0.08
hd7aujL0XC0,0.0,0.0,0.0,0.0
w-A-4ckmFJo,0.28284600000000004,0.4988686515346499,0.52,0.14
p_xCQUwIfXU,0.546225,0.34742338993654415,0.75,0.0
kQxTHQdAYaA,0.1430875,0.3269436091954544,0.25,0.0
6PU2DjCwuOo,0.21994100000000003,0.49692283427007056,0.49,0.15
mwoUnNnH6L4,0.0025820000000000005,0.45448633805209154,0.26,0.23
JDB49WvRbKM,0.010706000000000004,0.4334561479134885,0.24,0.25
0Oq8LEzXkjA,0.145062,0.46856123778648184,0.4,0.19
MqdpfgjMiXI,0.30550700000000003,0.41979382683765143,0.53,0.09
RVyIMGru-Ow,-0.08706100000000001,0.44620482850256116,0.21,0.33
ZK4lXJDevYQ,0.28461200000000003,0.4277620540160149,0.43,0.05
xtcXJX7LfqY,0.15187031250000002,0.5558024032535325,0.40625,0.203125
3NlaOS3Vxrg,0.277466,0.443851006356863,0.51,0.09
oqvghou5m3U,0.141068,0.44879344199308435,0.39,0.19
XLjAHJaLJKk,0.043858999999999995,0.3230875785588174,0.25,0.13
gDJZmiX5GU4,0.290649,0.4397525257448784,0.49,0.1
poga7b3M8V4,0.493493,0.45016297143479045,0.71,0.08
a-apdGwBPz4,0.138518,0.49651464920584165,0.43,0.21
UXb_C-3bdCc,0.256723,0.4806768789644453,0.51,0.14
YyY3bZ1W6qA,0.505675,0.41083833423257865,0.5,0.0
1nZ5p7lUsyg,0.024095121951219513,0.5278944591262581,0.35365853658536583,0.3048780487804878
5idaQec5hoA,0.29888499999999996,0.4394349386143528,0.5,0.1
2bha4Dhiprk,0.06901800000000001,0.5363051441819293,0.38,0.29
tG7FiTjn9eQ,0.228517,0.39039737602986013,0.42,0.07
-eEe_NJQOfI,0.1950230769230769,0.38963849284751273,0.358974358974359,0.10256410256410256
gSJL8tEpQ28,0.22013100000000002,0.4037656755334708,0.43,0.1
pBUW-jKfY7E,0.154722,0.4130171111661114,0.4,0.09
Kp8u_BX3gUA,-0.030608000000000003,0.43011619050670485,0.21,0.27
2iVgPEZHx1o,0.133906,0.40096144074461815,0.34,0.12
LxK_MAjzs40,0.23461157894736842,0.45634182199038803,0.5263157894736842,0.14736842105263157
eCtb_ylVDvU,0.13004699999999997,0.3901038532121927,0.3,0.11
FcJE04mh39s,0.07784699999999999,0.5206558845254704,0.36,0.28
amBbZ7PcJGk,0.231128,0.48276577738692295,0.5,0.13
Df1M5mJR0Qg,0.202375,0.4444947377360052,0.45,0.16
VTkoOGcvFZ8,0.47058500000000003,0.36690178369013143,0.72,0.04
0otAdagZVz8,0.19386999999999996,0.5622216926622451,0.51,0.24
gsAKFIbpC1A,0.18363,0.3919181413254559,0.41,0.11
RKMtbcw9ZwE,0.06250967741935483,0.4555847411381997,0.34408602150537637,0.1935483870967742
NiSVs7kyqko,0.15337021276595744,0.4245307504161399,0.4148936170212766,0.13829787234042554
QJ3WV8N92Hs,0.29123,0.4288238289787544,0.56,0.12
1t0A_tZGrYw,0.218718,0.4654597326042286,0.46,0.13
PxhJZcrh74I,0.3819030303030303,0.47552246236433404,0.6161616161616161,0.09090909090909091
d_1REHxLoqM,0.18743600000000005,0.4763248743284356,0.46,0.21
HepWgbh4GhY,0.371364,0.45751682647089603,0.61,0.1
9ZAr3zwTIh8,0.067045,0.44696700155045,0.34,0.24
nQqRMBaohbc,0.293678125,0.38938713362665744,0.53125,0.0625
vJ4SVSm1ARQ,0.436716,0.3725323566403327,0.68,0.04
fzw11U3JnN0,0.109209,0.4863829049411585,0.39,0.2
lbzTfDfljoU,0.422077,0.4453954732268841,0.63,0.06
AdzXFri-Kbk,0.046110000000000005,0.43877774772656825,0.3,0.23333333333333334
rmRouEds_2A,0.23558500000000002,0.4153397056326303,0.46,0.1
eMomTUf4VXM,0.156691,0.45934324183446956,0.48,0.18
Fvi9A_tEmXQ,0.43746100000000004,0.43191297616418056,0.67,0.08
rD8XRjYBwrA,0.18066200000000002,0.46505708784621275,0.46,0.17
8hsm2QIEBkY,0.2224295081967213,0.42387459108247083,0.45901639344262296,0.11475409836065574
NOdULCFV1ZM,0.10658899999999998,0.4359535754859684,0.36,0.15
p0xyhCn0Eow,0.34708,0.4377669939591151,0.6,0.1
x4vYfzrYB7o,0.23305800000000002,0.38665403688051675,0.4,0.05
3PF5NLTjUGc,0.10945099999999998,0.44345087450471893,0.37,0.2
LYa9VPVAJI8,0.45263500000000007,0.37293595090176007,0.66,0.02
gqsNHdfSERQ,0.18334,0.42886591727485174,0.43,0.14
U60obmWODLQ,0.299813,0.4448738413651673,0.6,0.14
QRoWiTcO7dk,0.33177499999999993,0.4359097395963985,0.51,0.07
5eLQkh-4wXM,0.2639653846153846,0.38011838838234396,0.5,0.11538461538461539
PcAhCwwrFhc,0.285216,0.3935711426718173,0.54,0.1
904dG5l5AB8,0.4111959999999999,0.4126647910641275,0.63,0.05
doSR9Mq_taw,0.275787,0.4112016613913421,0.52,0.09
VOoeQE4H2F0,0.109237,0.4684691577158522,0.35,0.2
q_5n7URd2Gk,0.158115,0.43979781067554213,0.36,0.14
V2JbfugMGP4,0.37169800000000003,0.44293843093143315,0.65,0.11
F8UFGu2M2gM,0.34428900000000007,0.43634858150222056,0.58,0.09
VdjYl1j9Re8,0.011382608695652174,0.2994734751296652,0.21739130434782608,0.13043478260869565
Kt8RupLIkBQ,0.248989,0.4296207760094941,0.52,0.13
9rqIJcY9hMc,-0.0065980000000000006,0.49705397432874426,0.29,0.28
eO1Jm4N4rlA,0.37672399999999995,0.424446018268519,0.63,0.08
U4PL_1h2jDk,0.06061699999999999,0.4286952936655592,0.33,0.22
SaP18QTNdyo,0.34820606060606063,0.36763681925557995,0.6363636363636364,0.06060606060606061
5CtnrK3qx_Y,0.361468,0.49424104420414133,0.59,0.13
4zudc0WAQQw,0.192501,0.3572442608342365,0.42,0.07
pbJdS0hGoEQ,0.3152669999999999,0.4707488196596992,0.54,0.12
k9muFAEq_-c,0.11486500000000001,0.37789103333500784,0.37,0.12
J59sVVadk-4,0.07097300000000001,0.45514114884396034,0.35,0.18
KyD8jt6tSCc,0.111285,0.4222815005123951,0.26,0.13
JopNqvzMIqE,0.21723400000000004,0.383961199138663,0.42,0.07
pwIiREBs2O8,0.009689156626506032,0.4554410778844942,0.27710843373493976,0.20481927710843373
6vVla7hO8Mg,-0.134955,0.5292191199068681,0.27,0.45
cFy0aIGSGTM,0.10472021276595747,0.4668854252770427,0.3617021276595745,0.18085106382978725
tBS2vZ9fwao,0.26379700000000006,0.49749898903515377,0.52,0.16
V_DtccNhLTs,0.031317,0.49997060814711897,0.33,0.28
5a_Qron1EFE,0.07795300000000001,0.4266622784955333,0.32,0.16
95-uiTX1qWU,0.05749074074074073,0.4813683921783193,0.37037037037037035,0.2222222222222222
NyQcxZTMisw,0.32123,0.34554339684039687,0.5,0.0
Iz_yM8-fvxA,-0.017559000000000005,0.5667192082671982,0.32,0.33
N8TzqrRbPlY,-0.054651000000000005,0.5804882814484716,0.3,0.34
ziUMJB3id8I,0.087875,0.4409729287325924,0.34,0.2
lRfri5r1lCE,0.463553,0.37562794130761895,0.74,0.03
6blHNJwEP1I,0.55474,0.4553166265358646,0.6,0.0
ms1AzNr0wVc,0.08892199999999999,0.44717353646654895,0.33,0.2
roNmeOOJCDY,0.116207,0.5012306756883501,0.39,0.2
xRAqq1reiqc,-0.04803499999999999,0.5001678698946984,0.26,0.34
8wvwOKT3h7I,-0.031659999999999994,0.42876082750176703,0.26,0.28
fN2AQkaZGzk,0.35625899999999994,0.47664577268554476,0.61,0.11
rMWXg14gpV8,0.39146800000000004,0.4693542065178494,0.6,0.08
xtAOmpnSwvg,0.435411,0.535853803176762,0.67,0.12
OKGX7gQnxpc,0.285825,0.4305028100663223,0.5,0.1
icFMdguQQWg,0.05101818181818182,0.5109736181617407,0.31313131313131315,0.1919191919191919
-64U7WoBrqM,0.140486,0.4394997956814087,0.41,0.19
gP-Ztcujztw,-0.030100999999999996,0.47414237808805915,0.23,0.3
HsxBw6ls7Z0,0.198981,0.4114378469939293,0.44,0.1
4MvyKBXw9KA,0.23579,0.4291358238366963,0.43,0.1
0o81YZrNiqs,0.11069500000000002,0.46349415452085263,0.36,0.19
wQvoXaysyd8,0.0,0.0,0.0,0.0
8raaT7SRx18,0.34662,0.44993580030933306,0.6,0.12
3uR7Me4s_rY,0.233814,0.4022435406616246,0.45,0.07
BhtgINeaJWg,0.12891299999999997,0.368493716270712,0.32,0.11
pnQMdt91X18,0.3239060000000001,0.40720034597725974,0.58,0.07
hw0W6XX5NUA,0.4865125,0.36216064956556226,0.625,0.0
HA1LCLBLZ-w,-0.025845000000000003,0.40562213755538534,0.22,0.25
kqhoLNUTS8I,0.25159200000000004,0.40816275642934396,0.53,0.11
zSt722U7tzk,0.21605500000000002,0.4732390157996274,0.45,0.14
nnfMwwoLAKg,0.306022,0.42717780246169157,0.53,0.11
DDTlhnBeR7Y,0.17468499999999998,0.36380031483631237,0.39,0.07
Xy2qVIhTtG8,0.292963,0.49090416654475444,0.59,0.14
irstMfbm7Xs,0.5486111111111112,0.4088471283022392,0.6666666666666666,0.0
ZdJ6m63twio,-0.019149000000000006,0.4141789107366526,0.22,0.26
W3Vz25q_a9w,0.18924399999999994,0.4276261365538828,0.4,0.15
qPhVZExcGXg,0.16348800000000005,0.4008546093735233,0.37,0.13
kKXHcySbawo,0.189998,0.5193449427846583,0.5,0.22
znud7Vh5N84,0.242957,0.4301406926239367,0.45,0.1
eGqabNGrOCU,0.23305862068965516,0.4635617114869585,0.47126436781609193,0.13793103448275862
0XrH2WO1Mzs,0.3057032258064516,0.4106284679601155,0.5483870967741935,0.08064516129032258
mU43MoVuz-k,0.0364,0.38620324933371336,0.24489795918367346,0.16326530612244897
f1qvvD8N17c,-0.064638,0.532212993035683,0.3,0.36
ub9byY2pgyI,0.33614499999999997,0.5822502859381007,0.61,0.2
I-UHy7RBJFU,0.1817363636363636,0.3344547129901481,0.2727272727272727,0.0
a9swmbESgwM,0.0,0.0,0.0,0.0
2WBgxCktEIs,0.236285,0.4142884848447999,0.42,0.09
IElQwOB32XE,0.17610899999999996,0.4220819183748577,0.44,0.12
mJsvmscPY9w,0.409748,0.4623943556056886,0.65,0.08
4IlBNJbCzfk,0.349472,0.4054153522204111,0.56,0.05
YslQz6wH_Wo,0.309539,0.4237140568579239,0.52,0.1
bRJefohqsP0,0.29314199999999996,0.5279995265490302,0.6,0.18
LzyLw8EtKtU,0.170146,0.41940070133942314,0.42,0.13
B1atY5yr7NE,-0.06476999999999998,0.4704327434394846,0.26,0.34
zmJEKmg6zFA,0.10490100000000004,0.4275105120333299,0.37,0.21
NilGrhbmhtE,0.08562588235294116,0.516108673041761,0.36470588235294116,0.2
AmEEYTtIfMU,0.490362,0.39695422199039526,0.71,0.03
oz-XiYNCo7o,0.29864999999999997,0.4365546725210944,0.58,0.16
dtglJ5kqr6A,-0.040808,0.48335485550059387,0.25,0.28
mT1aQlwB8Zg,0.2547,0.31203253676499826,0.4,0.0
Ie2LChcpToI,0.126965,0.4043717402032442,0.36,0.16
AmLwO8u0TVY,0.23037100000000002,0.3605960996170092,0.44,0.05
w6prPFcFEbE,0.192752,0.3891257157988919,0.4,0.1
HlX6abSrZaI,-0.12129500000000001,0.5078380075132226,0.22,0.42
Ho39QqK_7-o,0.048203,0.3622110678747959,0.23,0.14
W6dy7xQ8NeE,0.227803,0.4755672308843409,0.45,0.15
8ywolhltzVA,0.431947,0.39560874749049724,0.63,0.03
KtT_cgMzHx8,0.286844,0.4099141227915916,0.48,0.09
SwTSvzn9yHQ,0.419806,0.37556708077785517,0.71,0.03
tjnhu2UFHWg,0.3397069999999999,0.46266774347365086,0.62,0.11
hJz-J5yU0w4,0.09623200000000001,0.3683415626507549,0.32,0.12
8Qou-MDcYKA,0.393891,0.4416899421755039,0.61,0.1
VvFsMe8_NIM,0.20916470588235292,0.4280668968351675,0.5098039215686274,0.13725490196078433
a8XLsqmeMUE,0.292059,0.43765624366504813,0.52,0.12
qgxJkU33DhU,0.12518307692307692,0.46358898957165817,0.4,0.18461538461538463
5BAKzzV8Pw4,-0.090607,0.6039271353822413,0.34,0.49
J4mExd_0CQw,0.22877999999999998,0.1880913012342676,0.6,0.0
Bbwls8imO5Y,0.23757802197802197,0.3861719553222452,0.45054945054945056,0.10989010989010989
w_01MdECgfw,0.10835000000000002,0.49663803540837037,0.39285714285714285,0.25
h2BNLiuh_F0,0.160323,0.4912966435576372,0.48,0.21
GTV8-5U7yxE,0.15204199999999998,0.4485746201425132,0.42,0.17
9-uwrtTzYOU,0.304554,0.5146303417833037,0.55,0.15
XhSd2JntwuM,0.04113809523809524,0.41099060755829175,0.2857142857142857,0.19047619047619047
jPnua-wFYuE,0.231394,0.4649557834504266,0.48,0.14
YvNxgHTWIlo,0.23497,0.4519221996096231,0.45,0.11
oCEKMEeZXug,0.309134,0.4326812067145972,0.58,0.11
gj7BRMuB-n4,0.33427999999999997,0.4123982073190911,0.59,0.07
YLZV3hbSLos,0.4564555555555556,0.27263462367185015,0.7777777777777778,0.0
-1GPvt7FRt4,0.136386,0.46904818494905187,0.38,0.21
pPXxhgdtcXs,0.09250899999999998,0.36155993226434807,0.3,0.15
hBkCrBlDHus,0.289716,0.3932384009020482,0.54,0.08
Ukg3gemPPUc,0.335484,0.3870621088972673,0.64,0.06
8aMJzV8dNeY,0.052145000000000004,0.4301737754384849,0.26,0.2
dgT66qE-CfE,0.5505111111111111,0.3750136069959312,0.7777777777777778,0.0
tuAQC7w5nmc,0.2688833333333333,0.4095360562745225,0.5833333333333334,0.08333333333333333
Ch-r17n3J14,0.47690555555555547,0.37657417016545686,0.6888888888888889,0.011111111111111112
XQj44QzV1lI,0.045781,0.45617204949339013,0.36,0.24
TIiVB3WI8uM,0.16563799999999998,0.34432946977567863,0.33,0.07
ReXeEKQyCKE,0.21742823529411764,0.4214465033699629,0.43529411764705883,0.11764705882352941
4ugGcBTUXrY,0.34229199999999993,0.41625650737976466,0.57,0.05
MUKJTbOD-pc,0.070087,0.4396306023595264,0.32,0.23
UtYwGZqOH7w,0.21696300000000002,0.48289816372709476,0.46,0.18
1-CfD0iBjKA,0.233625,0.4839631513607209,0.46875,0.140625
7nOWBS1WoS0,0.10172699999999998,0.39402633486989164,0.29,0.14
QYBxGRgyDUc,0.4263509999999999,0.41741285401745837,0.66,0.05
N3jL1GxZh5g,0.08322727272727272,0.31341448330781946,0.2727272727272727,0.09090909090909091
3t7o0mHRt2A,0.143868,0.33005053397320844,0.36,0.1
ltTBH5driHw,0.41377916666666664,0.4433075324376659,0.5416666666666666,0.041666666666666664
VTAoTeUpKnI,0.138021,0.4282023996418049,0.39,0.13
OFqkX8p4xEg,0.5246540000000001,0.4353470260424435,0.78,0.06
N9BpfLqe0ws,0.12876200000000002,0.47014632292085407,0.33,0.15
Tpyyr9e169Q,0.11913400000000002,0.40369260513910826,0.37,0.17
ecdJuWcZuR0,0.35274400000000006,0.4413571928313846,0.6,0.1
F8zvYRT8hxg,0.11534599999999999,0.433562130592606,0.39,0.16
ukPa8xMWkkE,0.21683999999999998,0.5006661925874365,0.5,0.17
ZlIs5JIAcog,0.17540416666666667,0.42376764513819626,0.4166666666666667,0.16666666666666666
y5WxSEusgOs,0.036468999999999994,0.49409172077560665,0.32,0.26
LMJaX6DLgCY,-0.18918700000000002,0.47712093218700863,0.19,0.54
Xwy10b_WJeE,0.153555,0.4050378141297427,0.34,0.12
3eYZf4dXSDU,0.16321200000000002,0.48623659987294254,0.44,0.19
-Zaxgf3D6dA,0.3052,0.4776440846488104,0.6,0.13
Uzl0GPU0vLE,0.18149300000000004,0.4622545697459356,0.45,0.19
2u7PIggyVSs,0.021179999999999997,0.2222146025804785,0.2,0.0
Bv9pw85mJEI,0.17128611111111114,0.31110680566217286,0.3333333333333333,0.0
-wYHDjU6uuE,-0.11053199999999999,0.4314094180427683,0.18,0.33
ACpxIfa6eEA,0.156719,0.37001247159926914,0.32,0.07
khzs6Jp_wTw,0.19370600000000004,0.4154174382040311,0.42,0.12
_OlOGX5WVw4,0.11917,0.32011580326500594,0.24,0.05
vxopfjXkArM,0.033436,0.49370854104825856,0.36,0.28
zwxEvRxWT4A,0.11081700000000001,0.40924995468661934,0.37,0.17
AVAPcIIKrl4,0.12121052631578948,0.3573010596928278,0.42105263157894735,0.10526315789473684
dX72axAvIGc,0.13673400000000002,0.4281849808715854,0.35,0.15
wnQoxT2iMkQ,0.570611,0.4352678540611517,0.78,0.06
IeOxo7o9T8Q,0.36377400000000004,0.4107456577055928,0.61,0.06
dBDzczSqEk4,0.196858,0.47369586913546113,0.49,0.19
3txs0LDQtCo,0.26630700000000007,0.42820865013565523,0.51,0.11
3XtTRfkkqqQ,-0.244055,0.4949057365549524,0.17,0.47
Ej59-ljxhoU,0.3562370967741936,0.4980625353383853,0.6290322580645161,0.11290322580645161
PX9O-AkgBRg,0.46706363636363635,0.3821461507013616,0.7272727272727273,0.0
YTyQgwVvYyc,0.08415,0.43355268780160966,0.34,0.24
1T9JvRXE13M,0.49907500000000005,0.35890274236204994,0.74,0.02
Xqi4Wcm2OOA,0.06992300000000001,0.3600524872445683,0.26,0.16
3_4v8jni2Ik,0.055075000000000006,0.48964120973933556,0.41,0.31
dzIPjLwNgmo,0.37666399999999994,0.37849192713187424,0.64,0.05
b5szk03nhrI,0.17058999999999996,0.435755686709881,0.44,0.16
CEpMnzW9mOc,0.1495717948717949,0.4916456410708407,0.41025641025641024,0.20512820512820512
gidVYJsVwdU,0.105002,0.4141498871133494,0.34,0.2
4kjjT9-fSIo,0.36304047619047625,0.6495601468024796,0.6666666666666666,0.19047619047619047
LLuLYBmUyW8,-0.145565,0.5002639767912537,0.2,0.46
t_Sp2MozCiI,0.15319300000000002,0.45458247904093274,0.42,0.16
pm8_qBd1vvY,0.311384,0.46348608538336944,0.56,0.11
js3BYcHmBhE,0.083568,0.4483128217840753,0.32,0.25
6aU7MV3mRxA,0.047733000000000005,0.4238181020331718,0.29,0.22
smhnPYNdL2E,0.37145399999999995,0.4311604298680481,0.6,0.08
_E3SQ7obrdE,-0.029323076923076917,0.5588800121036662,0.3076923076923077,0.3076923076923077
jfeFDNGkj2Y,0.36445142857142865,0.350654259000375,0.6,0.02857142857142857
_o-Vd3kqnIQ,0.28671,0.4526672580383962,0.54,0.14
jRDY5sezLKo,0.229133,0.47927349750533876,0.46,0.14
1KDkVe0BiaE,0.06258799999999999,0.5070591853580803,0.35,0.26
kMz44HzHcjw,0.19581052631578946,0.5546676822962859,0.5789473684210527,0.21052631578947367
y_DweTAEYWk,0.17771951219512194,0.46198015780403395,0.5,0.18292682926829268
0Z7h6L4vBCU,0.528125,0.41790163803818714,0.75,0.07
NC-TF0SPzzM,0.4226270000000001,0.43385288079140377,0.64,0.07
p47tZLJbdag,0.24494899999999994,0.4235060345485056,0.47,0.11
dpnuJ7Bo4fg,0.134248,0.44306623150043833,0.34,0.16
ye0Xblp_Nb0,0.163011,0.45788019173032585,0.41,0.17
0jhkWG7Jnr8,0.07287500000000001,0.44830299293558146,0.33,0.21
tJDXhik0iYs,-0.04184285714285715,0.4866628045229288,0.2857142857142857,0.35714285714285715
ZefgUVg3qx0,0.11447800000000001,0.5044464844916654,0.42,0.23
MpbSvJLy2wY,0.610346,0.3503629213886652,0.87,0.03
2Dtu16Nct6c,0.404338,0.4477444614464818,0.67,0.1
aDhOdSjEVPo,0.29836100000000004,0.44897205189076084,0.51,0.13
-r3SEz2rd4M,0.2016526315789474,0.4758819826810458,0.42105263157894735,0.21052631578947367
UY-u6E_gaNA,0.13035,0.4038894025058367,0.45652173913043476,0.13043478260869565
UUCEeC4f6ts,0.24199099999999998,0.5081271878368643,0.52,0.15
H6tgJRRZurk,0.377936,0.40422283545589055,0.59,0.06
-Eeklq1IAvQ,0.328157,0.41293797191709075,0.55,0.07
tiKQXuZsJxI,0.35270666666666667,0.37878393219471296,0.6666666666666666,0.06666666666666667
nTbsOTHtJGo,0.18781206896551725,0.4139069615087122,0.43103448275862066,0.15517241379310345
PabR3d9LORo,0.22050175438596492,0.339846759837961,0.3684210526315789,0.017543859649122806
yWIe2bEmpPc,0.1828722222222222,0.3134710863958155,0.2222222222222222,0.0
gUmNROSYGjQ,0.036837,0.40855233536353697,0.27,0.21
j4vS48NykgY,0.28724000000000005,0.37222748474555184,0.48,0.04
pO3FMPFFg9g,0.20274,0.4213632093574378,0.49,0.16
0ZTuQog6Xgc,0.09278125,0.3955752033728068,0.3125,0.125
CVaMNRDMP0o,0.4749714285714286,0.2483852406144577,0.8571428571428571,0.0
QKoXwdwM4Uo,0.08319199999999999,0.37257716668631213,0.26,0.14
aQKjNSK1eRE,0.15441899999999997,0.37863205086072677,0.4,0.12
qusyr5O4mlU,0.10739000000000001,0.5071281846831233,0.39,0.24
s_FHwR_dY04,0.17792800000000003,0.3794222289429021,0.4,0.09
GdiwwEPs--0,0.3202352941176471,0.522076019865911,0.47058823529411764,0.11764705882352941
Him2AmTLgEU,-0.050499,0.5107306925366831,0.29,0.34
TlK-pp8p8sw,0.4011199999999999,0.45981419334335466,0.64,0.08
k5MORochIDw,0.14851,0.43124364261980724,0.44,0.16
Z52Oj7q0Fvs,0.155092,0.45779989857578607,0.4,0.18
zvrTVifZ7ZU,0.07129500000000001,0.4350447476697081,0.29,0.22
zFH1q6xGSEw,0.060284090909090905,0.2964033216161429,0.20454545454545456,0.09090909090909091
-bG_LuUKbMQ,0.074544,0.41751845140544386,0.25,0.19
3-Mg75awALA,0.3053,0.3863134512284034,0.51,0.04
W8K3jRvOowA,0.5659040000000001,0.39042788832766545,0.79,0.03
ndIw2X9ilrw,0.102147,0.3048806564723318,0.23,0.03
_9-NilOpQUk,0.20827777777777776,0.43228876608576194,0.4444444444444444,0.1111111111111111
GG2ucUo5gR0,0.010840000000000015,0.5426211567935773,0.31,0.32
fjBr8NUHJtk,-0.01534499999999999,0.5028817525770845,0.3,0.29
3QUK8gN1oSY,0.13186300000000004,0.44489957915354333,0.39,0.17
EhFPMTWSsso,0.136283,0.41924572891205475,0.38,0.2
40f7_93NIgA,0.27387200000000006,0.4026055228334554,0.53,0.07
WiTgn5QH_HU,0.128453,0.46691176692283093,0.34,0.17
MH5x4Om_7so,0.021176000000000007,0.38970527405207134,0.27,0.19
QIxzvtmF0t4,0.274082,0.5325049976065952,0.55,0.17
HJisXI9SS0k,0.104329,0.44912984810520007,0.36,0.19
BjXTmh0YFhE,0.18464200000000003,0.503278432118842,0.42,0.2
9Y4GaoKIvaY,0.591017,0.35641818024758504,0.79,0.01
G7u4xK7_jZs,0.176373,0.5097651176483146,0.44,0.2
G1XOA1GqbNE,0.11294499999999999,0.45453190457326537,0.31,0.17
0Sh6rBEExH8,0.6249,0.0,1.0,0.0
b8O32J4_ODk,0.16181111111111113,0.5370261496725264,0.4444444444444444,0.2777777777777778
ZOqySJdBGgQ,0.223759,0.3581093687953444,0.41,0.06
GqqQ4fXO24E,-0.1590925,0.36778725806334017,0.1125,0.3875
3DP-MYEMwPs,0.05915100000000001,0.32571163365621436,0.19,0.09
3KAg0S3jXfQ,0.47559000000000007,0.371326237828678,0.75,0.06
lnFxzrhiBVM,-0.0759611111111111,0.2580859980249669,0.1111111111111111,0.2222222222222222
-VbbJqg7CH0,0.61151,0.3187803838067832,0.86,0.02
weItytharbY,0.27899019607843134,0.39442592845949925,0.43137254901960786,0.0392156862745098
cKe4DhsIcsw,0.01769099999999999,0.4642683013290914,0.25,0.26
P-EzMyJKALA,0.226482,0.39985770203411114,0.38,0.07
pU4RaPC3Rgg,-0.002049000000000004,0.4869574775059934,0.29,0.31
0tfvm5ISrBA,0.157582,0.42262973354462413,0.39,0.13
RVMZxH1TIIQ,-0.032015,0.4754211792453088,0.27,0.31
LU83cvEaMpM,0.21984655172413795,0.3296153537892715,0.3793103448275862,0.017241379310344827
YsVJQz5gosg,0.27496,0.3283521845011339,0.4666666666666667,0.0
InJkqGuAkyQ,0.15073666666666666,0.46025169453487325,0.4666666666666667,0.16666666666666666
K_Co_ktxqaM,0.296039,0.48420742082190354,0.54,0.13
Pry3-83Pq24,0.19225600000000007,0.4416222327555531,0.4,0.12
MZm037jPNgc,0.135388,0.5253215604332265,0.46,0.27
8-zzgV-kfGw,0.11343636363636365,0.36498325060629905,0.3181818181818182,0.11363636363636363
gZOTWh145Dw,0.080191,0.5065846494111325,0.37,0.26
MGtNtCjnGNI,0.15597300000000003,0.4200008861550175,0.37,0.14
mQ0hS7l9ckY,0.04344599999999998,0.3667342254058107,0.26,0.19
Jh6QiH9ZVSk,0.4942209999999999,0.47103768942516694,0.72,0.06
Q5PkEqzQdlw,0.024884000000000014,0.4643119707093497,0.33,0.27
d88APYIGkjk,0.486908,0.45069741283481984,0.71,0.09
pcnzIAObSQY,0.41549230769230766,0.4160885029035538,0.5384615384615384,0.0
WwoQfpm9hAE,0.4011128205128205,0.4419363959222669,0.6923076923076923,0.07692307692307693
t9bWXjzedPc,-0.5399,0.0,0.0,1.0
RlJvJSgIFZM,0.114067,0.5210416641795548,0.39,0.24
NnBHG1SmI-Q,0.23131200000000005,0.4963690420000022,0.48,0.18
3WO2MMflNA8,0.21158299999999994,0.5710033950958611,0.52,0.22
pnjjEaJBF88,0.16374680851063828,0.3926991679802334,0.40425531914893614,0.1276595744680851
VRpBybVl5qY,0.41221521739130434,0.49503443313149675,0.6739130434782609,0.08695652173913043
FU6y1XIADdg,0.401356,0.4177279215757549,0.67,0.08
G-6UNE09kW0,0.16901900000000006,0.46999634396343976,0.42,0.18
--JYHaQbBlc,0.04904100000000001,0.48617914868801193,0.34,0.28
cdLl1GVjOrc,0.20066200000000006,0.5358319519737508,0.49,0.19
yRUAzGQ3nSY,0.11882100000000001,0.42305554559537456,0.36,0.16
2ocHBYgQBh8,0.147932,0.427746190603727,0.36,0.17
LU6r78pDLDw,0.17097500000000004,0.42844180803815113,0.39,0.14
L6S5amkCoyc,-0.018972999999999993,0.42625410704297034,0.27,0.24
5-sM2HqQ_2A,0.251433,0.4002791788377207,0.5,0.1
lRfmojPQ0s8,0.05303823529411765,0.35408282930502366,0.29411764705882354,0.14705882352941177
QI1Y9s_Lh-I,0.272198,0.40222620152844346,0.52,0.08
job1XCk3PIY,-0.042288,0.48613089148499916,0.27,0.34
kaKpA_l4WoE,-0.13141808510638303,0.5013366467717407,0.2127659574468085,0.43617021276595747
VBYBTY2kFWU,0.10396300000000001,0.48266502745796697,0.37,0.19
FXWBejTVh-U,0.168361,0.3870396005307467,0.33,0.09
j8XvRET1-xE,0.127737,0.4973875922567832,0.38,0.2
ve6OexuRAzc,0.270833,0.45927140256170973,0.56,0.13
tEuVLpBItZ4,0.34452600000000005,0.49043343516118476,0.55,0.11
XJNm0PP_WrA,0.14612199999999997,0.4084607923852668,0.34,0.16
rsda9zcnEZE,0.17174999999999996,0.45178200794188345,0.39,0.12
U28JHwyySYs,0.096938,0.30341253262843315,0.27,0.08
UM8_dL1iSyk,0.136946,0.5111653545419526,0.4,0.22
0QjF6A3Zwkk,0.380179,0.43093050885148526,0.64,0.1
Roq20IV4yP0,0.161771,0.39197374256319767,0.38,0.15
sUmFdbfeOkE,0.08564886363636365,0.3925834343846593,0.3181818181818182,0.17045454545454544
So9iCqdfUF4,0.03036200000000001,0.5284228454145411,0.35,0.33
DvYs1HILq1g,0.34935280898876403,0.3861148481672981,0.5955056179775281,0.06741573033707865
ROS6-ZKmdnE,0.125381,0.4278751847665392,0.34,0.14
JIJw3OLB9sI,0.44531000000000004,0.4753301264384575,0.69,0.09
_u86npjGe7w,0.45943799999999996,0.41931535001237435,0.73,0.08
4mvWuky1g0g,0.24322399999999994,0.5354321876988719,0.52,0.22
WZmVAfiMdnI,0.005306000000000009,0.5357275448994573,0.39,0.33
w9_skJ-LopM,0.3791340000000001,0.41265918097626275,0.61,0.05
bfgV2zHME2Y,-0.08000967741935484,0.4387044801162731,0.12903225806451613,0.22580645161290322
4EZBbP6efGM,0.15185099999999999,0.4878102601411742,0.39,0.19
nx5HEciiKnQ,0.101695,0.5060950344302936,0.4,0.24
rXi1vzRIePo,0.3945389999999999,0.36313810262625984,0.63,0.05
J9p3vMcPVrE,-0.04967099999999999,0.4412252629428646,0.24,0.32
dpFceizsq-w,0.33688900000000005,0.4001992233613154,0.63,0.07
i4Tt_pE1XPM,0.10104800000000003,0.4095014919337902,0.33,0.14
ZDCL-Dm3EP0,0.10708000000000001,0.4766024708286771,0.39,0.2
fLoVSKAQjZA,0.160548,0.4681774354835995,0.4,0.19
VOJTIsGVSpc,0.12629300000000002,0.409585260783393,0.32,0.12
p_AdAkhQ-e8,0.18276666666666666,0.2925750084261394,0.2222222222222222,0.0
3h4uVVFCvVg,0.322648,0.42883834494597145,0.62,0.1
sM0flzYWjcs,0.619454,0.34636526194755735,0.87,0.03
4kUM3RRW8H4,0.025186,0.5760243821263125,0.38,0.34
KYHN8m2d0l8,0.31210909090909095,0.4220172668904899,0.45454545454545453,0.09090909090909091
S-zznFxADUo,0.389051,0.49349095604580234,0.63,0.11
jPtcoKswYDk,0.072,0.26695635756075425,0.10526315789473684,0.05263157894736842
OT5SWXebDww,0.19047878787878786,0.3755606231639015,0.45454545454545453,0.0707070707070707
TguamcqrQjI,0.4328919191919192,0.4051184165769955,0.6262626262626263,0.030303030303030304
Qqs8uRBD56A,0.05600600000000001,0.44943190047436554,0.34,0.24
ejJlSE3psns,-0.025127999999999994,0.4085237677491972,0.24,0.25
e7S8jWh6AEs,0.23391900000000004,0.4334070282528884,0.44,0.09
vhPHE8j_LWc,0.135727,0.44772298262541765,0.46,0.17
NRD60VaEHQU,-0.03985662650602409,0.41281543417979577,0.20481927710843373,0.26506024096385544
xPxbrHMHgNE,0.27885800000000005,0.40138008126462876,0.49,0.07
OgyaEWIHLIA,0.07199900000000001,0.4482452155896368,0.32,0.24
lUaNo_L7AKU,0.399814,0.47458027371984185,0.63,0.11
VUOyEYZDz6M,0.922125,0.05601510398990613,1.0,0.0
MA5tWWwWYw8,0.21590399999999998,0.4079104073004267,0.43,0.11
ugiZVox3Y1k,0.075487,0.4538210236767354,0.31,0.23
mCNuhoUvkFc,0.16101599999999996,0.43625064715596695,0.42,0.13
3vwoWXjB6wg,0.28690999999999994,0.4658371276530027,0.53,0.13
py9lrUq7cOU,0.304172,0.41501563466452684,0.47,0.05
y5KuzI0GeZo,0.40250299999999994,0.48154430189858966,0.61,0.1
uE1lT8kCVGE,0.2939875,0.3087610015752475,0.5,0.0
0m1hAfpOzbU,0.15452900000000003,0.3724374678506447,0.37,0.1
JuKmtYvuDlk,0.1007309090909091,0.4799942127956912,0.38181818181818183,0.18181818181818182
NC2vn6Xg7s4,0.21005599999999996,0.4672226384326855,0.42,0.14
zswlntbbyWk,0.17138,0.2747039308055129,0.3,0.0
GeQqBYX2or4,0.294182,0.39318208107186164,0.54,0.09
UpRUdylMl-c,0.11939999999999999,0.4160206220850116,0.3,0.2
x0ndJqZ8Ags,0.29423400000000005,0.45708316884785855,0.52,0.12
KAzSEZqrbO0,-0.071629,0.5247557283717825,0.28,0.35
GHSqIptANXE,0.06119191919191921,0.4769763299458789,0.35353535353535354,0.2727272727272727
zhrmXPxH7E8,0.019484000000000005,0.4455803085236151,0.24,0.25
k5mF56PO6vE,0.001369000000000007,0.4599292375344277,0.29,0.28
VHAg_91sqmI,0.190435,0.4570870745000344,0.42,0.14
Z1n7PNyxSvE,0.044533,0.3659096842268594,0.22,0.14
h0GohGRRmD8,0.07872299999999999,0.3917318888870294,0.29,0.18
0KP15lwyZYo,0.16339199999999998,0.3810598028341483,0.36,0.1
NFeK8JLkOCo,0.15992099999999998,0.4923508534155293,0.4,0.18
DSTONenerUw,0.23031791044776123,0.41696133573763333,0.44776119402985076,0.07462686567164178
SNRZMpA9_mI,0.15611199999999997,0.44783554398461944,0.36,0.17
uAkwLM0SC50,0.03054074074074075,0.5225910035411702,0.32098765432098764,0.2716049382716049
fUmkNKikPUQ,0.387086,0.411750320951909,0.56,0.03
QHW5QlcZ38o,0.22283529411764705,0.4329902783057218,0.5294117647058824,0.11764705882352941
xZFqU8eymaM,-0.124398,0.5363460634664899,0.25,0.43
834VIlWRWEE,0.20491025641025645,0.4271151963117762,0.4358974358974359,0.10256410256410256
iDsITyAJzTo,0.51062,0.4132726799584023,0.76,0.06
k29J8rwjBCA,0.20224,0.40535091069343854,0.44,0.11
34fAv_buRw4,0.118212,0.41512549217796785,0.35,0.13
rlO3HhCBb_U,0.2202,0.2202,0.5,0.0
2tefoNsmgEA,0.27024600000000004,0.4117836566499452,0.47,0.08
BDqqf5j5cFA,0.178165,0.49151108377634783,0.49,0.23
DcwDraePaIU,0.14015555555555556,0.19821168320264243,0.3333333333333333,0.0
xafrwqf6VGU,0.300473,0.4959816330984445,0.61,0.19
24QTajuS62s,0.08496200000000002,0.42554063819569576,0.34,0.18
AwDw7j7dEEw,0.225334,0.46463758914233355,0.46,0.14
LTurDWdE1dw,-0.021028124999999998,0.41761383720069,0.25,0.265625
j2MtJxiMKUw,0.266812,0.38224332597966965,0.53,0.1
6cRV87SyBCs,-0.017652747252747267,0.5033030898918169,0.2967032967032967,0.31868131868131866
OW70LTaPH9Q,-0.026666999999999993,0.4527414286444305,0.28,0.31
utK9mhiN56M,0.056458999999999995,0.5483735630197721,0.38,0.32
h_u1FGxphUc,0.10885166666666667,0.3623094692348272,0.2833333333333333,0.11666666666666667
b1BYE0s_7Xg,0.30753199999999997,0.48157733727408725,0.52,0.08
oTfgfoVb6io,0.13649699999999998,0.3902314980764623,0.36,0.12
JQC65dyEEIs,0.06461492537313433,0.3340782495047509,0.2537313432835821,0.11940298507462686
X8RlqcMZqgU,0.18173809523809523,0.3298396370477636,0.2857142857142857,0.0
9Gt_-yO72LI,0.048884999999999984,0.4521915789518863,0.34,0.21
zCNX_LEQ2hw,0.30740666666666666,0.33718738977343476,0.5066666666666667,0.04
kecGu2X0cbc,0.321724,0.460406017797335,0.55,0.09
G2tLyqfJd54,0.11503800000000003,0.45653793835342976,0.41,0.18
97g6fGKxbLs,-0.0015550000000000047,0.3872294434505207,0.24,0.24
9ncC1R2klvE,0.12448200000000002,0.47863379495810787,0.41,0.22
EDRZCJxGoIo,0.323212,0.39517120752403,0.55,0.04
3kztpCoQkWc,0.1764016949152542,0.4280289490017795,0.4576271186440678,0.13559322033898305
zsC61g36EqM,0.12560000000000002,0.424702721677175,0.38,0.16
fZgvqE89KvQ,0.083024,0.43311073505975356,0.28,0.18
iPcx7GLLPWs,0.18099199999999996,0.4205707095554801,0.36,0.1
V1HyH4dsHMM,0.23893300000000003,0.4171074688986041,0.48,0.13
NnO4GQbueaE,-0.01817857142857143,0.3649618006989057,0.22857142857142856,0.24285714285714285
sghLvB201Sk,0.12556153846153847,0.3952208386332138,0.3230769230769231,0.16923076923076924
mZSsmxUuMfI,0.533625,0.37462118116171705,0.6875,0.0
ZJb51E3P5G8,0.028358000000000005,0.43861688799680304,0.24,0.22
HIEDoaCZ__Q,0.46199375000000004,0.32200843053550243,0.75,0.0
RSBiXhgBl9E,0.16523400000000002,0.49298802444278506,0.4,0.18
bSkkE4hpLUI,0.2645621621621622,0.4571896101721682,0.4864864864864865,0.16216216216216217
ZV7wrTbudOs,0.13293000000000002,0.41720955945423877,0.32,0.14
bArHLo85T2U,0.48096799999999995,0.43774917701350385,0.67,0.05
TQty849xOBM,0.159441,0.425729202450337,0.37,0.14
LsS-8pSGBjQ,-0.098314,0.48920711769556263,0.22,0.36
TpIVf1dXrbU,0.27282300000000004,0.41214419293616167,0.47,0.07
QuheVlfZMpQ,-0.08121099999999998,0.49984253638420967,0.26,0.36
sHLTzzZ38AA,0.09092200000000002,0.4308862904711636,0.34,0.19
BVQSr8NpjrU,0.26066300000000003,0.46794648575558295,0.54,0.2
dzDaq0UZNt0,-0.12832000000000002,0.45630707095113043,0.18,0.43
DTGZ6tUh9OU,-0.024542857142857137,0.40149991231859156,0.14285714285714285,0.14285714285714285
Clw7KrLPmwk,0.058694,0.4377320287161999,0.3,0.21
7ziekx7f2xw,0.39228899999999994,0.5196927930797194,0.66,0.17
pIAYlrsU958,0.004215000000000014,0.5111940553987302,0.32,0.29
zwoZ-hKSiCs,0.19641399999999998,0.4059923767806485,0.4,0.12
-bKVA2RMk1g,0.027148275862068968,0.3679767497534271,0.1724137931034483,0.15517241379310345
FfsmLgD2ZFM,0.342688,0.4968126333498375,0.6,0.15
D1ip387XBPI,0.009560999999999995,0.5286918747049173,0.36,0.34
hR0PqJ3hp04,0.049747999999999994,0.4218281423708001,0.28,0.19
wvVYBNCrhrU,0.404635,0.40371613724868616,0.64,0.06
b2obQ4kTNcc,-0.056165999999999994,0.5627088679272791,0.29,0.37
CxVIvXDeBNc,0.504809,0.4064007008101733,0.7,0.05
E_7EhU5Y59M,0.07677400000000001,0.4991093210149456,0.38,0.25
vuLjLwEcPkQ,0.016604999999999998,0.35375080957504534,0.19,0.14
0OsrAUdys3Y,0.3464980000000001,0.4028555487963396,0.6,0.07
UP1BuHpGTjc,0.211609,0.444687310386748,0.44,0.1
Jjk7GT9GkuY,0.146356,0.517056759228617,0.43,0.21
UqYGOtK4q8M,0.151083,0.43630733756264056,0.38,0.14
Zfcx1oSakyk,0.25643099999999996,0.4716299389765242,0.52,0.15
XOm1bqRxCV8,0.20902235294117646,0.385181494692161,0.43529411764705883,0.07058823529411765
cUuYu8d0CsU,0.275684,0.3896443128598183,0.47,0.05
cK6EnFu3NHc,0.39209499999999997,0.4563894743253836,0.66,0.08
QrLvpUfO6lk,0.04116129032258065,0.42608680523848075,0.3225806451612903,0.22580645161290322
GfgnsnDfaJw,0.16807464788732396,0.36014339152046365,0.28169014084507044,0.04225352112676056
vWlsNOaj1sQ,0.156635,0.3885936045214846,0.31,0.08
2L6bKkAUIfw,0.146243,0.42073772216310723,0.38,0.16
sx8xsyLxuBo,0.13913124999999998,0.40001907723062097,0.3125,0.1875
-VUgDcoJFjY,0.172866,0.504173402555113,0.46,0.21
JFpanWNgfQY,-0.11017400000000001,0.53070186557426,0.25,0.41
IJHPrPCAEXA,0.207742,0.37536338771382594,0.46,0.1
K11IeKCIu6M,0.23583400000000002,0.4064763878062292,0.48,0.09
TeCkm-BEZ-8,0.38518299999999994,0.43593963046619194,0.59,0.08
IN333L7RMFI,0.280915,0.4523810805891422,0.52,0.11
z_rC0vHl6HE,0.6912050000000001,0.3298649818865288,0.91,0.03
iwFnhim7SG0,0.14717800000000003,0.4540149692642303,0.38,0.16
gSTs3Qklmr4,0.157578,0.40372682536091165,0.34,0.11
BuW99v6ZwQM,0.15010600000000002,0.4090283263589455,0.35,0.12
uX207XCIOuw,-0.34833200000000003,0.5626785433762336,0.2,0.63
xBGoJUxxRqU,0.262391,0.3814185769191113,0.47,0.07
JXFi82DSMQs,0.07642499999999999,0.47627664951685383,0.3125,0.25
fSN4w3OmS0Q,0.17974800000000002,0.4452198732042405,0.42,0.15
EzUe_kHw_3c,0.11713000000000001,0.3633757447876784,0.32,0.13
SCNJiXnYBVI,0.19249600000000006,0.48989477746144633,0.47,0.17
Rbo96dYm47w,0.09697700000000001,0.46307128368211303,0.32,0.21
YjZd9VwJ_FY,0.22976000000000002,0.4240648516441796,0.46,0.13
0g0BSgvKF2o,0.24768333333333334,0.2508073657654859,0.5,0.0
QOrsGtg9QoE,0.25658800000000004,0.4245958118681813,0.43,0.08
qFjw6Lc6J2g,0.354876,0.36140410377304794,0.56,0.03
3CbQaTrBTIE,0.281175,0.29752759010720337,0.5,0.0
4mztdQ_yUEU,0.18763600000000002,0.35039744876925116,0.35,0.08
54fLSvIPTI0,-0.004764705882352939,0.4665598933132196,0.29411764705882354,0.29411764705882354
zaK6vYyTW9A,0.29412499999999997,0.45723593392798867,0.55,0.12
3_dEsw1Ff1U,0.065625,0.5257538888824314,0.36,0.28
YnzQCSUisqA,0.185544,0.45639164504184343,0.44,0.17
pVrLURF7Spk,0.4847516666666667,0.4237263525325697,0.7,0.05
X_MU85-Yzjc,0.19837999999999997,0.3021649278126103,0.3,0.0
5PZfFyWcYEM,0.3762899999999999,0.4067976574416327,0.6,0.04
6GhSM3Gu9VU,0.03659100000000001,0.4717106973760506,0.33,0.26
v8bZBn2dCYU,0.153506,0.43815848817979086,0.4,0.14
BFi3Lleh5s4,0.20498800000000003,0.42924150644596337,0.46,0.15
fx2BsbaYPUE,0.20972299999999997,0.41239951936320196,0.46,0.11
JvggLw9zmrU,0.3110392857142857,0.35325288932119936,0.5357142857142857,0.017857142857142856
17gCRKvA7dk,-0.008570999999999997,0.44572129818867756,0.26,0.25
uiYdieEIa2s,0.2055450000000001,0.4578201132268,0.5,0.15
_JMIBCTmOb4,0.025484615384615376,0.41472261989867554,0.26153846153846155,0.2153846153846154
tKdmb7bdw40,0.39732100000000004,0.495220996989223,0.64,0.1
Zsfk3CedTTE,-0.01735833333333335,0.48696037562676037,0.3,0.26666666666666666
xoxuONCg3qc,0.22013100000000002,0.4439779484828047,0.45,0.1
S9KBrj8JcKk,0.13402142857142857,0.45109954267097097,0.32142857142857145,0.14285714285714285
tVoQ8pGWqR8,0.014587777777777772,0.4198326205704622,0.3,0.2222222222222222
pfbuDv1371w,0.122752,0.34387582540213557,0.28,0.12
vVR0Wf51vuM,0.379425,0.34182198272638936,0.59,0.03
1nHwQKT_muc,0.117561,0.4171357493418659,0.36,0.16
-sCHKdsRlzQ,0.09832799999999998,0.3349877860698805,0.27,0.1
eDakJMunNI8,0.035725,0.40006284915622947,0.3,0.22
t7oQjE6DBmw,0.134134,0.5201580129576012,0.43,0.23
LcZ2AuvxXNA,0.322307,0.4135180697998578,0.54,0.08
jhVsrnrNh9Y,0.4155270000000001,0.4376727980706592,0.65,0.06
bXhDOQhOwjo,0.247054,0.47107331434077226,0.46,0.16
XRO5bWp0OY0,0.2496111111111111,0.43608644176511385,0.4444444444444444,0.07407407407407407
KYX2btbXPpI,0.042662000000000005,0.474222294241846,0.31,0.27
mrra4A3ARUA,0.308613,0.4536100106159475,0.57,0.11
1260vejJyfQ,0.17393700000000004,0.3951479165211428,0.38,0.11
j_k_k-bHigM,0.314322,0.463956706941499,0.56,0.1
qbCZbP6_j48,0.38725638297872345,0.37098844466678316,0.6702127659574468,0.0425531914893617
DZqOhS2M-DU,0.41767400000000016,0.5252961042345545,0.64,0.13
APoFRoebzhM,-0.046255000000000004,0.47650733916173843,0.24,0.33
_lDb3MzDZEM,0.20129999999999998,0.41433290962702923,0.4,0.13
0YxPDmMO_CE,0.262673,0.45695639657520937,0.51,0.15
1XM2-pkxJ5c,0.07448666666666667,0.4893447017752982,0.4666666666666667,0.26666666666666666
sONLWHuYo7w,0.16414599999999996,0.38687534178854044,0.37,0.08
C7qXj4i_Vfk,0.32637391304347824,0.45982609067700453,0.5434782608695652,0.10869565217391304
hYf6av21x5c,-0.07610100000000002,0.3921387197140828,0.22,0.29
fcfQkxwz4Oo,0.28891,0.4064508926057366,0.52,0.08
O9E4xb-pxyA,0.016257999999999998,0.30213933943794874,0.13,0.1
OIlveC1Z5ow,0.23387799999999997,0.39488374455781283,0.5,0.1
_m-b1a6EnX4,0.09990799999999998,0.46038123456109725,0.34,0.2
2ceo3e-BsYM,0.425049,0.475282130212151,0.67,0.11
RhT-cGWQJbk,0.33043999999999996,0.4705998595409906,0.62,0.11
1o6eXOEiH3c,-0.058123999999999995,0.4868055018423682,0.23,0.3
939NGDTTNcg,0.21199499999999996,0.46339937729241715,0.44,0.12
ag1Fk5erUsc,0.207652,0.466814794641301,0.46,0.16
TCJG_7fc3XQ,0.26198307692307693,0.4578156967330281,0.5692307692307692,0.15384615384615385
L3ymBk6Vb04,0.214203,0.41500189287640604,0.43,0.11
M7Dp0zLRwQ0,0.065521,0.37751060973037565,0.27,0.17
-VRnBKfPOvw,0.419691,0.443254323407003,0.68,0.06
TjOdENdBXic,-0.04403469387755102,0.5522058727858588,0.32653061224489793,0.3673469387755102
aXl4Bpw30wI,0.27298260869565216,0.38816037435482986,0.43478260869565216,0.043478260869565216
z5qLgL-E7uY,0.130387,0.39185255993932205,0.32,0.14
iSJHW17xAkQ,0.119252,0.40276665216474916,0.35,0.15
b6xf7zyWSF8,0.25037638888888886,0.3482219616586586,0.4027777777777778,0.027777777777777776
mKc08iYhW9A,0.12978699999999999,0.4649740619980861,0.4,0.19
2iQnom_VSPQ,0.19052600000000003,0.49293576348648105,0.46,0.2
oDcA9BIB_NQ,0.4291899999999999,0.43129291937151026,0.7,0.09
Z00z6Aq-Jdk,0.09095600000000001,0.4407785889355335,0.32,0.18
Aj6-U7GVDt8,0.36796599999999996,0.43630331679234347,0.59,0.06
FRBX9rluO_Y,0.07842500000000001,0.44083499551986566,0.29,0.2
m7vYAvznp7k,0.3385829999999999,0.4288942921175333,0.62,0.12
IN_kywkEyhc,0.279452,0.4360383163163531,0.49,0.11
wwjtdOqTmrA,0.32789700000000005,0.4460787144563165,0.58,0.09
xn8JSRAScmc,0.40090800000000004,0.4671438407343075,0.67,0.11
uAfNS34hJqM,0.45335,0.4477301042480838,0.7083333333333334,0.08333333333333333
NPmN0ughilo,0.05307142857142859,0.4362054192179437,0.2857142857142857,0.14285714285714285
rQnYi3z56RE,0.267756,0.46052126298793195,0.51,0.13
ARH8Yt2fpvI,0.012419000000000003,0.4823717619627003,0.29,0.26
pR85CgoP7VI,0.110921,0.28219166865625217,0.21,0.01
fgSHlqSsGMs,0.11646100000000001,0.5616287366036392,0.42,0.26
gdvRELkXOfk,0.214394,0.3574137859176672,0.42,0.05
VjuYAAGFsvc,-0.07045454545454546,0.404325899972324,0.18181818181818182,0.3181818181818182
aiw3QftXOJc,0.332888,0.43845057264873083,0.62,0.09
2Ww6aljZEf8,0.267329,0.5238921158587901,0.54,0.2
ZKBz3iGP124,0.18868600000000002,0.41770478834219754,0.42,0.1
TmORMKTHuOs,0.39386899999999997,0.46162094334962744,0.59,0.1
FqAFHPeGq2c,0.38666599999999995,0.45530704414054485,0.62,0.09
4fEzWMtokXU,0.10100100000000001,0.502163403583933,0.42,0.25
nNBTLbw1_2Q,0.08371499999999997,0.38531557465926547,0.3,0.16
T07oFtADeuA,0.23467300000000002,0.42747810490246163,0.51,0.12
LGsxCSq6Az8,0.15307300000000001,0.3576701840676687,0.32,0.06
SM8WZ0ztMuc,0.16108,0.5753212186248653,0.41,0.24
nd4cLL_MP7M,0.289842,0.5097534302346577,0.55,0.15
d7hzcLZ7uRc,0.092352,0.3545720709475015,0.3,0.13
UKzfwEyPBIM,0.06282200000000002,0.3979079296973107,0.28,0.19
AMuhZLrQzjE,0.100475,0.17402780489048295,0.25,0.0
UsE-X4Eqtx0,0.3519958333333333,0.4040613094422608,0.5972222222222222,0.05555555555555555
xR3zhlmSrrc,0.45554545454545453,0.6275390387909039,0.7272727272727273,0.18181818181818182
Ht_X02Oc6nc,0.136189,0.4719611784659836,0.37,0.18
YrY3v1eDmQY,0.5009640000000001,0.4579270196264903,0.73,0.08
S9zmQC-87_w,0.264516,0.42404522771044123,0.48,0.12
6GmgwKGsgtY,0.16417894736842106,0.32467950877201324,0.3333333333333333,0.05263157894736842
ddIz-ydl6Yk,0.32976999999999995,0.5381408143785417,0.56,0.15
ziwE4WIBjN4,-0.04261099999999999,0.5921650418413772,0.32,0.37
pgtWGSQm15w,0.42806,0.3888590392417283,0.6,0.0
kQnNW4576us,0.078994,0.34899142018680057,0.25,0.11
yooWRoX4O9s,-0.020984999999999986,0.5895602183619584,0.34,0.39
pXCCBeuMWLo,0.172484,0.49233688988740226,0.43,0.21
z1m5aRT_abw,0.19663600000000003,0.43559958161596063,0.43,0.1
wk4mVzmdGq0,0.141148,0.353945580415973,0.34,0.08
0cZq0obHo6U,0.116469,0.4269743253861993,0.36,0.15
mYyaElmd4vc,0.29674375,0.5016621148352121,0.5625,0.1875
_nDQSHN5ztk,0.04265499999999999,0.5318618155827696,0.34,0.26
Lbz9VVfVnhw,0.05043799999999999,0.37818278696418745,0.25,0.14
SmobkT8IuxM,0.251376,0.4344438712008721,0.48,0.13
th_9ZR2I0_w,0.243792,0.3934864858365532,0.47,0.08
YxSMCOQLSLw,0.044900000000000016,0.524775552022005,0.3333333333333333,0.3333333333333333
cDQ5_mkYlFM,0.15502745098039217,0.4364743318726756,0.47058823529411764,0.1568627450980392
hz6GiJcH9Lo,0.33135400000000004,0.46886460378663686,0.55,0.09
amI67JUsbV4,0.2753300000000001,0.4896637502409179,0.58,0.17
AP1wWGqRAmg,0.008756999999999992,0.5112755914876046,0.32,0.26
HgWSbChPthg,-0.06183600000000001,0.44028655226340946,0.2,0.3
MKZi1V2WXR8,0.588676,0.32669434923793833,0.83,0.02
uRfOsl0nSnc,0.09769300000000002,0.4940924612367608,0.44,0.22
dHMdXU6goWU,0.22545357142857145,0.4170883843316519,0.39285714285714285,0.07142857142857142
M4h6VESyP3s,0.26953,0.4119460244983559,0.51,0.09
zV_FHJ5YMd0,0.38593700000000003,0.4690957622181211,0.61,0.11
jnl6i-AEkhc,0.17115294117647056,0.5215990167322552,0.4117647058823529,0.23529411764705882
2htVMOC8rsA,0.27253400000000005,0.5187581602673832,0.49,0.11
jmebAjdMrLs,0.16928666666666664,0.4006135262596886,0.37333333333333335,0.10666666666666667
wqTlWceqbaI,0.21590465116279067,0.37640498195890415,0.4186046511627907,0.05813953488372093
rj3dp83xKuY,0.5694888888888889,0.24122784271050765,0.8888888888888888,0.0
vOwLCI5kqdw,0.1875157894736842,0.4354260276328991,0.42105263157894735,0.14035087719298245
6mJMS2YDMnk,0.108354,0.46580201768991936,0.38,0.22
idg6vW3vXtE,0.587782,0.40320238723995677,0.8,0.05
X85Uj4d8-hk,0.5957270000000002,0.43007427494678174,0.82,0.06
tHdv5ZrSgYg,0.21726153846153845,0.3329240720516906,0.3076923076923077,0.0
a8QlMD-J0B0,0.059774999999999995,0.5047843221366923,0.25,0.25
R_hBqcZXF2U,0.17111999999999997,0.4849074057243462,0.45263157894736844,0.16842105263157894
fmrdsRdYZlg,0.184244,0.4568780831512932,0.44,0.15
Z2_f9BO041s,0.34811900000000007,0.47311564351540947,0.6,0.1
Y2_ZP-APEDo,-0.002841999999999995,0.5122605308200116,0.3,0.3
jCnWPbn-ZKo,-0.125519,0.43087177319824504,0.19,0.35
WyNGmDO4Ayo,0.43537900000000007,0.5054672981103724,0.69,0.14
bAOoFGCh1eY,0.35144099999999995,0.4135523227101983,0.59,0.06
FvhOwpip0K8,0.297361,0.45457576241920333,0.57,0.13
bWq7SnKY05M,0.18337,0.46848075446062887,0.44,0.16
YFNpff9W-BE,0.243,0.42421855866668706,0.41379310344827586,0.06896551724137931
G4BxOhJOmUw,0.140572,0.4411236198799606,0.39,0.18
Ll5SRh7ANvk,0.10287631578947368,0.46561453417935544,0.39473684210526316,0.18421052631578946
e6rglsLy1Ys,0.3593160000000001,0.4591892180180192,0.61,0.1
5cuxPmmrlv4,0.14881,0.4471684021708153,0.39,0.15
qV-ztVH9glY,0.07294,0.40536064831209256,0.26,0.18
3c1BWmw2ly0,0.330494,0.37268433474456636,0.53,0.03
N7HFXgyTya0,0.275171,0.42063568067747176,0.47,0.08
QfviLG23lUU,0.119698,0.4129164048521201,0.37,0.18
MrGgnpmWCOQ,-0.14089499999999996,0.4829738685218901,0.2,0.41
xGnw0PIq36M,0.18983333333333333,0.5752222893996913,0.3333333333333333,0.3333333333333333
wzx96gYA8ek,0.272739,0.48918369839866904,0.53,0.16
Z6BI1vnmsdE,0.17099,0.4614031234181234,0.4,0.18
az77mUdsRr4,0.2788972972972973,0.5072543780459163,0.5135135135135135,0.13513513513513514
c-UDERlkZ9k,0.004891525423728807,0.5056018941340216,0.3220338983050847,0.2711864406779661
q9L6PzX-NL8,0.299995,0.5041894238031973,0.53,0.17
bcJlmhoYNfI,0.3411199999999999,0.5010618610511082,0.61,0.16
zTSVug_5Iwo,0.005633000000000008,0.4072178289453938,0.25,0.19
7fgKBJDMO54,0.42239600000000005,0.3523776238412422,0.69,0.02
9HYHg5TCg-o,0.09553199999999999,0.45448704247316,0.38,0.19
ibe-XvERtH4,0.32307096774193556,0.3775711991763283,0.5483870967741935,0.06451612903225806
ihsTONOFVic,0.358631,0.44805041249729927,0.61,0.1
85BCi_1DxJ4,0.16703600000000002,0.38521528150373263,0.31,0.07
gIoQGs8lvxk,-0.07841200000000002,0.5161626854548863,0.28,0.4
eX_iASz1Si8,0.16428900000000005,0.5275611482842535,0.42,0.22
lrlIhRea8u8,0.5872249999999999,0.33238116233475085,0.82,0.01
GLvNgmJoTQ0,-0.04110454545454546,0.47486348514577686,0.24242424242424243,0.3181818181818182
M-AFo0mjV_E,0.19810300000000003,0.352454203395278,0.37,0.04
3W7nXg55mWw,0.4395550000000001,0.3820679003462604,0.64,0.02
sWyym9bO1fU,0.184292,0.374035123666214,0.39,0.09
sPoJFOn04g8,0.15999400000000003,0.40200030418396454,0.38,0.13
Ml5AAM_O6lE,0.500181,0.39767488597974104,0.72,0.04
9vhMY1u57fk,0.21684699999999998,0.5167898817614369,0.52,0.21
MQRPS2d9AqU,0.22846521739130435,0.36249690806321033,0.34782608695652173,0.043478260869565216
ILU2aiRaugg,0.46681176470588237,0.4674121633524602,0.7058823529411765,0.11764705882352941
fb3pDrf80E0,0.35662799999999995,0.5145180830796912,0.62,0.17
1GaKaGwch0U,0.131039,0.49563954440601293,0.44,0.23
P6J-rYjG6X4,0.6772400000000001,0.35899823732157793,0.8,0.0
TCZ8MSg9FrI,0.29490000000000005,0.4465779367012964,0.5806451612903226,0.12903225806451613
FCvAXgnbFeE,0.3681999999999999,0.4335490198351278,0.62,0.08
TVe5XPU10Zc,0.227086,0.4243833059911759,0.47,0.13
bqzUkvHlQ88,0.008351999999999997,0.4201346661440829,0.29,0.26
4_aOIA-vyBo,-0.179652,0.44304553275707453,0.15,0.44
S-4rhjO6xYg,0.028440999999999998,0.4174695493314452,0.28,0.22
pfzjcCzdtCk,0.41113000000000005,0.3824479829989956,0.65,0.04
rrhj0m5_cgk,0.365068,0.3765591185670585,0.59,0.05
2rVvXF3S0S8,-0.263425,0.3319928641928919,0.0,0.25
QH091zFHdQ0,0.06794700000000001,0.4535349782442364,0.34,0.26
6vm2CR2W6Iw,0.15564199999999997,0.4803857414994746,0.42,0.21
JVwYB0PY37k,0.031526,0.28370787497706157,0.13,0.09
w5LDRkj_VkE,0.224009,0.4748167688898529,0.51,0.17
LlGXq8xjUMY,0.21647399999999997,0.4626443572810545,0.48,0.18
aOwaNtVMQsk,0.19997000000000004,0.4094676989702607,0.45,0.11
f6mJ7e5YmnE,0.23416500000000004,0.5142002910102249,0.49,0.17
pxeULtuN23A,0.35107999999999995,0.571807077255957,0.6666666666666666,0.2
2oY4JgIU0XI,0.265468,0.38468586739832283,0.42,0.04
NFZY_o0QoJk,0.32872599999999996,0.5166495889130273,0.64,0.13
GRy43ljtqXE,0.08774100000000001,0.4142328982818724,0.31,0.18
x11dJ96CINo,0.15685285714285713,0.4862564413738404,0.4142857142857143,0.17142857142857143
Fp8XKeEXEmw,0.15995900000000002,0.4665877311063805,0.4,0.2
H1FeZBKD7lE,0.009347999999999997,0.5389280023305525,0.32,0.34
9qdDvFpMg1g,-0.025888571428571427,0.59408455712318,0.34285714285714286,0.4
1StzvGFX4_c,0.285867,0.44655582541379973,0.58,0.11
BqQAOv7dB3M,0.3212479999999999,0.4686251065574699,0.58,0.15
K7ypLNknbeU,0.31462500000000004,0.3471792480477484,0.57,0.03
P9YTKb5PgR0,0.320062,0.39091951518950807,0.52,0.06
NsRSRPsDGCs,0.15651600000000002,0.5167422418808046,0.41,0.21
BjFPdBujnvw,0.493361,0.4489730051784851,0.66,0.04
RnhuY17O2vU,0.123232,0.4764094526518129,0.4,0.22
lhQUxd9et4I,0.22571100000000002,0.3999994664733942,0.42,0.08
RWmdKFyON5s,0.138792,0.3701175785287697,0.37,0.12
0xJ1hJ5XIyE,0.140119,0.4103224455705537,0.33,0.1
EgtL5Neb9yU,0.137866,0.45287664395947824,0.46,0.18
PKp8FuQ52eA,0.12316299999999998,0.48308776089961125,0.43,0.23
ovKMWQC8hy8,0.08898243243243242,0.47572679655622807,0.3783783783783784,0.28378378378378377
dR_BFmDMRaI,0.3411466666666667,0.449859531458926,0.6,0.08888888888888889
b-KEGTo4yPM,0.06829799999999998,0.5304876181363708,0.37,0.34
4VWb3ZZ1U3o,-0.33314699999999997,0.5145113978241881,0.16,0.59
KkyXfpebihk,0.102462,0.4799119154136517,0.35,0.17
_85oBHflGcU,0.163668,0.45385460003838235,0.43,0.15
viDu9SLvF_E,0.065443,0.4378096536749732,0.35,0.25
yMnn6_oBu1A,0.08776704545454544,0.6121543248534026,0.375,0.3068181818181818
ykv23HpruCo,0.43083200000000005,0.442795970821777,0.61,0.05
aPL0p-Uo5bY,0.37542499999999995,0.4545111588014094,0.6,0.09
atuad2GUtIA,0.297865,0.43362391617045287,0.5,0.09
a-5uEbrQR3s,0.085539,0.4919348135464698,0.34,0.25
NTUaW4pEzN8,0.19559100000000001,0.36473242989758947,0.36,0.09
AJUiQU8-w8E,0.16033899999999998,0.5165456287483227,0.43,0.22
KB43fM_ozKQ,0.12937,0.3933484751464024,0.36,0.14
3pmu-cTT-Ak,0.190658,0.6172557246684716,0.52,0.27
pRKYWlXe-gA,0.149444,0.4334368937504051,0.39,0.15
-cSk9stRzRg,0.07749999999999997,0.4816942420842737,0.42857142857142855,0.2857142857142857
-p6WWRarjNs,0.10628,0.5431235214939599,0.45,0.25
Fzz2LPtQs4o,0.23311800000000005,0.5481814107355338,0.52,0.21
gPduSGytMlA,0.18406499999999998,0.39225601241408653,0.43,0.1
9LmJ6YBmOKE,0.09599600000000001,0.33684302484094875,0.32,0.14
B4gVdTr8klc,0.275749,0.47325410288659947,0.52,0.1
G3v28unsj0s,0.16436900000000002,0.44178953964416134,0.45,0.16
UdbOhvjIJxI,0.26684599999999997,0.5132955013284258,0.52,0.2
flCDCPsMKoM,0.130073,0.38857076906401483,0.34,0.11
6FlC9kjDKdU,0.268942,0.4131343401800436,0.56,0.12
UU3Zct_Z6Sw,0.20828699999999997,0.47579213037943363,0.5,0.16
IUPTwbjQJdw,0.21055483870967737,0.3484362040360308,0.3655913978494624,0.053763440860215055
k4kDT82hxF4,-0.006231460674157311,0.41267973914418626,0.2247191011235955,0.21348314606741572
-w-VTw0tQlE,0.4455749999999999,0.4449391635662116,0.65,0.08
UxlJQ2ZLMIs,0.138496,0.4858931320609502,0.4,0.18
IRs22MbhC1Q,0.35251875,0.34593661850610363,0.625,0.0
kOimn6K0DG0,0.181486,0.45704153487839594,0.4,0.12
oPzQZFI_HIM,0.307024,0.40364728021380253,0.54,0.08
jWQRDwaHRfQ,-0.25011799999999995,0.5279840649830257,0.2,0.51
b4zUQ33ovUM,0.5528019999999999,0.43100427746833325,0.79,0.07
uiLnuPcd-aE,0.180622,0.3933691923829318,0.41,0.1
OTRmyXX6ipU,0.20845299999999997,0.4739678203116748,0.43,0.13
rKatNrDfR_I,0.48491249999999997,0.4284389978091981,0.75,0.0625
pwhpLjsWaiw,0.49899999999999994,0.3759468934127088,0.6666666666666666,0.0
roU7-JmrSnY,0.203338,0.4382415564001205,0.42,0.11
l_nQ9Ug0X-4,0.5792333333333333,0.2757773296620945,1.0,0.0
EO-0qOGOsO8,0.273296,0.4841001670976783,0.53,0.13
vvsI2pERsas,0.586966,0.32935561790259477,0.8,0.0
Lj57yB-BYQ0,0.15191000000000002,0.4086114319252461,0.36,0.13
Xycfr1f9MBA,0.090667,0.406309828592664,0.31,0.18
bK75CblneeQ,0.48837714285714284,0.4557979847543454,0.7428571428571429,0.08571428571428572
4yAyonec3oI,0.08877700000000001,0.364041412714268,0.32,0.13
MA6qX_Fa-W0,0.3280349999999999,0.5056860336958101,0.56,0.15
DDo4CA13LbY,0.449437,0.40672998110663044,0.68,0.07
YgEX0Wp76pA,0.027577027027027017,0.47007446723100454,0.2702702702702703,0.2702702702702703
7rR-x6WoKFE,0.014161111111111103,0.46455145407979764,0.25,0.25
uz9PCsdUjN0,0.250124,0.4015495802811902,0.49,0.09
S3DGvtvCdTA,0.14376727272727272,0.36952463077189784,0.34545454545454546,0.10909090909090909
tGX1T4zh2uI,0.11362900000000002,0.4692724330908433,0.37,0.19
NYuu0NNryS8,0.109613,0.44640303082640465,0.3,0.18
Pq08trKEufo,0.197123,0.5170909855828082,0.51,0.22
glsOzrSvh2E,0.076688,0.4290892891415492,0.32,0.18
jto8n1dBtS4,0.3849076923076923,0.37600932161427647,0.6153846153846154,0.0
3Hr6Mxux8T8,0.547575,0.4015010504033582,0.8,0.04
64zr0Gia4uA,0.15655999999999998,0.42292316772671606,0.42,0.16
qxPBrWZY75U,0.23793599999999995,0.3733155087911565,0.42,0.04
93m-ZGWbXls,-0.00999999999999999,0.7236976993192669,0.5,0.3333333333333333
KQFpHXJZvZo,0.17430625,0.43401817065756304,0.40625,0.1875
CorSPPUHG8w,0.057264,0.4329614182626439,0.28,0.2
Zag_tB4fgJw,0.6564369999999999,0.3405405907245126,0.85,0.01
IlnZKSR73S0,0.26755300000000004,0.46263333093390496,0.5,0.14
L4hhRZJnOwA,0.15621363636363636,0.4563057560406923,0.4090909090909091,0.13636363636363635
fL_xT1nzBgU,-0.216359,0.47447948387575206,0.16,0.43
4bIPhtK506w,0.10574900000000001,0.36490231966788045,0.28,0.11
gykbz5ZXovc,0.2681210526315789,0.37270075844604933,0.3684210526315789,0.0
S1L0jpv8hOY,0.19258536585365854,0.33128195975484764,0.36585365853658536,0.04878048780487805
wvY31L_LXqA,0.17569800000000002,0.4249156904563539,0.39,0.16
k9G_jNf0Xkw,0.25309200000000004,0.46924773066686215,0.45,0.14
gA8Gru79DcE,0.257967,0.42453144242917984,0.46,0.1
7V3FpP_001Q,0.006675999999999995,0.4423636219491834,0.27,0.25
kACwbzotkAs,0.15652,0.44420280931124245,0.39,0.17
tRlBBiCflmU,0.11558600000000002,0.549172579253553,0.45,0.27
L1dEtSyn6s8,0.170163,0.450123183729743,0.42,0.14
6ZK2QoCCccs,0.22358999999999998,0.4031728846289145,0.47,0.11
meWZBNSst0I,0.16091400000000003,0.33383476242596427,0.29,0.04
L5cAnxNVWkw,0.190306,0.3689351742027317,0.43,0.1
52Jy0-ImqXw,0.180379,0.4268342981286766,0.43,0.1
H5IuDl1dUmo,0.26624545454545456,0.36929135175270333,0.45454545454545453,0.09090909090909091
5rrM3zl4J_g,-0.04290000000000001,0.5095040806509797,0.26,0.28
93TRQD-QEDg,0.253669,0.440409930109438,0.5,0.11
5JB1NY2xut8,0.38674800000000004,0.464981318652696,0.65,0.08
4P50c_WRWqs,0.037860000000000005,0.4342966007235148,0.25,0.2
YDRWr87yTlM,0.298435,0.4471245225605503,0.54,0.12
pMaKr4VVL2M,0.002382999999999992,0.4603981937529729,0.31,0.26
_yVIjw_wouU,0.31385555555555555,0.392022108535025,0.6111111111111112,0.05555555555555555
D06PL6qh6X8,0.287768,0.38270092340625467,0.49,0.06
TenEUk4oFDI,0.090612,0.5221635916606978,0.35,0.23
MtxJQ3LqM5w,0.09600204081632652,0.48144732540402824,0.3673469387755102,0.1836734693877551
9jbu8nhaL84,0.295281,0.46842319577386426,0.54,0.13
aoLVqA1YW1s,-0.20771499999999996,0.5029056208425196,0.2,0.45
VN-cxU95C1A,0.13011034482758618,0.42579230516105365,0.3793103448275862,0.20689655172413793
BKwGi6UtKeE,0.42338000000000003,0.36333461932494127,0.7,0.1
KB_15Xt5T-M,0.142896,0.4964823126597764,0.42,0.21
zjaU5ZHQTrU,0.04356200000000001,0.4980001772650287,0.36,0.27
eXuT_83QI6g,0.004686206896551717,0.4772814931649836,0.2988505747126437,0.27586206896551724
LbwK_9_dzzA,0.22282,0.3953667580867162,0.4,0.09
Cn0pCvp0CPk,0.02640699999999999,0.5237600151319304,0.37,0.31
STsjV5_ZqWw,0.29818900000000004,0.3162929730155256,0.68,0.04
425USN9WyrE,0.05525099999999998,0.5107542760457322,0.39,0.25
CARrs4cMp1k,0.20009154929577463,0.43691984592093264,0.4647887323943662,0.11267605633802817
OFJrow7yaec,0.06394999999999999,0.4680071812483223,0.33,0.22
gKq2BtgCR0Y,0.17539499999999997,0.39214286309328644,0.38,0.1
H2UDMCejxxY,0.225696,0.3850312568922165,0.44,0.06
3dPFDzxwvDw,0.22173500000000004,0.3678474350529034,0.45,0.06
27mUWs2wjPs,0.159476,0.39618049374495967,0.37,0.12
Vjbqe7agCz0,0.154879,0.40053791238658043,0.42,0.14
XjwO9InuFJk,0.169844,0.3474717900261833,0.36,0.07
MeDb2nU9jKU,0.594267,0.4070288368297754,0.78,0.04
W1aMtOAk4LI,0.2271892857142857,0.4340680770114777,0.4523809523809524,0.13095238095238096
oFadopWxKjw,0.34872800000000004,0.433896905285115,0.58,0.07
pMDKpPn8Ftk,0.191196875,0.28384480958392455,0.40625,0.03125
2T_jCX8J_I0,0.158164,0.4861506407524318,0.45,0.19
pTftzGy3_nc,0.08103400000000001,0.5259741225992016,0.39,0.26
m7zESelVZzQ,0.208727,0.3730299132388716,0.45,0.06
Gb1Oxj8qRkY,0.201069,0.4102467417774333,0.43,0.12
f7DqQ5lOlaU,0.3429,0.4657765885056912,0.62,0.12
jDy0h9tkrsg,0.29518900000000003,0.4181505154594454,0.5,0.06
u6ZLrxmHR-U,0.1670513157894737,0.33712183589187866,0.27631578947368424,0.039473684210526314
yg-enhH9iqQ,0.05213900000000002,0.5538593575800629,0.41,0.3
Svg_fIoHij8,0.296722,0.37129926139975017,0.51,0.05
4M82H4j7i3Y,0.23580599999999996,0.42896287364292957,0.47,0.14
jWNebDDmuXc,0.19595700000000002,0.35990698888879613,0.39,0.07
By-KcYGVTCc,0.36935399999999996,0.5682961209475215,0.62,0.16
-KMZW_zwRfc,0.5188710000000001,0.38064566312911013,0.75,0.05
CJ-2NKO5Ixk,0.27321799999999996,0.4668425373463733,0.52,0.12
TQwDIO097VQ,0.2515142857142857,0.37605770046846887,0.48214285714285715,0.07142857142857142
qtFXCt-7haU,0.187723,0.4953595120425165,0.48,0.18
1ZGjZJTPvD0,0.19569599999999998,0.4359048022034169,0.46,0.12
pz1eY9MSWYM,0.27402,0.44016088581335805,0.48,0.09
BagYRDEFvy0,0.258228,0.43960076343882754,0.49,0.1
LSMbwzuppWQ,0.16408999999999999,0.4650044211617778,0.45,0.18
pM7xo_VWJis,0.14432000000000003,0.44630966671135414,0.37,0.18
hojPHhLUuJ4,0.09943300000000001,0.5213073730641069,0.39,0.23
FywCjNL9rI0,0.451495,0.3689579684394958,0.67,0.03
1QDm3eVVSAM,0.34306666666666663,0.37776466182296914,0.625,0.041666666666666664
VfOR1XCMf7A,0.324325,0.4752864484445144,0.56,0.1
1OhRb3NcJCs,0.26545799999999997,0.46034535843864005,0.51,0.14
53Gw0DrQ7nw,-0.30275,0.5654450452224926,0.16666666666666666,0.6666666666666666
Zx7RnwitTB4,0.19871099999999997,0.4464897405081107,0.46,0.13
AmNid7KxUhU,0.05202399999999998,0.3959796755188327,0.3,0.18
uQyLTdRW21k,0.224415,0.4610757066632334,0.47,0.14
z069ldsumxA,0.31319600000000003,0.4783063831729616,0.58,0.13
06JwbwL3yEk,0.17159117647058825,0.3824043920247156,0.4117647058823529,0.11764705882352941
HGTZzS1bZDE,0.271499,0.46955262037283957,0.53,0.13
BorZc59aqAg,0.269437,0.4749811010250829,0.54,0.13
JMhXXr6gddc,-0.05598100000000002,0.5002269468341345,0.28,0.36
H0CTHVCkm90,0.391309,0.49873364295884426,0.67,0.15
sfR9fdQJsa4,0.3222130000000001,0.49207606376555246,0.59,0.13
lAbEtLmGFII,0.19210100000000005,0.42776122697014046,0.47,0.15
gOG1I0RB26w,0.46812000000000004,0.4030030391944954,0.8,0.0
3oaycSfG1jw,0.2678796296296297,0.4050793842545075,0.5,0.09259259259259259
aboV1HnpqIU,0.145846,0.4126659107365182,0.35,0.13
XT8EJTmHbSA,0.34910599999999997,0.39883786751510947,0.65,0.06
cbnVFvnixKs,-0.07987799999999999,0.5609717667726247,0.34,0.45
aKXLQN1l7mQ,0.227584,0.5598627363416858,0.52,0.19
UClamQuy_d8,0.03242500000000001,0.4302250432912989,0.28,0.21
IHBLbGvwO6I,0.18124200000000001,0.4787219531586159,0.4,0.17
L0X4dM1ve4g,0.16795000000000002,0.43523714398015245,0.37,0.09
CI_Y6RLRtis,0.040682,0.5032611100373244,0.39,0.29
Z_bL6rq5UGA,0.26847674418604645,0.4345744653920603,0.5348837209302325,0.11627906976744186
wwLH2de3FfM,0.38164117647058826,0.5588142160586147,0.611764705882353,0.17647058823529413
cjY-afkdMOI,0.295159,0.45878112975470126,0.57,0.13
_7I8C1ynVco,0.0,0.0,0.0,0.0
9D420SOmL6U,0.17700599999999997,0.4338544727947379,0.4,0.15
WeSFqheNSYo,0.19061799999999998,0.4373345313098429,0.4,0.14
VbB33IRYs5c,0.138277,0.4146566977283739,0.36,0.14
ahGo8NQ22Xo,0.02751400000000001,0.45676467946197424,0.26,0.23
iKRpMjVJKZc,0.12318300000000004,0.49058326817269254,0.36,0.21
_GfrmVnmIwc,0.29394000000000003,0.4416376224915626,0.56,0.08
KXYfxFiM030,0.177283,0.40364345728749274,0.39,0.12
johyMpuo1gk,0.144885,0.43531295647499396,0.44,0.17
TwJqr5mWUmA,0.04568900000000001,0.4536694197088889,0.32,0.24
taVvS-dCG2A,0.16122599999999998,0.4761451309464374,0.4,0.18
tUbwnzNY54w,0.28838444444444444,0.4377896607862708,0.5333333333333333,0.08888888888888889
M5_4kHZsdyc,0.275304,0.42927949494938605,0.55,0.12
8kQDAbE7Gx8,0.427423,0.40355828943412875,0.66,0.08
_bAnbHsDWa0,0.20230099999999995,0.3921214427941936,0.41,0.1
S_kq5a-bu4w,0.10222000000000002,0.49822121412079595,0.44,0.25
4tmEoQ_QDFE,0.22682666666666668,0.4198528606812418,0.5333333333333333,0.2
Hja0SLs2kus,0.152235,0.4289588323778868,0.39,0.15
0-VLNiEbDRo,0.25747899999999996,0.38232635674120086,0.46,0.05
dnUTNU9f7CE,0.20257899999999998,0.33895439908489167,0.4,0.06
rc5dFhhkALI,0.1650935483870968,0.2940522083724237,0.3548387096774194,0.03225806451612903
aTRVfKqG59M,0.4021139999999999,0.391243902194015,0.67,0.05
o5fVVdTFp6Q,0.33308,0.4126372518326478,0.5,0.1
KuwyR0OW-nc,0.151545,0.49623291816948206,0.37,0.21
mHHcyfbxR3s,0.36424400000000007,0.47244866902553556,0.52,0.08
4YB2jJWw8X4,0.03668360655737706,0.5633448008540487,0.39344262295081966,0.2786885245901639
i65V9mTMgFI,0.105375,0.18251485384757044,0.25,0.0
mG8wjnBKBPA,0.027501999999999995,0.44275498483472775,0.26,0.25
oDvMqM35Hdg,-0.057373,0.46228901130245353,0.25,0.35
Z3f90BIYU7U,0.31736600000000004,0.3989084702585294,0.53,0.07
5FK9tWT5pA4,0.201443,0.4278004261931024,0.42,0.1
QGiku0fmlNM,0.341864,0.5072903406373908,0.58,0.11
BAQlFTGXJ-8,0.23769300000000002,0.3695711123058727,0.53,0.08
D_dGF42MhTM,0.26836600000000005,0.4270404414619299,0.47,0.07
FvOM9_tRu2M,0.149914,0.5399677316321781,0.44,0.25
uSBnvoWkBdU,0.117971,0.5096362369955653,0.4,0.24
ITdWN4O2aMk,0.26255500000000004,0.4514930407824687,0.5,0.1
diWNqw0ZOA4,0.274824,0.5128515787476918,0.5,0.15
yDupmynj8V4,0.04601999999999999,0.4403982534025311,0.28,0.21
q4LI3I7PIoM,0.3214409999999999,0.4367948477477728,0.56,0.08
bsNl-Nn077g,0.03426,0.38524187830504614,0.24,0.18
dFcI76D_kXc,0.13532,0.39488218293561944,0.33,0.13
ns-lKaXx-BU,0.37770700000000007,0.4614735782804905,0.62,0.09
z9vGoj449s4,0.297069,0.4800833252040733,0.51,0.12
EDmK5Y6SnNE,0.14533529411764706,0.39051077102141113,0.35294117647058826,0.14705882352941177
lUzZIOq7u40,0.280102,0.3701839612895189,0.43,0.03
bql89QMBCr4,0.040671000000000006,0.40081589446901933,0.23,0.19
y3cRbMJHc6Q,-0.03185999999999999,0.5310558642930139,0.28,0.36
gH5HfvJWdf8,0.0625,0.5448254582891663,0.3333333333333333,0.3333333333333333
6jn8Ji0g5Rs,0.464907,0.4190846867293054,0.7,0.07
mAQhmUi-ygk,0.23719565217391303,0.3855001319328268,0.4782608695652174,0.043478260869565216
VT0floYMpDc,0.397791,0.38283017960840027,0.61,0.04
wsEF9ExxzVU,0.08831428571428572,0.2545123203785817,0.2857142857142857,0.0
S2eZawMm-go,-0.020172000000000002,0.4026410215266199,0.23,0.26
h2HE1qOLdE0,0.259176,0.4877000342669662,0.56,0.16
Owjm9AKn4bg,-0.186242,0.6280752778417568,0.28,0.5
O2jkV4BsN6U,0.03209100000000002,0.4288940617670055,0.3,0.25
uM1AObAZATI,0.069306,0.4549738855846564,0.36,0.21
UlGeHPncTe0,0.06546099999999999,0.37339088684513977,0.26,0.15
7XsviBxbLvI,0.099692,0.4761417515152394,0.4,0.23
LM2iVXAA770,0.20054300000000003,0.4827421061508929,0.45,0.18
okOsyezoR7s,0.193155,0.3855732981872577,0.4,0.07
xOr8drMMD88,0.49272600000000005,0.39768693154792,0.75,0.06
c8K7ItJuprw,0.29705300000000007,0.3879497690307342,0.49,0.08
Y-eez71F18E,0.251927,0.45464606164685956,0.49,0.12
SPZFN6VFFow,-0.0761103448275862,0.5246038701559871,0.27586206896551724,0.3275862068965517
S1t5_iGN0xE,0.16683900000000002,0.39270519398016623,0.34,0.08
KTLhU2rI130,0.38378,0.4036526595973325,0.57,0.03
UI1t6YaO9JA,0.18089200000000002,0.48744128193660413,0.45,0.19
6oc8KRNkW_Q,0.04708300000000001,0.39028125372736006,0.23,0.18
rBVgbxTkEuo,0.313117,0.4026865721761777,0.51,0.06
1XhrA5oAoYE,0.001699999999999997,0.4550892743187868,0.3,0.25
TAVkKfU6q6k,-0.1701615384615385,0.5417705880344296,0.3076923076923077,0.5384615384615384
4kGJTWzPABA,0.492725,0.3664946423551101,0.72,0.02
k3J1oGzY5Qc,0.19146000000000002,0.41724561399731935,0.4,0.1
LBf1bxP2Pro,0.48711000000000004,0.43738405812283554,0.73,0.07
4lvobQDIzBo,0.22140000000000004,0.44989617254587594,0.4642857142857143,0.14285714285714285
GvTAT55dYZE,0.18153400000000006,0.46789127823031706,0.44,0.17
Pw0IZg7_4mo,0.16777,0.4743082774947113,0.45,0.18
r6Fx-tuCdIY,0.306165,0.3659309414015164,0.49,0.04
peLH-gAC1PA,0.12229799999999998,0.4335042327313541,0.31,0.14
DiaDblUd-lw,0.20831500000000003,0.46206748454635926,0.46,0.14
FqUmnRKw284,0.12590400000000002,0.46786174943459524,0.37,0.2
Tx2r3U9wFvA,0.039295,0.5066907363224633,0.34,0.26
IjvuUUlfrCE,0.158822,0.5162060469579952,0.45,0.24
BE18znhORU4,0.14383400000000005,0.4092329237048261,0.33,0.1
7jE61BzKmgQ,0.53232,0.3893458501127243,0.76,0.03
AR160wbv9VM,0.29259299999999994,0.4378177874995487,0.55,0.12
7tuvVk3DqK8,0.495128,0.4062986054812396,0.72,0.03
LNog172H20Y,0.298453,0.505620971371837,0.54,0.11
RzF7pXAoi4o,0.22426904761904762,0.3211444019426354,0.40476190476190477,0.023809523809523808
iDCegwpnlbM,0.29013300000000003,0.48314676943036683,0.53,0.14
mSmMu26GN-k,0.13245535714285714,0.4889903657828484,0.4107142857142857,0.21428571428571427
CVVAz1RZtHU,0.3422469999999999,0.39816346704714134,0.55,0.04
tFMFYQ4Nj4Y,0.43329900000000005,0.38409857523687846,0.66,0.04
UFGnBgwfXHA,0.06347500000000002,0.4929836557889115,0.35,0.26
uns8vUQNxpc,0.360826,0.4509619992017066,0.62,0.1
fX0SD0NIWM4,0.13290454545454544,0.3764872356610546,0.22727272727272727,0.09090909090909091
dD-yN2G5BY0,0.13461700000000001,0.4709634930766928,0.38,0.17
JQsOHSA29pY,0.28295714285714285,0.47920460246162927,0.5238095238095238,0.14285714285714285
z3LBshsGJsU,0.02735050505050506,0.44995832610033754,0.2828282828282828,0.23232323232323232
RQOJgEA5e1k,0.45865300000000003,0.4565085340834276,0.7,0.08
81H5PT7ANjc,0.437958,0.4268588657109045,0.69,0.07
CMbx9tW1b7I,0.19728,0.4528384877635734,0.48,0.18
xZ2OTrpgv5I,0.15494100000000002,0.399604289039795,0.38,0.11
cRQanPU2Fk8,0.04954800000000001,0.41891907774175197,0.26,0.2
auaRQCcBnr4,0.08952600000000001,0.5228567937055041,0.4,0.26
dOMCouqr3eA,0.344752,0.38565314713612797,0.55,0.03
ZfDCRCPoV3Y,0.05258,0.4148897894622137,0.28,0.16
JwtBA6hnbyo,0.111427,0.4495559433162907,0.41,0.2
zAwAsGbTcHQ,0.08627586206896554,0.6711996720516094,0.4827586206896552,0.41379310344827586
oJ5f51yZg8I,0.2484296296296296,0.4483025729346897,0.48148148148148145,0.07407407407407407
R5uZQxEUyMc,0.261234,0.46566846322678973,0.49,0.13
uisXEJabmZw,-0.10910299999999999,0.5732913192182487,0.29,0.44
7pg8hZkCOzI,0.34598000000000007,0.42213825413008954,0.6,0.06666666666666667
z4LpBP5pAuQ,0.04173500000000001,0.4652784298406708,0.28,0.2
-XtReMW4jXM,0.058196999999999985,0.3385286328968349,0.23,0.1
R01dVqnzEV8,0.20018125000000003,0.46338404997737836,0.5625,0.1875
I4X0CEdBiTc,0.14187500000000003,0.386379291208781,0.37,0.08
RP7VPoxgL4A,0.26630400000000004,0.38741259347625756,0.53,0.07
Yy6b9BGxxzI,0.229722,0.4058142734256645,0.39,0.06
tw7Os-_BJMo,0.301979,0.4151034507914865,0.58,0.1
s6omnoqEhMg,0.17452800000000004,0.5236931374536046,0.45,0.18
zI4dgXTd2ys,0.136318,0.36114412452094524,0.36,0.1
MWVpKCnRCvY,0.49357400000000007,0.5333472106648726,0.76,0.13
wOc03MFmy4A,0.37900399999999995,0.5077235414908393,0.6,0.11
6OFxNu2BXpE,0.17238,0.21120610218457234,0.4,0.0
8AnCBDIwHsE,-0.05073799999999999,0.4614686593431888,0.21,0.3
A9Yb5szZOeA,0.241368,0.4214468407474423,0.47,0.1
RO05ZgNF2SE,0.23672448979591834,0.3602954669183094,0.3877551020408163,0.02040816326530612
Ts44hYDhsJQ,0.13171,0.4443186504075651,0.39,0.17
xDJrSz0b_TQ,0.09591700000000002,0.3943467086346734,0.31,0.19
OxSZBk7D0hU,0.13512000000000002,0.369261934133482,0.36,0.12
jPZ0ofY_2-U,0.21530727272727274,0.4543679877706437,0.4909090909090909,0.16363636363636364
dirfQ6sPaVM,0.125381,0.4810206828598953,0.39,0.2
Nkz6fubz4Vs,0.295446,0.5197330715703976,0.55,0.16
-99epVQuAKk,0.193308,0.49136242055737234,0.46,0.19
8rSjlqBYba4,0.17984100000000006,0.39277736444326833,0.38,0.11
30_7Q3zLsj0,0.15457011494252876,0.460304015008907,0.4367816091954023,0.19540229885057472
Lz7S4tCQhvo,0.22847,0.46659924185536356,0.48,0.15
kFox5Q1OTf0,-0.010538999999999998,0.4987732055543882,0.28,0.33
Iv6wSneHKB8,0.4231900000000001,0.587290414956689,0.66,0.18
HDhAjW6tq9o,0.41045299999999996,0.3863081830494922,0.64,0.02
34op_kWt9Vc,0.34422727272727277,0.32337237777946315,0.5454545454545454,0.0
UlhFEzmmSlM,0.20385897435897435,0.43364313090785084,0.358974358974359,0.10256410256410256
BJhlqF263GE,0.32637,0.43865098939817754,0.6,0.1
IEzjvhdJLaM,0.31222500000000003,0.20355584461026904,0.75,0.0
HCByhdrdWcM,0.18199399999999996,0.473582401662055,0.44,0.16
qev-xnvFcyE,0.380844,0.46177926183838097,0.62,0.08
IA61yjyy5M8,0.7184,0.0,1.0,0.0
NF4nBCwO7Ng,0.08111904761904763,0.4171897462775098,0.31746031746031744,0.19047619047619047
wi-Zc6NTlDA,0.273223,0.49638537848228365,0.47,0.13
TynxxmS44TM,0.030334,0.45339490915095193,0.29,0.26
I9LbG3Y0_9M,0.024491000000000006,0.40187989949610564,0.21,0.19
Z8U-Sya0jZE,0.185205,0.46954305667851165,0.49,0.2
SqHL1puhq64,0.22225999999999999,0.4092640472848794,0.43,0.11
Pr3uI6oami4,0.148875,0.5154908989254806,0.25,0.25
8tUq2ATGXZc,0.0909857142857143,0.22286857388265804,0.14285714285714285,0.0
uFfMvSv4M_c,0.15570099999999998,0.4655622649001957,0.42,0.19
H174j8HgkYY,0.29405454545454546,0.4146507651322898,0.45454545454545453,0.09090909090909091
q9Oh2OnG51E,0.3013140000000001,0.37778825974876457,0.57,0.06
Ktv-CaOt6UQ,0.422251,0.4392549436249978,0.67,0.09
KnWpHhEU-T8,0.07532099999999999,0.5461614752607511,0.34,0.27
SeQeYVJZ2gE,0.22781700000000005,0.41410499660231104,0.45,0.11
a7KCXycNgUw,0.062766,0.5001690350711447,0.34,0.21
LVmFU6hwRqU,0.548829,0.5012402083422678,0.77,0.1
hSTywVwZCjw,0.285609,0.4708640863550755,0.58,0.16
fQyglu53_rE,-0.112001,0.5282598140110603,0.25,0.39
6phdJWRi_vw,0.26695599999999997,0.388019190844989,0.5,0.06
pmtmeXYW2o4,-0.11346250000000001,0.37217318192442345,0.125,0.25
ZMuMIcQx9Qc,0.21782600000000002,0.48437342962222857,0.55,0.18
fgUqgM3euC8,0.087178,0.4293280211167214,0.34,0.18
GmSUU2Xd8lQ,0.13836299999999999,0.4155139777805315,0.36,0.13
4Y-62Ti5_6s,0.154232,0.5160304950058668,0.46,0.2
2nhxvoukBiM,0.311173,0.47532640992374914,0.57,0.13
KLjJykkJTJQ,0.18485600000000002,0.3750107607309422,0.35,0.07
Lpb3Zms1_eM,0.737636,0.2525192933302325,0.94,0.01
GhNA-OoQwVo,0.5799559999999999,0.3656643789925401,0.8,0.03
BKjn2_Ina5o,0.214776,0.5328453188534173,0.51,0.19
WlWmwWQaUws,0.23298300000000002,0.3369669892007227,0.36,0.02
NBEmJbvVIQQ,0.09401899999999999,0.4474063972933334,0.33,0.2
BgWpMAisUow,0.27100300000000005,0.4139520627935076,0.49,0.11
thD6TNUoyIk,0.252148,0.42351061887041275,0.48,0.12
s4ePynJoHLA,-0.00041400000000000714,0.4953340085275793,0.32,0.31
ttgxZMHU7MI,0.10918823529411767,0.3689741340884176,0.29411764705882354,0.11764705882352941
2tg4051fYRs,0.21158800000000003,0.4789762218064693,0.45,0.15
ttjn1jVACk8,0.24544899999999997,0.48583404584178747,0.47,0.14
nJTDDJgFFb0,0.08060600000000001,0.4377630984493782,0.34,0.19
OiVoKKe62qs,0.32718970588235297,0.36051499484997596,0.5882352941176471,0.058823529411764705
KSAy3WE2fHA,0.12195625,0.40187371171709013,0.3541666666666667,0.16666666666666666
XfNOQB2PN-A,0.20772000000000002,0.404339733887235,0.42,0.09
_2aWqecTTuE,0.326829,0.44035072505787937,0.54,0.07
RnGu3xO2h74,0.22577700000000003,0.44398757434302144,0.51,0.15
apEK0-7oW7A,0.13830299999999998,0.5973315661263852,0.46,0.32
ZI8QZ2WN-Xo,0.230938,0.4635466187515556,0.43,0.11
ep_mf6ZE9U0,0.07740499999999999,0.3990268262598394,0.32,0.2
BHvPQu2QczM,0.371768,0.45520764973361333,0.62,0.12
i-hIT01Onfw,0.29845333333333346,0.4626892252425548,0.6,0.13333333333333333
ABuQruo2BHU,0.017795999999999992,0.4567126606346708,0.29,0.28
xOlKDKUQsKE,0.23140000000000002,0.6166342324803795,0.5,0.16666666666666666
vB4099CsDpU,0.37017900000000004,0.42671745577020864,0.6,0.06
eTfm03T3VAE,0.199464,0.4709353438679242,0.45,0.17
qJabm5GuLgM,0.455642,0.3993512709833287,0.69,0.06
WfNiQBXmPw8,0.12748,0.6155738834616036,0.52,0.29
Z0m7xhxu4dQ,-0.08235915492957747,0.47224234664574827,0.23943661971830985,0.352112676056338
ggDQXlinbME,0.05024900000000001,0.40718695767300794,0.27,0.21
CCQysh2Ci0c,0.08208300000000002,0.4497973437126992,0.35,0.22
AoPJW6WNFjQ,0.06026300000000001,0.4942725518689056,0.35,0.24
l16YFF8ORus,0.38422800000000007,0.44455263469695017,0.58,0.07
KNHrqoUjtzI,0.206266,0.4029051216403187,0.42,0.09
J0wiUWg38BM,0.348496,0.4225278546841616,0.66,0.08
576HwhU6PMM,0.130592,0.415784354847558,0.34,0.11
Mve9HbpfjzY,0.049882,0.5318583562152616,0.39,0.31
JuNhPaTJFRE,0.26105324675324676,0.45437870485369747,0.42857142857142855,0.1038961038961039
HcvqW7e9CRc,0.060999,0.433839148877784,0.35,0.24
dFiCjh8iHVg,0.25019600000000003,0.48468710441273344,0.56,0.16
skqCqWkZigo,0.05091249999999999,0.5342530450018512,0.3125,0.1875
Fisr4YY_2L8,0.26926399999999995,0.3596298490170136,0.53,0.06
8cKMJ7_pAAg,0.0030950000000000027,0.4753416885515092,0.31,0.33
onJZpbC4KqU,0.162288,0.4922876052228007,0.4,0.18
cJipa07DoHs,0.22198400000000004,0.4401301163792362,0.46,0.11
yb5exLePooU,0.4215,0.0,1.0,0.0
PT5YY-OtuiE,0.365851,0.47399762731368184,0.59,0.12
dacojrlGM7Q,0.146527,0.37348117003538484,0.34,0.1
cC7mHyLwvF4,0.2186914285714286,0.4647229979070042,0.45714285714285713,0.11428571428571428
juM2ROSLWfw,0.3362199999999999,0.42218168055944827,0.57,0.07
_pjzQgq6BzM,-0.010390909090909083,0.36343193048929207,0.18181818181818182,0.2727272727272727
INgwKE5xejQ,0.056603846153846164,0.42874232666896184,0.3076923076923077,0.3076923076923077
7n7wDN60iZk,-0.3105589743589744,0.4462007279229249,0.10256410256410256,0.5384615384615384
TSSPDwAQLXs,0.257977,0.4451380533845652,0.52,0.09
OiN0Nm2enpI,0.21391300000000002,0.5069323439385182,0.47,0.19
xJx85diM3IE,0.355855,0.4889581132111421,0.61,0.11
Ly5hFMplfOQ,0.13803200000000002,0.4258735375390211,0.39,0.15
lnKnxlziPkA,0.31695454545454543,0.3738999109232707,0.5454545454545454,0.045454545454545456
uh8phgFP0Cc,-0.065903,0.3992677401080634,0.16,0.26
GcS4kdmSAFQ,0.268168,0.4381246244802956,0.46,0.08
CRXC7pRNh6g,0.490961,0.3693051643004739,0.72,0.02
N4wi58Ge-08,0.3177285714285714,0.3078102184987446,0.42857142857142855,0.0
uInTCD-aqeA,-0.076187,0.4646646314612293,0.23,0.35
MR29wbOnMSc,-0.137303,0.5012511355508334,0.23,0.42
6I3ALtvCmyE,0.13735699999999998,0.46653825250562253,0.39,0.18
t4TYLD4IJRQ,0.44824699999999995,0.440990639686377,0.65,0.07
lOl-jySoseI,0.315578,0.39784556716897074,0.52,0.06
v5Xixm0mmJU,0.07691600000000001,0.44172195501695405,0.36,0.22
jWIsugPCRNY,0.307574,0.38889442799299656,0.57,0.07
ZS5v2XnFbjs,0.275994,0.36320489336461315,0.49,0.07
xl_j5vCOR74,-0.091935,0.4889333779514342,0.24,0.34
LS5fGI2O-PM,0.2083864864864865,0.44342148283434185,0.3783783783783784,0.10810810810810811
GbMLzSMJ12U,-0.03596,0.4265627906885457,0.21,0.26
UsjdRsrR6cs,0.24047910447761192,0.40851800798368637,0.417910447761194,0.08955223880597014
Z2VKUMB4JMc,0.11444199999999999,0.4518606106267728,0.39,0.18
F8Z-ayQkK2A,0.092839,0.47964291444677887,0.41,0.25
jl_iAHHfUdw,0.117975,0.5445505143464654,0.45,0.25
OlZY1dUbLmI,0.09851399999999998,0.46208711343641684,0.34,0.17
-3c-V5K2p88,0.33482599999999996,0.44364251005060373,0.6,0.11
wZdYJscU4b0,0.311225,0.4473275261762906,0.55,0.1
xFyBgkdwt1E,0.15050454545454547,0.32768452975376317,0.2727272727272727,0.030303030303030304
cCL6tWv_7FM,0.09608,0.4780587296556773,0.38,0.23
9Yvec0XYfp0,0.5111423076923077,0.4216431540579134,0.7307692307692307,0.038461538461538464
xwUIgS8Bu04,0.07644166666666664,0.465850606939726,0.3888888888888889,0.2222222222222222
2ITzU55PzOs,0.2751910000000001,0.4804734508992146,0.51,0.17
jEfv-iN1j4w,0.0798578947368421,0.29002688317462727,0.12280701754385964,0.017543859649122806
2KaEZeFPKMI,0.198453,0.45387350736851784,0.46,0.19
rdNWP6sBgCk,0.269878,0.44394216866163994,0.54,0.13
hY7dQnVnqmQ,0.18702100000000002,0.45276011911275926,0.49,0.16
U3FirEjT8Hs,0.2958,0.3916008776803239,0.54,0.08
qcgtVLNCqAU,0.009508163265306116,0.42104527985534185,0.2857142857142857,0.22448979591836735
UWrSzgkWD_k,0.24052258064516138,0.41545170652899766,0.5161290322580645,0.06451612903225806
IVACjnYXf18,0.22939299999999999,0.4779171309453136,0.51,0.16
bAxyxlkD_g0,0.041239999999999985,0.4164543953423952,0.28,0.19
qBdCEygLdRo,0.023840000000000004,0.4194073857241907,0.24,0.23
KTViaGA1cqA,0.11065299999999999,0.44771282145031316,0.38,0.19
QQ1Xr4Vzam8,0.11487900000000001,0.47221092814440463,0.39,0.2
p3p2GrSO6JI,0.3497590000000001,0.41435309582408086,0.57,0.07
iJXkDDj3P6I,0.390608,0.43111740667247483,0.6,0.06
5oQCkcot9K4,0.287744,0.4731239880454171,0.54,0.14
Em9EI37Yy9g,0.3376989999999999,0.42751661476368374,0.57,0.07
tea5OrZOuwk,0.160107,0.42106568448521187,0.36,0.14
MAEfOg5r2r4,0.24918800000000005,0.3722842398705591,0.5,0.06
i5ZM0-f5_CU,0.251615,0.3868911387910041,0.5,0.06
rvLQgngPdEI,0.1881295454545455,0.43634887708822734,0.38636363636363635,0.1590909090909091
2auQ27XuPwY,0.29604899999999995,0.4293974528324545,0.58,0.09
LDQYzEd1Dns,0.08966923076923076,0.4374099896587348,0.38461538461538464,0.23076923076923078
imDoT5zBvsA,0.25501699999999994,0.5640957654609721,0.58,0.21
zkIe78RdDsI,0.27332999999999996,0.478470417998856,0.54,0.15
E_XVuVqo1fA,0.049367999999999995,0.38561125939992985,0.26,0.18
mSwUNarKjnM,0.00438390804597701,0.424198041711208,0.26436781609195403,0.26436781609195403
tqng6HwVgPk,0.278665,0.5432247868746418,0.55,0.19
FnRHJ_nhgjU,0.13365300000000002,0.43018054778313725,0.43,0.21
KlWpFLfLFBI,0.258082,0.4229013552543902,0.49,0.08
Ib9wJOgH5Z0,0.44365399999999994,0.38247977918316156,0.66,0.02
w7zWGOGjLxs,-0.0004230000000000067,0.47147606256415603,0.29,0.28
4umiOnu3wuk,0.112288,0.4745621822859466,0.43,0.24
jQEci13iQEo,0.05078,0.3749804267653751,0.2857142857142857,0.14285714285714285
OwWINnGPa8E,0.3456729999999999,0.39390008704111756,0.61,0.06
rqASCatJhcQ,0.032549,0.516895484695891,0.32,0.26
YojBpilJB00,0.128278,0.4781292366254128,0.42,0.2
NZLvoeyLUTA,0.30245600000000006,0.6376775632433682,0.6,0.25
YndyFgCJfU4,0.31729,0.4767147398951844,0.5833333333333334,0.13333333333333333
_kbN9m-GlkM,0.055802,0.5194162970065533,0.36,0.28
hm8yNXppPpc,0.4169230769230769,0.3547781975649795,0.6153846153846154,0.0
W77uk1ejcpY,0.24965600000000002,0.36158751923151333,0.4,0.04
AdW7C_3HVjA,0.04509499999999999,0.4064234302731574,0.24,0.18
eT4shwU4Yc4,0.09424700000000001,0.5470374918513355,0.42,0.3
b5EYU3QsFGo,0.493561,0.43467146832866776,0.71,0.05
C8_3jS9wd9w,0.30067499999999997,0.4449133514236227,0.56,0.11
yKTjM5gmTy0,0.14143,0.3953915877961998,0.34,0.1
X_7_ZAf2cLE,0.03470699999999999,0.4839160617824128,0.36,0.29
kD9_7nRo3XQ,0.45919400000000005,0.3845093798127687,0.73,0.03
sRv19gkZ4E0,0.09802399999999999,0.45766066864435706,0.32,0.17
fBo74f49d3w,0.510745,0.40198316914393317,0.77,0.06
cMXTVY5VLy4,0.36115699999999995,0.39824750049560886,0.63,0.04
GJjh1eq5aQA,0.08196499999999998,0.3860354831812744,0.34,0.15
nltJ0uSlUhs,0.24498800000000004,0.41878250471575335,0.49,0.11
wu36VdRyogE,0.17775400000000002,0.4234414595714501,0.44,0.13
7iiEGZ2kpFk,-0.308563,0.46034640167052465,0.14,0.62
uL3cerzKrOQ,0.25978333333333326,0.46710747781782874,0.5555555555555556,0.16666666666666666
Cioj_KYMVP8,0.10850100000000001,0.4534719701359721,0.35,0.2
htOroIbxiFY,0.195452,0.455846320480927,0.43,0.12
eqe8XmbWwZY,0.030834285714285713,0.417149099718456,0.3142857142857143,0.2571428571428571
0ov9-WKINhc,-0.075971,0.4613214825466076,0.2,0.29
Rxkz_ygndLU,0.33597299999999997,0.47402828477950554,0.56,0.1
oF1saSpUTcM,0.0716,0.5612589217108268,0.39,0.29
SLSviqKGxSA,0.258663,0.4212004586073002,0.52,0.12
mW_t_nKqqaQ,0.6897111111111112,0.48566201998336356,0.8333333333333334,0.05555555555555555
11QSHr4UByY,0.059571000000000006,0.5794779785798594,0.38,0.29
FSXYyNw6rko,0.1586,0.2751132421385783,0.26666666666666666,0.0
6ULGW22gBKM,0.10081599999999998,0.5029799967632907,0.41,0.23
pt70U8D1OWM,0.07052105263157893,0.40069678203815673,0.3157894736842105,0.15789473684210525
UZifn-n8YKA,-0.07055600000000001,0.44883066814111533,0.18,0.29
Bj23JhwiNfY,0.18532200000000004,0.41234780091083306,0.43,0.11
v0ylg-sS3aM,0.03361,0.315094457107706,0.1,0.2
O0BjbDNxvt4,-0.02927799999999999,0.4804366569236781,0.28,0.3
5UgL_UIYvI0,0.403037,0.3880128396470921,0.62,0.04
Lo8NmoDL9T8,0.167093,0.4455492042984703,0.36,0.16
-SzoHL7j-SU,0.619941,0.3997662817434707,0.86,0.06
ntZ_PHhKllY,0.228675,0.3744058243069945,0.41,0.06
RaoSpLcVAlc,-0.019318000000000012,0.5440529373838542,0.31,0.33
lMFLORlboGI,0.390013,0.35621436429627595,0.65,0.02
CACAmH4r1fw,0.19117499999999998,0.37675204534945794,0.38,0.07
o_gACZHOXAk,0.230541,0.48217903046378946,0.49,0.17
6M-fXCtrv9A,-0.012982999999999998,0.4653305122286739,0.25,0.24
K5PQz03nuNo,0.3117166666666667,0.4046508306209468,0.5277777777777778,0.05555555555555555
El9y7HWySJg,0.05048815789473684,0.3423351424089931,0.2236842105263158,0.15789473684210525
KZVd-MvFbO8,0.20063699999999998,0.5018257830472643,0.5,0.2
bokKzyq8QEA,-0.05332820512820513,0.4966158712359534,0.28205128205128205,0.38461538461538464
MP4aknbqDac,0.21224,0.3592648816681085,0.43,0.07
iifvQHNrgKc,0.46304090909090906,0.44565432043956027,0.6818181818181818,0.045454545454545456
NC0zIJrX4sk,0.13950800000000002,0.48789193223089883,0.39,0.17
TKDY7mfhq0A,0.07078800000000002,0.4715382379574322,0.35,0.25
hzNP6Inb24M,0.04091699999999999,0.4721603380325374,0.33,0.29
uTzEMW9OgBw,0.177099,0.44274754578540576,0.46,0.17
XwAjpmBzZJs,0.05981010101010101,0.48399748027037354,0.36363636363636365,0.2828282828282828
LBfU-z1G0fw,0.022505000000000008,0.30968425868132204,0.18,0.15
J1siZJ3yN8c,-0.12388500000000001,0.5201906045624046,0.24,0.42
zCjJKLyRcAc,0.32632399999999995,0.46000398957400357,0.57,0.1
pc_U7tQwg8g,0.311732,0.423495850246493,0.62,0.09
gyq6A4-hPcU,0.12118399999999997,0.42288398000397226,0.36,0.15
BHdSY5oxe5A,0.211709,0.43173788948736014,0.43,0.11
b9wDlZw34rI,-0.004723076923076929,0.5086881196704217,0.3076923076923077,0.3076923076923077
ADLPNnld_nk,0.355759,0.47096884506196374,0.6,0.13
Ks8WH3xUo_E,0.014634999999999994,0.40480376909683047,0.27,0.25
NGBGN98b70U,0.21308620689655172,0.4722784059040953,0.4942528735632184,0.16091954022988506
XWmv_Ox44WA,0.03181475409836066,0.4730944295703695,0.32786885245901637,0.19672131147540983
4Qq8hzfEmwg,0.23700352941176472,0.404943600850657,0.4470588235294118,0.08235294117647059
V1Q1FFTga8k,0.21960400000000002,0.4478803266320145,0.5,0.14
yR5604eIPUY,0.17292,0.35335237502149797,0.36666666666666664,0.06666666666666667
jc2mU_q6jH8,0.37671,0.4533008494366627,0.62,0.1
-sjSwqKavQ8,0.25916700000000004,0.4672327345242411,0.54,0.16
quxJy4t7_3s,0.24311799999999997,0.39177620279440145,0.49,0.09
oy4f7oVFQwE,0.018503999999999993,0.4084212690152166,0.26,0.22
eFTEsM5vhjM,0.1353,0.4089348952723753,0.35714285714285715,0.14285714285714285
K8ws82DTJX0,0.15193829787234042,0.44511624948382816,0.3617021276595745,0.0851063829787234
uUMg1eiTvSU,-0.032629,0.4030725960159038,0.19,0.22
YlFujEBi40E,0.22410800000000003,0.3808731924617431,0.42,0.08
voPPlUD6R3g,-0.003596938775510207,0.4326943591728654,0.23469387755102042,0.24489795918367346
pTZQOspwX7k,-0.16149600000000006,0.49037492858424153,0.19,0.4
6F7quI-MbzY,0.150178,0.34065083166785315,0.34,0.07
KZEgUpAnuZE,0.4215469999999999,0.413573361679642,0.66,0.05
xbuvcQrAOSk,0.192584,0.36458143197919446,0.4,0.09
CeEiq_C6j3c,0.33390000000000003,0.4979568710239874,0.61,0.15
6BNbo2pomd0,0.19059200000000004,0.4322744275758167,0.41,0.13
4aS45u_K_T8,0.596014,0.4444737562601419,0.81,0.11
Qo0ozW-prcA,-0.005055555555555547,0.5755594395621844,0.35555555555555557,0.36666666666666664
dykcSJdpQG8,0.30143300000000006,0.3876520633390206,0.52,0.08
dh8r8xvJIDs,-0.348612,0.46355000858159845,0.12,0.59
DC1S0NZsGbU,0.0,0.0,0.0,0.0
3o_kIMzyhUc,0.26127100000000003,0.47725973856905207,0.5,0.15
za6QuSeiGE8,-0.05495,0.49700397298881493,0.3333333333333333,0.3333333333333333
9sQ9CzwMmk4,0.3756549999999999,0.601499174126615,0.67,0.2
fV1o_g6uzuI,0.385239,0.4095761023045656,0.64,0.08
Lmfutzd0Y-Y,0.272316,0.4894883137971733,0.54,0.15
BfKtlsUU0D0,0.2752676470588235,0.39088840796664587,0.4264705882352941,0.04411764705882353
KnC_qb1RH9k,0.31494807692307697,0.4115984336379633,0.5961538461538461,0.07692307692307693
9HCyvFCIgF4,0.271473,0.39865774540450105,0.5,0.09
X0zudTQelzI,0.19537100000000002,0.4860371216882513,0.49,0.2
o90yH5_fMbY,0.04331800000000001,0.4887854409411148,0.32,0.28
fe8C2eMO6ss,0.14364100000000002,0.39079232262034014,0.33,0.14
STOJftffOqs,0.279479,0.46388917044807154,0.52,0.11
OlYDfkfJbhQ,0.071243,0.37318593871018235,0.31,0.17
_CACoKwOk3E,0.14411898734177217,0.45348042484260576,0.3670886075949367,0.12658227848101267
8GDPZDxGr18,0.22111363636363643,0.4503686079156359,0.45454545454545453,0.09090909090909091
HkppWEK-xh8,0.36516099999999996,0.40347994569618945,0.61,0.05
A9_mFX_-wak,-0.028033000000000002,0.41894559958424193,0.24,0.28
aHtjhCxRIa4,0.034545000000000006,0.34092790040564297,0.25,0.17
RYNUG3-KGIY,0.197872,0.4292210861735476,0.41,0.14
2BYirI_dfkA,0.131035,0.3848800359527628,0.33,0.11
Z5Zoj6bmf7A,0.328183,0.34461869712916043,0.61,0.04
YW6GBciRHLg,0.09951599999999998,0.441688481108575,0.3,0.18
CiYnCqMH80s,0.17459200000000002,0.4749187675129295,0.42,0.18
RddIiS4tSr0,-0.012311666666666672,0.41047592340747857,0.23333333333333334,0.3
N40uY51s5Z0,0.22097299999999997,0.4528889210071273,0.45,0.11
aEnghaPCQPU,0.0,0.0,0.0,0.0
jEh0_uBmJe8,0.12873571428571431,0.44225672883595596,0.40476190476190477,0.21428571428571427
y18mewmFNOQ,0.15952799999999998,0.44471998585177175,0.44,0.16
GrXe8YDbzYs,0.22127500000000005,0.44772352437078844,0.46,0.11
AUjf16JdqyM,-0.09466666666666666,0.4009413900088419,0.06666666666666667,0.2
UDtlvZGmHYk,0.2067,0.3853132219376854,0.45,0.09
WcCs6tRuTCw,0.3545863636363636,0.4117349625177635,0.5,0.045454545454545456
C4YNcqNF4hg,0.27979899999999996,0.46536638350766163,0.54,0.12
36NjBO_jkCw,0.12749800000000003,0.4439161522134557,0.32,0.16
2Qi54PVRdDg,-0.00372899999999999,0.47021312280603145,0.32,0.31
BejXCSIa9Zs,0.32394199999999995,0.4327906614473099,0.56,0.09
qtXLBcplNJ0,0.388071,0.4022208327013906,0.63,0.06
UddlsDsoIWs,0.251473,0.3738757515151257,0.48,0.07
AQa7qn0bxsQ,0.36254499999999995,0.3658732543859963,0.59,0.02
0NpuyvsUVHo,-0.214801,0.49610507344614,0.16,0.45
PIFZQ3nkGio,0.2329,0.2329525917434704,0.5,0.0
9UFvlJ-Y9rw,0.18327600000000005,0.46122231800293445,0.4,0.16
koOhht3ARTc,0.28816836734693885,0.475193895462778,0.5102040816326531,0.12244897959183673
YWfzYPFKOyY,0.4146666666666667,0.3840622981872718,0.6666666666666666,0.0
Pe_MAYfj2AE,0.307319,0.4147148496726395,0.54,0.09
NLp3welRSNw,0.16175699999999998,0.5874747435005184,0.48,0.25
ECDrYfNvj_o,0.12888599999999997,0.38231243558639316,0.35,0.15
rKdB2HnWBDA,0.19243299999999997,0.404235202587553,0.42,0.13
UtlHIgAZejo,0.0,0.0,0.0,0.0
dvsHQldA6fs,0.008123000000000002,0.5165602049819557,0.29,0.28
BYG1qf3XJNM,0.372073,0.4498288878796025,0.59,0.06
GAH-mSODLhg,0.42861400000000005,0.4561804778856719,0.7,0.1
y4lmSfA1Xk8,0.12034199999999999,0.4006756623954093,0.34,0.15
GD3dgiDreGc,0.204505,0.4361751534360938,0.46,0.16
ujNBLk2IMLI,0.10020769230769234,0.33628953976627496,0.23076923076923078,0.07692307692307693
LqUmbYcxBS0,0.399839705882353,0.43721471341816165,0.6470588235294118,0.07352941176470588
z7Sh6yc3FHk,-0.012501,0.4713323792176812,0.25,0.28
9UJzVLXmBG4,0.26802200000000004,0.44720232235085716,0.53,0.11
iGOMdo2lC6o,0.246832,0.4873064124100975,0.51,0.15
993Mg5-a4TQ,0.231446,0.41540556457996564,0.44,0.1
r2SNEdn8jbw,0.10408695652173909,0.4598770528553378,0.30434782608695654,0.17391304347826086
NW67c6igkOs,0.052639000000000005,0.4351593928424388,0.34,0.2
zidH402zXnM,0.3231452380952381,0.3898978588482721,0.5833333333333334,0.07142857142857142
cO90rUcu0w8,0.05964655172413793,0.5070522370612313,0.3103448275862069,0.2413793103448276
w8KqDIPdCOg,-0.165812,0.44051585017567757,0.13,0.41
822yxGSEK84,0.32744299999999993,0.3252716699176244,0.57,0.03
5K33YblO8Vo,0.189691,0.43453346731753595,0.38,0.09
os1kwb2a4wk,0.15469117647058825,0.32636833023589906,0.3235294117647059,0.07352941176470588
O5nskjZ_GoI,0.4486879999999999,0.42035182056938925,0.7,0.05
XnFgoeekL0s,-0.027895,0.45220677491054906,0.26,0.32
I5M8_0Z7o1Q,0.17023600000000003,0.40812380952843225,0.36,0.11
zh0WpPx-AwM,0.318534,0.3747821872021134,0.58,0.06
NrIfVaWzlnQ,0.08640700000000001,0.39167011125563306,0.28,0.21
UYWBLX7aexI,0.17942299999999997,0.4042118028595899,0.37,0.11
5IIuuo7Kp8M,0.04320399999999999,0.5345066959206405,0.35,0.32
YvKWGjmPKoc,0.4718260000000001,0.4780017411307202,0.75,0.11
xuXiiM2y3-s,0.04587799999999999,0.44943438510643574,0.33,0.25
6uIK3o32hig,0.315935,0.398876704603064,0.54,0.06
ipoy0oPMgfQ,0.1847434782608696,0.37363658445082115,0.34782608695652173,0.043478260869565216
0_HqTWe3rIU,0.14173399999999997,0.4489304891004842,0.39,0.18
rXyScwNPyXg,0.06521,0.4625112259178149,0.36,0.24
6giEeB3fMBs,0.19628600000000002,0.4414436636808824,0.5,0.19
iYLJjDZwtIY,0.23272400000000007,0.504189200225471,0.49,0.19
ydQo_KGixBw,0.14413900000000002,0.41540156906179354,0.38,0.13
IdBtRTw_jyw,0.031622000000000004,0.4000536307996716,0.3,0.21
_k9cZHvJAZM,0.062179000000000005,0.4415196014436958,0.34,0.24
QP1Z4OWjTuA,0.598246,0.34004278125553555,0.83,0.03
0J4u1FD87FM,0.148988,0.4286761011019859,0.37,0.16
4ikGvLUbOuU,0.18256999999999998,0.4742072685018652,0.49,0.2
SVcZiuBsZwU,0.565675,0.3496239935630848,0.75,0.0
Su_D_EfHryQ,0.08476199999999999,0.5128330780634182,0.37,0.26
kMANwvYtx8s,0.31716,0.5141521681370215,0.55,0.13
eDOwTXobJ3k,0.213542,0.5046734665464393,0.47,0.17
LdIFn98zLcA,0.155728,0.4109342509647986,0.37,0.14
RIwl8Jz2KU0,0.24975600000000003,0.4932748634017347,0.48,0.15
wYxiffT7izY,0.11581749999999999,0.3900879880792922,0.3375,0.15
92ZAQL7JGzk,0.052931000000000006,0.453212482329205,0.37,0.25
Nr0xVQ8uDDA,0.166766,0.3607576142564423,0.37,0.08
OSdHCRDM9Ec,0.225213,0.44341655419142845,0.45,0.13
ILqKdIdDqDI,0.2261039215686275,0.43245472434935,0.43137254901960786,0.09803921568627451
R3unPcJDbCc,-0.038389999999999994,0.330502272760718,0.14,0.18
3ksXeqRm3Cc,-0.09219999999999999,0.499997823804788,0.19047619047619047,0.2857142857142857
QK6TNJYpRCo,0.087013,0.5177366897671054,0.37,0.26
_wUs_ywD2_Q,0.03165,0.35303556265622876,0.3,0.2
jU7rhVub0rU,0.3643600000000001,0.5009468474798499,0.6,0.13
u9B0qIuCfrw,0.06843978494623656,0.45554758710378734,0.3225806451612903,0.22580645161290322
0NeuAFz7NFk,0.10490399999999997,0.5050892887242809,0.37,0.25
rC5Q8jYWN2U,0.27163800000000005,0.3969918530096052,0.5,0.07
EkVVl_2yo6E,0.029275000000000002,0.42105366935225724,0.27,0.22
DUkO1Znikuw,-0.04799900000000001,0.439706010760599,0.23,0.3
sDNAnPMX564,0.13939300000000002,0.3975405351042834,0.39,0.14
AAmqeHCFq_8,0.308173,0.43085248957270744,0.54,0.12
2yXNrLTddME,0.157841,0.520750774189535,0.43,0.2
f_Qf2yfFY14,0.200318,0.44157912640431723,0.48,0.16
W-AMk57gxqQ,0.12806999999999996,0.6053564339296312,0.4,0.3
PRDhPJSFlbQ,0.16613499999999998,0.3929369986079193,0.36,0.11
hglseVMaoq4,0.19952499999999998,0.37630189353097865,0.42,0.08
5eIj1nDUs9g,0.33648700000000004,0.4121911356773699,0.58,0.09
PbYa34-7HhU,0.107839,0.48544104418456413,0.4,0.24
S-dFb9HQd7I,0.159832,0.44833403950179834,0.39,0.15
e735orB3QHc,0.10609899999999998,0.3733072625853936,0.32,0.14
Zx2YyvbxTkc,0.06942631578947371,0.5399293051600711,0.3157894736842105,0.3157894736842105
5cK0aWxJg3w,0.32552340425531917,0.4724628611826772,0.5531914893617021,0.0851063829787234
NwR6xKkHOyM,0.559724,0.44595915555575266,0.79,0.06
W3TiLnePV7g,0.16732857142857144,0.5066482259891564,0.5142857142857142,0.2
9m3dQC6IfwY,0.21358300000000002,0.37523519346004847,0.38,0.1
tx2Ws1n7BMc,0.220576,0.42575343172310426,0.48,0.11
LD1RxJvkxIM,0.15599700000000002,0.487703083946575,0.43,0.21
D-mAtH4ydQo,0.188004,0.4042800934797557,0.37,0.1
mSp1RBZeI4k,0.255818,0.4161474496809995,0.53,0.09
eh85Le1tCIY,0.26144615384615383,0.47706169834065354,0.38461538461538464,0.07692307692307693
at_f98qOGY0,0.231046,0.45228324298386297,0.46,0.13
YKGSgPSZ-4k,0.304898,0.41545019676972106,0.54,0.09
Nl_LrIFMkXg,0.30789642857142857,0.3196230933035959,0.5,0.0
Ecg7aEpD490,0.290478,0.42379128013209527,0.49,0.07
siKyQIWquag,0.06291428571428571,0.1541078975316731,0.14285714285714285,0.0
8pkQM_BQVSo,0.1021,0.41880417777068774,0.3068181818181818,0.14772727272727273
uy8F1Nh83_E,0.39798,0.43589757397810786,0.64,0.08
scIizw2asro,0.233018,0.42625952549591195,0.51,0.11
q47sFg_WFus,0.165684,0.4775756653599511,0.44,0.17
mNiqpBNE9ik,0.19877599999999998,0.5080381804785936,0.49,0.17
noZAqbn92gM,0.25002100000000005,0.4829471362985809,0.5,0.18
NbuUW9i-mHs,-0.19073500000000002,0.5324215604903694,0.24,0.51
FaBcKI8syhQ,0.15562800000000002,0.5252019687853426,0.43,0.24
Xm-X2GEUrOQ,0.085381,0.40825245809302857,0.3,0.15
qc4Anl-rN2k,0.11135000000000002,0.4780559068770095,0.36,0.22
0vF8GvyjMP8,0.327163,0.5166391966653323,0.58,0.17
CEZ_zD1cdXQ,0.08198750000000002,0.47315246601254235,0.375,0.375
56KE9-Tdhok,0.245304,0.4102473080764821,0.5,0.08
bcxjQTAb6NY,0.036178999999999996,0.4750494202280433,0.31,0.23
47GyO3DsohA,0.093309,0.42505594928079754,0.28,0.18
bQz5RmKFdeE,0.626497,0.3488651462829155,0.85,0.02
92ISlO9U-84,0.568766,0.3868284868569015,0.76,0.03
tkRSIaf-VJs,-0.15522799999999998,0.5803895448886033,0.24,0.47
XAcUd0FESsI,0.30792100000000006,0.5185203749699716,0.6,0.14
ZNz2qF6r3Kc,0.2559892857142857,0.3607673627204264,0.42857142857142855,0.023809523809523808
Pzhbd0Uu8Yc,0.316466,0.4561003247576129,0.57,0.11
DtmwNfcKcRI,0.09452100000000002,0.4903258419245308,0.37,0.21
w-o84C8NwaA,0.185021,0.3675734798091396,0.39,0.08
eBlYqjKeL9Y,-0.23896666666666666,0.4112156963065599,0.0,0.3333333333333333
_5FQ5XDA6zw,0.500107,0.38007626109900633,0.71,0.02
8dcBsClRv8k,0.049537,0.447259624749429,0.27,0.24
Hg18-VPZjCc,0.201109,0.44768614141941004,0.45,0.14
DPF0zB1hDKY,0.09533000000000001,0.4529054743541968,0.36,0.18
Uy0TBu-1-38,0.06997700000000001,0.44218949645033406,0.29,0.15
GdP1NnbtkAc,0.1568202898550725,0.5180660353464855,0.463768115942029,0.18840579710144928
3HzXjf8s9zs,0.12250899999999998,0.3654392223325241,0.31,0.12
1yv_MXNYbAo,0.30487499999999995,0.43056568613278967,0.51,0.08
xMQDn0g10ps,0.4461840000000001,0.34389123126942334,0.75,0.03
zz5lGkDdk78,0.18226000000000003,0.48865339311213224,0.44,0.19
wR0mnlqlOR0,0.21664900000000004,0.3725830783852106,0.39,0.07
P6NhDB3yXFY,0.08550200000000001,0.5284171653116504,0.4,0.27
OHwy6cChTR0,0.15608899999999998,0.47436980930388056,0.43,0.21
QsSRy3ULrBE,0.3612421052631579,0.45489478953153145,0.5394736842105263,0.07894736842105263
fwFxMW5NmiI,0.14049299999999998,0.351983123247408,0.29,0.08
jgu4XTvZ0AA,0.41220000000000007,0.43147600953007814,0.62,0.06
nkFhylZ5ZeY,0.11290399999999998,0.48632632561275146,0.38,0.19
8JoOpx6VwHk,0.40155799999999997,0.4791017230568055,0.63,0.12
ft3vTaYbkdE,0.290794,0.3631288390695512,0.53,0.07
AEB8fUopN2c,0.17502699999999996,0.4418603493989928,0.45,0.17
28WfafDEsjU,0.11812899999999998,0.5003865558335875,0.39,0.24
BWAyNbwiMPU,0.22150399999999995,0.4630627251075172,0.5,0.15
ofvVORLujuI,0.062129,0.46004899571567376,0.39,0.26
sv9X6pNURYc,0.010777083333333326,0.41092604375137837,0.2916666666666667,0.20833333333333334
AMeDBH6TccI,0.089482,0.37473503102325517,0.29,0.14
h3uxs7GBbt4,0.217444,0.5483386417753175,0.54,0.21
IKj8zlhWB_w,0.137123,0.3472629343465841,0.34,0.09
i3tiuGVDDkk,0.341344,0.3765383415589972,0.56,0.03
a2-6F2zOk30,0.300282,0.46448468228349576,0.5,0.09
DXBAq5taLs0,0.42528800000000005,0.4044273280281638,0.65,0.05
-eaoYMqPHdE,0.09786666666666667,0.18309176812613823,0.2222222222222222,0.0
IETbROVCYJ4,0.07332599999999999,0.48602280329630626,0.36,0.26
HHS5Czz29QA,0.281279,0.4290172412141498,0.54,0.09
nf4EIX8eNlo,0.15247100000000002,0.4577564370481315,0.42,0.22
BP4M6G8AqXw,0.04467900000000001,0.45148899860240227,0.32,0.24
3NLUI-OmQKI,-0.02583000000000001,0.516585134997127,0.3,0.35
i1dAnpSFbyI,0.40156,0.38723293222555333,0.63,0.02
t9O4usHigKg,0.0030560000000000084,0.4848716785542336,0.29,0.27
CYD8zRDaE1I,0.16462200000000002,0.3814494623354449,0.4,0.11
JtRK-BeejsY,0.11132941176470587,0.46587795140523264,0.35294117647058826,0.20588235294117646
hT6lY31kDkE,0.27762,0.46538377152625343,0.48,0.11
QZuMJMj7SVU,0.472975,0.33791292548278373,0.6666666666666666,0.0
0L-W_MmgxGU,0.20790000000000003,0.4146381624983402,0.38,0.08
6a2j9YSlVys,-0.19050699999999998,0.42415765282616325,0.13,0.45
BFNH5rBYwjw,0.21856600000000004,0.4647046903615241,0.45,0.13
JKcNU6IJmUE,0.2271,0.4521955439851216,0.25,0.25
3ubxQ5t0ckA,0.3216090909090909,0.3853978899186125,0.5454545454545454,0.09090909090909091
-KyIPwJcFZg,0.011042000000000005,0.5289689639629154,0.28,0.27
CmjeCchGRQo,0.24131699999999998,0.4468898582548053,0.46,0.1
NwJQ312wc6M,0.150827,0.3799927341029036,0.39,0.09
azFsk42kb5E,0.19180399999999997,0.5161482281128165,0.43,0.17
V9_PjdU3Mpo,0.08616699999999998,0.4936438728587645,0.36,0.23
N-xwypKbcio,-0.035063000000000004,0.40910892721987874,0.23,0.27
YUMv1-pgs0g,0.09307499999999999,0.40495000293246075,0.32,0.14
rl0lImsnC7A,0.3768893939393939,0.38486938954497746,0.5606060606060606,0.015151515151515152
WbwWn0m03lM,0.065461,0.5228330538317179,0.38,0.27
HHgyRNK1PVc,0.06926199999999999,0.4434409849754531,0.37,0.23
fPY6Dgj3jcE,0.124628,0.4519460583034219,0.32,0.17
8xr-FCxYxz4,0.1698576923076923,0.5255132357061684,0.46153846153846156,0.23076923076923078
Qm2JaN6zRh4,0.23927099999999998,0.43636607826342316,0.44,0.1
e57V9FANrAA,0.09374285714285714,0.4205000215972234,0.35714285714285715,0.14285714285714285
IRsFc2gguEg,0.089948,0.5196466688972421,0.36,0.23
7TcUMeeBjD4,0.380179,0.44162605296676055,0.6,0.06
63TwGcjN6y4,0.272688,0.45757691971514464,0.54,0.13
YSxiF5_jE3o,0.041233000000000006,0.33692111036710065,0.2,0.13
FVTMZfTom80,0.23658599999999994,0.47182404157058383,0.51,0.16
8OCjwBkMJ_E,0.23209047619047624,0.4467683491099609,0.5,0.11904761904761904
NpGt9qYEC1c,0.042630999999999995,0.410278596735194,0.3,0.22
hcoKr4E3mJ0,0.21783023255813952,0.4417667023651178,0.46511627906976744,0.16279069767441862
Q2ezpExQ_k0,0.148544,0.4347182166231363,0.38,0.18
Uw30gWESpTw,0.262825,0.4314168205749516,0.48,0.11
Q1XspJW5Z9g,0.3746339999999999,0.4860841295948676,0.66,0.11
p4sDjT-q7z4,-0.041534,0.5569567631728696,0.33,0.38
WoGBoHUCeTo,0.16666599999999998,0.4922921419685673,0.47,0.21
Vht7ngKZrsI,0.42295399999999994,0.4300406112031746,0.66,0.05
9XdpZ_2i_Wk,0.4695285714285715,0.23101067825836052,0.8571428571428571,0.0
dGiQaabX3_o,0.19706900000000002,0.4761318299998436,0.49,0.15
_a1lp_ygGB4,0.318097,0.4292209143215181,0.56,0.08
sBd3LcvQ-Gg,0.1867780487804878,0.41105129791565426,0.3902439024390244,0.0975609756097561
rfKQXaT2ACY,0.333451,0.40120784177156854,0.56,0.07
_oXLUqE4Sf0,0.378575,0.48573582169220336,0.61,0.11
rOA9mPf7GnY,0.10020600000000002,0.5342120318412905,0.42,0.26
ULOZHqmShXM,0.29635675675675677,0.4530755813927145,0.5540540540540541,0.0945945945945946
YBWTq9oPO58,0.11271,0.500818787487051,0.42,0.2
LSRwbKp4qb4,0.709744,0.36075063446098055,0.87,0.04
bUhuuUfmlt8,0.667788,0.29369419309206646,0.88,0.01
HNM6wUfxejo,0.22965,0.37900760849882686,0.39,0.08
tODIvUmH6cs,0.145185,0.3964512722580166,0.39,0.13
c50NBJ-lLYI,0.3577330000000001,0.4510408358574642,0.56,0.07
D0ZUDvoJFzY,0.11788599999999999,0.41662158177895686,0.29,0.13
3i7qlFz4-1Q,0.27343500000000004,0.4310386992776867,0.48,0.07
aec8zOfKPjA,0.0,0.0,0.0,0.0
yKbJKJ_whHY,0.26562300000000005,0.46060902528174585,0.52,0.12
_JzGB_Dh018,0.17347526881720432,0.3850501393565208,0.3548387096774194,0.08602150537634409
9CwRjQaoTlE,-0.018847999999999993,0.5387457462439958,0.31,0.34
NsBgzwgXjrA,0.20907399999999998,0.38424493844942187,0.44,0.1
bjYrYEjoWYg,0.272665,0.4275710479850104,0.5,0.08
6s5PwEl1Ygs,0.36432700000000007,0.5510045106630254,0.59,0.15
hYirFqEc8Tg,0.17528100000000002,0.4078179860415673,0.42,0.13
dpOdVgnNkXo,0.39518181818181825,0.4181234285322975,0.6363636363636364,0.09090909090909091
W-6p8BqkPEM,-0.14802700000000002,0.47916104554836253,0.2,0.38
J4LI_EqnJq8,0.09737400000000002,0.4166376931147733,0.42,0.17
ZeLcCEVYCJo,0.19860000000000003,0.45654749216264456,0.43,0.17
aUlimrFs6hM,0.024869072164948453,0.40690771272161336,0.27835051546391754,0.18556701030927836
SWDY7FKEBQU,0.278916,0.4290940667779036,0.49,0.1
VmBDBfBhGII,-0.19589800000000004,0.47127851425245343,0.16,0.43
8lh-UTkiM4k,0.2781058823529412,0.3762051340779049,0.5294117647058824,0.058823529411764705
g7Nuwo0LLGk,0.1457,0.33862827968142295,0.4,0.1
07BiGlUW0mY,0.32201300000000005,0.3802981450533252,0.55,0.05
wDaogBStdZ4,0.274783,0.44892437159392445,0.49,0.11
WLukCE3vwwA,0.0023976744186046555,0.48067732685527326,0.27906976744186046,0.32558139534883723
4JfaXMcnRAM,0.021310999999999997,0.49472499308100454,0.31,0.26
JHe_GJkiCnE,0.1468,0.4061662906398978,0.391304347826087,0.13043478260869565
_9CD2PleHmU,0.151272,0.4964565181523957,0.38,0.2
wGSvhaCy3_g,0.35388965517241383,0.4157434855232894,0.5172413793103449,0.05172413793103448
B9gs6Y_lnAQ,0.138808,0.41800287335854525,0.35,0.14
1juc7_7gnB0,0.27034600000000003,0.4385959303094364,0.49,0.1
tyHHTjYxRKA,0.10470425531914895,0.3741912930730477,0.3617021276595745,0.14893617021276595
94kGGQxvDhc,0.10334468085106382,0.3918653219625501,0.3404255319148936,0.1276595744680851
Liom-xUzvK0,0.212257,0.42988105686457045,0.44,0.14
Qwd25JV-jnU,-0.08433200000000002,0.4300824892692098,0.23,0.35
v0n2wEAiOcg,0.143604,0.42448640541718174,0.41,0.14
oC4VXwFibWY,0.306937,0.3976998548289904,0.56,0.07
kgFuqgnNZeY,0.39888399999999996,0.3950421045205182,0.64,0.04
m-jcBqZf5M8,-0.075685,0.46561203772561555,0.25,0.3
7uITRS50eu0,0.074524,0.5349154009972045,0.4,0.26
zSIWjXlBylA,0.10592400000000002,0.4361042701281426,0.34,0.18
xW8kY6ECAdE,0.18097640449438201,0.4337466660876237,0.4157303370786517,0.15730337078651685
NC8p8ez-tCM,0.233182,0.5788298930393972,0.54,0.26
rC17twr50WU,0.3401930000000001,0.43495311086483796,0.59,0.1
we4maOly4UQ,0.068592,0.445445737364272,0.29,0.21
TJ5CtSxQ0_4,0.363054,0.4303071831657008,0.62,0.09
zSwSuvHBxL4,0.3198142857142858,0.3465485852499986,0.5357142857142857,0.03571428571428571
zbb76wxJ1vk,0.17750999999999997,0.5124201642207302,0.43,0.18
Z_tDyL5w36Y,0.4145560000000001,0.43657442236576344,0.65,0.07
Cu1tijlB8k0,0.11709299999999999,0.5255022470465754,0.44,0.24
_KeWSPQ4tcw,0.6802275862068965,0.3849405219587797,0.8620689655172413,0.034482758620689655
vvw0WFw8nO4,0.11235272727272724,0.4303162477039608,0.32727272727272727,0.14545454545454545
3Sjd4BVHdc8,0.36397899999999994,0.4404494857063634,0.59,0.08
W2ov5tvBD78,0.483666,0.3833910343813481,0.69,0.04
fbhz3XcNzGU,0.23909400000000006,0.5032550229893389,0.51,0.19
aaX3js5sBFo,-0.09203999999999998,0.4788533389253958,0.24,0.38
DQkKJBKGAwA,0.02925500000000001,0.5454201071421919,0.38,0.31
G-vIuwqUO5M,0.22130499999999997,0.44228313112190926,0.37,0.11
Hfz1bwK5C4o,0.15181309523809522,0.45192601606367105,0.39285714285714285,0.16666666666666666
0lbseqh9fsg,0.20810000000000003,0.31633114553638825,0.3181818181818182,0.0
prb0ZLJwRGs,0.20368918918918918,0.3359183159910478,0.35135135135135137,0.02702702702702703
B1AXbpYndGc,0.275478,0.42194706885579847,0.55,0.11
BAkfazw0aAo,0.005168999999999984,0.5126714432645922,0.34,0.33
f0F-wxDjfIo,0.245936,0.41558544284418814,0.48,0.11
GIyuXxs6KMw,0.150961,0.3369717355788168,0.38,0.07
2JZu_F2TU2s,0.23784299999999997,0.41916333075663953,0.47,0.11
9sfeM2oSPY0,-0.016822,0.4544681048390525,0.3,0.3
_IYtTJMVKI8,0.275355,0.45975404911213125,0.51,0.1
AApUkE-cv1g,0.200341,0.4296473952196149,0.44,0.11
imEZxmxSDvA,0.32478900000000005,0.4196280817330985,0.56,0.07
zWZrJwyWwTM,0.196117,0.4535097156743172,0.45,0.12
v_VTaI7VHdU,0.180386,0.4138741204810951,0.46,0.11
IkV5VpEROW0,0.23044400000000004,0.5092435260894339,0.53,0.18
9hqIy3K5nUg,0.11935500000000002,0.4353047894004843,0.39,0.16
VzVyf0hTjW8,0.110724,0.42845639337510183,0.36,0.16
3ty6GAWj9QY,0.08388300000000001,0.4211983775028104,0.3,0.18
wOYpd4X0gwM,0.13393399999999997,0.40328193245420757,0.33,0.13
3u40KEhfBI8,0.6369,0.0,1.0,0.0
AhqQr-lJd1U,0.263279,0.42940560133631234,0.56,0.13
PMP_M39rpkw,0.13756100000000002,0.5268830993484228,0.44,0.21
MVplktX88hs,0.1591,0.1591,0.5,0.0
eFOi3B_r4qs,0.08938299999999998,0.4593256631312908,0.34,0.17
o_a_WxPJRN4,0.12046100000000001,0.43321805938695584,0.35,0.19
lN2YRBTP-aY,-0.3482490000000001,0.486308505476719,0.13,0.64
UYZ-Xd0-cjY,-0.033270999999999995,0.5327283445237357,0.32,0.36
3L2mijdPoos,0.255025,0.43401404041228897,0.47,0.09
DE1ciffkBc0,0.27296,0.5043970164463704,0.47,0.11
Wvp6J-re4cM,0.160887,0.4410761702143973,0.4,0.12
Q8q5h_0PiRU,0.14516099999999998,0.3504288540902419,0.27,0.09
2JfClOxmMAc,0.053298000000000005,0.3975162240663895,0.26,0.19
bM0-Di3Pdik,0.045798000000000005,0.5259596258231234,0.38,0.32
7h2iXRDXHYo,0.14967375,0.48485797553091514,0.45,0.15
WGZs-ixh1Vs,0.213241,0.4684580820297585,0.51,0.14
27RN00r_Li4,0.26235400000000003,0.49887033073134346,0.53,0.15
V602GMSSo0Y,0.25187400000000004,0.5522502794241031,0.54,0.21
GJvWP7wBkFs,0.08499315068493152,0.4958098788653612,0.3698630136986301,0.2328767123287671
F6g7S2W27Kc,0.299618,0.5419132076965831,0.59,0.16
mUELAiHbCxc,0.38262999999999997,0.44809790860926807,0.65,0.09
sfwnXVKdCAo,0.076933,0.3448806750326843,0.25,0.09
GL0aHhDuBBs,0.24947599999999998,0.49234346123818884,0.52,0.14
CmXEScn2A_U,0.11299791666666666,0.5122628933181279,0.4166666666666667,0.22916666666666666
xMDiQZwvZ78,0.20577099999999998,0.4463832629691664,0.47,0.15
TIs37TiZY-Q,0.16365400000000005,0.36205785405650287,0.33,0.06
QhUrc4BnPgg,0.310839,0.40710909739159595,0.51,0.05
9gHDmXYNJ0c,0.2779375,0.3132741887608202,0.375,0.0
akO6D_tc0lo,0.404431,0.4297698180875432,0.63,0.04
wmut4HiZB24,0.47713100000000014,0.404297424848341,0.74,0.05
TkmerqUzExE,0.31898787878787876,0.4662397528373181,0.5959595959595959,0.1111111111111111
vlNBVHWq6Aw,0.299047,0.41092406754898164,0.52,0.07
8fD3dCh5-a8,-0.12524375000000001,0.4030075115130455,0.15625,0.3125
OcLar-n8eig,0.16131311475409835,0.35137299758883095,0.2786885245901639,0.06557377049180328
lUgosf8LufQ,0.049315000000000005,0.4068459461208874,0.24,0.15
nK5bj8iJsvs,0.10620900000000001,0.3593754752609032,0.29,0.12
eQzjUISCrQs,-0.20209699999999997,0.47991257713358587,0.18,0.45
xNx0q3Mb9fI,0.203535,0.5653244315214052,0.5,0.2
J0yerao7FvE,0.0,0.0,0.0,0.0
ANZU0_nm7xI,0.42435199999999995,0.4468942468817428,0.64,0.07
sZUU7HrLank,0.17578300000000002,0.4634585461624372,0.49,0.19
RLHVZ2elQqY,0.2048432432432432,0.4219324651612493,0.40540540540540543,0.10810810810810811
7ezElsnQINE,-0.038650000000000004,0.4702648327272623,0.24,0.3
w6JFRi0Qm_s,0.408288,0.47855739954158055,0.61,0.09
c0kgOAlwDd8,0.262825,0.2747106307098435,0.4375,0.0
HxTnqKuNygE,0.10901,0.4526027877731201,0.37,0.19
Zce-QT7MGSE,0.18263800000000008,0.43637102373553627,0.39,0.17
hFTnTPl_9G0,0.091966,0.5001189444962069,0.37,0.25
1C3oTE0Px90,0.18280100000000002,0.4027915124465758,0.37,0.11
im7DzMr8Ygs,0.07923799999999999,0.32360004968479217,0.23,0.12
JRUTSGBX9sg,0.05295199999999999,0.43742555766210095,0.29,0.22
yro2jLBfyDQ,0.3695303030303031,0.3985769383047557,0.6212121212121212,0.07575757575757576
vBjN1g_siDM,0.34381799999999996,0.37143192010919035,0.57,0.04
AF-J-e_nZHE,0.10008771929824561,0.38957427689415713,0.3508771929824561,0.12280701754385964
Pfpd2YuSySU,0.11333700000000002,0.49452396962230255,0.4,0.25
ylAO6Bg3E8w,0.20099299999999995,0.38392002038315215,0.36,0.05
Dzr7SPXX-54,0.1646205128205128,0.47246787554856895,0.41025641025641024,0.1282051282051282
6SP0DweBVXw,0.09266363636363635,0.31725682533736055,0.2727272727272727,0.09090909090909091
SDzB2cQ2gmY,0.15015833333333334,0.30061362094426497,0.16666666666666666,0.0
FnHw-0bUvAQ,0.11023999999999998,0.20503035482581597,0.2,0.0
CUhN7Qcj_yU,0.026528999999999997,0.45403969854958715,0.29,0.23
04pAmVYXQBM,0.18629400000000002,0.4965626050801651,0.43,0.19
7oFtLoXgJd0,0.22947599999999993,0.4214858481894737,0.48,0.15
nTFuzk3vKlw,0.21547499999999997,0.4732774926773932,0.52,0.18
5hpuoMilm_4,0.31088499999999997,0.45713458923494293,0.53,0.1
cA06WONF7lI,0.016763000000000004,0.46757495733946225,0.3,0.26
mxhxL1LzKww,0.11780299999999999,0.38491241249276437,0.34,0.15
Yht78LcTycw,0.10454200000000002,0.48306287089363426,0.41,0.23
BASELWRpRks,0.20483200000000001,0.4006092395040335,0.49,0.11
GhlZGtcRdUo,0.30585999999999997,0.43435501815910915,0.57,0.11
4bpqXBbnhms,0.39907399999999993,0.43235692075413806,0.62,0.08
0jKSQWhzT7E,0.324559,0.4647543938673415,0.56,0.11
ynfmMH2Ph78,-0.03285555555555556,0.3915645792093024,0.2222222222222222,0.2222222222222222
BBCYW3tnkzM,0.03904098360655737,0.5270273727227388,0.32786885245901637,0.29508196721311475
lmv-xLyKM4U,0.154477,0.523316835168715,0.4,0.22
1KEe_615yUE,0.028168,0.47059592685870116,0.31,0.26
8KDBwyU2kto,0.5968833333333333,0.24965724781966353,0.8333333333333334,0.0
DUkICPS0zQE,0.33024699999999996,0.4315729010155758,0.56,0.08
HIr1W601U7w,0.7117519999999997,0.31120331183327726,0.88,0.0
nvwlPgk8viY,0.24945,0.39202155361663465,0.3,0.0
MOOlw0qcUNs,0.19440000000000002,0.4480501980805276,0.3333333333333333,0.1111111111111111
cOL8PJhNUdY,0.26731,0.4253285458325129,0.45,0.1
UPxqDm_T2Zo,0.222557,0.4227976157111107,0.5,0.12
0Z4JjgGquA4,0.03521300000000001,0.47720806398362553,0.32,0.23
zgIib_Uj1T4,0.08217600000000001,0.40372339791495865,0.27,0.15
2Vv-BfVoq4g,0.368262,0.4523398832249927,0.58,0.07
8kZVlD-qSYA,-0.029039000000000002,0.4494164529464848,0.23,0.3
eZ2RGKYA3sM,0.22467272727272727,0.3345289281985235,0.2727272727272727,0.0
IT4DzZWj78g,0.29188899999999995,0.4648539662937168,0.54,0.12
bzQ-ciKQEkM,0.07198666666666667,0.29113645796353904,0.26666666666666666,0.06666666666666667
0NPjDGgRXBA,0.146905,0.4020713320730539,0.4,0.15
Zskrp5C2kh0,0.03937700000000002,0.5046369885085713,0.37,0.29
MjUcBWYVF9s,0.22057700000000005,0.33466879772545277,0.41,0.05
lv1Ut9XqVyg,0.153776,0.5867398323141186,0.51,0.26
BUjl4EWjDTA,0.19983299999999996,0.45286582318717766,0.46,0.14
OlbaYbWuPCU,0.239006,0.4657414119057913,0.52,0.16
GMFVQwdS21Q,0.09293399999999999,0.504741294371681,0.41,0.23
oRqOohdLrJE,0.22590299999999996,0.39875146406126205,0.42,0.07
7k85eD_tQZo,0.131592,0.4063658124596606,0.36,0.15
xT5YXIiHN40,0.136283,0.46155378106023565,0.36,0.19
3HmP-fq6r9M,0.23957100000000003,0.4528653531227577,0.51,0.14
NSxa5cVT3Ok,0.286389,0.41185437035316264,0.51,0.07
05XOhz67jGA,0.5299389999999999,0.41096376674714286,0.78,0.06
7DsqljgfxQI,-0.175437,0.6327443315676562,0.3,0.5
cd1qB5vPSIE,0.23700700000000002,0.47259766572741346,0.54,0.17
g_FB4Bw99KU,0.09870200000000001,0.42802254099054177,0.32,0.17
lW4Uq_2VPhE,0.398652,0.3827925750272594,0.65,0.05
EYpXLjdY8Fw,0.20916700000000002,0.46663956734400475,0.46,0.16
kjaHhduqS5o,0.24177500000000002,0.4449654861615674,0.5,0.12
LWDFU-Dd30w,0.171668,0.38398353164686627,0.35,0.09
-dLJ4UQhb2w,0.26132999999999995,0.43097443601680135,0.52,0.11
lymdcMcnH0c,0.201681,0.4128469756931737,0.42,0.12
xVr0kB6SqEE,0.270499,0.4375945990285986,0.5,0.14
aH5xcqm4ga8,0.14069615384615383,0.45154896018786883,0.46153846153846156,0.23076923076923078
bvM8ToIVSmg,0.16566099999999997,0.40328571184583273,0.39,0.11
nMaMjLT_DdQ,0.35199199999999997,0.4055696908497971,0.57,0.05
Fggm4ZyCYtE,0.195824,0.4659137199353546,0.46,0.19
jQZtk-fCWQ4,0.19463999999999998,0.49458841575596973,0.45,0.17
PX9reO3QnUA,0.073977,0.4879890937008736,0.39,0.26
1Za8BtLgKv8,0.283987,0.42523626318906527,0.53,0.08
eXT2F5ps91Q,0.146675,0.4709824562284671,0.44,0.21
TfYCnOvNnFU,0.3563539999999999,0.42224613424399754,0.65,0.08
lKWhEYyqlaI,0.054474,0.37081061112648867,0.23,0.16
NOxteh5sPRo,0.267172,0.48011441992091847,0.49,0.13
lbQTg107tmE,0.06984531250000002,0.47134905156956386,0.34375,0.203125
anoHSL0lXFc,0.05417424242424242,0.44983732255204184,0.3333333333333333,0.19696969696969696
Id0ud_UfIK8,0.07932399999999999,0.5857511488883312,0.4,0.33
3R2uvJqWeVg,0.197713,0.39113739367516376,0.37,0.11
2XkV6IpV2Y0,0.18729400000000002,0.5325182268843011,0.5,0.2
6ObjCzedRs0,0.26118899999999995,0.44237205582970546,0.5,0.12
uzkc-qNVoOk,0.37135999999999997,0.42093879365057335,0.61,0.07
WLbhDNBcBQU,0.22657200000000002,0.48126220858903934,0.52,0.16
OgNehTfe0cc,0.033966666666666666,0.4019039050430947,0.3333333333333333,0.3333333333333333
1l26UFQ06eQ,-0.11727400000000002,0.5867546873472763,0.29,0.45
1pJvs-wpJwc,-0.048469,0.5122400590924142,0.27,0.31
NJ4HRVxVOvM,0.10018200000000001,0.43245815482656824,0.34,0.19
13oqcMyGbkU,0.21275576923076922,0.3769057188850475,0.34615384615384615,0.038461538461538464
QR_RN8USCYc,0.04357900000000001,0.46348280815905135,0.32,0.25
7lKB2uaMOto,0.13467900000000002,0.45770703933739093,0.39,0.17
uldqs2kW25g,0.26808200000000004,0.36265261432395607,0.46,0.04
3-PZ4gE5o14,0.4188549999999999,0.4139983582998851,0.66,0.07
43n9c-Ui_ds,0.21480000000000002,0.41606608042903725,0.43283582089552236,0.11940298507462686
uq7mztW1knU,0.312236,0.5079441238010338,0.58,0.15
vxsUr2JMp-Q,0.108857,0.36491418121388486,0.28,0.12
CwpdGyIY2fQ,0.010550999999999998,0.6136351411865197,0.37,0.35
WYhvnyOPhFo,0.14464800000000003,0.34837089501851326,0.4,0.13
GGeBD8S6UyY,0.22347499999999998,0.4988181400821345,0.5,0.25
g3IF5MswmVw,0.21075,0.21075,0.5,0.0
9hdSLiHaJz8,0.256505,0.4943697186064292,0.51,0.18
NLQf-Q8zlG0,0.147586,0.47678337786042835,0.42,0.19
M6V9h_16lso,0.08715813953488372,0.4477684089070412,0.3023255813953488,0.22093023255813954
ByRHSUVItYg,0.18026999999999993,0.5487434742208785,0.48,0.23
l2te453brZ0,0.00204000000000001,0.42572707367178664,0.22857142857142856,0.22857142857142856
CKzMDT44d4o,-0.26302499999999995,0.46508102721461336,0.25,0.5
jhH8Q0uAd9g,0.29125199999999996,0.4350204076776169,0.51,0.09
vG65DqYgTnI,0.05482,0.36774286288111696,0.27,0.18
8JM-hdLDmPk,0.29816000000000004,0.2915601728631673,0.6,0.0
nmDP020rZGQ,0.20308,0.4358607860315034,0.4,0.16
brRyO19I_ms,0.15864600000000004,0.42598095366342376,0.42,0.15
m4gWxp68cMY,0.205288,0.4830328059831961,0.44,0.17
BcytdVihY58,0.399949,0.407524809427598,0.65,0.05
wgVssf01vYo,0.184863,0.46609577592057194,0.43,0.2
20easSWzGRg,0.08958705882352942,0.2649210518529603,0.2235294117647059,0.023529411764705882
_rt89nW1Wms,0.163177,0.6312690682830896,0.48,0.29
TCF_CvvZzio,0.40565999999999997,0.675894256818328,0.6,0.2
Y85bS1GWlS4,0.25932,0.484569387188254,0.46,0.12
Ok89QNexM74,0.064531,0.46400041264960096,0.33,0.24
ft2WsStwHhE,0.50625,0.5121976620407399,0.75,0.125
IL76oS6CdiE,0.009338000000000008,0.6656035905522145,0.41,0.38
cnYmwc3f9UE,0.42852599999999996,0.3786777840380922,0.67,0.03
YPFVXrXLH_4,0.09872580645161291,0.3537032540346105,0.3064516129032258,0.14516129032258066
2USVSYTjkus,0.06921034482758621,0.42907860412012416,0.3103448275862069,0.20689655172413793
cJ_boE1nZZ0,0.170821,0.4599276724214363,0.4,0.16
CSf8i8bHIns,0.106943,0.38640654271246494,0.32,0.16
5EOIx3wzH6Q,0.27218599999999993,0.48218854984746373,0.53,0.15
Qqv4ZFRDB1g,0.0,0.0,0.0,0.0
UFsV5NrTnlU,0.209773,0.39346715259472426,0.39,0.09
Q6niHFCtO5A,0.12415909090909091,0.349732856047546,0.4090909090909091,0.09090909090909091
Dxl8pzV_574,0.1513471698113208,0.3626152993492949,0.32075471698113206,0.05660377358490566
RgBDdDdSqNE,0.09975500000000002,0.43893800413611944,0.36,0.17
VFj8AOqO46Q,0.200024,0.459419529650188,0.46,0.17
c9OhBLe62M4,0.154731,0.4488982091064743,0.43,0.17
szyrEMfzSuI,0.59996,0.35916000306270185,0.85,0.04
d5dCwHje3MY,0.19803599999999996,0.4200447467877679,0.4,0.11
rYgzL28Bbgs,0.5069220000000001,0.41200436492347986,0.71,0.02
QPoH78eKqfE,0.07123399999999999,0.4171577062023426,0.34,0.22
QH9IvVv3RfM,0.32462500000000005,0.3694670654808085,0.54,0.06
8ACSMweq8MU,0.15445,0.3652853417153405,0.313953488372093,0.08139534883720931
i2B96fFyOeU,0.14754444444444445,0.3697805354714878,0.3333333333333333,0.125
O-H_Ybmtu_U,0.133976,0.4085604981199235,0.4,0.14
X1UDuzuuc5k,0.19261999999999996,0.5161539458339924,0.4,0.18
4wJWB4CqJIE,0.07415900000000003,0.42476326750202864,0.27,0.2
qHMlm07z8ao,0.0843,0.16859999999999997,0.2,0.0
UE-kaxIiNPQ,0.307743,0.494176078792772,0.55,0.13
T_Xev0-h5iE,0.234581,0.3932072783393003,0.47,0.07
1S1n3HFlZq8,0.388779,0.4750117616006997,0.65,0.1
XBTnrOJKR4o,0.0,0.0,0.0,0.0
U6TZzYdcRV4,0.07952999999999999,0.6013327738448987,0.41,0.33
Hlr6HWPUD-0,-0.0911450704225352,0.4537776327018422,0.23943661971830985,0.352112676056338
uAIdugBsL94,0.158567,0.39222954709073105,0.35,0.09
yQR3OCRZqTk,0.337242,0.4097153385412853,0.57,0.07
VR0Xc6lYBGY,-0.001599999999999996,0.5026488519831712,0.32,0.27
TPNnU1G8As8,0.31211395348837206,0.3552890585905192,0.5581395348837209,0.06976744186046512
NyGjHiYi3ZI,0.098439,0.4549741583639668,0.34,0.2
k7ekwJzQEKc,0.24002600000000004,0.5421014902432938,0.53,0.2
xHkXjJ2Yff0,0.32115099999999996,0.506670344996626,0.61,0.15
ctaHnYUDIqw,0.187186,0.435697289415484,0.4,0.15
7XOMkCCl-TE,0.25156500000000004,0.4544163648846727,0.48,0.12
m0SFJt_0v28,0.27318695652173913,0.389838525439475,0.5652173913043478,0.08695652173913043
HuFR5XBYLfU,0.43535900000000005,0.36915323785522997,0.7,0.03
mrjObiRNel8,0.0,0.0,0.0,0.0
CgQfRod_Iv0,0.13805900000000002,0.45662253078335935,0.41,0.19
ae0DpMRmuhI,0.202476,0.46526568326494916,0.43,0.16
jN8A8I8N4R8,0.095393,0.48530478016500106,0.44,0.24
f4APKyfYAXk,-0.198088,0.5315256444010957,0.25,0.5
o1sf9epCGzY,0.07251900000000001,0.4729667450667119,0.37,0.24
3QQZl1t1VxE,0.26777999999999996,0.47299093817958077,0.5,0.12
jVTGqTcSUYY,-0.04044,0.5020092493171815,0.2,0.6
JWY1bpbmyS4,0.004401,0.525006445578528,0.34,0.32
dLaBxTeRHV4,0.38482900000000003,0.44696900436048126,0.64,0.1
VCzrL7m1WaY,0.17091875,0.44756633505374094,0.45,0.1375
G41OcYF64lo,0.10268,0.49938716523354904,0.41,0.25
0_d0SFFYW_U,0.27506521739130435,0.39612270344108585,0.5652173913043478,0.08695652173913043
noarixsaobo,0.2989571428571428,0.4182033608430331,0.5714285714285714,0.0
Q5On3Qzgu1c,0.04277600000000001,0.3882532274482725,0.25,0.18
48rlkSRQzSo,0.079273,0.46705880526010857,0.38,0.2
K9EQ2-bUMKU,0.021989999999999996,0.5350698523557461,0.4,0.34
KWt3H_jcr3c,0.09980599999999999,0.47750654211644056,0.37,0.22
eX2-RCfNpAU,0.12218200000000001,0.5303596438983645,0.42,0.21
Il_KGsw2miI,-0.020864999999999995,0.3959107536743603,0.2,0.24
nt59JjtWFSU,0.270455,0.43707589189407364,0.51,0.11
UHREmBqFe5M,0.067721,0.4705964267384528,0.33,0.22
RbA19h4wtX4,0.36545700000000003,0.42105722277500474,0.6,0.09
Im9Pj6FnhlM,0.05376883116883117,0.5265482956006339,0.4025974025974026,0.2597402597402597
XKroMZN9gEo,0.179184,0.4476459428432251,0.39,0.15
UCgERDCYii8,0.139176,0.41385807207785613,0.29,0.14
Q2DcVRpyA-A,0.20123899999999995,0.3886392805404518,0.42,0.12
s8VOM8ET1WU,0.24449599999999996,0.4048225183756457,0.48,0.1
aEP346zFHLM,0.25008600000000003,0.4041984294922483,0.47,0.1
8l_hFYzJpQI,-0.04668,0.2751775383275314,0.2,0.2
oqqWdaaTq7A,-0.05847100000000001,0.5605007452796116,0.31,0.37
kA6axtIEzs0,0.5705659999999999,0.3952592233509548,0.81,0.04
d5i1bumC2Zc,0.18013750000000003,0.4082629961316806,0.375,0.125
_fNNQfGGYr4,0.361404,0.3922349655295917,0.6,0.05
s7_L1HGXaSA,0.327245,0.4655982842268644,0.64,0.13
oVQVzCln9yY,0.12077799999999998,0.4462697978980877,0.42,0.22
Va7S-Zry5Js,0.32718200000000003,0.41290724318665084,0.57,0.08
fn6D-Yjo6DA,0.13927300000000004,0.36774150836015235,0.35,0.11
e-c6S6SdkPo,0.22528799999999996,0.3847776860162242,0.51,0.12
rVrq92m12lA,0.102489,0.548031220441865,0.44,0.29
UU-pFYZcs_M,0.08485199999999998,0.43840427084598527,0.35,0.22
sf-HOTnKiT8,0.25173999999999996,0.4587073951878256,0.5111111111111111,0.1111111111111111
N7r_PZP6T3s,0.18289800000000003,0.45168263459646085,0.44,0.18
8Zf3zzh1-Qw,0.197362,0.462015148405331,0.46,0.15
TekvqXzKmtg,0.2530181818181818,0.34304298383778464,0.36363636363636365,0.0
_cz7bE1771c,0.515837,0.3856728898055968,0.73,0.04
nc0g00zqIFs,0.135245,0.44959434591084446,0.41,0.17
7TmcXYp8xu4,0.250715,0.49445325307353377,0.52,0.16
Qskq9WmETGg,0.19935,0.36776901522641364,0.4090909090909091,0.07575757575757576
JzD0xJ-pa2M,0.463675,0.38534600799151925,0.7,0.04
RARuzPDMUX0,0.072181,0.5399048552652588,0.37,0.29
9TWoHUO6Ek0,0.02629,0.36671940322268193,0.18,0.11
K-RGVLwvdSg,0.17769,0.511798785559325,0.52,0.21
gEy6XOR8ejI,0.1867,0.21570418014802897,0.4444444444444444,0.0
Wg2lFtVc2Yc,0.21743500000000004,0.534060244237483,0.51,0.18
dy41gdo9Jvg,0.284856,0.37459307530171987,0.56,0.06
om9iq4mo9fI,0.113248,0.43773130353677014,0.4,0.19
FaOE_Uwoca4,-0.06322399999999999,0.49847793875356206,0.28,0.35
kNDapxeu_9Q,0.20202700000000004,0.5626536225520992,0.5,0.21
ePK0FbOxY3s,0.09608426966292136,0.37020158064810343,0.29213483146067415,0.11235955056179775
s3Ehmi4xHe4,-0.09643299999999998,0.4272055554542801,0.16,0.34
9YUtFpLpGfk,0.254757,0.36276905084502453,0.47,0.06
HWMii3GX18Q,0.12845700000000002,0.45333398135480646,0.36,0.19
KbvfsIVYcUM,-0.08778181818181817,0.4000356798136473,0.18181818181818182,0.36363636363636365
ZBrlK_MIfe8,0.173707,0.393384539923724,0.37,0.09
2H6ejhcBdVA,0.13273132530120482,0.4490328039450186,0.43373493975903615,0.18072289156626506
s7KnAd9AM1o,0.34217899999999984,0.46529408620677737,0.59,0.12
cfWM1kdTuMk,0.26835100000000006,0.5635869399649003,0.54,0.19
YHS9g72npqA,0.21587999999999996,0.4537977133040668,0.46,0.14
jULJDM0HNAo,0.3670015151515152,0.4266643771810345,0.6060606060606061,0.10606060606060606
aETKLVBjZkM,0.9182,0.0,1.0,0.0
YIfirBuaV_c,0.074921,0.4264755595095691,0.35,0.22
fyNpBZ0F7M0,0.05211000000000001,0.36516715291311,0.23333333333333334,0.1
Wp9NUrNssv8,0.597697,0.4430915705483462,0.77,0.04
nU2BTwLYXjo,0.29197799999999996,0.37584242511456845,0.51,0.05
7cYgPMGDgbk,0.049789999999999994,0.431791194560519,0.3,0.22
-E4OqN9tJnw,-0.026992,0.4339828263145905,0.22,0.25
01egdlDn3_g,0.16825800000000002,0.4620684341480167,0.43,0.19
CZZHPBqiSjA,0.125416,0.4000325381065895,0.34,0.15
asw97DWtrgE,0.280265,0.33642734174707023,0.5,0.0
7KYTJ8tBoZ8,0.198188,0.36024648486279504,0.33,0.06
szTkeGcrz3c,0.322887,0.378587549889058,0.53,0.07
0oBodJHX1Vg,0.36260300000000006,0.4699274872690467,0.63,0.1
8jfTdH5I4y0,0.26079600000000003,0.4826028362784454,0.55,0.13
lGawSo_OQGQ,0.20098399999999997,0.4501371041627206,0.45,0.18
_9ywYptCKlg,0.27669699999999997,0.3819706251676953,0.52,0.06
JXN5xwMI00I,0.13579400000000003,0.4061790075373172,0.35,0.15
-M7TqetHzmE,0.0713705882352941,0.3758024093851102,0.29411764705882354,0.14705882352941177
CoiAQj1I-nk,0.1656222222222222,0.6705123592825245,0.4444444444444444,0.2222222222222222
oofo4_-7-lw,0.08070000000000001,0.5137196066783069,0.42857142857142855,0.2857142857142857
Zt9rvaijpPY,0.19757299999999997,0.4111335225580614,0.43,0.12
R9OdAkH165w,0.030118749999999986,0.48034746696889896,0.25,0.3125
pZqzj1pBfjk,0.18462199999999998,0.29289919207126536,0.33,0.01
kE-gd2_IJpU,0.289971,0.5273623830526785,0.57,0.18
Pr11DyYT1s8,0.03468333333333334,0.40309663509166416,0.2708333333333333,0.20833333333333334
CF3xIHpI8QA,0.22366999999999998,0.4383339543088124,0.47,0.14
VFv9O1GK4CE,0.331848275862069,0.42080837200001525,0.5862068965517241,0.06896551724137931
-65nRNFagR8,0.40314999999999995,0.19693370923570536,0.6666666666666666,0.0
m7SGKb3TOas,0.378998,0.4499191754037607,0.63,0.1
TEiDNaxMrj4,0.170501,0.48165622958599835,0.42,0.15
YDIVGAStilA,-0.16646099999999997,0.46164301660373896,0.17,0.41
ujSxEEBNQss,0.29091264367816094,0.46066475001795276,0.5517241379310345,0.12643678160919541
NHjnAOD0rx8,0.10259499999999999,0.4777274359663677,0.36,0.18
k-n_RDM3tns,0.262593,0.4281520954649178,0.44,0.08
rY9zHNOjGrs,0.280795,0.5311559730201666,0.63,0.16
wNK-9CGQ9eM,0.212888,0.33376123749770586,0.38,0.03
IbrYfkajMUE,0.18845199999999998,0.38927265546914547,0.37,0.09
W8CsEqYCg68,0.38911399999999996,0.44016342624529814,0.6,0.09
DE1cAWlHLhU,0.37536190476190473,0.37768659403089433,0.6666666666666666,0.047619047619047616
3cy2cEowIrM,0.233664,0.5193872746843149,0.53,0.2
fCRX8yB_tNM,0.051212999999999995,0.6120412289470376,0.39,0.34
HPf9JPH4iVg,0.10476300000000002,0.43661348322171634,0.33,0.17
HApacB0i7C0,0.094817,0.431931233196906,0.3,0.15
HclrKUmO4V0,0.192171,0.3211116881382551,0.29,0.01
94x_0wkHSXg,0.43775799999999987,0.44266603442776137,0.66,0.06
C06gNJwyUwc,-0.0677875,0.17934886699879093,0.0,0.125
eUg9E41ImzY,0.22916300000000003,0.4302492839401363,0.45,0.09
P3RG_q0N5e0,0.129173,0.4998787162612547,0.39,0.22
sYxeaVeeWvc,0.29497,0.4874070355462671,0.53,0.16
iWZmdoY1aTE,0.264298,0.5039280889134877,0.46,0.15
uH_rIT0juiM,0.25731800000000005,0.4664145639621473,0.54,0.15
ZvAw659U1nw,0.37679500000000005,0.45233079386108577,0.61,0.08
j4laeNtDyBw,0.08329130434782607,0.30616691087655107,0.17391304347826086,0.043478260869565216
JE1pJJWwF7Q,0.12883513513513511,0.3754257332655217,0.2972972972972973,0.08108108108108109
OqFI6pk6fHM,-0.06535899999999999,0.43898722922085104,0.23,0.38
NrzMnD8_3Ug,0.201567,0.4636466952443423,0.44,0.18
lZ7SKUuZA6g,0.09937000000000001,0.5882861063292248,0.43,0.27
ls77_u1ItuY,0.16282100000000002,0.4169488319434412,0.39,0.15
_nws2egRR1w,0.139715,0.3799820633595749,0.36,0.12
TvHJXw88d70,0.339364,0.38755818183080587,0.55,0.06
bgiPTUy2RqI,0.28930799999999995,0.47459959095641874,0.59,0.15
PIsIE0oHGgo,0.32051899999999994,0.444875598722834,0.53,0.07
8SRFhVksTvc,0.232601,0.45236000806768945,0.47,0.13
wgsYH21Gh0Y,0.017936,0.45358751537492736,0.28,0.25
OLxDnnTpgA0,0.47432900000000006,0.3799168622988456,0.72,0.05
wn2jKp37uHg,0.126123,0.3901144721373459,0.35,0.13
3PfJhoeWjYE,0.29863700000000004,0.43172132392435747,0.54,0.09
DItNtEGqoYc,0.388806,0.6551404952863165,0.68,0.21
yOP0R4GaoeY,0.7100939999999999,0.28994762693286524,0.88,0.0
pY8Qw5Qaves,0.0876320987654321,0.3991934927434083,0.2962962962962963,0.12345679012345678
PZ6j_VPJ8Ac,-0.08332399999999998,0.472810779513327,0.21,0.32
2FbL_KBfe2o,0.144389,0.34842902086221234,0.34,0.08
MQyxG4vTyZ8,0.09138300000000003,0.4836956718960797,0.37,0.22
Theih2v9Tc8,0.07529600000000002,0.4145624756101305,0.29,0.16
GHzqlw54KqM,0.17473599999999997,0.44455137195154404,0.41,0.13
-nSrJwWvGV8,0.24791300000000002,0.43813774698261265,0.51,0.12
3OLOn8Uk2Eg,0.507441,0.40541863131706224,0.75,0.03
iMNa3UitnSw,0.451908,0.4091489957656012,0.64,0.05
WJfhB3Vj_G8,0.16183699999999998,0.43066891823185943,0.41,0.16
xe-f4gokRBs,0.215034,0.46111829571596913,0.47,0.13
KyrLpnxH8lk,0.0,0.0,0.0,0.0
lOEqzt36JEM,0.026008999999999997,0.5074787652887557,0.37,0.29
GxZguda0TAY,0.1782090909090909,0.45606073998286567,0.38636363636363635,0.11363636363636363
CUI4OeddmEg,0.18357700000000002,0.34977437323366045,0.4,0.08
lHLQTB7Byqg,0.13946300000000003,0.5905483788234458,0.52,0.28
OdKgMjJL3KA,0.03557199999999999,0.455377430947121,0.32,0.24
jiMUoVjQ5uI,0.309255,0.4564168431105496,0.57,0.12
4YGKYqr6smU,0.188437,0.47272559855692187,0.43,0.18
sENK_HIk12Q,0.23961900000000003,0.3820936834586513,0.47,0.07
KINyi6XmPvU,0.19969800000000004,0.4676813656711159,0.44,0.11
mV-0nMPpshM,0.16805,0.4378854773796455,0.37,0.15
GhZ3naSgJg4,0.344776,0.39911924411634175,0.62,0.08
fCsSLb11RUQ,0.471177,0.36743699973056604,0.67,0.01
k2eBDhSWF58,0.22215,0.398569932508713,0.46,0.11
Kwa6Bx1a6rw,0.02631199999999999,0.4012204791084324,0.26,0.24
5KmJd02D-6c,0.20858000000000002,0.45080188664201487,0.44,0.11
YRfUR9iVPHc,0.12712299999999999,0.4312613636427451,0.36,0.18
4GqxfvyIKTo,0.12824666666666668,0.3910029622507851,0.36666666666666664,0.13333333333333333
z2zywBq15v4,0.4374960000000001,0.38806033008283647,0.62,0.03
H19txh2F6II,0.278184,0.42682248036390963,0.48,0.07
KbsnY--LFh0,0.32198899999999997,0.44554524795917194,0.56,0.1
9Q0JfdP36kI,0.51972,0.4007161012487519,0.77,0.05
z3RXQi5WU4s,-0.154684,0.5053299175231959,0.24,0.41
-I5l64ZmEWY,0.279002,0.3931583787686586,0.52,0.09
ctHL3iuIFRY,-0.035176288659793796,0.5317179354129727,0.28865979381443296,0.3711340206185567
_2xJy8CNsVQ,0.4230319999999999,0.3866244704826636,0.72,0.07
tuv0E0zgRY0,0.4296636363636363,0.3562360855916845,0.6363636363636364,0.0
1tEokVJzNIc,0.157785,0.464352170529007,0.42,0.16
tnqIyZIvqNM,0.17078800000000002,0.33985356207637424,0.34,0.07
eN8t0jA5QUQ,0.084118,0.44315497907165613,0.34,0.2
_7B7yVKMTJ0,0.06723000000000001,0.5642979407192623,0.42,0.29
Nw_t4b1Z5lU,0.09640500000000003,0.5420504936581092,0.38,0.25
Qoo7_9uRDbM,0.229701,0.4595635880909191,0.51,0.14
RdyfuHKb-4Y,0.6288090000000001,0.4186624793541928,0.85,0.07
hHv3mHwg6y0,0.5671588235294118,0.36557838631378686,0.7647058823529411,0.0
ygKJxBea6ig,0.550499,0.40608930138456006,0.75,0.05
fu-fjcRCGXo,0.09922199999999998,0.41340156061147126,0.31,0.13
05PpTqtGhGU,0.275564,0.47849993532287965,0.58,0.16
OgW7L2uq2VM,0.259998,0.5032543762313448,0.53,0.15
wup4f7XQSxY,0.196526,0.5242176648339886,0.49,0.2
J7Cc4F7Ayno,0.459099,0.4011414863847917,0.7,0.04
t8aPNtKYABk,0.495905,0.4344850817634594,0.7,0.05
dIgGZA4qQoc,0.42082300000000006,0.4235015484871336,0.65,0.07
6sfHv-oN8p0,0.057675000000000004,0.5596835881772843,0.43,0.28
iEMJ2DVQzrw,0.214392,0.34991777825083425,0.39,0.07
Cu7pi-B2U9E,0.0,0.0,0.0,0.0
sCiJj2H9szk,0.07777500000000001,0.43430660952258143,0.36,0.18
T7JLXg7yGx0,0.20133800000000002,0.4112242988394533,0.44,0.12
wUvlgMheXTI,0.02241500000000001,0.4764752796053537,0.31,0.25
O3Tfgjs4CyA,-0.0009289999999999945,0.44435842183872243,0.28,0.25
4Z-NIwntoWY,0.31864400000000004,0.46182562646955827,0.56,0.11
0WW1HN0iG0M,0.25018,0.4266542145578783,0.51,0.12
6SmN-hz_LNo,0.19627,0.36827244059255915,0.37,0.09
7zqp1szDWyA,0.273198,0.4200244254754716,0.53,0.1
lr3au-ZdIOE,0.08737300000000003,0.519142481762955,0.37,0.28
Hbj56TsD2ZA,-0.024,0.5668271897148196,0.33,0.37
gIUPw6xWKJ4,0.11742100000000001,0.45279236484176716,0.38,0.16
eageMVdW8RM,0.20970833333333336,0.3998975211608038,0.4166666666666667,0.08333333333333333
yiElOt9cI8k,0.316771,0.4617215011876749,0.53,0.1
j1VEbGsnr90,0.12213700000000001,0.5406042979213169,0.45,0.24
tSom9dr7gX4,0.8402,0.0,1.0,0.0
EAGhzuitLXU,0.36925099999999994,0.5222244587330241,0.6,0.16
ceMuqu2XAGg,0.3782889999999999,0.4580940348651137,0.61,0.11
TrYc0-NSZZg,0.383167,0.43168436966260426,0.67,0.09
kTw05gC2T9Y,0.28004700000000005,0.3865923795045629,0.49,0.09
jwu5atqoHFE,0.13458461538461539,0.45125102999439887,0.3076923076923077,0.15384615384615385
tjrvKA4w9-Y,0.094183,0.4887442570619117,0.4,0.2
ESYVh7_VGew,0.16318947368421052,0.32350217422963623,0.3157894736842105,0.05263157894736842
0MDHl845tgQ,0.16703255813953488,0.4925355535371097,0.4418604651162791,0.20930232558139536
5cmAbkMTeZY,0.18593846153846152,0.382220384551719,0.38461538461538464,0.07692307692307693
J86Hx7RTnIQ,0.34799292929292935,0.3787649118316711,0.5454545454545454,0.04040404040404041
R5MoaO_56Go,0.11695,0.4424254812960032,0.42,0.2
gNie7TOut2k,-0.015839,0.4208065569581824,0.23,0.28
1wK1Ixr-UmM,0.37878699999999993,0.4576892449369987,0.65,0.1
RkBEEiG-wd4,0.14522800000000002,0.3960612308923962,0.35,0.14
kSfcj-SrzNI,0.091236,0.48417381373221746,0.34,0.19
NVCmX1YRNyo,0.316449,0.5023706353868624,0.53,0.12
61_cdC5J22I,0.130972,0.49746651607520276,0.42,0.22
qln3csFlSTQ,0.30530500000000005,0.5276744464866572,0.56,0.15
atLL2Yzi3bg,0.281268,0.4307062783104049,0.58,0.11
sTExU8XsvOw,0.268184,0.46859125636742305,0.55,0.13
dm3Na4XU3us,0.498424,0.34437720833992486,0.77,0.03
E8KEF-Ilao0,-0.088061,0.5322029109080483,0.28,0.39
9SbxPWJH8tU,0.0022430000000000045,0.3812406710347153,0.22,0.2
yZDaganYSrM,-0.11238899999999998,0.4942776363330634,0.25,0.42
p4a0F-7LWt4,-0.038822,0.5276488953044439,0.34,0.41
kB1ziaDbim8,0.17912899999999998,0.4336528817602853,0.47,0.14
1g-a2iB_jyw,0.256369,0.449833001834014,0.45,0.12
rSBAryA1KMo,0.15631,0.4612279261926797,0.45,0.19
IWQH7MfWTIw,0.22298499999999996,0.4904245712390438,0.48,0.15
j9M1mc_L56k,0.08526199999999999,0.6844323300049465,0.46,0.39
Ya2D1ao_n2s,0.3222920000000001,0.3809722285626605,0.62,0.1
mZt1Gn0R22Q,0.31020600000000004,0.4668287938463094,0.56,0.11
Ucx0gv8G_VA,0.033832999999999995,0.542497654198615,0.37,0.33
4M98x-FLp7E,0.20597500000000005,0.5035856674638387,0.5,0.2
0OCrs_KEEX4,0.266316,0.4084723989990021,0.52,0.08
SJRAj1Rnu-w,0.21879999999999997,0.40925579128792144,0.4594594594594595,0.10810810810810811
HHuTrcXNxOk,0.26829000000000003,0.3846824569693814,0.51,0.07
xtNsjtgIMI8,0.049222,0.3689519702020847,0.29,0.18
-vIY-bzdcXA,0.055748,0.4472024960753238,0.29,0.22
kWSIFh8ICaA,0.076816,0.4299297646639506,0.31,0.21
WOfud6Wk8VM,0.363451,0.37809481601709377,0.6,0.06
DtYDAcM4Rjs,0.157012,0.4339551774734345,0.41,0.13
Hjg2iUrDkH0,0.06863599999999999,0.49632075223992,0.35,0.26
xKxFkQpUh-Q,0.393842,0.470998895578323,0.67,0.09
9bZVTxokbrg,0.236297,0.4580924073710456,0.46,0.15
OQl_hVW7lc0,0.075565,0.33471091896590405,0.23,0.12
qvu5Tfo_HTc,0.22401900000000002,0.43066557761098107,0.43,0.11
YhSPDqqgO3Y,0.15315900000000002,0.49899128290883005,0.42,0.2
bmMWAanb4gY,0.07205932203389831,0.48420561122164146,0.3389830508474576,0.2711864406779661
Qu3sup928DQ,0.12582300000000002,0.3670186956695803,0.32,0.13
WtUKE5HdTms,0.076392,0.3310816994882079,0.25,0.12
-Ib0yGGFcpA,0.15776700000000002,0.46667311515770865,0.36,0.17
plyug4_Kabg,0.13099899999999998,0.47058928833856806,0.4,0.21
NsUeszNr58c,0.0018777777777777744,0.3751488053730673,0.2222222222222222,0.2222222222222222
n_BCVGGDpnU,0.409727,0.47141393251684877,0.7,0.11
5vhaQIp5PBs,0.34209399999999995,0.48303344497456907,0.59,0.13
XCXM1jqX3gI,0.182508,0.44880275749598514,0.47,0.15
ee8kNG64n0A,0.4402183673469388,0.441204690648678,0.673469387755102,0.10204081632653061
2WkDLVu6suA,0.21526800000000001,0.42410598766817714,0.43,0.11
qXA4x_uve3g,0.06714700000000001,0.3927303108890374,0.31,0.19
rOpU4iuzj4A,0.5876,0.21333255729025516,0.75,0.0
YzunI-n23ec,0.158496,0.5451070533243906,0.45,0.22
4Z0rC1CI7sw,0.16695400000000002,0.4419961584493693,0.44,0.14
DwXvLGPaj1k,0.18200400000000003,0.33132357505013127,0.38,0.06
YqWZ-k-G1RQ,0.09314102564102567,0.44721953492603705,0.3076923076923077,0.19230769230769232
n2C2--coChA,0.113504,0.39561242622546633,0.34,0.13
K1GkmsedvAM,0.08652299999999999,0.4383599285644162,0.3,0.19
CltOThAhuXI,0.10128599999999999,0.473047043964974,0.35,0.2
X4TsY6KnXD0,0.105763,0.410582089637383,0.29,0.13
YmooBeT4Ep0,0.27175900000000003,0.4699013654151263,0.57,0.14
ciSxJdSpBVI,0.19466911764705883,0.4212395944804393,0.45588235294117646,0.16176470588235295
BhKemHXgArg,0.3357970000000001,0.45638553711856383,0.55,0.15
qtaCIGNhEsE,0.1335125,0.33358665080268124,0.25,0.041666666666666664
TvEpYnAo0Tc,0.17700100000000002,0.46077649278039345,0.41,0.14
IKBWFoz_g2Y,0.13901627906976746,0.45184342211333,0.4418604651162791,0.20930232558139536
-aUVcej5Dyg,0.264164,0.4694019197915577,0.5,0.15
mvjyzT_tX6M,0.2599863636363636,0.4651607144510325,0.5,0.13636363636363635
XInj3WyRerI,0.3913576271186441,0.39780746906239334,0.6101694915254238,0.03389830508474576
IrgE_c8XgEM,-0.08284000000000001,0.49075477379236976,0.25,0.35
vFhoNykgQtc,0.531852,0.406197617541019,0.75,0.04
YsYuzxj5dLY,0.36282400000000004,0.4355041003526832,0.57,0.07
wpPBGKsNjbs,0.31289200000000006,0.41935840344030306,0.5,0.08
1ZOzgK0D4Cc,0.5213411764705882,0.46236437891854687,0.7058823529411765,0.058823529411764705
kSU-wnNzk-I,0.15072083333333333,0.41587198248496166,0.2916666666666667,0.125
A79mQ3AKW9I,0.1281375,0.5801423186113472,0.5,0.25
ZUbXnW3ImJU,0.094756,0.39397683493322294,0.31,0.15
RPdgj6yYrGs,-0.09897333333333333,0.4303043200134321,0.17333333333333334,0.30666666666666664
MhBi8_2Lnzs,0.20753400000000002,0.4895985035148699,0.49,0.2
AGLWZPQH66Y,-0.11089799999999997,0.4521014288807325,0.17,0.37
wiKG-bWKl70,0.392281,0.4567595800188541,0.66,0.1
XLVSD9K5kp0,0.003756000000000004,0.4447509710658314,0.28,0.25
1-s8hDXFRj8,0.6715310000000001,0.28434700585552153,0.92,0.02
yYOIuUdawBc,-0.014345999999999996,0.3874485213341251,0.2,0.28
QjuWqBzO7qY,0.5489030000000001,0.37788622188563586,0.82,0.06
2yHDeKFW8j8,0.22681,0.4107973228978008,0.45,0.1
JJM7nP87jEM,0.155231,0.4295991905706993,0.43,0.15
4B8wvxOdpg4,0.330724,0.4186679116244759,0.59,0.07
E_eL6bmjr_w,0.094867,0.46208715975560277,0.39,0.22
9kWV2XsxzHk,0.18844400000000003,0.5291919484119161,0.47,0.22
p1nR5AQ-CRU,0.133154,0.4496021573391302,0.36,0.17
jDHN0AeiUEY,0.3564,0.29357499136601456,0.5555555555555556,0.0
vjZXcapkFEU,0.23698600000000003,0.42765774867760786,0.48,0.13
IirUMcqKEMU,-0.167196,0.45553791519916326,0.18,0.48
24UKEXHlbcw,0.25150100000000003,0.39936563635220296,0.52,0.12
6_8MGi4Vq5I,0.0,0.0,0.0,0.0
YqnyJcvIMH0,0.16257200000000002,0.3403508869035014,0.38,0.08
Ji3VcobCbr0,-0.042492999999999996,0.4005862601874907,0.19,0.22
COBICZWwkc8,0.10828199999999999,0.5169681135969606,0.42,0.22
bbomiNd_EuI,0.21300215053763447,0.5253765144454584,0.5161290322580645,0.1935483870967742
79rYbkTi4fs,0.395917,0.4353979954145402,0.67,0.07
xmV6TjVNZGM,-0.03198600000000001,0.48716679320741885,0.32,0.29
E5pljUJ6b1k,0.06475604395604397,0.41263938416560475,0.2967032967032967,0.17582417582417584
LxHC7JXZaW4,0.371918,0.41280788010405034,0.58,0.06
ZrXrZ5iiR0o,0.214345,0.6096384363497761,0.54,0.26
NVZogi7lSjg,-0.025947297297297292,0.4521619520382865,0.24324324324324326,0.2702702702702703
O9GOecJDiEg,0.27835909090909094,0.39957665740709636,0.4090909090909091,0.045454545454545456
8bIys6JoEDw,0.176654,0.5485153107106492,0.44,0.21
8kHvE91rH3Q,0.46924615384615387,0.3977160846931748,0.676923076923077,0.03076923076923077
8NvzzqduQOE,0.216706,0.40100204059829925,0.38,0.08
Yae1KxRSq0g,0.42736399999999997,0.3942960688416764,0.68,0.05
FZNrVYsw4Oc,0.47857299999999997,0.3920332597765144,0.73,0.05
7ujVwGjoT2U,0.15312499999999998,0.4668453811220585,0.44,0.19
RgxCfrG5hmE,0.1939125,0.4382587310932485,0.42857142857142855,0.14285714285714285
ckSoDW2-wrc,0.14133500000000002,0.48340160868060833,0.42,0.19
f99BP3Td1_M,0.152565,0.39853070004078733,0.37,0.11
QVQEXubPHBQ,0.063456,0.3675268562486284,0.24,0.12
z9gRMUjeMNg,0.134065,0.42830713194505643,0.47,0.19
SvTv-Y8FdIU,0.35977999999999993,0.43124597435802225,0.64,0.1
NOUba82PWzM,0.14013599999999998,0.4619132934913218,0.4,0.19
qFBSj8xOhU0,0.13503500000000002,0.38089896938033324,0.35,0.12
Cn_Mlwouwng,0.16883299999999998,0.5034217774500821,0.47,0.22
S0W6WopK6Yo,0.191142,0.4105267260922241,0.44,0.13
HPypBiQz_OM,-0.23736666666666664,0.2231758997343177,0.0,0.3333333333333333
XAVqkN1WqzE,-0.075869,0.5255482936315177,0.25,0.37
mbGO6WoRFrk,0.03180500000000001,0.46191982126230513,0.27,0.25
7ZIBul5CHJE,0.11994600000000002,0.33381116111358533,0.26,0.09
EP0rH8IR22c,0.10732699999999999,0.3604489544595739,0.25,0.11
-eakj3ZfDLU,0.09709999999999999,0.3152410760037467,0.4,0.2
61muWPtLsEs,0.219408,0.4883374519080018,0.45,0.15
HB0-jTeR2Vg,0.28593,0.4673088003665242,0.52,0.13
Giu4UkGbOew,0.13383599999999998,0.46013085432733153,0.4,0.16
3kgx2snn30M,0.15857599999999997,0.3936321808795617,0.34,0.09
ZL4yYHdDSWs,0.120666,0.379031127803509,0.32,0.15
r2joQySslZo,0.23739000000000002,0.5061928917912618,0.5,0.16
F2-_OQL9fBk,0.18611400000000003,0.5415121682880266,0.47,0.24
imFdiy9OyJ4,-0.0015319999999999965,0.49476616575509685,0.3,0.27
7kaGsSsvFlw,0.242077,0.38713905198390924,0.43,0.05
pMPV6PxXpcE,0.23230338983050847,0.4772500985842523,0.4406779661016949,0.15254237288135594
CZ9WES_6RFw,0.058260000000000006,0.3656309289433814,0.28,0.16
K2H8B-sDcAE,0.3237100000000001,0.48184117352090194,0.59,0.12
dmo5-S9PPDk,0.255922,0.5382614232099492,0.5,0.15
Ec1-3Fjxy0c,0.17538000000000004,0.5009470602768321,0.5,0.2
RLK-IBGfFBE,0.132943,0.4361002814158689,0.36,0.17
zHLju_nwPJc,0.31565899999999997,0.4201399538475245,0.58,0.08
L0EPQsOVwQQ,0.126361,0.43233062692689256,0.32,0.11
PS5p9caXS4U,0.18070599999999998,0.3733487288902963,0.34,0.08
5ZlOn9V_MmE,0.0006419999999999981,0.5297878100107627,0.35,0.33
ASixQ1g0M5Q,0.052489,0.5201326761308118,0.35,0.26
bRa8kp_1zvI,0.05406400000000001,0.583134715742426,0.4,0.33
Pa0SY6RYJIo,0.14298999999999998,0.4618265907242674,0.42,0.17
mOSrtH9n0sE,0.2579040000000001,0.3908328238313666,0.52,0.08
l9Jblh5ssrw,0.301052,0.39473656873413693,0.53,0.06
AUunRtEL5K0,0.024650000000000012,0.4741393389078784,0.29,0.25
pZ9BslFqgU0,0.080266,0.46016406405107296,0.31,0.22
YQnaUw5gWsI,0.18497307692307693,0.42424417004080267,0.46153846153846156,0.15384615384615385
0kx16qo7pl0,0.14070666666666665,0.5197974290903032,0.4,0.2
u2nuFRmtBIo,0.22782600000000003,0.49380491200878107,0.53,0.16
D8JKXlTY70g,0.24242899999999998,0.4443967219264786,0.51,0.12
e6LQq_Qz73k,0.28491099999999997,0.32564597553017605,0.47,0.03
sOyMlOba6yA,0.39554700000000004,0.4341145389076482,0.66,0.08
dpc_5-TTFNY,0.35245200000000004,0.4162881397493808,0.55,0.06
9N4RpohW-hU,0.420145,0.423479322842332,0.63,0.08
r9wV8FUbbVA,-0.210937,0.48599347539961896,0.15,0.47
0UV7niMk8KU,0.26877499999999993,0.5182771188032518,0.5,0.17857142857142858
_gYAPmUf08Y,0.216931,0.382884936160983,0.44,0.11
0iuRGYB9QLQ,0.08934800000000002,0.44264316948982735,0.38,0.2
jbgmHmrsI6c,0.019312999999999997,0.42668884251993283,0.26,0.22
bL4YokWfb2w,0.040831000000000006,0.42548651839864443,0.31,0.24
HV6iJhz1QKE,0.091752,0.4331655705339472,0.31,0.2
HMyYp9faGvU,0.48147900000000016,0.39807094902667783,0.76,0.06
PCJJvR5Jt5Q,0.1670578947368421,0.38502232787721413,0.3157894736842105,0.10526315789473684
OXiy-JphmV4,0.071768,0.4502728890084324,0.34,0.23
8sWGoNXXyrE,0.22515999999999997,0.5363081785690014,0.4,0.1
zP4rgvu4xDE,0.18325699999999998,0.4119679315808452,0.39,0.12
_8P5tzURxek,0.09264,0.4387854890490341,0.33,0.18
HN0jNA-RcUI,0.19896999999999998,0.5740577011938782,0.52,0.24
LTubr6nCYo8,0.08162799999999999,0.4244254189089055,0.32,0.17
A_af256mnTE,0.149321,0.5758522446418004,0.43,0.25
yLxobXeKViM,0.09328500000000002,0.4160089930217855,0.29,0.15
Uq_ePJ3taLc,0.14250800000000002,0.3937209571968452,0.34,0.1
tWEBbYoDaU8,0.174475,0.42969457929440996,0.44,0.14
eRqOJnOZGV0,0.292188,0.39132561998417636,0.53,0.09
pqMma9h5rn0,0.067165,0.4383880706349113,0.31,0.22
fSYxEAtXnpw,0.118177,0.47563707863348925,0.4,0.22
HbUdCDoK85s,0.22411666666666666,0.4080535153492602,0.5,0.16666666666666666
oG0oxRgOfeI,0.245652,0.438817386273607,0.43,0.09
iMGdIPA7T64,0.37343750000000003,0.3467448861825506,0.5625,0.0
hWbZZslsKqc,-0.009462,0.41720210876264757,0.26,0.24
XkkJuMGQ37I,0.40586300000000003,0.4709435097025969,0.63,0.1
RpnON6Ohx28,0.39765,0.5098641526589869,0.6666666666666666,0.16666666666666666
QoI64ZLgqEE,0.45224999999999993,0.3852190017379724,0.66,0.02
snCCPwtUFK8,0.251752,0.43545978929862167,0.47,0.11
66NjRlfxr8I,0.22663099999999997,0.4733357304693995,0.42,0.16
Ytb62SuXpZY,0.42969799999999997,0.46470554353913185,0.7,0.12
F1sd4CRcaE0,0.31561999999999996,0.43538305800754346,0.55,0.1
4GfjgRhPmaM,0.45254,0.4104790744971051,0.68,0.07
qxcHWa50WLw,0.400522,0.41468170530661225,0.64,0.07
ccJBwI-jCII,0.044923000000000005,0.5058341073622853,0.35,0.25
s-lzZy26q-g,0.09090499999999999,0.44168251909601314,0.34,0.17
XEebyt6G5kM,0.099274,0.4483827101082289,0.38,0.21
baPCtCNisas,0.030618999999999993,0.38654313179644,0.28,0.25
fqXfefq9VcQ,-0.041127,0.446123287411675,0.2,0.27
UTJU8snYxMA,0.17485199999999998,0.5115958394045049,0.42,0.19
15m-p0gVNE4,0.19687,0.3034160940029385,0.3,0.0
p_8wosB8w_A,0.016659,0.4149531607531144,0.26,0.22
WOBsNIMnVDE,0.137726,0.42863061687658294,0.37,0.13
fuRVAERmE1s,0.09059746835443037,0.4408145888758024,0.31645569620253167,0.20253164556962025
rs8k01Q1iII,0.45771499999999987,0.3950758363592995,0.66,0.03
4Xc3HxLlkqE,0.10739299999999999,0.5117157324638358,0.44,0.26
LAWo9_V2qOg,0.07134800000000001,0.42207457338247706,0.33,0.19
c4I13WL_ttg,0.10458300000000001,0.4118076067910839,0.32,0.12
d16LNHIEJzs,-0.05613000000000001,0.5215339915096618,0.32,0.38
31pmEibQpFI,0.18709499999999998,0.38358517160469074,0.43,0.09
2KJzyB57n7w,0.0,0.0,0.0,0.0
P8vFRGD5g4k,0.06380399999999999,0.4759358897834876,0.33,0.22
fz__skGcC8w,0.13507027027027024,0.4408313839963566,0.40540540540540543,0.16216216216216217
UloIw7dhnlQ,0.24035799999999996,0.42888511099827187,0.45,0.12
F981CD-8YEg,0.125097,0.4257362041111843,0.37,0.14
C2bmHCDd-mc,0.108361,0.3658036615166666,0.29,0.14
bu-udH1QRbY,0.519583,0.4180147758285585,0.74,0.04
K8MwhIaQcEQ,0.14160899999999998,0.3864269193767432,0.32,0.09
ZZhclrlQ2Eo,0.22122499999999998,0.43716690757078125,0.4,0.15
RZllika67LI,0.30407199999999995,0.5524289377069236,0.57,0.2
y4V_3w0rKYQ,0.11224814814814815,0.48525343769299245,0.37037037037037035,0.14814814814814814
RjJR0dVeXR8,0.24320476190476192,0.3723313251549082,0.42857142857142855,0.047619047619047616
uDP7Pty8Qnw,0.289045,0.4341056651035552,0.49,0.09
weOKOzVi2jE,0.3207578947368421,0.3836573823989994,0.47368421052631576,0.010526315789473684
itsAKqAdl0Y,0.046258999999999995,0.4529296764609271,0.29,0.2
4BLzNbqbgrc,0.5151819999999999,0.4448337236271549,0.76,0.09
cm0oxOL1-Ps,0.10853548387096774,0.47199105072734315,0.3548387096774194,0.12903225806451613
-ygu57NhhQ0,0.19479,0.4402549994037546,0.43,0.16
ZbHVNauutSk,0.1052923076923077,0.48888666369704586,0.3076923076923077,0.23076923076923078
DLWd1eVVdac,0.7042529999999999,0.36241356223381044,0.9,0.04
2MibKZFFRIY,0.22761900000000004,0.4330688503448384,0.47,0.15
SETNqySnmgE,0.45569799999999994,0.4569062851351467,0.69,0.08
POtV24aOI5s,0.19611599999999998,0.35333768967377366,0.35,0.06
OK40bsMztMM,0.018019999999999998,0.4643491630228271,0.29,0.29
CTVzdg7B9os,0.301928,0.4423314485948292,0.53,0.13
ugWuTk-A5Fw,0.360421,0.4486506606024335,0.61,0.1
BnEAn6rgOw4,-0.08038690476190476,0.49597370316708994,0.2261904761904762,0.36904761904761907
aXuk41q9WG4,0.25173799999999996,0.47564754824975186,0.49,0.16
bre0moeCMFU,0.144959,0.4425316693966659,0.37,0.16
Hb3zbnU8ylw,0.6857639999999999,0.3644973672113421,0.89,0.04
54a-NPz0sHY,0.08848600000000001,0.49421487027810085,0.34,0.25
d7VvIlen-6g,0.11682300000000001,0.4439573089509846,0.36,0.18
geCIXy7nvFY,0.35863100000000003,0.4302670054036215,0.59,0.09
QvfR5tDOxyg,0.06543478260869565,0.44678738996713907,0.30434782608695654,0.2608695652173913
wI3ddzi7JGo,0.022669,0.46274182082344795,0.31,0.27
d4ARyi9Y6dM,-0.039984,0.49003616105752845,0.24,0.32
yO-zc3iRNtE,0.22416700000000003,0.38760065223242335,0.47,0.11
oPrc8z4VW4w,0.20952300000000004,0.5721878969106214,0.53,0.24
zDzIf4G8jkc,0.4609500000000001,0.43534754863212444,0.71,0.08
s95OpWV4mt0,-0.09241666666666665,0.2728108527696229,0.0,0.16666666666666666
vHbLRf3C9KI,0.19802400000000003,0.5119699503134925,0.43,0.16
UsmgoIVDG98,0.07645588235294118,0.5469495552560671,0.38235294117647056,0.35294117647058826
cVayU1d1u-A,0.209848,0.37511732684054994,0.37,0.07
whV5oQDvVWE,0.262177,0.4765558395099151,0.5,0.15
rqZe-36JCWQ,0.25079999999999997,0.4626090327078117,0.42857142857142855,0.14285714285714285
-Qv6p6pTz5I,0.18176699999999996,0.47712011968790413,0.45,0.2
QjMqiymtY-8,0.49852599999999997,0.43614015720178767,0.7,0.05
PjhX22BWET8,0.18946300000000002,0.5270707259286935,0.45,0.21
8tjMM67-aao,0.078326,0.4020103607172333,0.35,0.19
lLn30znyaOk,-0.037239,0.4751210809667363,0.25,0.34
8vMonR9gfbE,0.17984545454545459,0.33388879575973246,0.36363636363636365,0.09090909090909091
WhhtTTStsIY,0.4227,0.26974328536591974,0.8,0.0
pN02QeTzdcE,-8.888888888889144e-05,0.4433266351485085,0.3333333333333333,0.2777777777777778
1vcaPiX6Aw4,0.17775699999999997,0.4969870322764971,0.39,0.17
ntGTUIJ3JLg,0.20364800000000005,0.5678965003378696,0.49,0.22
6eN6vHRwi3s,0.05329199999999999,0.4721304323341168,0.33,0.25
eKL045fZ5A0,0.16022299999999998,0.38808777199365607,0.31,0.09
XH1uZXcjRrE,0.32745833333333335,0.47342616893297684,0.5,0.08333333333333333
igN4H58WTl8,0.17222105263157894,0.36671306089430594,0.3157894736842105,0.10526315789473684
4zJ9LhUgy18,0.147826,0.43591943696513463,0.37,0.17
7ofma5684ds,0.173039,0.43104535930572313,0.4,0.16
6QT0zKjvRfE,0.368067,0.4119445186077854,0.63,0.07
FNeHfj1k0ks,0.08490000000000002,0.6277083611572071,0.3333333333333333,0.3333333333333333
uKJzojYBeiY,0.273381,0.41322024410597313,0.51,0.09
mVJEi-PkkaY,0.194626,0.47275720843155844,0.45,0.18
EVGaOGNzyx8,0.10147666666666669,0.3748102677207348,0.3,0.15
y1OhC9h3flY,0.16300600000000004,0.47465483876602377,0.4,0.19
PMerSm2ToFY,0.296875,0.4924288136116733,0.58,0.18
xYSEiSwI5pk,0.08787099999999999,0.4569361470260369,0.35,0.18
EB9wnw5SvXs,0.203292,0.4245231641924855,0.44,0.12
dxa0GGJNWtI,-0.15987400000000002,0.5895336013527982,0.28,0.43
BemsLUldVAo,0.18996,0.4083518000450102,0.43,0.08
2MpEdfGERo0,0.123082,0.4177567056026749,0.33,0.17
q-dwr8nCATI,0.129969,0.43417166920355366,0.39,0.15
hqzHf48CqJg,0.200825,0.4337559593538744,0.39,0.11
s0MmvxvOomU,0.13853600000000002,0.4258905203265271,0.37,0.2
LVNr5NsLFoY,0.35945299999999997,0.4162024364308791,0.64,0.07
vtDbsogi4F8,0.09905625000000001,0.3350361379178931,0.28125,0.125
mknStAMia0Q,0.043505,0.4115431978237521,0.28,0.19
t_QK4byQQZs,0.020018181818181824,0.3353146658348945,0.18181818181818182,0.18181818181818182
GPOv72Awo68,0.05697100000000002,0.497829195265806,0.33,0.26
QNkk-0rgX-E,0.20567800000000003,0.4123865552076111,0.44,0.1
eA6uLMsl9w0,0.18821300000000002,0.3805933826684326,0.44,0.13
P3d9XxDTIHA,0.187743,0.44698018977466997,0.43,0.14
fdibwIkjVZE,0.233264,0.38404197336228757,0.49,0.1
x5oSzh00ZhY,0.263643,0.5175364231153204,0.55,0.14
tZaOmAuS-eA,0.2996153846153846,0.3695090585881464,0.5384615384615384,0.07692307692307693
y6abL0JbEI4,0.07653333333333333,0.44935410642717283,0.3333333333333333,0.24074074074074073
u-LfKbCR0MI,0.23445799999999997,0.4663663933389711,0.45,0.13
kw_jK472Y2k,0.509473,0.40745531309703154,0.71,0.04
a-4jHl1MjZ8,0.30006,0.4276183957689379,0.6,0.1
mjMdwlHh2SQ,0.2504606557377049,0.476908620754951,0.5409836065573771,0.16393442622950818
qbwFuLTDx14,0.11294200000000001,0.3275662678543076,0.3,0.11
qs6rcYnaKvk,0.24299100000000004,0.38308269788519556,0.46,0.08
KmqMUJb-E4M,0.490599,0.419485691649906,0.73,0.05
FyxkIcN-OGs,0.3444530000000001,0.4945586194689159,0.57,0.15
COrIjqky6dA,0.1209639534883721,0.4611365471267679,0.3953488372093023,0.16279069767441862
XtCEe8ssRVc,0.40508800000000006,0.48657733265741016,0.67,0.12
Xjilq1MFgCg,0.2801766666666667,0.40225287459783576,0.48333333333333334,0.06666666666666667
JmdwhSvSlbE,0.4215,0.0,1.0,0.0
8ZqHUBkLv4E,0.073698,0.6263148056656492,0.41,0.34
52ZlXsFJULI,0.47693799999999986,0.4148250317374784,0.65,0.02
NoaR_ih9Q0M,0.13668641975308643,0.5238651114559568,0.43209876543209874,0.2222222222222222
pGHshidi0sQ,0.07807638888888889,0.43665475826416644,0.2916666666666667,0.18055555555555555
IMRBHTkS0M0,0.06707826086956524,0.5608360893279137,0.34782608695652173,0.2608695652173913
FGXq_OgdHHU,0.55957,0.36535282303548716,0.79,0.02
Fw8dfZJ6thA,0.16149222222222223,0.39481223954566264,0.4111111111111111,0.12222222222222222
OelHPDBSiJg,0.28222,0.44558840716517745,0.54,0.12
oULkYytYPgs,0.325304,0.3804741394418285,0.55,0.05
duj1cO8J5DQ,0.33980799999999994,0.34324104640325287,0.54,0.02
OtYcw1QXKYs,0.42355263157894746,0.4135069672529823,0.618421052631579,0.05263157894736842
TnzcwTyr6cE,0.035118,0.4763829825633993,0.3,0.29
xa_vbbWao70,0.2737260000000001,0.45637623505612124,0.5,0.13
ASJG1ItPiro,0.15642,0.4077962452009582,0.4,0.15
Pk4z8VHUuwk,0.080847,0.4499912897945915,0.33,0.22
UpyAHLKyVE8,0.526,0.16479999999999997,1.0,0.0
bziY6o0ipI8,-0.012051000000000003,0.42543972675221575,0.2,0.28
pbGlmdJ2oXo,0.17254399999999998,0.4328612584466297,0.38,0.15
2WRqD9F7G_A,0.330638,0.5231528569701211,0.61,0.15
SALJnjbC3N8,0.2413,0.34124973260062785,0.3333333333333333,0.0
AKzUxkUAIPQ,0.06819700000000001,0.43988107403137955,0.35,0.19
J-m8krIpbm8,0.3603111111111111,0.40539548165120176,0.6666666666666666,0.1111111111111111
ZG93cyyRWbg,-0.06749900000000002,0.6158297281708639,0.34,0.41
6jqiR-VBo8g,0.185229,0.46484683849521874,0.47,0.2
nHL3lq7wskU,0.2171,0.3916873616619692,0.35714285714285715,0.07142857142857142
Y66mqSOV9js,0.025005999999999994,0.518599524068428,0.34,0.29
d_yLDDRt21o,0.26852499999999996,0.3970005557615757,0.64,0.11
x3_dJaZjwHo,0.12099200000000002,0.41221624001972557,0.39,0.2
EUN9gTfofsM,0.03232600000000001,0.460107637106797,0.32,0.26
8_fk6ni-0eI,-0.036325,0.3904185042681763,0.22,0.25
b-C4xJI5qXs,0.297586,0.4761525440486484,0.54,0.12
s65g3I98b6I,0.367381,0.43477357525383253,0.63,0.07
fTT8Lxjh0Cg,0.273934,0.38790648724144844,0.53,0.07
uetK2ZGhM3k,0.275894,0.3672990190076745,0.45,0.06
hhXeUQOuRaw,-0.06641400000000001,0.5253760432337965,0.3,0.37
YuJm55F9m2Q,0.12923500000000002,0.3213208877041765,0.27,0.07
dC1k4_VU2b4,0.09777799999999999,0.3961963961421154,0.27,0.13
otmgFQHbaDo,0.15678400000000003,0.524102486298243,0.44,0.18
TbDy1JheDhg,0.18063700000000002,0.49965378086330936,0.43,0.2
X8AJpqp6kks,0.302782,0.40599837890809365,0.55,0.06
9bdsH-TMXE8,0.16588899999999998,0.3762231536987058,0.34,0.11
PtF_OylW-PI,0.11427,0.4348983887070634,0.36,0.17
Og5xAdC8EUI,0.27121100000000004,0.38123932087207374,0.5,0.07
aDorTBEhEtk,0.36099,0.4581540927460978,0.59,0.11
UMtOEvLQMBM,0.22281038961038957,0.39051771151759446,0.37662337662337664,0.06493506493506493
fB8ikaj3jR0,0.4190777777777778,0.43004175967192815,0.6666666666666666,0.07407407407407407
HLgrlcThayI,0.2818976744186047,0.3300162353218202,0.46511627906976744,0.023255813953488372
LqVgVAnAxPs,0.07426,0.45849132161906836,0.34,0.21
KyJouhIp7os,0.30810625,0.4538429057349443,0.5,0.0625
M6lfiu9RIBY,0.051225,0.3451504764229654,0.225,0.15
-QwZqbLpVlM,0.21402200000000002,0.3493775821600465,0.42,0.07
2-na0vSS5Vs,0.008507017543859656,0.44162854712412397,0.24561403508771928,0.2631578947368421
BJOBsISlivY,0.274395,0.45317480829697493,0.51,0.13
YFNJ1jMqcbA,0.2843,0.454532832477479,0.53,0.15
NaXE_LPdiCc,0.22795,0.22795,0.5,0.0
Vw9healWTcQ,0.312012,0.47247721241981605,0.53,0.1
gr5EwZo_CHQ,0.268365,0.4226550608652404,0.44,0.07
QbLMom6Qt0c,0.323289,0.4139012954546048,0.56,0.06
KssJzGx6JAA,0.41185099999999997,0.4309715648380993,0.7,0.06
tO8Kk0wIsrI,0.157493,0.43246677034310976,0.39,0.14
aqV1SkXWTIs,0.3088239130434783,0.44819691430595965,0.5217391304347826,0.08695652173913043
0Jon60rx7A4,0.2762421052631579,0.3619909134012089,0.5263157894736842,0.05263157894736842
lm7ROD7CLHw,-0.119627,0.45353887283341,0.18,0.36
zuLLetnvugI,0.21082307692307695,0.47298997954450045,0.41025641025641024,0.1282051282051282
wbDXmduVR4Y,-0.25816599999999995,0.5421397442025442,0.21,0.57
8ccFYRuUFJg,0.14967249999999999,0.4121477896261849,0.45,0.15
jEzwndXO5Q0,0.224296,0.48983532210733843,0.45,0.16
fHC8DfI13Tw,0.16809900000000003,0.34812132468293294,0.31,0.07
uZgttCbLYvQ,0.09977777777777778,0.4908329745958571,0.3055555555555556,0.19444444444444445
t_SEr0i2awI,0.0592,0.43801290937084286,0.3163265306122449,0.20408163265306123
TsW2sSliFng,0.13092000000000004,0.5286775251512021,0.4857142857142857,0.2
gpanyYCXHj0,0.196199,0.4763110127836643,0.46,0.18
wZIfM2kIyp0,0.12946000000000002,0.4375939969880758,0.33,0.15
p0Dch1B4c04,0.338282,0.4490930044834811,0.63,0.1
flyW41U7XPw,0.137967,0.49753849661207117,0.43,0.2
jJE_WWpiutg,0.075061,0.5264079748436568,0.33,0.25
7sMPtWzkr9g,0.272429,0.4314001757753466,0.53,0.12
XvYWgdS2QU0,0.29709900000000006,0.45913268594056766,0.55,0.12
xiJFp20S0QI,0.47314545454545454,0.39927004614930245,0.696969696969697,0.06060606060606061
fR_TvmwNmJc,0.158801,0.4157751968299696,0.4,0.14
AC-hU6-dfzQ,0.25335700000000005,0.46193463915471855,0.43,0.11
DM91100gT4c,0.366307,0.46734967663517224,0.63,0.12
Bm5Pc8nJ5Sc,0.177611,0.6118881930377477,0.5,0.24
eg5LZhMPdsA,0.08169400000000002,0.3688239064431697,0.23,0.11
9_bgRzQhO8w,-0.23146500000000003,0.5464267684466053,0.2,0.54
xSYVSREhgqE,0.058092307692307686,0.6167497812809173,0.38461538461538464,0.3076923076923077
zg7j8W4pQqc,0.18252100000000004,0.48594745689117463,0.42,0.16
DcL8gP1w338,0.21705,0.21714141129687814,0.5,0.0
Cb6Wl1GcEts,0.15742299999999998,0.48918632071123985,0.46,0.21
yMTtZUTveGM,-0.05599833333333333,0.5545369871919175,0.3,0.35
4Euc9JAL2sI,0.2714480000000001,0.36400654155660445,0.51,0.06
LuBhDsQqQ3M,0.308032,0.42727959812750244,0.48,0.08
ytRtbCQJzXM,0.3218,0.28521743985948683,0.6,0.0
4MUOdUvtf8o,0.296204,0.4224962044610579,0.48,0.09
oMEI5TWbPMA,0.061288,0.4367272334718777,0.34,0.22
T2TqAHkBv2A,0.18980699999999998,0.5262264049351761,0.48,0.21
qsTK4CUzPb8,0.11035299999999999,0.5292110742331456,0.43,0.25
ORpcyU6f9cs,0.149034,0.5126941115753135,0.42,0.2
_3ZY3T8gE8s,0.171591,0.41973861606838125,0.42,0.14
e4ReKdhb_Gk,-0.019762000000000005,0.520466766043712,0.33,0.36
bteF5cPHNUE,0.25046341463414634,0.45025739129703196,0.5365853658536586,0.14634146341463414
Ui-FGdf932U,-0.002560999999999998,0.4730244794712003,0.25,0.31
g-hiZ4PDEyg,0.07801025641025641,0.39747202242768576,0.23076923076923078,0.1282051282051282
T3CIpGQWQNo,0.397535,0.4381580042347737,0.61,0.05
-2TsCVVVbyI,0.265387,0.506584180300767,0.47,0.13
aqsVgNr84nA,0.14459,0.4217536317567402,0.36,0.15
-elPeLiuEys,-0.027425999999999996,0.47895176304508996,0.26,0.29
-xqb4H0q_1U,0.323952,0.5871514451110549,0.6,0.19
5f_RJpenvAI,0.242209,0.3758722692870545,0.4,0.04
CemrH5y1zCs,0.153331,0.4136620731212858,0.39,0.17
JyW7hKZWjzQ,0.11568400000000002,0.6559497827913354,0.45,0.36
JhHMJCUmq28,0.052955,0.3757059420278045,0.24,0.13
WdEWzqsfeHM,0.25321099999999996,0.38193255370418483,0.51,0.08
a2hAhsSRLkg,0.2995285714285715,0.4220729488887833,0.39285714285714285,0.0
gMyKNFqRyQk,0.293754,0.4625981349767852,0.57,0.12
PEVaGVIMRFg,0.1625560606060606,0.3764697581837158,0.4090909090909091,0.12121212121212122
p_o4aY7xkXg,0.25372799999999995,0.396375634488297,0.45,0.07
PjP1XJxHc08,-0.086001,0.5209197935373544,0.27,0.37
9PN3JOGzVJM,-0.05281900000000002,0.4416780066281317,0.25,0.32
I-7JzVEByMI,0.21504700000000004,0.3766969849773157,0.45,0.08
C-h4kjTjV9w,0.14969200000000002,0.5569879005292664,0.43,0.24
1hfx6AVDoLY,0.334013,0.43080389753459747,0.54,0.07
4z1s64JVaIA,0.26168399999999997,0.5326237979512368,0.56,0.16
wTVQN6D7xd0,0.05057142857142857,0.3841337758582315,0.2619047619047619,0.19047619047619047
TMQpiigRKTM,-0.009250000000000015,0.5018900264538498,0.23076923076923078,0.2692307692307692
AtXkxsEgrG8,0.13956800000000003,0.4318391679502914,0.41,0.15
7GT16s87M-k,0.134041,0.5021472005488032,0.45,0.2
vfIUYDjo8WM,0.22864100000000004,0.5210629478469949,0.49,0.16
B_SR_5Kl9NY,-0.10156000000000001,0.1483745746413448,0.0,0.2
ZTRV5GXWpo0,0.4065109999999999,0.4842309954753,0.66,0.11
bjMEIxuaDUA,0.339477,0.42184526614743467,0.52,0.06
mZ2QT08STRE,0.07688600000000001,0.4560325549826459,0.39,0.2
xRF7WIZV4lA,0.27909100000000003,0.4586767304093375,0.44,0.09
-yFZGF8FHSg,0.24970600000000004,0.45969785855929335,0.51,0.15
iTMmYX7MPGM,0.122622,0.4795932442351539,0.38,0.21
ar7K50LdDfg,0.259006,0.3415002008257096,0.47,0.04
LXDAu8DnALw,0.277314,0.41547894796728274,0.49,0.09
0jBg49dckXU,0.14860405405405402,0.47081598615743975,0.40540540540540543,0.17567567567567569
2ea_Wg1ZzoQ,0.307851,0.4886566263737759,0.57,0.13
QNDTWU1XH3Q,0.0,0.0,0.0,0.0
8HlkCfYC6f4,0.05956764705882353,0.39465441674858975,0.2647058823529412,0.17647058823529413
LBVkBJPNsow,0.310258,0.42318422470125233,0.53,0.07
P6_m4h0w4N0,-0.044761999999999996,0.4347860188138528,0.27,0.3
pZOF9q5fzfs,0.13202500000000003,0.47161761383031486,0.39,0.21
wyRqWAQnHBI,0.11722899999999997,0.5372645855246742,0.4,0.23
tbTBIV5Dsjc,0.073487,0.41344963481783364,0.28,0.17
jNhXXSGY-6s,0.077841,0.5417445926070698,0.4,0.27
pjagqAGyoS0,0.19288999999999998,0.4013806110165263,0.38,0.09
yrLutFhQLgE,0.34752000000000005,0.4299643913163042,0.57,0.08
7kvEMyd15Ac,0.091364,0.42746581115219034,0.34,0.2
2-zbRsyyAKM,0.09290000000000002,0.4135319133996795,0.3,0.18
FRndydYo9Lo,0.415731,0.41974977896241944,0.68,0.09
qhxcgqUi2jE,0.153537,0.3710348440928426,0.37,0.1
jqkYEe5ffYE,0.5753,0.3451045855968883,0.75,0.0
aq-phmpUJ_E,0.27154,0.41701111352097076,0.5,0.09
BtW7s1WcIjI,0.270587,0.42975819472233456,0.51,0.12
33-0OTJ3h5o,0.119037,0.42646436583963265,0.37,0.17
8qve776r0fE,0.17626599999999995,0.4584002683725218,0.45,0.23
gd5yB9Vmd6I,0.177967,0.5157396151266644,0.5,0.25
YJAGNad7FLI,0.27450600000000003,0.46698957950258374,0.5,0.11
Uq8CVA_DQow,0.2574888888888889,0.38355434047702475,0.5555555555555556,0.1111111111111111
9MgctssX5vY,0.09828,0.3367802589226393,0.28,0.1
MOT1dX8eQ6s,0.011891000000000002,0.4836332960198253,0.34,0.3
yPoPmdvlyS0,0.14361999999999997,0.4123055415586843,0.36,0.14
Yrgh_kXNKxM,-0.0011840000000000006,0.4754123230880748,0.27,0.32
dwa28LEObew,0.11865700000000003,0.4034931734874829,0.35,0.16
YdfCucsar9s,0.35661499999999996,0.4322054218482225,0.6,0.09
tdxHSX9RPUs,0.26363600000000004,0.411917294252135,0.55,0.09
yJNwJ3qjLBs,0.3654469999999999,0.4154075253182109,0.6,0.04
PEMk1WWO3gg,-0.05515899999999999,0.5316287742579402,0.34,0.4
d2Vyyal_zDY,-0.06759300000000001,0.4835653464124575,0.26,0.34
Y6U739ndi-M,0.31342000000000014,0.38511174926011,0.5454545454545454,0.03636363636363636
eR7yRKBromQ,0.17018899999999998,0.4214384749628349,0.41,0.13
nPkannJ4Hpw,0.197515,0.47250847704035953,0.45,0.17
qz4kh996StQ,0.2191,0.3213523837556749,0.36363636363636365,0.0
mIvxvCPVQyc,0.061002,0.43830010015513343,0.32,0.22
y4V4-50U3As,0.09866666666666665,0.36332480234633036,0.26666666666666666,0.1111111111111111
lHaX9asEXIo,0.337675,0.4063060482874947,0.61,0.08
JXmHYsyY8bk,0.06850899999999999,0.4985002565887003,0.35,0.24
PxEYGXF4kqA,0.133502,0.44598821665600086,0.34,0.19
OH1X8o3QUOQ,0.08064,0.48402407502106753,0.38,0.25
d853h-8rsPQ,0.208995,0.399661746074102,0.44,0.12
rYWcL76WMRg,0.424644,0.4249810582414233,0.67,0.08
qZQZCMN3D1E,0.356497,0.4381468754778471,0.59,0.09
ZjCXuA3t8kI,0.194991,0.3506501926692755,0.37,0.06
YhINec4cH38,0.19630800000000004,0.5165769254777065,0.51,0.21
hyk9dRXKKbg,0.43671000000000004,0.3667257565265903,0.6,0.0
ClFQQ0uzst4,0.10849891304347825,0.39169695126366927,0.2826086956521739,0.10869565217391304
2HfUoWr4KBQ,0.4399120000000001,0.4431351106107482,0.69,0.07
mXfahVh7MCs,-0.11375,0.37027546615099055,0.08333333333333333,0.25
SeyxdiFkj64,0.124059,0.378811138720867,0.28,0.12
DQ7tkcozmjA,0.3548681818181818,0.40943870935083315,0.5454545454545454,0.045454545454545456
NY43w15joPE,0.06451799999999999,0.40754508888710705,0.32,0.24
odzKGZNmmcc,-0.002582999999999992,0.5025042648684686,0.3,0.29
fe4JKBEr82U,0.21257000000000004,0.4034347941117623,0.46,0.09
5B_hr45FtZY,0.269646,0.39054335007012986,0.48,0.06
oKKdCiiF0N8,0.23092000000000001,0.4098603518273023,0.44,0.08
mE-yOzL76qQ,0.05295700000000001,0.4942261847079736,0.33,0.25
YaesWY1dZoE,0.052466000000000006,0.4495747593493211,0.3,0.21
uvMiz0-nPxs,0.155579,0.49854028569314235,0.46,0.23
wrY93yYFhSw,0.121512,0.57153679134068,0.41,0.25
1VhGa9Tc7QI,0.032323,0.46718421738217997,0.28,0.3
RBDkx_qgxFw,0.397912,0.4259290558954624,0.64,0.06
P-u3o2hvdUg,0.426907,0.47857741260009334,0.69,0.09
KBK8S_ENq5Y,0.06533200000000002,0.5323494872506218,0.37,0.29
QC6gsVTlvRo,0.18326,0.31680151956706265,0.42,0.06
Xl1nqcRuuCU,0.304823,0.3767783900000105,0.54,0.05
jOcUFieyoe8,0.5776285714285713,0.2939680508115792,0.8571428571428571,0.0
mH31FYFPy7I,0.006482000000000015,0.4720489899110049,0.32,0.28
awR_iel7BEM,0.61486,0.04408000000000003,1.0,0.0
Rjw5R7Sl0mg,0.28244375,0.4567529487709275,0.4375,0.125
ObHJJYvu3RE,0.23461599999999996,0.4924636546426548,0.49,0.15
kE0BbuBKJ7g,0.40297000000000005,0.4416399876596322,0.66,0.07
weYuuIZBOss,0.03332727272727273,0.39499513769368466,0.2727272727272727,0.17045454545454544
5B2dfZnxTk8,0.06943333333333333,0.1963871233615438,0.1111111111111111,0.0
g693z6yy1rw,0.31619600000000003,0.5306488217116853,0.58,0.16
PUTQQSxLpEU,-0.064645,0.5071934925400758,0.25,0.38
8iHpZHOESf8,0.152109,0.4696017996334767,0.39,0.21
UvQ0tTS8CTo,0.013688,0.45892117368454466,0.25,0.27
p1TpSJ9nLjI,0.16861600000000002,0.3993453399552823,0.39,0.13
S5jdwIzkbkU,0.21643099999999996,0.42004368360802663,0.47,0.11
jxPsh86cTn0,0.19847599999999999,0.4892423626629239,0.51,0.2
dVpF2Wg6Fh8,0.2316166666666667,0.6911406089855296,0.5833333333333334,0.25
NzNrgRtOtnk,0.23668799999999998,0.38995391760565756,0.48,0.1
-TyJlHVGeJ0,0.075243,0.5334441437029748,0.38,0.23
U3f1tmYOqpk,0.16495,0.2543948358359501,0.3333333333333333,0.0
_6xlNyWPpB8,0.23103400000000002,0.4987237299788331,0.51,0.15
-3eSDPZxOD8,0.313911,0.471260348829604,0.55,0.11
kxjwb5cXTI0,0.32028199999999996,0.47295916554814754,0.53,0.12
F3QpgXBtDeo,0.319814,0.4566947503573913,0.55,0.11
GHAOPzN-Fpg,0.032653,0.3665670343757059,0.2,0.17
7800MEmZYpI,0.20622,0.4776179552738778,0.49,0.17
IfmSKHpk3tA,0.163524,0.44451786108546865,0.39,0.18
weIbm3m-Xbo,0.24559799999999998,0.41574933817866744,0.46,0.09
YVpsDCSqg4c,0.052288,0.38364356407478023,0.25333333333333335,0.16
7Odakip90YU,0.5496025,0.35381741512219267,0.775,0.025
ibko62c47qI,0.320038,0.39383406246286007,0.56,0.07
Q490iOW_-Lg,0.35316699999999995,0.3875932432473507,0.58,0.05
EUAVH2od-A0,0.29717999999999994,0.43914794545801983,0.49,0.09
QS8sOzo9Ztw,0.18275106382978723,0.46922709326301665,0.425531914893617,0.1702127659574468
gErOFu61v-A,0.106409,0.4431068354460356,0.36,0.16
nTOG6eeJzNg,0.07897857142857143,0.47671726523106733,0.35714285714285715,0.21428571428571427
0O6ivAXdSho,0.14732499999999998,0.4649289363709254,0.43,0.18
AZGPf2cQVyg,0.07589800000000001,0.3523075284407076,0.24,0.11
eQKkkGEuTJ8,0.22580999999999998,0.35648760609592023,0.43,0.06
ivUNXD-lclI,0.11961250000000001,0.4746252269883576,0.375,0.125
2AYWcxyNyQI,0.3999122448979592,0.43970738606517235,0.6224489795918368,0.07142857142857142
wcKcZgRQPbQ,0.04285000000000001,0.48233368960191864,0.3125,0.21875
Fzs8iR3Nyes,0.28124705882352946,0.44055123240515676,0.5,0.11764705882352941
91ak84i7bmE,0.23349764705882353,0.5196178081847262,0.5176470588235295,0.2
UL-mgPq8cAc,-0.27232,0.3358030934937914,0.0,0.6
KgU-agclBps,0.192921,0.4800739554058312,0.48,0.19
v9wNVW9Atzw,0.036838,0.5006978845132062,0.34,0.27
eJi7p5GcLxg,0.080399,0.4414831110008626,0.37,0.22
cR6N3g2qJJQ,0.357089,0.43390313133117625,0.6,0.09
AQPlREDW-Ro,0.12113499999999998,0.5685802941317962,0.45,0.25
gndDVuExTnM,0.166736,0.39862746481395384,0.38,0.12
zZeyu6ftCmI,0.6607589999999999,0.30696229087462845,0.89,0.02
guKf_NDSKqw,0.238489,0.46525294129000405,0.47,0.13
jUfQar9sKoo,0.256525,0.3976742974784767,0.375,0.0
yimOlr65GA8,0.15558,0.42152276403534844,0.39,0.15
RRhjqqe750A,0.35275000000000006,0.3784215288537374,0.57,0.05
HfJpaRLJ0VI,0.0919109756097561,0.3235412297042842,0.25609756097560976,0.07317073170731707
8bqypohrl_4,0.15918148148148148,0.44900090822067434,0.4074074074074074,0.1111111111111111
ieMF_mjow48,0.1406506329113924,0.36502305835729176,0.31645569620253167,0.11392405063291139
li5fmOV33hE,0.519724,0.3974705629653597,0.71,0.03
hbURFbm1jlE,0.3938580000000001,0.4870873533936187,0.61,0.1
YKKDbFH2TPw,0.23800000000000002,0.4535781087852794,0.4230769230769231,0.11538461538461539
aPtrc_FtO0Y,0.386644,0.45262182720677535,0.65,0.11
wfLpGcfFO0U,0.2913032258064515,0.40848353790854575,0.4838709677419355,0.08602150537634409
ckh9ehBQewA,0.686948,0.31950981470997103,0.84,0.0
DiiPka-VkUM,0.166545,0.38755426726459874,0.4,0.12
oWahg8OWtlU,0.141519,0.4503523040231947,0.41,0.14
Qhva041iOFM,0.24315733333333328,0.3957506724099012,0.48,0.02666666666666667
LctF35WM2sk,0.13472499999999996,0.38805922882338467,0.34,0.12
LMZLBx-pwRQ,0.06534499999999999,0.4768157154236844,0.38,0.28
UKc271fj2ok,0.258971,0.40298312924860763,0.43,0.06
5zL3YJKygd4,0.3796339999999999,0.5056563212736493,0.63,0.12
SgjtEx98UII,-0.069157,0.4834518450176812,0.23,0.31
VNKo1hoI3po,0.44115699999999997,0.41673928690609435,0.72,0.06
EkJ7oSVsYfM,0.11858333333333333,0.3913132437347633,0.3333333333333333,0.16666666666666666
8CjeXP7BzW4,0.40218333333333334,0.40013430939567723,0.5833333333333334,0.041666666666666664
KfjRMWgDWok,0.27549999999999997,0.39892375524653834,0.5,0.125
L-FuNNZ_mxc,0.165551,0.4814115656057714,0.44,0.18
zl0IhCr8Ya4,0.380082,0.5064163053022681,0.63,0.14
zt9bJtUpEpU,0.255004,0.3986259369183094,0.5,0.1
GInbdM29BAI,0.13648,0.4140711429211169,0.36,0.15
N-SPhta4pr4,0.044670999999999995,0.39328881456125847,0.24,0.18
ke1YKF3tNCE,0.14923,0.43177506122980286,0.41,0.13
Wn_eBrIDUuc,0.222409,0.5157570401060949,0.48,0.19
MZNhF0fGu8o,0.22002300000000002,0.34516982569598986,0.44,0.05
txdYBo-7M0Y,0.153974,0.45961760619454084,0.41,0.19
XhyWuenuEeY,0.2707333333333333,0.3796115060895225,0.3333333333333333,0.0
5s-Q708g-fE,-0.033295000000000005,0.40832194904878677,0.26,0.32
pZbdz5uzGms,0.08269333333333334,0.22653553206702226,0.26666666666666666,0.06666666666666667
VbjC4uKXbvE,0.13674300000000003,0.4415902941086907,0.39,0.17
L4eOhuLDfeU,0.05524700000000001,0.44533417485187465,0.3,0.27
Q2_AUsjrdSw,0.140496,0.3929442621848549,0.34,0.11
0f6VCgnQ6LU,0.22740666666666662,0.4582271292225675,0.5333333333333333,0.13333333333333333
oc_t_c8neC4,0.07882399999999999,0.45915734909070116,0.37,0.21
cOTemOlvTI0,0.4770209999999999,0.4013927932325143,0.68,0.02
izLw-GmkCto,0.21302100000000002,0.4141500764928096,0.43,0.12
bSTKQr3xyv8,0.25682900000000003,0.4420451339614542,0.52,0.12
DW1CAO5APuo,0.03878100000000001,0.39878090367895,0.23,0.19
NyieotGNX0Y,0.593142,0.3528126693246715,0.84,0.03
q-RzbVL8In0,0.271713,0.422680740430647,0.51,0.1
g0AwzYIRdMI,0.23653399999999997,0.44005803804043847,0.46,0.15
Hq0daN8LVyQ,0.130704,0.44909052738172955,0.32,0.18
F3rp-zuUo8I,0.16342857142857145,0.5257321329462799,0.42857142857142855,0.17857142857142858
i-igmAff4ZI,0.065051,0.47742809353765514,0.36,0.23
BKNHFIRO9Qs,0.024444000000000004,0.4650119143247837,0.33,0.26
BYg74IYVELk,0.24733600000000006,0.448356500459177,0.5,0.12
4i1MUWJoI0U,0.3836679999999999,0.41763293234130855,0.58,0.06
tcQ37OfknJA,0.148252,0.32325887844883705,0.34,0.08
VyL6WzvIhUU,0.157065,0.4077034310316753,0.37,0.16
C_pbRK2XtCg,0.30995833333333334,0.3152671683359299,0.5,0.0
7BGFmtEROOE,-0.042359999999999995,0.3902939077157111,0.2,0.3
lKxbgy3n4cA,0.137326,0.4706325950505341,0.4,0.2
GmHGUTNoL-I,-0.030377000000000015,0.6054171175074256,0.34,0.4
VHWu6JvzrJs,-0.043327,0.4908167437761267,0.27,0.36
jREwKDkCC-w,0.077779,0.3542075395287345,0.29,0.11
LNNfxIbbJfE,0.019494000000000004,0.40891351110473223,0.24,0.2
hGTq39ZGHy8,0.061475,0.4184708074346405,0.27,0.19
9o7KPoS0HGs,0.173457,0.36358229886918314,0.39,0.09
L4aBqvbP_MM,0.24300900000000006,0.367627821878323,0.48,0.07
rESzyhPOJ7I,0.350208,0.45021738364483443,0.63,0.12
psh_iNG3Csw,-0.11730899999999998,0.505919281920545,0.22,0.36
2tIgpBKWRHg,0.10486100000000002,0.40135605461858925,0.33,0.16
ucQe-3XLEDE,0.40167100000000006,0.4634563319871679,0.65,0.11
qMzt3yQFT-Q,0.32000899999999993,0.4226971552057099,0.58,0.09
3g6P0lRXotI,0.3197262295081968,0.40522943830954417,0.5573770491803278,0.06557377049180328
4O9VweDzThg,0.4219032258064516,0.4355774635627832,0.6935483870967742,0.04838709677419355
WKWhdahMYrU,-0.23835,0.23835,0.0,0.5
wd_JwfXgFHk,0.39417700000000006,0.44649769984961846,0.66,0.09
RdM-iEwNcpM,0.248767,0.4882093602246889,0.5,0.16
TOPoY7jV4f4,0.09367,0.42958266410552465,0.36,0.19
3dORV_XDoYY,0.23997500000000002,0.4143187278834979,0.45,0.08
WfhqlWkG3Mg,0.19031800000000001,0.46513872261509254,0.44,0.16
2RstiSCRE08,0.24169655172413793,0.4783286797278397,0.5287356321839081,0.1724137931034483
tOyMPGtWbkc,0.07784300000000001,0.3959311511500453,0.31,0.17
YAI_IbIUG3k,0.426619298245614,0.4523982318200343,0.6666666666666666,0.10526315789473684
2LQyh_QwwX0,0.2227181818181818,0.48133398311960596,0.36363636363636365,0.09090909090909091
6_AnYabucKo,0.158455,0.32722059359856925,0.33,0.04
NOX3oF_FJkA,0.019264999999999997,0.5005031652996812,0.32,0.31
L9ssq0KufmE,-0.03753300000000001,0.4561677687112495,0.24,0.33
u70lZSMP9Bo,0.148342,0.3746496072812569,0.32,0.1
9SeINAEJyIA,0.058034999999999996,0.5144893593408906,0.33,0.26
TWUfOQp0FQk,0.311127,0.4591741532044241,0.57,0.12
tU1hnE6klVw,0.19629999999999995,0.49160600118387493,0.5,0.15
M1AiUxS2kRU,0.13320600000000002,0.5117844825353735,0.43,0.21
Wi5OU2R_96s,-0.05728599999999999,0.5040314641012007,0.3,0.34
G73C-kC1IfM,0.46230999999999994,0.3834850339974169,0.7,0.03
o0yzktFZp3g,0.291791,0.3747445266031247,0.5,0.06
8O9JPYsxefI,0.24336900000000003,0.437964248471265,0.5,0.09
A5ughsPP2S4,0.203585,0.4777125600975968,0.41,0.16
A-QoutHCu4o,0.10419300000000002,0.40975030036718707,0.3,0.13
8pza2wj7nr4,0.27962399999999993,0.3982973113441766,0.48,0.08
yavmYFuAOPE,0.151702,0.4724908890084548,0.4,0.18
uxtWn2lsfYU,0.351083,0.4353605544959259,0.59,0.08
1NhID0fY0C4,0.3576646153846154,0.36771719167809014,0.6,0.03076923076923077
coOo0G7ACYE,0.0,0.0,0.0,0.0
TunbuB_bBb8,0.259766,0.46490891048032196,0.53,0.17
FhhlMSpvCQE,0.31509,0.42564562478662926,0.55,0.06
De_HuG7_F7w,0.189495,0.5074965679440602,0.45,0.18
lBVYJcyCnmg,-0.131556,0.47684707534386744,0.24,0.37
jbbNai2HHzI,0.17959,0.4043437880071858,0.37,0.11
GAPqEAWW9lc,0.17072299999999999,0.4423029194692253,0.37,0.15
W2DLNkp2IBo,0.369614,0.47133407621770784,0.62,0.11
Ln5JqpP1Ccg,0.03602800000000001,0.43314823769236327,0.27,0.19
WQjO1mMCPg4,0.16735699999999998,0.4078464343978012,0.35,0.13
OTkBi5wX1QM,0.31133700000000003,0.3972838553616293,0.54,0.06
ES5jQYZYE1c,0.21982600000000002,0.3569421148085499,0.37,0.03
A4ciJkxxc98,0.150942,0.49010071070750344,0.41,0.16
RpdM7_N50jA,0.1956970000000001,0.5210106224358578,0.45,0.2
wb9u2f_pbD0,0.25867300000000004,0.4563002256968542,0.48,0.11
S3VZxB_iNoA,0.111137,0.44764082178795983,0.34,0.18
yD8_zH3PUfw,0.19666699999999998,0.39613613620951066,0.43,0.11
dnRxQ3dcaQk,0.17119800000000002,0.4997687573228243,0.44,0.2
8jF-PnEe8so,0.07093500000000001,0.4646219995598572,0.34,0.22
Fz829ayvlKQ,0.31380900000000006,0.46069730693699523,0.57,0.14
wfxdOjIvBiI,0.15351599999999999,0.40563589158751717,0.38,0.11
W0GpIMNTPYg,-0.12105400000000001,0.5281058733663165,0.25,0.42
KtA3Wp8eNgA,0.23483100000000004,0.3975472340980377,0.44,0.08
Ji_slRovrmk,0.2096,0.4615287562005211,0.41,0.15
1W-mVDuE6Ig,0.17299999999999996,0.427676992366903,0.41,0.13
aRyLYDs3cFk,-0.032050000000000016,0.3993776064077705,0.20833333333333334,0.25
yhc0kS0ipJE,0.2554483870967742,0.34048679181522495,0.4838709677419355,0.06451612903225806
mkJKjdbIuRg,0.081435,0.4077780747845573,0.33,0.19
7JoVjhRFnGk,0.25601739130434786,0.44568789786827084,0.43478260869565216,0.08695652173913043
7IX3zfnXOkM,0.158744,0.4271745192119961,0.38,0.15
JIfKt49u-tg,0.07653666666666667,0.3380425737322971,0.23333333333333334,0.16666666666666666
U9Vj_GQFGHQ,-0.027594000000000004,0.4891179033361997,0.3,0.29
rfrSLD2Q4QU,0.038187,0.5525985004784215,0.31,0.31
Fzz-Pblbvqw,0.107427,0.4349099860557354,0.33,0.18
0n5lrZU_fKg,0.24706,0.38073919630109004,0.47,0.07
DtFhl98XsO8,-0.050762,0.48603844534769053,0.24,0.29
v61hfc6u6ew,0.18909999999999996,0.4726413712671938,0.5,0.16666666666666666
a4HCULGOxN8,-0.054032,0.45602529203543085,0.23,0.39
FDEZalVUJRc,0.16533899999999999,0.3551890195079234,0.35,0.08
7_uvEuNwUj4,0.19382999999999995,0.5454371092069186,0.47,0.22
vWWuidYlf84,0.294481,0.474264469614792,0.59,0.13
KA4Zgy04N4w,0.33405799999999997,0.4552861089864262,0.6,0.11
mfZcc1OCXTg,0.28559200000000007,0.36129897472315087,0.48,0.04
gi6tZ-6D_fI,0.44714444444444446,0.26851951764820503,0.7777777777777778,0.0
GAa2yh1ZkNc,0.455956,0.40861208922889203,0.71,0.06
qkj2UqvBnzQ,0.21062380952380955,0.36220161215241015,0.4126984126984127,0.047619047619047616
NRI1rnf46eo,0.21387099999999998,0.5562776568036865,0.5,0.2
NipDOZ-7BRQ,-0.008825999999999999,0.4326760163494159,0.26,0.27
LgKB1vUQZiM,0.051097000000000004,0.5348925463034608,0.39,0.31
et4f2xo2-RQ,0.3622222222222222,0.26876970223502905,0.6666666666666666,0.0
ZGl8vrceu1E,0.13491200000000003,0.5289549739401267,0.43,0.26
m8RMv0tkwVk,0.37584599999999996,0.4445205422519864,0.54,0.06
C2_jMlNyVa8,0.015898,0.4427132798956905,0.28,0.22
UYOQERY8STc,0.031067999999999985,0.5596875458467876,0.33,0.26
nANGQ_9wD-0,0.369936,0.4317900352069278,0.65,0.08
cWxBE9V4hS0,0.4144,0.4234138243688633,0.6666666666666666,0.0
9xeO_o1nmo8,0.53765,0.4829592814099342,0.75,0.05
CGN_xByxGMw,-0.025046999999999996,0.5257284571820323,0.33,0.31
pHAI4t-G22U,0.33420000000000005,0.5100484878911024,0.6363636363636364,0.09090909090909091
uWLB23NCJHs,0.258589,0.4086029527291744,0.46,0.07
E9Ij-HaqErk,0.16042222222222222,0.4933703134288072,0.4444444444444444,0.2222222222222222
-X94qpzUYao,0.011827,0.4887410393766826,0.29,0.3
VEIJnNZX8Dw,0.3511969999999999,0.43460744481773433,0.59,0.08
-fsoLs94JIQ,0.3233579999999999,0.357474107084695,0.6,0.05
LhMUR5Y_rIU,0.099339,0.4340286239166721,0.33,0.15
wUsZce2kKgw,0.06161851851851852,0.4340021804323423,0.18518518518518517,0.1111111111111111
Ly7ToPxy0bM,0.3196551724137931,0.41505295099350703,0.5172413793103449,0.034482758620689655
gg5PYU2CznY,0.0068069999999999945,0.4785757098422359,0.28,0.33
I8ktbz585t4,0.386459,0.4275891750489014,0.64,0.06
plUboQZgkng,0.236491,0.4443439616096971,0.47,0.15
YzlNIZyN3TU,0.007713000000000005,0.4979213362881732,0.31,0.28
AXcpHtZ1cbo,0.25652200000000003,0.4558329941063943,0.56,0.14
zfTd85XtJTQ,0.3022631578947369,0.3055054331682022,0.47368421052631576,0.0
TLS837FaO4Y,0.22391400000000006,0.40256625343413965,0.46,0.1
i-lqILYtfoI,0.1468,0.20760655095637034,0.3333333333333333,0.0
YTjIwtb1oN4,0.0638325,0.4754796985085168,0.375,0.25
dxU2HFe7tmY,0.3116782608695652,0.3953625578328148,0.5217391304347826,0.043478260869565216
82RIfy-gRa4,0.05682599999999999,0.48647901467997573,0.34,0.28
9hX4r0yOAb8,0.14674199999999998,0.5136016226960347,0.42,0.2
hFV71QPvX2I,0.24226399999999998,0.4587257240486956,0.47,0.16
qWgOxp9v_kE,0.239932,0.44767553046375,0.51,0.14
KbO6-C2Yajg,0.27093700000000004,0.4642354513940098,0.55,0.15
PINttscIAEo,0.37670699999999996,0.4400125771509264,0.58,0.07
o-A2dc_2daU,-0.21691399999999994,0.536468147427226,0.19,0.45
0DKaD_htPPk,0.09198500000000001,0.36951551831418394,0.29,0.12
aF5k2V0G2Ig,0.25003600000000004,0.3903564956600569,0.5,0.1
OZbWtUe5B3Q,0.440248,0.43171852276222755,0.71,0.07
7rm1iP5CzuE,0.3955560000000001,0.49558351048435817,0.68,0.13
AxforGyezHc,0.119607,0.48206570387344505,0.36,0.2
a4YqNoLkmxE,0.2937969999999999,0.46268922711794364,0.56,0.12
wPzUAIX_IVE,0.24286100000000002,0.4480727757619291,0.49,0.12
xjgAtojvIJ4,0.05364099999999999,0.47008590217001833,0.35,0.24
_8sq0BQ3Sc4,-0.117242,0.5163555707417128,0.24,0.42
Mq0yEI_xpb8,0.24657,0.5081622759512949,0.51,0.16
cjJgUKwmX3A,0.3293571428571429,0.3174618598335548,0.42857142857142855,0.0
5BEbJKtSLs0,0.2683784946236559,0.6813588806706063,0.6344086021505376,0.2903225806451613
JSJ_h3eZagU,0.429567,0.40740228989415367,0.68,0.08
SwW5hwX47MY,0.07066101694915256,0.4471537918491439,0.3050847457627119,0.23728813559322035
5n1YmpM2DZ4,-0.06286842105263157,0.378564169006262,0.13157894736842105,0.3157894736842105
KRxBLwN4PI0,0.44302099999999994,0.35673623681790445,0.72,0.02
G6l_Wby46Xo,0.15585400000000002,0.42031477642833354,0.42,0.15
pP1Yg43FREU,0.31801300000000005,0.47915791001610314,0.58,0.14
e2QuVrT9V4g,0.030757999999999994,0.4161954755112074,0.27,0.27
l8f4moBLpEU,0.131673,0.41496725337187756,0.39,0.14
7yTt9N8_5LY,0.142532,0.42929823639982495,0.4,0.15
-_hbPLsZvvo,0.343635,0.42850366751639357,0.61,0.08
2ssz3YWFOdU,0.42676363636363635,0.5870994935281946,0.7402597402597403,0.15584415584415584
WpHtn8uay7I,-0.13886781609195403,0.5386156507140143,0.28735632183908044,0.45977011494252873
nsmoGov8bTI,0.03504600000000001,0.37044814223316064,0.2,0.17
Ew-b0KTPSy8,0.20134300000000002,0.4320727499519033,0.51,0.13
CjHlcRjfB9E,0.0037119999999999853,0.39017366986509994,0.23,0.19
P4d8QrRJvsE,0.27837500000000004,0.47201263529168364,0.52,0.14
5y6v5qcYwHo,0.09095,0.514117350319944,0.4,0.26
kKgLIZpjnPQ,0.0,0.0,0.0,0.0
kmXrN79zsa0,0.2765636363636364,0.3951469951405363,0.5454545454545454,0.09090909090909091
q_6r6qnUVfk,0.292371,0.4274623602833354,0.52,0.08
onXrz29hBGk,0.10396399999999996,0.4483380799173766,0.39,0.21
Sjr_DuMjioQ,0.28832244897959186,0.42763506436160437,0.5510204081632653,0.10204081632653061
JxpZwgE9TuA,0.16044800000000004,0.4483870768610532,0.41,0.16
zvduo1w8ZiA,0.20880799999999997,0.38976112625042536,0.44,0.08
yKeOPsptTwE,0.17871800000000002,0.4173136785153345,0.45,0.15
4WsU4417o9U,0.367816,0.40270261551671105,0.56,0.05
ZHrkb5vxIgk,0.2720173913043478,0.3845312648024683,0.5217391304347826,0.08695652173913043
TYrZ8grFNIE,0.04819500000000001,0.4412788339304299,0.31,0.24
bPumdHnW7f4,0.593378,0.34428448369916415,0.78,0.01
nc0R3HQ1axs,0.23712000000000003,0.4112115642829127,0.43,0.1
8M4-mBGLPeE,0.27230399999999993,0.5132522707051572,0.52,0.18
fmADvG3x7D8,0.407603,0.4193030461265456,0.64,0.07
1XALOZptyyg,0.16744599999999998,0.4163248292907835,0.4,0.11
0S3aH-BNf6I,0.05675199999999998,0.45267485538297797,0.33,0.23
pZYC6i9AEck,0.015224637681159427,0.3569920217538246,0.21739130434782608,0.17391304347826086
VxFjio-xfM0,0.2105714285714286,0.29929937098060827,0.35714285714285715,0.0
MMs9FLn0Orc,0.37715199999999993,0.39040236102769665,0.63,0.04
mdulzEfQXDE,0.422249,0.4322559078821248,0.69,0.1
Buc-2L29Uig,0.191188,0.4253416991737349,0.45,0.13
Vjl5xGzkNvI,0.11085,0.7353267593990003,0.5,0.3235294117647059
ey_L_VzPwEI,0.634158,0.328660507265476,0.84,0.01
s4n6WGRHezA,0.11023737373737375,0.4348960037270395,0.3333333333333333,0.15151515151515152
PmxevAwOGM0,0.0,0.0,0.0,0.0
aAVVff2U_Ko,0.315191,0.3652374200694666,0.55,0.04
2gDB8r3mBrM,0.04569800000000001,0.48914520297760256,0.33,0.3
mTw88PnXfNM,0.09566078431372547,0.351197640059979,0.29411764705882354,0.0784313725490196
lpM0aqIjzIQ,-0.14461,0.44855441152662845,0.19,0.39
oxgnlSbYLSc,0.26286000000000004,0.45682803438493136,0.55,0.12
85gf1oN2uvo,0.11691000000000001,0.5131102459511017,0.42,0.28
qf_PtaIdx-M,0.468175,0.3324022140043595,0.75,0.0
8TrW_KUBExg,0.129259,0.43966964168452655,0.39,0.17
ZtlI2Yhiivg,-0.029174999999999996,0.43120183078808927,0.21,0.33
9gD0K7oH92U,0.219979,0.4430004339264241,0.45,0.12
AMT81RBJihc,0.138341,0.45135500375979004,0.39,0.16
fJF9sT_kL-c,0.19279666666666667,0.4129281055125967,0.35,0.06666666666666667
jeNTCi2ntdE,0.34800588235294116,0.4317529369823081,0.5294117647058824,0.0392156862745098
J4DCp1w6kPY,0.254446,0.48204613895767284,0.54,0.13
J3D0NvIINVM,0.29131315789473683,0.3346869701448871,0.47368421052631576,0.0
IfFfevlkWCE,0.24879200000000004,0.4321315863669306,0.47,0.11
hf156IK8y_I,0.33425600000000005,0.4058906116972896,0.55,0.06
4o0cU2-IlCE,0.159448,0.4673994731447609,0.43,0.19
qGtxQ7ZaBrM,0.20293599999999998,0.5257901084120925,0.5,0.15
IdcZNFVp-bY,0.11384747474747474,0.4790965619005591,0.3434343434343434,0.23232323232323232
Ga6PDPR8gsE,0.30450299999999997,0.4419185609261055,0.57,0.12
Mw-x-7tbq20,0.126133,0.38246563193442623,0.29,0.11
fblKtKAAF2c,0.062669,0.5030154853868816,0.34,0.27
x92mfhWERew,0.359148,0.41654989988715635,0.59,0.07
jVZiPRYrbZo,0.40766099999999994,0.38921631669163104,0.63,0.04
ryol9sVk704,0.302958,0.42858199453080154,0.49,0.1
lPBTdSfLBg8,0.41675599999999996,0.4020114168329054,0.67,0.05
6HyIEYZOPMs,0.15546999999999997,0.4764558391918395,0.39,0.16
FiR2iiV9E68,0.51259,0.4450474162378656,0.72,0.06
CoV1K6Yd79A,0.060602564102564094,0.4470939211758529,0.28205128205128205,0.20512820512820512
TnWLNENup1M,0.17586999999999997,0.3657410123297632,0.4,0.1
Dj4cP4PMPPM,0.071617,0.3636089033714659,0.27,0.15
EwnDa434KaI,0.18085899999999996,0.3129344516332454,0.33,0.02
lXv_Sd3nmAk,0.182589,0.44621154084021625,0.47,0.15
iNr9xdc6cVA,0.552173,0.38908410243930547,0.79,0.04
NqK1M7w5UQ8,0.419181,0.387315323139945,0.65,0.04
8s_PCzJfIio,0.22802105263157893,0.28892173695155315,0.3684210526315789,0.0
5NQjJ7vRRzw,0.36248199999999997,0.4509403342749459,0.57,0.07
GmsrMUnTBzE,0.11767727272727274,0.45816232329107015,0.38636363636363635,0.18181818181818182
Ic5DdDauuh8,0.11745100000000003,0.4512424763904657,0.37,0.18
rJnrkMSDBls,-0.033138999999999995,0.42708776238496926,0.19,0.23
onavYjbyuAU,0.21993571428571426,0.41821266111269995,0.44047619047619047,0.11904761904761904
wcWNl-Q9P0w,-0.08446400000000001,0.4536088263074254,0.2,0.35
M9gFRXw5-kI,0.09940099999999999,0.46156363905641445,0.35,0.18
2AM6v3PQea8,0.47754,0.4567111094675836,0.7111111111111111,0.1111111111111111
62bVn7E8gyk,0.4132639999999999,0.49979685763718046,0.68,0.15
oGDvnKLtXvU,0.27946800000000005,0.42789851667889667,0.44,0.12
kcioA68GkyY,0.17545699999999997,0.5373511768396901,0.47,0.22
0f4sUNWkq60,0.156613,0.3374543591820974,0.39,0.08
ZS9tdp6ThFA,0.09265263157894736,0.5349235089130142,0.47368421052631576,0.2631578947368421
XJPA6EIb7h8,0.49006099999999997,0.42022704979451286,0.7,0.05
_gBnmKOixDM,0.23154500000000003,0.4817255044888115,0.45,0.15
3b-3CnkcVpM,0.296,0.0,0.0,0.0
_-vZ_g7K6P0,0.520839,0.39619554638965837,0.73,0.03
MW0WoSPJ22o,-0.036635,0.4467369604980094,0.26,0.29
fyiyPRN4dqE,0.11717999999999999,0.23435999999999998,0.2,0.0
JaigxZk_JyA,0.259444,0.47100395206834517,0.54,0.16
U_2gNhjAkjo,0.08267999999999999,0.4004591744485323,0.35,0.18
iFUOt5wfXHU,0.230107,0.42203793082020485,0.46,0.11
pVKEsiNMPNc,0.11533399999999999,0.43810416962635723,0.38,0.19
VWbd1vxUxds,0.07147526881720431,0.4640517482860002,0.2903225806451613,0.21505376344086022
ewu_7Dmj_18,0.32671914893617016,0.354288883592999,0.574468085106383,0.02127659574468085
fbiC1mBGBb8,0.0,0.0,0.0,0.0
JJTmwWMIhJ0,0.23750999999999997,0.4533517139043371,0.51,0.12
cOi2nyiWFmY,0.19623,0.40592830635470595,0.44,0.15
VnzRFyOMD4U,0.216623,0.40390844206453524,0.45,0.1
5YJCKT90km8,0.15691875,0.3643354158923306,0.3125,0.0625
5mBXyXR9aXA,0.22393200000000005,0.3905795539656422,0.46,0.09
6ue1z_JzWtU,0.422224,0.3836362464939933,0.65,0.04
RYUf6XLxa5I,0.3334349999999999,0.3551645425362729,0.59,0.05
KkEeOrhjaYc,0.4936375,0.4492695050602515,0.6666666666666666,0.041666666666666664
OKkBkowoG2s,0.149055,0.4762212322807541,0.36,0.18
qzxSaUmGXnQ,0.052983,0.4737083529039782,0.36,0.28
3oStcXtuDp4,0.3271375,0.22289306818236856,0.5,0.0
qERHIFVlZR0,-0.058815,0.4018934678182764,0.2,0.24
6dNGF9PRkBY,0.48670399999999986,0.38814013214817145,0.75,0.05
dfeqKsgTjPo,0.12710600000000002,0.46436015609007625,0.42,0.2
W7WMs9xddeU,0.253703,0.4470797099969982,0.43,0.11
XCWxKwU_Qd8,0.3564416666666666,0.3826040783419446,0.5,0.0
0k7cHz-iQ4s,0.22335900000000003,0.4418470731135379,0.41,0.1
a15jXgmTBbU,0.23147299999999998,0.3806556601063486,0.43,0.05
vK6a6uYJBhY,0.196247,0.41314051857812245,0.41,0.11
gKfJ-S59iN0,0.30355699999999997,0.3799548597544187,0.54,0.06
4wY4NNGW8LM,0.014415000000000002,0.4523642895664952,0.27,0.27
bBFSETVZzvk,-0.086488,0.4217762170345786,0.17,0.28
JsYNgHbhwaI,0.22156800000000001,0.44204267596692515,0.43,0.12
Oym7mRkW-pU,0.16145200000000004,0.435324584300037,0.42,0.17
hZLahqMZ1Z4,0.08000900000000001,0.5137195524982479,0.39,0.32
mkBO1AThsvQ,-0.007391208791208797,0.4158384707658354,0.24175824175824176,0.23076923076923078
zvn7Zaq03VU,0.236448,0.49275780409446585,0.5,0.17
wzhUYwx34gM,0.45430600000000004,0.4144786867427564,0.69,0.06
LCiWNRi3dq0,0.120215,0.3684965789189908,0.25,0.09
hXYoduN0kWs,0.25580400000000003,0.39368323076300826,0.43,0.07
yRicasJ4i3U,0.19317400000000004,0.38647187623939727,0.42,0.1
w83RVp7QlF4,0.08645000000000003,0.4539624849037638,0.35,0.2
xvNgan6ghU4,-0.008858000000000001,0.4219219224406336,0.24,0.22
sStxk4mv_DY,0.4601150000000001,0.39776980840053716,0.72,0.04
S7S5FKCRnPo,0.142524,0.42884563565926614,0.33,0.15
wEDpOuJJllw,0.307625,0.41097906646811094,0.52,0.07
HrW63XRYJGw,0.13216315789473684,0.45815862136040814,0.42105263157894735,0.21052631578947367
tAkXfdFGd5o,0.1833,0.4340246233616366,0.3684210526315789,0.10526315789473684
0xTSWW7a0ak,0.5624896103896103,0.43981959689642514,0.7532467532467533,0.05194805194805195
YWwqkKdv23g,0.2872470588235294,0.4146301046328162,0.5294117647058824,0.11764705882352941
D-sgJyjH_XQ,0.214748,0.49763344350636246,0.48,0.18
zGtDz_rGgs8,0.317747,0.44875809796704513,0.55,0.1
jdlglBMoEqg,0.13105599999999998,0.4070414628314909,0.34,0.14
mN47CXTHOY8,0.35605200000000004,0.4033821306106655,0.61,0.06
F6knNBAJOyU,0.2908488372093023,0.4165702991411593,0.4883720930232558,0.06976744186046512
wj0qx56cwOw,0.15290099999999998,0.40609435024264995,0.39,0.12
G7KK_-i8eac,0.357154,0.4353605476889241,0.58,0.1
9ddSq5mQhTw,0.20589000000000002,0.4539027079672471,0.49,0.16
Ff5WfuepdcE,0.27900800000000003,0.4973107096534319,0.58,0.17
WKunHXtQYuo,0.09085853658536586,0.47587438339186755,0.36585365853658536,0.1951219512195122
67Aeyxs9-Lc,-0.022619999999999987,0.42061825257589563,0.21,0.24
b-eCsGN_gxw,0.09877099999999997,0.46218082268631616,0.38,0.21
tBd1Am7N13Y,0.027209999999999998,0.4513345146341015,0.26,0.23
36jPIdNntcw,0.203281,0.43858756290962014,0.48,0.14
OKK49JXNeC8,0.22119090909090905,0.4467479728896279,0.5,0.11363636363636363
6nytBvacyzQ,0.159743,0.37907620296056577,0.36,0.09
LZ8yTs5_T0M,-0.0655695652173913,0.38662698620896646,0.17391304347826086,0.34782608695652173
sbuKpLABBtI,0.378039,0.4722420823888951,0.62,0.1
TRuPqaFWWpI,0.18786899999999998,0.44476313756762714,0.41,0.14
ZuefN1LCMiU,-0.018890999999999998,0.5266328356825085,0.31,0.33
ISGnoc_cXA4,0.4096550000000001,0.5491218251672392,0.68,0.16
zwcVmX_9jFM,0.7202937500000001,0.3037693074496459,0.921875,0.015625
f9somyEzpaY,0.080921,0.549844222902269,0.37,0.3
cQdn1kbBVcg,0.166663,0.45554897248374954,0.45,0.15
1OfL1jke76E,0.47846799999999995,0.4109801634823754,0.72,0.06
VcMIeyjggbM,0.4377120000000001,0.44497233358490956,0.68,0.08
LoGzbn_HVsA,0.424112,0.40839054746161796,0.67,0.04
1wAZqipDQ8Y,0.18222800000000003,0.40651238113494154,0.42,0.14
r161cLYzuDI,0.23067900000000002,0.43962567948085113,0.42,0.11
aPr4gQc7AyM,0.033135000000000005,0.4713883940817805,0.34,0.28
qO_yAs6dPmI,0.3585,0.43497922391545923,0.5714285714285714,0.09523809523809523
EKsBSKOA3hQ,0.25197900000000006,0.3887328739108644,0.46,0.09
ZiZx1HKE3UE,0.28478200000000004,0.46747274987532694,0.55,0.16
ZgJeXyUPwLI,0.6050960000000001,0.32520347812408157,0.86,0.01
6gUY5NoX1Lk,0.516723,0.33399410379675865,0.75,0.02
wv3X5uHGKKs,0.146801,0.3937663778168471,0.34,0.11
Qq7pkSUGMpg,0.2737230769230769,0.4265314618278399,0.5384615384615384,0.07692307692307693
zEdQoEW9rWA,0.17745,0.5153761072265575,0.46,0.18
JsNt2_KHVYU,0.47729299999999997,0.39859928606433803,0.72,0.05
w9x9cpt3MV0,0.21213333333333334,0.39960725441085,0.3939393939393939,0.10101010101010101
MxxhKeXOp_M,0.16309199999999996,0.39740013680923664,0.36,0.14
8crpSnfl6Hs,0.15079900000000002,0.46337320153306233,0.41,0.19
ddV6jyDeCKA,0.17580500000000004,0.4805854594918577,0.43,0.17
RMjJG0hGkxY,0.16535399999999995,0.44231835625938026,0.44,0.16
smTm7ESzc4k,0.06264499999999999,0.5051247626824485,0.38,0.28
Jr706UDEPEw,0.14083199999999998,0.4295581727496288,0.44,0.15
Gx6hjtMxNVQ,0.11795,0.40504344396619973,0.34,0.14
9EN5YFY_GZM,0.09777,0.39327126426933356,0.3,0.18
2ONT6-8B94Y,0.193996,0.4119699923343932,0.37,0.11
eVgmI-YF16g,0.16867100000000002,0.47221396258369996,0.44,0.19
v6LJ8kWEcOM,0.4130210000000001,0.47086571531488675,0.66,0.07
TPMmm3cy8Sw,0.22945800000000002,0.42571095104072665,0.44,0.11
EZhgaXXQ9z8,0.31487000000000004,0.45647686808862503,0.58,0.11
f9IMkhcZXn0,-0.1852714285714286,0.5681521242823356,0.14285714285714285,0.42857142857142855
YHtpXNYxk9Y,0.29226199999999997,0.4393836280017725,0.49,0.11
LPL2jUURD1I,0.22494100000000003,0.5328429472358625,0.46,0.2
qBm7SZ_WjYY,0.159997,0.41642206220492206,0.42,0.15
26IjVMqoTIs,0.11853400000000003,0.40999978493165096,0.36,0.15
Im0Tz_GENao,0.111274,0.49117039846065647,0.4,0.25
aqNR429SuAk,0.022601999999999997,0.43685494159503335,0.3,0.25
95Tc0Rk2cNg,0.250549,0.4270106992793038,0.44,0.11
Jn5CvDgaZSc,-0.18891300000000005,0.5241624890537285,0.21,0.45
F8pLebqfGVg,0.20248100000000002,0.4412088711018853,0.48,0.14
7WdRyXluk9g,0.25713,0.4344204268908174,0.53,0.1
k1MdKI8kiXU,0.281563,0.4308310475476436,0.54,0.13
aI0brXWE_Cs,0.14271,0.4224801478176223,0.35,0.15
85t40mxxzEI,0.41482692307692304,0.4031386190855757,0.6538461538461539,0.057692307692307696
Xnk1HTGHAjw,0.164414,0.49843208324103694,0.38,0.18
WJOBZb4_kCA,0.12676400000000002,0.49906931893675854,0.45,0.22
t699W5_NJF0,0.196817,0.4087899470522728,0.4,0.12
iq6XepAVUiQ,0.007346999999999992,0.48740629754959053,0.3,0.3
tHrE6BKIXrg,0.1184527777777778,0.3505819411953274,0.2777777777777778,0.1111111111111111
jKoxgxaNXEk,-0.151415,0.5440078661885323,0.25,0.46
U33FFnEoc4g,0.23194074074074075,0.45685824145421355,0.5185185185185185,0.18518518518518517
5erSZj4x0WQ,0.18277499999999997,0.38986338693829664,0.4,0.11
xlS1OfYvurI,-0.40392857142857147,0.3721870601661241,0.0,0.5714285714285714
_unAfYphJjY,-0.152767,0.4969745253139239,0.21,0.36
lYo8y-HHHXg,0.277994,0.4939798412526568,0.53,0.15
DmQgcHjJuKo,0.40661699999999995,0.4192018406579341,0.65,0.07
ONjVIeJ0HZg,0.37450199999999995,0.4496909959027421,0.65,0.12
Y2Vc4ruT9ys,-0.2875,0.5181948820665832,0.18,0.54
EAflrU4BKvc,0.10710759493670888,0.41975315524093687,0.3291139240506329,0.1518987341772152
JCmWp4KB5zw,0.26039900000000005,0.4650876647461207,0.48,0.13
wEJMsezPgH8,0.087039,0.43755152242793083,0.32,0.17
5c3QSOoRDE0,0.158959375,0.45820916952534835,0.4375,0.15625
kxULeLzgqxI,0.11758400000000002,0.4832133052224452,0.4,0.22
Aw576b3vubA,0.085039,0.34352942054356855,0.26,0.12
SGVbdo2CkgI,0.4379529999999999,0.3598403258266088,0.71,0.03
-eVBSWATkJY,0.137415,0.44651538033420524,0.37,0.15
OMqTZhgvfGw,0.14937799999999998,0.4141164200028779,0.37,0.12
TmMMwuqvCu4,0.30716666666666664,0.32227351047759967,0.5,0.0
lJPgOG1UgZw,0.19527200000000003,0.3419689038728522,0.4,0.04
A5IozaDvlG8,-0.004357000000000001,0.37934025841057256,0.2,0.21
n9IFaBH2vdk,0.320548,0.5549840831014886,0.55,0.15
96LawfHPh6s,0.36586399999999997,0.4016847095720722,0.58,0.06
3Ia2kEaq1d0,0.5025580000000002,0.41646509629979805,0.71,0.05
EAzXjhZu-VM,0.058806,0.574698598540139,0.41,0.28
GdlSsrvn1vs,0.15356599999999998,0.39789636168731174,0.33,0.11
6hCIN6Gctes,0.31912,0.43360255995554275,0.57,0.07
qxTMiJH-lcI,0.18793400000000002,0.4081572202521965,0.43,0.12
VBTAcACmcgo,0.20290100000000003,0.4311883684644102,0.48,0.13
4QFINtHGivM,0.151947,0.4396860355878953,0.42,0.14
rSlCVtsx3-I,0.103138,0.5040314517527652,0.37,0.22
VNNLwdBI7Gk,0.16033199999999997,0.38836370810877785,0.36,0.13
vKbyfdJXoDg,0.22610599999999995,0.5217452308972264,0.52,0.21
pfD3AsJjt98,0.029932,0.5532536291575502,0.34,0.4
ZscMZOBOM-E,0.05332021276595745,0.38089234967146895,0.2872340425531915,0.1595744680851064
6FVlTmo4d60,0.152715,0.4803101784003749,0.4,0.18
LWw8Xw--Qpk,0.143976,0.35638617625267116,0.36,0.1
O4GH2czFGvw,0.22064699999999998,0.45815322032154265,0.48,0.16
HctL2ySCyT8,0.2678520000000001,0.3612850643134864,0.46,0.05
5IZrYeUX3MI,0.31294099999999997,0.47743253829101345,0.58,0.15
86z_1VpOHok,0.23730900000000002,0.42195649754328945,0.44,0.11
XHOc716NRXQ,0.16294699999999998,0.3231475463174678,0.37,0.07
QnMs5Pq7tjc,-0.1591,0.1591,0.0,0.5
zFN9EU4Zinc,0.13216899999999998,0.49597001475794883,0.4,0.24
KO_OatBerX0,0.17492800000000003,0.44242477712714057,0.43,0.17
AmrbqzSQHsg,0.144848,0.3508727953204694,0.33,0.08
eGHF9UIVHKA,0.20287599999999997,0.39535377173362085,0.43,0.09
_KuGizBjDXo,0.035641000000000006,0.4715707860109657,0.31,0.21
Nv3sYb8BY_c,0.17037999999999998,0.4130829246047336,0.35,0.15
1IKjNrgDeIs,0.135997,0.4905635362427582,0.41,0.19
3zwpDi6Gt_8,-0.359802,0.5323110451568707,0.17,0.65
cbBKoyjFLUY,0.28023,0.4974176825365178,0.57,0.18
DWVB_5IzmrM,-0.05161707317073173,0.3798411708521872,0.17073170731707318,0.24390243902439024
Jizr6LR83Kk,0.179214,0.35919759938507384,0.33,0.04
wtJDy3WuUQM,0.311398,0.39483014398092764,0.54,0.06
hsPbUR1Dj3s,-0.040089999999999994,0.44801961419116465,0.26,0.31
mWwXmH-n5Bo,0.23704800000000004,0.4795398970846952,0.49,0.16
WhyCm4aKHOg,0.37353500000000006,0.3942726811167621,0.61,0.06
XTqeVMnhmKE,0.12000579710144928,0.4470458345933481,0.36231884057971014,0.15942028985507245
CVhNbGc1bYc,0.13194999999999998,0.40601063816112015,0.36,0.17
qbi_wVdlb-Q,0.04043333333333333,0.44334101702158957,0.2727272727272727,0.15151515151515152
Fckf8lO2eJ0,0.07938200000000001,0.46472426865400523,0.35,0.23
4zDZ3clucMI,0.383957,0.4527622615136999,0.63,0.07
qmKLH9f-vJ8,0.15984642857142856,0.30049967373662206,0.32142857142857145,0.03571428571428571
p0nqexbrs9U,0.350288,0.4465005879682579,0.63,0.08
Vy_Dj_YSEsE,0.1838,0.4347715940583055,0.38,0.12
37OPB4f9gzE,0.344571186440678,0.3666189200786142,0.5084745762711864,0.0
LnOcGSpB2lA,0.13191,0.39899135015686743,0.35,0.12
1VjvfMmpvfA,0.2585,0.43378963219514594,0.5,0.16666666666666666
mWeGfoWB9ZY,0.07721162790697678,0.39880284702472263,0.3488372093023256,0.20930232558139536
AjMhJlrro_k,0.07639555555555556,0.43811058495192007,0.28888888888888886,0.15555555555555556
hSDpAnvmOww,0.2411556818181818,0.3949973008705119,0.4318181818181818,0.07954545454545454
4_7AwPAXzKk,0.23161699999999996,0.4809638660138618,0.51,0.19
W5K6YymPe_M,0.27701,0.47823431589546145,0.58,0.18
hdTtqIqxdEY,0.04491805555555558,0.42295831628292374,0.2916666666666667,0.20833333333333334
1AxLzMJIgxM,0.30142800000000003,0.4503806849943723,0.51,0.1
Fiu0AS9b1so,0.06022500000000001,0.4454295231290804,0.31,0.24
b80PUuWeCjA,0.20318800000000004,0.543233765018339,0.46,0.21
U-oqM6NHyX4,0.22666699999999998,0.4766031067995676,0.52,0.14
QZfqhOD6RgQ,0.251651,0.4426753472907657,0.44,0.09
_J6hGcU1j5Q,0.09194899999999999,0.48794920483488846,0.42,0.22
FTKtfUMqMP4,0.25116700000000003,0.4583025212793401,0.44,0.11
FekZTMQ9ovM,0.004074000000000007,0.45021938954691854,0.28,0.31
PNdwFftpndM,0.42522000000000004,0.4870532669020915,0.68,0.13
Z_GWBW_GVGA,0.399682,0.37794401526681176,0.63,0.04
lZ9Zpb7oWUk,0.04974199999999999,0.3516099740280415,0.26,0.15
cngxhYvzVJ4,0.2503,0.27105053297968523,0.42857142857142855,0.0
_38JDGnr0vA,0.316941,0.44903829727429706,0.57,0.13
QLCOF6rImxw,0.2689517857142857,0.4047515287146069,0.5178571428571429,0.05357142857142857
DeYzL9kJ2PU,0.19816250000000002,0.4102883922849268,0.5,0.125
K46Ez-Igc9E,0.090409,0.5156787071607669,0.37,0.27
KwCWP-FCy1M,0.32316666666666666,0.5317169668995798,0.6666666666666666,0.2
ZLNarQehTwM,0.14849,0.43451769641753374,0.43,0.16
YAk_SNu1QNk,0.298063,0.4162108515296063,0.56,0.08
uqOmD7vEDHE,0.4570930000000001,0.4398613657176543,0.66,0.06
FflcA85zcOM,0.094975,0.396392447298129,0.28,0.17
Zii22W5Z1jY,0.20924399999999999,0.3680638958985247,0.4,0.06
tjVC1C7dkOs,-0.054948000000000004,0.46701160766730415,0.24,0.31
aDmvXdhhfu8,0.025888,0.46606498823232795,0.3,0.3
wglDXHRqVY0,0.303304,0.4683359358238485,0.54,0.14
bMqw5RPqppg,0.47543599999999997,0.40736671599923335,0.71,0.06
BGlCdSP2I3A,0.31059299999999995,0.4099790844067537,0.52,0.09
Z8wLQ3NCBgg,0.256082,0.47776121051839276,0.52,0.14
kO2pP0nF6Fc,0.3705439999999999,0.47276065832934955,0.67,0.12
rxFZkRTlydI,0.265811,0.472174434270853,0.47,0.12
Mqkx1mYRG4o,-0.024162857142857146,0.38211331011005795,0.22857142857142856,0.2
MAaKSHB22vU,0.231292,0.4458541870791391,0.48,0.13
8lBvC7aFB40,0.101608,0.40204090107351015,0.29,0.22
ortDyBY9y74,0.7500444444444445,0.21886807346035403,0.8888888888888888,0.0
odSqFsCR9ag,0.10511200000000001,0.37446441075577086,0.28,0.10666666666666667
QQvuf7V5WB8,0.2018078947368421,0.4034520948420146,0.3157894736842105,0.07894736842105263
5SoZnymBSC8,0.520108,0.396223068152272,0.75,0.03
FplmvpBrfco,-0.042704000000000006,0.4204012954118957,0.22,0.27
odF4GSX1y3c,0.10034899999999998,0.39135406539219697,0.32,0.16
_H9TyXiXM2k,0.071484,0.4150321317006672,0.29,0.19
fnortnOBv8M,0.42142100000000005,0.4469160631024578,0.63,0.08
ueFDOAgzrRU,0.096049,0.5092356665621528,0.39,0.23
s02LBpkqAvA,0.27038965517241376,0.4105421867900592,0.4827586206896552,0.06896551724137931
C5Lbjbyr1t4,0.027214285714285708,0.46001821111541125,0.38095238095238093,0.2857142857142857
ihNZlp7iUHE,0.41140699999999997,0.47498162032967134,0.65,0.1
S_ifRtdkstI,0.18575899999999998,0.5345667060517331,0.49,0.23
C9hDdSZq8Qs,0.2365238095238095,0.38291691739016026,0.38095238095238093,0.047619047619047616
rGWmONHipVo,0.09849999999999998,0.4555853344874042,0.35,0.21
rjfWjgO3FOE,-0.11671818181818182,0.42315291254662796,0.1590909090909091,0.4090909090909091
UfOgf9rT-Og,0.12083035714285713,0.473078495042103,0.39285714285714285,0.19642857142857142
EmqJMixThzw,0.053266,0.4382841448695127,0.29,0.21
jZKIHe2LDP8,0.31668599999999997,0.4730437286382729,0.57,0.15
SXV2lc0qqnM,0.04153499999999998,0.41632119075901003,0.26,0.22
5A_o-nU5s2U,0.23022299999999996,0.5649815324158834,0.55,0.2
zwAM5UnGd2s,0.12628000000000003,0.4874227906038042,0.33,0.19
mZq-n3iFr3o,0.22906599999999996,0.37784295844173144,0.4,0.05
3G31Ag55ZJo,0.171686,0.4748692426384341,0.46,0.16
PzPW5msevJ0,0.148592,0.47318833389676884,0.42,0.21
41Q20KkhOug,0.298456,0.43357795315721487,0.54,0.06
zbVtiPg3St4,0.14371399999999998,0.49519631440874035,0.44,0.21
Yaou-qomTrg,0.01810599999999999,0.4564108944405249,0.27,0.27
hCUUPg3tMzY,-0.3870769230769231,0.48199497628062815,0.15384615384615385,0.6153846153846154
E9oZh_DKGQY,0.099704,0.5170581791094693,0.38,0.28
cEOzkvtsTPs,0.14249699999999998,0.5146302131540665,0.41,0.21
XvvYApgB4AA,0.089815,0.45982465166082603,0.31,0.2
G71uslvFzOM,0.26385454545454545,0.47052551348781846,0.5454545454545454,0.18181818181818182
0CqErSY8MgQ,0.268171,0.40939719962281124,0.49,0.07
I6rVZ94Od8A,0.044325,0.3977432476799575,0.28,0.2
eVcoivuImXQ,0.09971000000000001,0.47686099599359133,0.32,0.21
x7uqMF1xPR8,0.163368,0.48254703934020776,0.42,0.18
rh8wgqXtnII,0.20442799999999997,0.39784154209433686,0.43,0.12
39KUEJCbB2Q,0.29750600000000005,0.424868044413792,0.53,0.09
cqJnIeaaAhQ,0.123125,0.47051661360147534,0.41,0.24
2BRsuKIr7lg,0.222897,0.5094933607918753,0.48,0.16
L93bcUoLT_E,0.13050100000000003,0.4390468149286588,0.37,0.18
yjnyFkt2Go8,0.05868461538461538,0.3721737948989255,0.23076923076923078,0.15384615384615385
PPdOB3gPnQI,0.508229,0.40351342884593067,0.74,0.05
QTCHPglmCGI,0.280661,0.4910076687578311,0.56,0.15
p1cAGhppM24,0.4628333333333334,0.3958565256363584,0.6666666666666666,0.0
kiuDR02UAZA,0.15951699999999996,0.43609421093497674,0.35,0.14
4ZLGy8VkWM4,0.3931110000000001,0.4766444261490949,0.61,0.1
szzUfDkoYuM,-0.17684299999999997,0.4063720985144034,0.11,0.43
RWc8V-iKJ7s,0.25241,0.36523561641767627,0.45,0.08
yihoIvUBDM4,0.26486600000000005,0.4513176236798205,0.52,0.12
s_jCDVN23fI,0.18809299999999995,0.419612794908592,0.4,0.1
GBDB0ZdYJQg,0.088308,0.3633578521733087,0.28,0.16
bvOstFxpX7A,0.24695555555555554,0.36241315008981767,0.4444444444444444,0.1111111111111111
ENpULQ54PSY,0.5509000000000001,0.3981750523421731,0.6923076923076923,0.0
-VFEZLsd5RQ,0.218335,0.510326497523889,0.52,0.18
waZII8dRI90,0.10237200000000002,0.40164773772050555,0.33,0.17
5hgJOzmXtWw,0.21803500000000003,0.3942384997371515,0.44,0.09
vvDwAOcFn18,0.3303928571428571,0.36748409385263725,0.5714285714285714,0.07142857142857142
SdbOrNLcC0I,0.23768999999999998,0.47773371003101717,0.51,0.18
75nPBgUINMA,0.6266900000000001,0.3818352852998267,0.82,0.03
iRIvZ8x8sfw,0.137986,0.4774076283470971,0.37,0.16
oL1ZOLo3s7s,0.232469,0.36287245547023816,0.44,0.08
WShss20bz4U,0.07443600000000002,0.47097727960486585,0.34,0.21
3vP8b5w7_YE,0.13507300000000003,0.43941326057710184,0.38,0.18
MLKrmw906TM,0.1783,0.4816862217253053,0.43,0.16
UjaAxUO6-Uw,-0.003746000000000007,0.42073871783328903,0.22,0.25
LNOAC1HYSKY,0.23857200000000003,0.41121329309252636,0.42,0.1
nEoSBL25RO4,0.141011,0.4252428609383114,0.38,0.14
m3KYyk5NnC8,0.050112,0.4432231634921623,0.31,0.22
FRDGlIJTVt8,0.30602,0.4202517873846583,0.54,0.1
BqcXEb93-4A,0.2003875,0.503307461790256,0.5,0.25
-qKMK9LGI1w,0.210003,0.5453646509364171,0.53,0.22
_M7OO9NrEzI,0.06547700000000001,0.42644654292302564,0.31,0.18
fpnE6UAfbtU,0.30708599999999997,0.40143868971986246,0.51,0.05
cF8QjYwEpFo,0.45754200000000006,0.42468826924698544,0.69,0.06
Dm0uU6SIxZ0,0.6074461538461539,0.4889234022364218,0.9230769230769231,0.07692307692307693
0yQsgt0MZLg,0.2293686567164179,0.39909603124051096,0.47761194029850745,0.13432835820895522
5cjWNwnQDsg,0.182532,0.494331075875268,0.49,0.19
1MAqvbASIXo,0.08283300000000002,0.437516785290576,0.33,0.19
kAYYwfKlr3I,0.41917800000000005,0.4114266635938901,0.65,0.04
IAikFyk986g,0.13951899999999998,0.47450269623996877,0.35,0.18
iMkVwr-K4WA,0.18250900000000006,0.45222614433378355,0.45,0.17
8SWKMMMvp-g,0.25987,0.4617311664811029,0.52,0.12
Xg6wzrc0aNA,0.10181699999999999,0.4127943236177068,0.35,0.18
mqZVcHikifU,0.0828452380952381,0.3923472376075517,0.2619047619047619,0.16666666666666666
e3UqLAtdZ04,0.18400899999999998,0.4002024125601944,0.42,0.11
ATZFjJA2izc,0.349885,0.395262959907705,0.56,0.05
GC_ztQ-3Puk,0.5055689999999999,0.40102820217411145,0.74,0.04
LdoiBdNeCbM,0.07963200000000001,0.4107700271149296,0.3,0.15
gRpxpxGfjhQ,0.167936,0.48308356699850596,0.39,0.18
5CVJsVnXd6c,0.18735000000000002,0.24911238427665536,0.375,0.0
NL9lQ-DiL80,0.019924000000000004,0.45691091650780247,0.3,0.29
TjeI6iyPOoc,0.1585857142857143,0.5063660000300124,0.3333333333333333,0.19047619047619047
468Xn6KwIvw,0.40576500000000004,0.4149411568825151,0.66,0.07
WkiqqE1GfS8,0.32116900000000004,0.38227658408408954,0.57,0.05
zyxjs_-xe8Y,0.3968,0.3980243593885513,0.6666666666666666,0.06666666666666667
QU3gS5mKMbQ,0.224738,0.5529216038065433,0.5,0.21
JbK8uKuq4Ac,0.116907,0.3902828239251633,0.34,0.15
zqWdmP94a5E,0.15316666666666667,0.28834224684067944,0.24242424242424243,0.0
cehUkHrYS3w,0.131708,0.399034833236398,0.32,0.15
6xDLqHRzhL0,0.25025500000000006,0.39985811142829153,0.48,0.08
UHiGHyuU-Os,0.40635400000000005,0.5170505718824804,0.66,0.15
v3BCYSTsyTg,0.29851500000000003,0.4010252618913178,0.53,0.07
AMW0WmElX6M,0.6424979999999999,0.3893645494854404,0.86,0.04
xLOi_bvWXEo,0.184636,0.36911520410841925,0.39,0.09
fhF2XRWpZQQ,0.357806,0.3891781930735585,0.59,0.05
ThiRef4jp9M,0.3599139999999999,0.4837259937237196,0.61,0.13
lCWriPrlz10,0.37511392405063293,0.3817650847480727,0.569620253164557,0.0379746835443038
TkObLEgXnIU,0.24001,0.4404179254980432,0.46,0.09
DkWWnXArezQ,0.03513194444444445,0.4588272837797068,0.2916666666666667,0.20833333333333334
VOOMjaLU9Hs,0.008605,0.46692333211674053,0.31,0.26
0qYlSa7qdRc,0.076532,0.39034428774608704,0.35,0.18
XZQcBJ_8BQE,0.47979,0.42104161255153866,0.72,0.08
d6t_wE6yMbg,0.026363999999999995,0.4606322391062093,0.29,0.22
K8rI0KCIQBE,0.11141699999999999,0.38647483257128146,0.38,0.17
JVN5IoY_Ov8,0.141635,0.3597187124337571,0.31,0.07
xHZ9SwTk2UE,0.231952,0.502446630694246,0.48,0.16
U68G8up1-qo,0.21837999999999996,0.4842708097748614,0.47,0.18
50ugLvQbpRk,0.044989,0.5182108630461156,0.36,0.29
s1z4HL1Hu10,0.029907142857142847,0.40888280274126354,0.2619047619047619,0.21428571428571427
U6NUxYibbJk,0.2367,0.42907230532860074,0.43,0.09
a2YeK3NyqMc,0.08339599999999998,0.47571175766844365,0.36,0.21
s6KlF0fSeSg,-0.08782999999999999,0.5281206105616405,0.31,0.38
DgwYFFkE8gc,-0.010249999999999988,0.4786718816684348,0.25,0.29
HRfA33ibr80,0.301407,0.4181023753233172,0.54,0.08
7exevL4PBgY,0.20173043478260871,0.40605613066131274,0.391304347826087,0.08695652173913043
12dAbyZc14I,0.242851,0.44700494236529426,0.48,0.12
Ok8rMT2KCy0,0.19774799999999998,0.42318947020926695,0.45,0.11
DUifCq_mWXQ,0.30748499999999995,0.40778399536396714,0.51,0.09
44eikamC9hw,0.18806271186440676,0.40637289375533703,0.4067796610169492,0.11864406779661017
yYB-syEBUp0,0.38144300000000003,0.4443813781550708,0.62,0.1
GTmhwHRQ1ow,0.16820400000000002,0.4023398670079812,0.37,0.09
-xGC8KlYcRA,0.28486900000000004,0.43528923871260594,0.52,0.12
0AzSZP2FrV0,0.11193148148148148,0.4442274500098453,0.35185185185185186,0.18518518518518517
t7-BAJEnO78,0.4859740000000001,0.3884797708040922,0.7,0.03
DHBalZTdim0,-0.045583,0.4032950902391449,0.19,0.27
GeCrvPe3FjU,0.248128,0.45960065167055625,0.51,0.16
lYrqvYewUIQ,0.43270599999999987,0.5035445868679356,0.7,0.11
cT4FFpW_My4,0.3393,0.0822,0.5,0.0
BVNWZBXV8WM,0.188709,0.4743057478241225,0.43,0.13
Evl1fc4MikY,0.09606575342465754,0.4423853267461781,0.3287671232876712,0.1506849315068493
vIu4gzg5i4Y,0.457,0.3872500677856623,0.5,0.0
DeB3ZleOnKM,0.0,0.0,0.0,0.0
0EPY1CKFecs,0.13046999999999997,0.4904566112307999,0.43,0.19
VJufKeKV6t4,0.259338,0.4652192587973976,0.49,0.13
lSXNqsOoURg,0.073955,0.5320821518102257,0.39,0.3
H39qprY-UZk,0.35098,0.4101409252927584,0.63,0.07
wDGZLo4YKSg,0.05288799999999999,0.43676632660497083,0.32,0.2
V9kvCJ758fw,0.07330200000000002,0.4191794567914797,0.29,0.16
npk5FUSxFos,0.27687100000000003,0.4504445853365317,0.54,0.14
rYwaX_Z0r6w,0.5620269999999999,0.35841841243301104,0.77,0.04
YCjCZJdim-E,0.035966,0.48117584877464503,0.32,0.24
nKalnuB7OgE,0.59806,0.316004921480663,0.8,0.0
Bck2lp38DOQ,0.24676493506493508,0.43165765498611586,0.45454545454545453,0.11688311688311688
84BfX8sBnrI,-0.117969,0.4818926043622168,0.22,0.39
s_rCF-ja6Q8,0.106059,0.3758089192914399,0.29,0.12
sx4dnUWh9Vs,-0.05501052631578946,0.4428178674679306,0.19298245614035087,0.3157894736842105
2J3h4khMLXg,0.6165636363636364,0.3664757669595563,0.8181818181818182,0.0
kFNgsE2670s,0.0,0.0,0.0,0.0
rA6hx707x8Y,0.21640800000000002,0.5217397582473469,0.45,0.17
fdtwK01ak4s,0.12029700000000002,0.42662081230408816,0.36,0.15
8JYP_wU1JTU,0.407317,0.4250635270297841,0.69,0.07
LMf7gAzh7qs,0.245181,0.38589537719309364,0.53,0.12
1jxYcPSJ7sg,0.10189259259259259,0.4299067925905576,0.25925925925925924,0.14814814814814814
LvBODTFs28A,0.09055099999999999,0.4818870028326143,0.35,0.22
Nd6FU6hT3t4,0.5266666666666666,0.3874296222828376,0.6666666666666666,0.0
UfKmSfgFxi8,0.13475,0.40450387501234153,0.34,0.12
QGgZmu-FjxM,0.47145,0.3833436437019227,0.625,0.0
yulvmU0BLiI,0.095513,0.4512539915956423,0.38,0.18
o1MK-zkM3qk,0.16941499999999998,0.4524494925127003,0.41,0.19
_J0bLR4vYrU,0.21075,0.21075,0.5,0.0
EiWdTTRVX-Y,-0.031148999999999993,0.443637437215346,0.23,0.26
oUVbZ1uK05M,0.08038,0.16076,0.2,0.0
nhLiN_d2gfA,0.09025000000000001,0.7254131839855131,0.5,0.25
yLZINRgTz4o,0.0,0.0,0.0,0.0
wkl93BqYJnQ,0.11158900000000001,0.4662972238594178,0.39,0.21
M91oUw8Hd6c,0.06378571428571428,0.46947275602857,0.4,0.2571428571428571
-eWWG1Lc9_Y,0.12236200000000003,0.439769143706104,0.34,0.16
_qkaRSiGUY4,0.16463100000000006,0.3430715901076625,0.4,0.1
MRI8ffYKA8c,0.585552,0.3528642556224702,0.79,0.01
-XxhX9rIZjM,0.209892,0.411734006290469,0.46,0.15
UC5Is8gcndM,0.38065999999999994,0.32341243389826557,0.6,0.0
PvJxxQ79pIA,0.09731,0.4305424175386207,0.34,0.17
DtvpgLQ4KMw,-0.08765900000000001,0.5067960789301749,0.27,0.37
pnx97u-caCY,0.129394,0.4446379326643196,0.38,0.16
eQA5BaLMHFs,0.04811700000000001,0.4467215262453781,0.29,0.21
y8w297regSM,0.034886,0.43029200481068663,0.29,0.22
0r1M-JXGn-k,0.14909200000000003,0.5482486867617652,0.47,0.24
NY209Le027I,0.187261,0.5128448759410588,0.5,0.21
SseHHn90bxs,0.10057058823529412,0.4413694367796477,0.3235294117647059,0.14705882352941177
lSVLpzGseXw,0.26273599999999997,0.44549173157759053,0.52,0.12
zDgBUwhUAVE,0.011438000000000005,0.5164475221704525,0.35,0.33
6zvspznTdIM,0.168111,0.4342351487143803,0.43,0.17
v-dfygYIfLs,0.30011000000000004,0.36846831274887126,0.53,0.04
wHqQzF4JXdE,0.021544000000000004,0.48433699307816663,0.33,0.26
PBgSDD4JIhM,0.06197399999999998,0.3752691939448268,0.28,0.15
TCrzE-bBt88,0.09671800000000001,0.4216514378915362,0.34,0.18
hu3ZIfNIzuY,0.071474,0.3171977300107931,0.23,0.09
RNKyErEjxiE,0.21059099999999997,0.3349902972012772,0.39,0.05
XxutY7ss1v4,0.302102,0.433687216546672,0.55,0.09
Of3LoqnCYn0,0.56873125,0.4056397150162167,0.75,0.0625
JVULUQKL_Fk,0.33732,0.22983481372498815,0.4,0.0
7187SoBl6d0,0.17688700000000002,0.5258898709150044,0.48,0.22
2wQQh5tbSPw,0.2570175675675676,0.6074314594541707,0.527027027027027,0.21621621621621623
-X6hR6-dwoY,0.112656,0.3759231986243999,0.27,0.14
Looyvy7QsiI,-0.04806900000000001,0.5068537975974926,0.27,0.33
xjDqITi_rjA,0.10052699999999998,0.4699858333726667,0.39,0.23
JYaIP8v2HZA,0.1532,0.4280966022635139,0.391304347826087,0.13043478260869565
y3SBSbsdiYg,0.3477370000000001,0.3993732103321403,0.55,0.06
RJlEH5Jz80w,0.5032480000000001,0.3493971068798366,0.77,0.01
o3bTiWl3YS0,0.056479,0.32742076241283175,0.22,0.1
USuY93sovuM,0.018387999999999988,0.4128574619114931,0.29,0.24
P_hBp1sEwfs,0.08038800000000001,0.41367415903824595,0.31,0.21
mU38QDKmiTk,-0.031777,0.4785024196083025,0.29,0.29
OBlYIHuyXVs,0.177869,0.4730118731480216,0.42,0.18
LddOP6N5cE0,0.068772,0.41899374436380304,0.3,0.2
L4PKj9UNyGM,0.13296,0.38624672581136527,0.32,0.12
wBhhlE92mIQ,0.152737,0.4089914555721183,0.36,0.13
JKHH-xbbTRg,0.14388600000000001,0.44382420416646956,0.39,0.19
qyty7PL8Xf0,0.17481363636363637,0.4771740501454698,0.42045454545454547,0.1590909090909091
Xa_t8n8AalE,0.14778800000000003,0.4422512958217307,0.42,0.15
jdp-Wyh20Tc,0.3612,0.0,1.0,0.0
xdIjYBtnvZU,0.339513,0.4081178686739898,0.56,0.07
ZGSVobnGUCE,0.08965400000000001,0.48004553042810433,0.33,0.22
H0-WkpmTPrM,0.035864999999999994,0.5030753500967822,0.34,0.28
HVhli9AtJZ0,0.361123,0.3386523494248932,0.69,0.04
1GwtKtCQnYc,0.25309800000000005,0.528790255579658,0.53,0.19
HusZbDM2fkk,0.269089,0.4259240763082078,0.49,0.12
HSHcBxGQVrQ,0.2926409090909091,0.42397935001074893,0.4772727272727273,0.06818181818181818
JgEkxi9H1vg,0.048425,0.3045000584975313,0.20833333333333334,0.10416666666666667
ynE4p3wV3AI,0.591217,0.33318527910308404,0.8,0.02
Dm8UgpWvxjY,0.10997200000000001,0.3966904241546549,0.3,0.16
AaSisDI_kv4,-0.09866666666666667,0.13953573815414536,0.0,0.0
bZ9QzDLBG7I,0.3827920000000001,0.360808898360337,0.66,0.04
sP5wyJGLih0,0.260022,0.5295490053961012,0.51,0.19
KlrWjq0UhbE,0.16500599999999999,0.4113836551979187,0.35,0.14
4w188beHMto,0.23612413793103448,0.4860071743866456,0.4482758620689655,0.13793103448275862
1BlAah7q_Qw,-0.15713800000000003,0.5259771165706737,0.22,0.43
Ie4oeMp12CA,0.10453799999999998,0.49150566889507996,0.38,0.21
5mZovjRlkWs,0.21480000000000005,0.3959044733265842,0.44,0.09
aNx-1qiST3k,0.16099176470588233,0.4629831020196195,0.3764705882352941,0.17647058823529413
aeT8-BqNDws,0.13657100000000003,0.43330675053476836,0.38,0.16
6D5APuZtY9A,0.209591,0.4342071365362389,0.44,0.11
-0_lveHgGTU,0.2051293478260869,0.42982521891184805,0.45652173913043476,0.13043478260869565
cbOti79_w58,0.387747619047619,0.31208022414734143,0.6190476190476191,0.0
9gFW47rBoyg,0.158592,0.4218107574920298,0.34,0.13
6Ng4Tb7On88,0.22017407407407405,0.38748485331696336,0.4444444444444444,0.1111111111111111
beZFLT0Ixag,0.240544,0.38569953469507845,0.44,0.05
F6IVGNtdrdw,0.47537499999999994,0.3556973824404672,0.72,0.01
vcn2GOuZCKI,0.293742,0.4692963678061019,0.54,0.11
-wa-qgApGQw,-0.0007630000000000115,0.48585189608665724,0.28,0.28
ODRIEOFw-lE,0.08022099999999999,0.47727510270178564,0.34,0.24
cHEIue7P26A,0.10778333333333333,0.41073786618988783,0.5,0.16666666666666666
m0ABOrxSKsE,0.12172099999999998,0.43350359590088755,0.38,0.17
k-Hw_5kaYk4,0.129021,0.4973265249903729,0.42,0.2
NsPpqn4rWuo,0.22574499999999997,0.4629738542023729,0.46,0.14
olQw2CWY7yQ,-0.04486700000000001,0.44745141927476323,0.23,0.23
OSLyf8i-yWY,0.11886868686868687,0.451742766628649,0.3434343434343434,0.15151515151515152
zVuuooZqVaU,0.193839,0.5510059890591027,0.43,0.2
JQ-1Ts3BChM,0.535932,0.3964968208901554,0.77,0.04
ZXUcCwxdZxY,0.12395600000000001,0.5294020880805062,0.39,0.23
gUqkD4qIWY0,0.183385,0.43670402754611737,0.42,0.13
_fHoAjOmHDU,0.584946,0.3714437247874838,0.8,0.03
JKQXdCcfqQI,0.09449999999999999,0.4543361145671781,0.35,0.19
unAk_WU4h8o,0.006800000000000007,0.47815153455782194,0.375,0.25
b9kObWBkHDw,0.23857659574468087,0.42541219421186754,0.46808510638297873,0.10638297872340426
7QwlT5f7H1c,0.11684199999999999,0.4701042948495578,0.4,0.24
nfWKsp3uT7Q,0.13033877551020406,0.3686708635616828,0.30612244897959184,0.10204081632653061
buAzVkcH4YI,0.20195,0.4188230247968705,0.43,0.12
tCJSEGqN_e8,0.189387,0.48419029309869477,0.48,0.17
R2Cz8l-QKts,0.360306,0.3957111514274016,0.6,0.08
7yNDXjIiqQ0,-0.065688,0.5201995575315304,0.27,0.4
ZMSxwX8TWbQ,0.30474700000000005,0.6686243766802105,0.6,0.27
xkhUJta0rcs,0.12482099999999997,0.4862050598862583,0.37,0.17
53Jb7Y6eUUU,0.27209300000000003,0.4636468445390306,0.54,0.13
gvMHs3B0GqU,-0.14338399999999998,0.5346250928865947,0.24,0.48
7_HezXbLxa8,0.08837692307692308,0.4874716720035301,0.3076923076923077,0.23076923076923078
J3FJgWVswFk,0.20267,0.44102200296583843,0.45,0.13
75UQLg_x-P4,0.275595,0.38554296527754206,0.47,0.05
nc0lNWf8ujo,0.16986904761904761,0.35025220402290475,0.2857142857142857,0.047619047619047616
IGrVg-ZOGig,0.10772800000000002,0.4908832282895801,0.35,0.19
mHdy1xS59xA,0.274524,0.46175828592890455,0.53,0.13
_1DTzRjQuME,0.126495,0.3894216070982708,0.3,0.12
dwa01hHvRHs,0.11844700000000001,0.4459065299936748,0.35,0.17
WRhLXNKJZpA,0.07003492063492062,0.5037093468282443,0.3333333333333333,0.25396825396825395
IesIsKMjB4Y,0.142009,0.3384967967632781,0.34,0.08
r3rUslJBmbM,0.14098404255319147,0.37580403542701907,0.32978723404255317,0.09574468085106383
F8OrmGAIqI4,0.144397,0.45402078266418594,0.44,0.23
-vSYJckIfi8,0.09466200000000001,0.4509354383456683,0.38,0.22
LKA7oSeoNLU,0.003607999999999999,0.4607241731622077,0.25,0.28
9hPIobthvHg,0.325134,0.44839950696226244,0.57,0.1
idKjGrcMCt0,0.3773540000000001,0.38914015429405374,0.59,0.06
EfqVnj-sgcc,0.071803,0.3614392976572968,0.29,0.16
ZI3iEeja4_M,0.08954000000000001,0.4222261576454022,0.38,0.19
eXR1olg_I0w,0.230054,0.42413860220923066,0.44,0.1
qTW9Q7KE2iI,0.052932999999999994,0.44018360761277786,0.28,0.2
-LuqLb7c6s4,-0.07176900000000001,0.5061657129231493,0.25,0.36
tOyTjXFeHDo,0.234747,0.45515338765189917,0.46,0.11
JbAPSJq2A_k,0.1443765306122449,0.4665244751111771,0.3469387755102041,0.16326530612244897
7t-NZRA61_s,0.044969,0.4971371224712554,0.34,0.28
zkbPXIxrTgI,0.07964399999999999,0.5160636819850821,0.41,0.28
4lm75v4Ndlg,0.374178,0.4084859271945608,0.61,0.07
EyTfByRrWSI,0.365057,0.5401910871636073,0.65,0.16
kOLpSPEA72U,0.43963599999999997,0.40075416692032034,0.69,0.05
hMcMxn69F-k,0.23454800000000003,0.41918883488948033,0.52,0.12
7BOy5nLL2Ow,0.214961,0.45921238003673204,0.41,0.14
sbiCTHpnDM8,0.10524599999999999,0.36038843195086046,0.28,0.11
yV5AfuGSdU4,0.2588478260869565,0.3995887634638623,0.5217391304347826,0.13043478260869565
RFOqs7v34ak,0.12681176470588235,0.4546387019088414,0.4117647058823529,0.19607843137254902
TCr7Qbo2Fag,0.194192,0.4004973939191115,0.35,0.08
LEvS9RXN43Q,0.045031,0.45605601557155234,0.32,0.22
ijLc52LmFQg,0.355828,0.4726703443373616,0.61,0.11
iwyGbbLSsMI,0.18163999999999997,0.43128239565277876,0.45,0.14
Mswr5cic_I4,-0.031080000000000007,0.451518731172916,0.27,0.36
216fJQOwjAE,0.145256,0.4948503558289112,0.43,0.23
EjZNK7V5lR0,0.19936900000000002,0.39570947921297006,0.42,0.09
lK23-zm-qQQ,0.521644,0.3963473982051604,0.8,0.06
kyBZlNKr10c,0.263882,0.41719102875781017,0.5,0.11
9b6Hp9bWdu8,0.41422857142857145,0.3697851759150583,0.5714285714285714,0.0
bjwYJ11RDcA,0.634058,0.30914570486422743,0.88,0.02
0HefV4XQFcc,0.162303,0.3663456093513337,0.39,0.09
-Z4ukxWFNuc,-0.02042777777777778,0.4113419458924865,0.16666666666666666,0.2777777777777778
0U8zD3RL2zQ,0.129365,0.4585863884536915,0.45,0.19
Ul2W7IRanHA,0.02635299999999999,0.41001638856392064,0.25,0.18
nwecjd336Po,0.28109900000000004,0.39699126753494207,0.56,0.08
iY5sUfKgWsU,0.281325,0.3745939026132166,0.5,0.0
7UVeXaV4mgc,0.1583222222222222,0.333115681534134,0.37037037037037035,0.037037037037037035
aD3pUDIAoBY,0.194153,0.46804312460605585,0.43,0.13
PBou1uIhLYs,0.3644219999999999,0.44412690136491395,0.6,0.08
RhNbHQwxsX4,0.08226851851851852,0.48150464126991743,0.3333333333333333,0.2222222222222222
Q5LArSl6UkY,0.12418599999999999,0.5006877851555798,0.43,0.24
sOpuSRj7IN4,0.24935100000000002,0.3915532664900141,0.45,0.07
7QZ4RboU6_E,0.28764499999999993,0.44640005631160046,0.46,0.09
hfB27ctlAJs,0.178329,0.36689566018011166,0.43,0.11
XZdAfqxfQ0Y,0.28861666666666674,0.5731572682223978,0.5909090909090909,0.18181818181818182
mKBLfwVEKP8,0.19013800000000003,0.41830379840015797,0.41,0.12
U3M9hidlihY,0.347155,0.45844216480925926,0.5,0.1
XPGUjA2lykI,0.34750714285714285,0.49034611021820335,0.6428571428571429,0.07142857142857142
c3Pqt771hqQ,0.346379,0.36021847684287384,0.59,0.04
Ofctn7Ulh_o,0.2602666666666667,0.3680726498336375,0.3333333333333333,0.0
_m9_HVdIeQM,0.061772999999999995,0.5906157833744371,0.37,0.34
cRVwUVRPvm8,0.25126166666666666,0.33302869300390453,0.4,0.016666666666666666
WbPwf9STNBg,0.168941,0.4709718140388021,0.43,0.16
s6IJKwEs-RU,0.21075,0.21075,0.5,0.0
uFtt_zGKMok,0.13776100000000002,0.45902078120603645,0.39,0.15
YzGZPTxqlms,0.0,0.0,0.0,0.0
xtOv_jPk1B0,0.21283100000000002,0.41288160377885574,0.44,0.1
snniTFCvvpo,0.20481599999999997,0.5241563134638368,0.47,0.18
rx_B-hmWUbE,0.06131530612244897,0.42191868506447894,0.32653061224489793,0.22448979591836735
-yli5nAfiyY,-0.03780700000000001,0.41918727849375387,0.25,0.29
-a9UtkHkDec,0.286521,0.47013046727371327,0.56,0.15
JmrpfzId6i8,0.086616,0.44736714267366573,0.31,0.19
qx5KOKjwoWA,0.363774074074074,0.38516390026660996,0.6296296296296297,0.07407407407407407
i5llRygr-0E,0.07390899999999999,0.4532803845513282,0.32,0.27
Sk8nvfbjo4M,0.072186,0.437850759282201,0.37,0.2
EcMC_3B3mf4,0.105598,0.45999780303388416,0.3,0.16
Eobtp2G7d7o,0.29552599999999996,0.40847803383291,0.55,0.08
pH5qhadzPbU,0.09153799999999998,0.45369832637557744,0.3,0.18
YiJoN3DU4cU,-0.001980555555555552,0.502276063877362,0.3333333333333333,0.3333333333333333
OK9udPK5a4Q,0.087226,0.4041617457454379,0.34,0.15
oOtqbAxRkyM,0.4818639999999999,0.3659168330427011,0.68,0.01
KuHL7hiFTnc,0.07877300000000001,0.5552403533344816,0.4,0.28
NaNkgtEnrW0,0.39145300000000005,0.4221028475277086,0.59,0.05
1T4XMNN4bNM,-0.13441599999999998,0.37440230200147007,0.11,0.35
iR4nF18vyTk,0.39566,0.450863483107692,0.63,0.09
Qja4z1HGDQo,-0.25209200000000004,0.4469477205848577,0.14,0.54
4JiVJxkHaU0,0.063168,0.5442311797168552,0.37,0.28
51HzOxJhVgk,0.220243,0.4442315392348905,0.53,0.15
qHrGehGbMCs,0.340103,0.4413866892997567,0.55,0.08
zrzxFlXuIRM,0.13010816326530614,0.4322658442873352,0.35714285714285715,0.14285714285714285
EHyXQMl5t3o,0.3565179999999999,0.4566373369272382,0.65,0.11
2NromoWOzn0,0.156524,0.4639663061300896,0.4,0.19
X4xL702nB0w,0.2558290000000001,0.4468857308742359,0.53,0.15
nAyKEJUc6gM,0.031660999999999995,0.44504835218097366,0.28,0.23
KKoOIyhJwA4,0.221562,0.3932397863339873,0.45,0.11
JDUEjjK2YRA,0.12419000000000002,0.3186704474845448,0.28,0.07
E_1JYNANuew,0.23877699999999996,0.40547426893823973,0.46,0.1
ValBetFbshY,0.08183199999999999,0.5633980871249031,0.4,0.29
Z7eR1e0WE4k,-0.026351000000000003,0.5128498582421565,0.28,0.31
Jtgg0Mhe2o4,0.15682307692307693,0.3069172706217706,0.23076923076923078,0.0
W-j0kFE82jk,0.08273199999999999,0.4101715735835433,0.32,0.16
U4Td3OJw1lg,-0.027436000000000006,0.5135867181927507,0.33,0.38
nUzbZI_0p5g,0.04920000000000001,0.46936935647739086,0.32,0.23
CAiUHJoaDvw,0.19151967213114754,0.4710892031430197,0.4918032786885246,0.18032786885245902
g46T19sztLU,0.19914499999999996,0.4920535546818049,0.5,0.2
Xc6EsA9wFdU,0.018708999999999996,0.4138387410803875,0.25,0.22
UKAHm94d80o,0.31762391304347826,0.4839479518298846,0.6086956521739131,0.17391304347826086
yN1xldL7lAE,0.219811,0.40671246449918397,0.48,0.1
RNMrrsOCzd8,0.15667727272727275,0.3955943961959685,0.38636363636363635,0.09090909090909091
XfU3QiMz9mw,0.42466,0.36497492297416817,0.6,0.0
X0-TbUUXDtM,0.24979099999999999,0.3846270580952411,0.53,0.1
zKSdnj2A7w0,-0.044078124999999996,0.40852072142546747,0.21875,0.28125
KELLaFv-aAU,0.45186000000000004,0.38819127553308047,0.8,0.0
73PW56YHvXs,0.03765200000000001,0.539470063577211,0.36,0.3
dpuWsgv-JrI,0.084788,0.5072811903234733,0.36,0.24
Oci9sFH721I,-0.056481,0.47229268080185194,0.23,0.33
flJu1ZojguU,0.178003,0.3636458063707046,0.36,0.07
Br63rn92hPw,0.19781700000000002,0.3657322807888306,0.33,0.08
hAHK7oXsut4,0.018106999999999998,0.4964723789406617,0.31,0.26
yHftrMKYgmA,0.13470000000000001,0.3269113923703768,0.38461538461538464,0.07692307692307693
MHB6viOnEf8,0.540254,0.4750027419752438,0.72,0.06
Gg0TXNXgz-w,0.179993,0.44185652382985136,0.41,0.14
_Cv5ldhxpLA,0.435475,0.4441619550062792,0.63,0.07
_zCDvOsdL9Q,0.22294699999999995,0.4318008931104705,0.47,0.1
U3re0A_Piec,0.035430555555555555,0.382343872870893,0.25,0.16666666666666666
pyzm1G5si5k,0.034528767123287674,0.4371807204385133,0.273972602739726,0.1917808219178082
5ghJwOZSbIw,0.262438,0.4494917317993736,0.52,0.13
EMTLNCyU_Cc,0.14374699999999999,0.42534162821313415,0.35,0.16
WaEKF2eFbG4,0.07161,0.2861489103596238,0.2,0.1
Q6TMUrYPr4s,-0.05758999999999997,0.6007616756252017,0.3333333333333333,0.4
YZ07dhBmuds,0.35121904761904765,0.33188014993804993,0.5238095238095238,0.0
ufGlBv8Z3NU,0.173797,0.41617916921801834,0.41,0.12
3ih9QXqYi28,0.26758000000000004,0.4556065388029456,0.54,0.14
tdFLruEV__U,0.17325999999999997,0.4134294125966366,0.38,0.12
4akFLFq3b-g,0.39197000000000004,0.4845080223278042,0.63,0.1
dw_z6HF9heM,0.1261888888888889,0.4341181115381298,0.4,0.17777777777777778
S60aGfOuyA0,0.27653300000000003,0.4622904498375453,0.47,0.11
WkD9QX1BBvQ,0.277474,0.516071192495764,0.54,0.19
34b8Et5QrCU,-0.016559,0.44424796276291467,0.26,0.25
jPp7eaJDhzQ,0.31966500000000003,0.49528772029498164,0.6,0.14
TA_0UljHMSw,0.18673333333333333,0.2704569507744666,0.3333333333333333,0.0
nVOb3RzS5t4,0.11346899999999999,0.4351144292470659,0.33,0.17
SQ44aQWnH4I,0.441711,0.44278533013075305,0.69,0.06
MBPgXjkfBXM,0.14512099999999997,0.47666845863660834,0.43,0.19
Tg2nJPJekNM,0.1539076923076923,0.4290864570609705,0.4230769230769231,0.19230769230769232
funJHw0wIOs,0.36736499999999994,0.5104477633166786,0.65,0.14
CvjOJcU0LjE,0.23880900000000005,0.4955985764900864,0.48,0.17
aGl-1nwahCA,0.30456700000000003,0.4680784780472181,0.57,0.1
qW1xbhW2PEE,0.276902,0.4774188071243109,0.53,0.16
MEmAGJac7Is,0.078024,0.4002943135044514,0.3,0.17
FeQFEXbwTOI,0.300243,0.4206985686343608,0.54,0.09
oXGm9Vlfx4w,0.27597700000000003,0.4761106085470056,0.5,0.11
A78MHl_-RlM,0.052510000000000015,0.40158742124224955,0.2,0.1
qDjr1PieZ0Q,0.2576112244897959,0.44087676117876773,0.45918367346938777,0.10204081632653061
C2Wfj5Req60,0.132927,0.45077579124327427,0.38,0.15
5JMaSb8jKtY,0.20440799999999995,0.44761408371051054,0.44,0.13
mamzeZaUqRk,0.03550799999999999,0.4814718790708342,0.31,0.26
kGZvE_gO0GA,0.30541700000000005,0.4262432176715542,0.5,0.09
gBVRvVMWIA8,-0.004783838383838384,0.4161921447540352,0.21212121212121213,0.2222222222222222
Knuh4m2P5nA,0.10477200000000002,0.4252260218001715,0.34,0.17
Z_A9i0-Xn7c,0.178771,0.4094810970716475,0.41,0.1
fS3wGCxZ10M,0.160099,0.45378764780346326,0.4,0.17
k_tQk25pR60,0.09412000000000001,0.5017745878380052,0.4,0.26
eEUvRrhmcxM,0.49815,0.35266758583686136,0.78,0.03
W0PDdRUzKwI,0.334447,0.5413024070618937,0.62,0.13
Q62WHDEqhAs,0.17606056338028167,0.3192452456896692,0.29577464788732394,0.014084507042253521
yXVuP1cvcJ8,0.082207,0.45443231448808746,0.37,0.19
tH_varhTH6M,0.240337,0.4556392932254636,0.52,0.14
agM5DqZIvFE,-0.022629,0.5228480846852172,0.29,0.3
A2MSJaLMO98,0.03221199999999999,0.4333492781302399,0.24,0.22
30eJArMHjoY,0.08950700000000002,0.44009854606780974,0.31,0.2
kIzFz9T5rhI,0.464056,0.3647743168919654,0.68,0.01
jQdHJHPoJ00,0.150123,0.39820318930289844,0.39,0.11
8li-3pRrA5Y,0.070223,0.5627388712102621,0.4,0.3
CcpRfsLlI2M,0.062806,0.42274051658671186,0.32,0.22
t-osG0F2MZM,0.23157599999999998,0.42135998317827955,0.41,0.1
eVBWF55tW_o,0.17620000000000002,0.40385189314896125,0.39,0.15
j_OyHUqIIOU,0.15052600000000002,0.383251662910939,0.33,0.1
nKte92jc8L8,0.009966999999999998,0.43312439854041934,0.3,0.25
mvPHcLA-Bl8,0.038613999999999996,0.494850384059667,0.36,0.29
8DyXMBUiIgE,0.10905300000000001,0.43927861897775083,0.4,0.22
ooliYcbPypo,0.15338600000000002,0.5050841741769385,0.42,0.21
lX-1CexeTUc,0.24689400000000003,0.46951873249530734,0.55,0.16
ypZ1ke4P810,0.4443190000000001,0.40220387459471346,0.7,0.05
aVtxj1kbHXc,0.27696666666666664,0.4087331740335687,0.4666666666666667,0.06666666666666667
N_GERHIyyy0,0.10273899999999997,0.47695437221918835,0.34,0.22
8pLStI_zJh4,0.202351,0.4982038997227942,0.46,0.17
Fhb89V43KWc,0.18644199999999997,0.3515938572216528,0.38,0.07
WwU9DupgA_E,0.18010099999999998,0.522792334774526,0.48,0.24
lHNInYOip4c,0.26257600000000003,0.41206101104569454,0.43,0.07
1ogOQVQKbP8,0.424216,0.3953205407564854,0.59,0.01
9nvK-Hw_vUI,0.23384600000000003,0.4146613858125688,0.46,0.08
Gc4ZgKuAfiY,0.11254571428571429,0.3949012692833902,0.2857142857142857,0.11428571428571428
uuN1EiM7NkE,0.08988571428571428,0.3221658509373768,0.14285714285714285,0.0
Xw38YDxv6vA,0.2996894736842105,0.4022746424513632,0.49122807017543857,0.05263157894736842
OxMrufFJQMk,0.123614,0.4717896652153373,0.35,0.2
lQHwkN_VQQM,0.320525,0.4470592675194196,0.57,0.11
FkBmAOwkVIE,0.185712,0.49714809167490526,0.45,0.16
sAMlGyaUz4M,0.340182,0.4034266263845261,0.58,0.07
D2m8b9eY_TU,0.0010270000000000012,0.49406883849419203,0.33,0.32
EmMOSk_Dbuo,0.1221388888888889,0.40372921362232234,0.2777777777777778,0.1111111111111111
BLnfG6_Vjt0,0.222197,0.4694729848361884,0.51,0.17
CFygKiTB-4A,0.24290000000000003,0.3863927483136389,0.4430379746835443,0.05063291139240506
HLCnkidJoRE,0.026823636363636362,0.3852379288244587,0.2545454545454545,0.2
SVmDWS2rfjY,-0.02438499999999999,0.4624765718120216,0.32,0.32
ubMMonHPDdY,0.09102857142857144,0.4556173645254786,0.3469387755102041,0.1836734693877551
CmSDpSCgk7g,0.136872,0.3294299828734476,0.33,0.07
DI9ZLawGE4g,0.264423,0.396648192194292,0.53,0.09
XhaglZnAgnE,0.3773679999999999,0.5295230298825537,0.64,0.15
U9t-slLl30E,0.067254,0.43803376614594447,0.33,0.23
BagY2Mnz-TU,0.24307799999999996,0.3774595805063107,0.44,0.07
f_ql-ZBJ8uI,0.106331,0.3221643368515516,0.26,0.1
qXZy2NDGaVU,0.015009000000000002,0.42503614719103605,0.27,0.24
GaRw1TsS72M,0.7418420000000002,0.25258041023800715,0.94,0.0
v5Gbb7ySa0I,0.242167,0.42692489176786125,0.4,0.06
iR497t1v1N0,0.125844,0.4532806890481879,0.39,0.21
HMtSxYaP5Go,0.311325,0.5475368660419132,0.59,0.2
N-byJvHAXQA,0.260791,0.4343134384508497,0.51,0.13
n1yVlV7L1A8,0.32771081081081077,0.4016882748517769,0.5675675675675675,0.08108108108108109
GnYGcx4EmN8,0.18775100000000003,0.3835563923323401,0.38,0.07
RAZPjHblJ64,0.19924,0.4125751359449573,0.39,0.09
ESF4HK-nlKE,0.262824,0.4010661003176409,0.45,0.09
aFaJKX5zIqY,0.163775,0.40257670185319966,0.42,0.13
RoMlxVimwiU,0.23033299999999998,0.4979043251579564,0.5,0.16
-YM4dTvc9vA,-0.2787,0.2787,0.0,0.5
lAAmAbJvvJg,0.12603399999999998,0.39304593452165354,0.32,0.1
RrWBhVlD1H8,0.12851400000000002,0.585037766476661,0.43,0.26
ZFNstNKgEDI,0.16726599999999997,0.4931591905703472,0.46,0.19
-Isy7e6txIs,0.104056,0.4818836393404532,0.35,0.25
nVThCKvIUF4,0.116232,0.43188680366040366,0.36,0.16
vBPmy6rIi4o,0.15825714285714285,0.4008300600655522,0.3492063492063492,0.14285714285714285
XuvqgPa62xE,0.22779,0.3271645022003457,0.42,0.04
FOY7KYzJBrI,0.05642399999999999,0.454653565062455,0.29,0.19
Zj5J8KWkNRs,0.07758699999999999,0.44343784178957935,0.34,0.21
dOYBoQ7LkCU,0.124469,0.41511577992049403,0.34,0.18
5VqhIzigk1s,0.221,0.4012746535728366,0.44,0.1
FugDYi79DAA,0.466947,0.39656748693129146,0.67,0.05
din7ogl1Ewg,-0.0804490909090909,0.4918172235782968,0.21818181818181817,0.41818181818181815
J51ncHP_BrY,0.162113,0.33863661605177897,0.36,0.08
Y_NiP_bqlns,0.4638250000000001,0.440465716571676,0.68,0.07
XNPnwr_f6Pg,0.12370600000000001,0.5033785155963652,0.39,0.22
EVe6zujlnvI,0.510951,0.3894258256703066,0.7,0.02
JlI0rpWRpU4,0.2915875,0.43136611607050224,0.5,0.125
iIe82dC35rs,-0.014783333333333327,0.4407693252207503,0.2777777777777778,0.3333333333333333
U_Jdvnj5s90,-0.5791499999999999,0.28315,0.0,0.5
47O_rpIa_vs,0.18754875000000001,0.3414978491856684,0.3,0.0125
1KxSWKBIoQQ,0.36083099999999996,0.43852038440533186,0.61,0.14
9EvbqxBUG_c,0.266202,0.465533064771988,0.55,0.12
jop6Cgihhvs,0.110532,0.5243070872837787,0.4,0.25
oso0u74NZ98,0.21785000000000002,0.4402940872521805,0.4230769230769231,0.11538461538461539
wrP2vA_vK7Q,0.15606,0.34402018748904845,0.4,0.15
Tq3shfCkmSE,0.14843125,0.46651303132756916,0.3125,0.125
bT774hw8YxU,0.07233399999999998,0.41567354142884766,0.35,0.19
naleynXS7yo,0.201563,0.46145556701702056,0.46,0.14
V-x90C-ug4c,-0.05208300000000001,0.522375325614639,0.29,0.39
zmO4-zZrYrg,0.24425000000000002,0.47568382544050647,0.5714285714285714,0.17857142857142858
0ZZgiSUyPDY,0.183134,0.4034593551325833,0.41,0.12
4iLJo9d51v0,0.029263000000000008,0.45909347210671597,0.32,0.28
brOWALdRC5U,0.23435833333333334,0.28790236903718286,0.4583333333333333,0.0
0Pn97VXdKFc,0.137588,0.3691621121621231,0.3,0.1
0Yhaei1S5oQ,-0.126876,0.5273925428217581,0.23,0.41
UTxfvBQcTMQ,0.05234200000000001,0.43483299510961676,0.27,0.22
4TjoPCOWRI0,0.028119,0.4915875146288807,0.32,0.3
FRCdfaR_IlU,0.31418999999999997,0.3729172209753795,0.5,0.04
PZN0u_SNFpk,0.213095,0.3101467544163569,0.39,0.02
Xjkr-8lrK2w,0.02759,0.6022949240197862,0.39,0.36
Wj_gpE-aa-Y,0.6449428571428572,0.3253754905913336,0.8571428571428571,0.0
1Hpnp_0Ijv0,0.6409,0.3165070899679816,0.87,0.02
QOEEvvq808A,0.3880180000000001,0.4147619366287124,0.57,0.04
nqKYrVE1d1E,0.294877,0.3730535282918525,0.53,0.07
s-ffIj8BzG8,0.539961,0.3850173912682387,0.75,0.03
_fTC_Ud_k3U,0.19351799999999997,0.4689543332521835,0.49,0.17
_Ku2DIDMuOk,0.25320535714285713,0.34138080089732786,0.5,0.05357142857142857
wOn8xawC-HQ,0.31350199999999995,0.4405781281407419,0.55,0.09
Yb3UUwc-TBc,0.0012319999999999976,0.47242377350848885,0.28,0.29
9JmCVLUMkAA,0.25077,0.2528811343299456,0.5,0.0
Ck7yqX_ZIMk,-0.048529,0.5545562242541328,0.28,0.38
Ksrk3YpvZX0,0.1808929292929293,0.3628750087429653,0.36363636363636365,0.08080808080808081
xQHUOHHoOz8,0.076125,0.4246595638959911,0.3333333333333333,0.25
XJfN_PQMvUc,0.004179545454545453,0.4611924315291757,0.2727272727272727,0.25
UC5hfl24lpg,0.05780600000000002,0.39460789166462445,0.29,0.16
1qLJwXJE3yo,0.07651799999999997,0.42836953612039225,0.29,0.18
5TpY7ZjmFro,-0.008056,0.4807323272508309,0.28,0.27
FZGZaM8HuTs,0.12201525423728812,0.4577262455540464,0.3898305084745763,0.22033898305084745
eqN3tlR4k38,0.1101,0.19069879391333341,0.25,0.0
VO9I4DOduw0,0.49175900000000006,0.4425598165434815,0.75,0.08
iuZDylVFbhs,0.25222500000000003,0.4355066691510016,0.46,0.11
ALBdMATJQ7k,0.206896,0.47409479978586566,0.46,0.13
iWfmmwdCHTg,0.256158,0.4745923099208414,0.51,0.15
HTrT6QSqnGs,0.333202,0.3906917401174486,0.56,0.05
uD-BMoEOpig,0.20543399999999995,0.3485070071662835,0.46,0.09
ahzxUEoJBKE,-0.04077800000000001,0.4299253222549237,0.21,0.27
Rr-X8YGuE-A,0.021495999999999994,0.5510822179892942,0.35,0.3
dvFqBMLkwkc,0.26204727272727274,0.40276363781640895,0.5454545454545454,0.07272727272727272
mJ05s4W8jPk,0.19144899999999995,0.4721547488895987,0.49,0.16
SQ4EDwcfjt8,0.062444000000000006,0.5200965739783334,0.37,0.25
00fgAG6VrRQ,0.3340132530120482,0.38921283915321586,0.5542168674698795,0.060240963855421686
E-dPJF5AiF0,-0.0037550000000000027,0.5385591975586341,0.35,0.33
2PjZAeiU7uM,0.226235,0.5430911601886004,0.55,0.21
YzEntbfjbrk,0.23814899999999997,0.45523654060169644,0.52,0.14
1ooOPOL6JgE,0.189304,0.5066682756834101,0.51,0.19
vUMwuZbE7x4,0.17219175257731958,0.3729458603837035,0.35051546391752575,0.07216494845360824
NLxMGMQeLsw,0.31134222222222224,0.36683266514486407,0.4444444444444444,0.0
Edr9DPU7vk8,0.51785,0.6497376669343816,0.6666666666666666,0.16666666666666666
xknu4tpgz9U,0.3525478260869566,0.45958024337863973,0.5543478260869565,0.07608695652173914
9Hdj_mluBOo,0.22242,0.5003284970896621,0.48,0.16
qTHDgfnXdxo,0.15509699999999996,0.5182344555227875,0.44,0.19
xpMEMztf89w,0.24538484848484848,0.5466758471815302,0.5151515151515151,0.21212121212121213
DLqV5_aD-ps,0.24479800000000004,0.4475802998300974,0.46,0.08
1ZVdXgrjU74,0.43803571428571436,0.3391394563706012,0.6428571428571429,0.0
HrSnBVIjPr4,0.349733,0.39595357128203806,0.63,0.07
cK2YzUONFVw,0.274625,0.4658088780551526,0.56,0.15
ScHuEYxcG7E,0.13316399999999998,0.4636139949397559,0.39,0.18
ypF037wlYZg,0.240632,0.4856434904083447,0.48,0.12
gpe4kNlRcmE,0.099451,0.4654791633349446,0.33,0.2
CuVB8YpQlYQ,0.20827699999999993,0.4481201494811409,0.5,0.14
GHCMs0w0dYY,0.11286500000000001,0.4557015377141051,0.38,0.23
aXvcy6gp6mU,0.26089,0.3811126590655314,0.46,0.08
pVErEqpqIKo,0.2889709677419355,0.4163330745233607,0.5161290322580645,0.08602150537634409
3_7KYoO5qHk,0.056346999999999994,0.43484416828445566,0.3,0.18
72__Mdioty8,0.5535519999999999,0.408555632559386,0.8,0.06
4PqInJzMoHk,0.14638076923076923,0.4815818290713593,0.38461538461538464,0.15384615384615385
IK_L3Qpi6d0,0.164105,0.4524266675108797,0.42,0.16
YRJEI8NsGio,0.292011,0.39653414705293666,0.47,0.04
C5-I0bAuEUE,0.21116099999999996,0.49358485712084,0.44,0.16
zdWvL1kqjvs,0.17625600000000005,0.5467439009847297,0.49,0.24
1vSJJbC_SgE,0.264029,0.39402462290953344,0.47,0.07
QiQXKdDR1S4,0.1712021739130435,0.46284348772096695,0.3695652173913043,0.13043478260869565
QQNZ3olVBls,0.144814,0.48973949851324017,0.4,0.19
9OITF6aY-48,-0.077192,0.4620647391177994,0.24,0.34
XXe5ZEqHABo,0.23114285714285712,0.3026011819311393,0.35714285714285715,0.0
wq0toVR5QtM,0.25973199999999996,0.34053916158938313,0.4,0.0
xTgLTbXJrfM,-0.027983000000000008,0.4716118446466332,0.3,0.3
q_aqaxtAMbs,0.621964,0.34628291107705556,0.84,0.02
9fIcosEjdn0,0.16854400000000003,0.5335051653583122,0.45,0.23
Ov2Pbirf70U,0.0,0.0,0.0,0.0
1wwq1Vlk4Wg,0.584763,0.352313469982344,0.79,0.02
TJ2sU3vUQMU,0.593744,0.342592897859836,0.8,0.0
p0ZFqRar9Vk,0.260936,0.36840219991742723,0.46,0.04
ZPFkmwo8DQU,0.12310800000000001,0.37334519407111694,0.36,0.1
2gpNGHLpZKk,0.046191666666666666,0.37341786198945776,0.2777777777777778,0.1388888888888889
KePTJYQZwiw,0.24337000000000003,0.4302920367610816,0.49,0.12
Auf4rACzir4,0.020321428571428584,0.35334114268259914,0.2857142857142857,0.14285714285714285
xGPoHQVQHEA,0.08741304347826087,0.3664487306857154,0.25,0.09782608695652174
df_QflYT96Y,0.256215,0.43084740857407977,0.44,0.09
UcoS9aQItgA,0.510915,0.3898640938519473,0.72,0.04
eQ13oeUK0_g,0.5305399999999999,0.3826774226420994,0.74,0.02
QwEZu3KrwhI,0.26774099999999995,0.45057129759783854,0.5,0.11
6dlcgvBP86Y,0.27697299999999997,0.4226690750114089,0.54,0.1
mGkPQNczvRU,0.21355600000000002,0.4154807940976334,0.46,0.08
eGB7s5hYkKQ,0.240946,0.5315010060987656,0.52,0.23
u5SyBLMtNXY,0.079263,0.3431094331711094,0.23,0.1
_cwWZ9QC2tU,0.3291979999999999,0.38401513224871753,0.59,0.07
gr2qi2Fdi7U,0.4501272727272727,0.36801386112953827,0.6363636363636364,0.0
NcKuK7mrsNw,0.23048200000000002,0.3877580267073784,0.44,0.08
S4EWNJv0cDk,0.0,0.0,0.0,0.0
z0oWukialA8,0.15676400000000001,0.3618102260909717,0.39,0.1
-XdEgIfxT-c,0.181006,0.3712237435348122,0.31,0.06
Gfv5d6dEuwE,0.006946000000000008,0.3682879934019028,0.22,0.2
w9F0Q4pRhK0,0.561547,0.38437110257015944,0.8,0.03
J7N25qyU-48,0.132339,0.4466666918172879,0.39,0.15
OIi2zLAYHPU,0.504897,0.4213427935671856,0.72,0.05
B9j9tet7-24,0.24267499999999997,0.5249597192880612,0.5,0.125
GKW4M-AvNSA,0.21862700000000002,0.38327607696150295,0.38,0.07
8lPvJeq_wF0,-0.17242600000000002,0.523506674574451,0.21,0.45
2vKhZfM8nbg,0.369948,0.5113467227781948,0.61,0.16
ulOaexhJfm4,0.250319,0.4883353105592509,0.47,0.14
TziuG5LtEWY,0.26354700000000003,0.368460891942415,0.48,0.07
KeKHtIAYAeU,0.32272,0.44675886560873085,0.58,0.1
ASAsHdwFAa4,0.124266,0.42301957619476666,0.4,0.18
iptx3-AEW5E,0.146237,0.5317020802394891,0.44,0.19
vWmPObduQPQ,0.405661,0.3738064814566489,0.63,0.03
Jmh-qcziOII,0.08931428571428572,0.3971939699893723,0.2857142857142857,0.14285714285714285
7EL_Qdc9lFo,0.52294375,0.5047851398971026,0.75,0.0625
AU-9Zh0w49E,0.31983200000000006,0.45647179603563676,0.63,0.13
9UMPmEG24QE,0.1643127272727273,0.4630508807913584,0.45454545454545453,0.16363636363636364
LH17Lp3aQLg,0.09807199999999998,0.4466251656769914,0.31,0.18
NWDeye-vDLE,0.32742000000000004,0.4291870023661015,0.6,0.1
B-ZSw6JaD5I,-0.0782406976744186,0.4746255246955609,0.22093023255813954,0.313953488372093
JTG4cMRavDU,0.527645,0.3510978340505677,0.76,0.02
W9XTGWuVXMg,0.296368,0.4638928979581386,0.52,0.08
gtuFNW9DGvs,-0.04771142857142858,0.5024959711403116,0.2857142857142857,0.3142857142857143
JexO-N39Nzg,0.511212,0.38004060237821957,0.71,0.02
Gg7DgPUS6yE,0.411096,0.3987940260134296,0.64,0.04
FFFaXFSePc4,0.12674399999999997,0.4239645825584962,0.4,0.08
yuf7rq6iBso,0.36858125,0.42378648842717664,0.625,0.0625
er8-Vq__cRE,0.4628659574468086,0.40656561077196524,0.723404255319149,0.0425531914893617
MLvwn2xOPJM,0.32546060606060606,0.4189304324538816,0.5454545454545454,0.06060606060606061
Bq5ebnoqqE4,0.214389,0.4709773968875789,0.51,0.16
IrEPRl809Os,0.060537,0.5076552680028052,0.35,0.28
HHeYxzJFVKM,0.19600700000000004,0.3814679061874013,0.41,0.09
VyJAWuLlkBc,0.10816571428571428,0.39575111149946407,0.2857142857142857,0.17142857142857143
DlQ1rz69csY,0.06594900000000001,0.5112382985448176,0.36,0.28
ZORzsubQA_M,0.307722,0.4314800260915909,0.54,0.07
35Bvr09ucZg,0.091802,0.4997309608139163,0.41,0.27
-Of_yz-4iXs,0.133325,0.4335258124668011,0.34,0.14
o50h51729Yc,0.08735100000000001,0.44326197502041614,0.36,0.18
mmoQcL99Vng,0.07948499999999999,0.4167534886176719,0.25,0.17
WYOj0qIYNTM,0.08495714285714286,0.4257872518964736,0.25,0.14285714285714285
COOtiPl-ngg,-0.37333999999999995,0.3171364097671536,0.0,0.6
s8gyiAiijKQ,0.12094900000000001,0.40292749856394766,0.33,0.14
RNwt6xLdZ4I,-0.030064999999999998,0.5371289477164678,0.33,0.33
S0IZJPtoX8E,0.212846,0.47401691413281866,0.49,0.18
DgyfRj7g77s,0.17378600000000002,0.47130278802909703,0.39,0.16
fIj0urpT6Cg,0.3351840000000001,0.3799206295320116,0.53,0.03
A_aPgPq6hMM,0.03256200000000001,0.4950022435868347,0.38,0.29
0rTFk-8_8NQ,0.12003125000000002,0.37485035467295147,0.3125,0.125
RryJjTC3S6Q,0.16743399999999997,0.4489591400606518,0.41,0.16
6Y0H4VTITcg,-0.009778,0.49152778570086963,0.32,0.32
eEY_QA-DWIw,0.3106217391304348,0.6412298041274463,0.5652173913043478,0.2391304347826087
4zSYy6ZWfKU,0.2201307692307692,0.3985458981088731,0.38461538461538464,0.07692307692307693
iK_OHRZX4-o,0.23041785714285717,0.4325504554001033,0.5,0.10714285714285714
qglX6R20gJU,0.331076,0.49361644484761646,0.63,0.15
UZU6NTaZ2Ig,0.157205,0.4320716367397888,0.42,0.17
5xQH8NSGRzI,0.214961,0.4220761637181138,0.52,0.14
MktN0B2oGnM,0.070332,0.5106892738015946,0.4,0.23
y6CnQvZh9KM,0.14692199999999997,0.5320858929872131,0.44,0.21
HGVpgRGHD8s,0.299091,0.4301171133761129,0.52,0.09
_UyyKkKvqpI,0.17217000000000002,0.3829974225761839,0.39,0.11
UFtOkGB0efc,0.3627409999999999,0.45199662832702636,0.57,0.07
IptvSQY9Qa8,0.07612200000000001,0.44110996805331887,0.35,0.19
csoP8Didoi0,0.129028,0.4729257506374547,0.42,0.23
5uURGmP__kE,0.138586,0.473340474715611,0.38,0.21
gz_0Nh7oimU,0.31427058823529413,0.3697939486106631,0.5,0.029411764705882353
XsvSl6vE47c,0.17234000000000002,0.42440803809541583,0.43,0.13
FKKPHYJgPhU,0.15568888888888888,0.42619282658451535,0.4444444444444444,0.1111111111111111
Cz8ENFKYXe0,0.35515299999999994,0.5085881672738759,0.6,0.13
wkXSFzYghuE,0.24096900000000002,0.34746044312842295,0.43,0.04
LV7PAuSMYwk,0.2574474576271187,0.4542181710371306,0.4915254237288136,0.1016949152542373
Gd9bPiJ93Hs,0.3790266666666667,0.5390174703002575,0.6666666666666666,0.16666666666666666
kp-yC5gaVvQ,0.06091818181818182,0.462482180134704,0.3409090909090909,0.20454545454545456
JBDWIGpKnwM,0.250773,0.40739986299825875,0.47,0.07
CtCDFtHBOEw,0.10865660377358494,0.49016254504969853,0.3584905660377358,0.18867924528301888
61wBfoWxlsU,0.27825,0.36553223353077907,0.5,0.041666666666666664
Q0FyNyRS1CE,0.04317317073170731,0.3550655082289026,0.1951219512195122,0.14634146341463414
MtRY2VFyIyg,0.2156431818181818,0.39875623899235807,0.4659090909090909,0.10227272727272728
hK-jmsd7fpM,-0.04331923076923077,0.4675946852030907,0.3076923076923077,0.34615384615384615
Lb5aiZl-Ryw,0.6239,0.0,1.0,0.0
eHkpKXm4nvw,0.176953,0.4165882443024527,0.36,0.08
pFWmYhkMB5Y,0.12166799999999998,0.43406468893011796,0.36,0.16
G4PS7WHlgi0,0.504485,0.4740618283251669,0.78,0.09
w0ouM2vmtBE,0.13123333333333334,0.6868109023272385,0.6666666666666666,0.3333333333333333
8rnrqqci-nM,0.20019375,0.49935164772526536,0.5,0.1875
lhk1tV3BVVg,0.18967499999999998,0.47399466397312956,0.45,0.15
tMk4t7aTg1g,0.4371875,0.47991433724546095,0.71875,0.09375
GPUgjy-Pn-4,-0.029937000000000012,0.5998476120907709,0.37,0.41
tVaRA1veYWM,0.22349787234042545,0.5697843050232185,0.5106382978723404,0.2553191489361702
N35IugBYH04,0.127246,0.49133537434628094,0.4,0.2
04sYtsb9lHs,0.238597,0.5009434649648601,0.53,0.15
pAPCgZCDkHQ,0.242807,0.47398966470905246,0.51,0.15
XnIQIZSLi3Y,0.13534444444444446,0.4383303044536952,0.2962962962962963,0.18518518518518517
1gtnHRUM3Ec,0.17533749999999998,0.3343781128359779,0.25,0.0
WxIM4UbN_8o,0.024999999999999994,0.39556850860502024,0.25,0.25
sc1YLWuOGJI,0.168705,0.4716961866233391,0.4,0.15
d9tNcboMwTE,0.19843600000000003,0.4162712772988307,0.41,0.11
ESusD8HRLBI,0.377722,0.4208817374465184,0.65,0.09
HeLIPap9y00,-0.0030499999999999954,0.43024134006392273,0.24,0.23
66Xe2X8b5OM,0.035122,0.5170667406786091,0.38,0.31
Hfzg8Hy7tuY,0.255657,0.3574117304328441,0.41,0.04
_qADYyrn5zA,-0.098527,0.5404178396120912,0.24,0.39
v6F0TuV3JMg,0.16890299999999997,0.4638947881696883,0.49,0.21
cZu2KhyE0NY,0.2565222222222222,0.38825378234625463,0.3333333333333333,0.0
B5V356k-9a8,0.211824,0.4008892001837915,0.42,0.1
C9x4Icbx2Ek,0.25401,0.4746895102064085,0.5,0.14
FX5oIAOC1aE,0.26011500000000004,0.43315920615288783,0.49,0.09
tHCEc6AxK3g,0.179658,0.4207412808793547,0.43,0.11
R-sVnmmw6WY,0.25876899999999997,0.49661555829333415,0.49,0.14
I7FDx4DPapw,0.5712990000000001,0.31521277686508836,0.84,0.02
NRk_kiaOoE8,-0.12883777777777777,0.5011088802906738,0.17777777777777778,0.3333333333333333
DyTFn_lsR9E,0.29176799999999997,0.3300128688036271,0.49,0.01
X0mUYKLbz1U,-0.29790999999999995,0.5242343511255249,0.15,0.56
MCv4yddgiPQ,0.01736630434782609,0.4377845212165191,0.2826086956521739,0.22826086956521738
2BCRmhO_-KU,0.10290600000000001,0.4589415306594077,0.38,0.19
fcN7RP723eM,0.152161,0.3461751726785155,0.34,0.08
RKseZzSL2jM,0.31494500000000003,0.47104574010917455,0.56,0.14
E4HGfagANiQ,0.05223499999999999,0.31898494114142756,0.25,0.15
fZISwn6Lgj4,0.0,0.0,0.0,0.0
RoAt1sWJqSo,0.183925,0.3996953433554111,0.40625,0.09375
MKCkAR0pRuI,0.438524,0.40767104609476496,0.66,0.03
gOsEVZIfCmo,0.09878,0.19756000000000004,0.2,0.0
PVvij8G85t0,0.37111,0.6122931463767988,0.65,0.21
hCm2PX5Iz00,0.045346000000000004,0.4896209739012413,0.32,0.31
c18GjbnZXMw,0.16882700000000003,0.40353423444733905,0.4,0.16
tfBgtQs8l6M,0.10317699999999999,0.42190019337634826,0.32,0.16
kArUp77T1Mc,0.03259899999999999,0.4029740451927394,0.27,0.17
fJrmbhGSH3k,0.3319022727272727,0.36638700260333046,0.6136363636363636,0.045454545454545456
wGB1aLDR2Es,0.18740300000000001,0.3916692805046114,0.44,0.11
ZR2GpiDE4FI,0.161416,0.4493089141604026,0.42,0.18
cAGXocVGShM,0.09689599999999998,0.3697553945299514,0.33,0.15
_5jnn1AIt7Q,0.025539,0.4767711098409802,0.29,0.24
GyyW5GssEJ8,0.504742,0.3831497939918538,0.69,0.01
o67RUr11MAk,0.157919,0.46868833411874034,0.42,0.17
EuN2m9IcCTg,0.177014,0.48289006906748455,0.42,0.18
2NS1umhAAeg,0.140366,0.42154622883380183,0.4,0.17
Rfo233Q6aOg,0.020547999999999997,0.4910308535071905,0.32,0.25
ARFu2I2s1Z0,0.25306341463414633,0.37746541353825863,0.43902439024390244,0.07317073170731707
7D2YHoZNegA,0.068562,0.5501091367683326,0.36,0.29
baG767jr8c8,0.328833,0.4358553367930694,0.56,0.08
_n8KpD5ztNs,0.295604,0.5127445377417491,0.53,0.16
u7ZBOBZUyiU,0.15670399999999998,0.5566127493904537,0.47,0.24
D9s5Brovelc,0.09043700000000002,0.6511790806920935,0.47,0.36
pv-7dgPoBn8,0.284725,0.4923175246474576,0.54,0.15
YqPywTj6Lo8,0.16511499999999998,0.48552127026011943,0.45,0.19
4Rz8BPRFeiA,0.15993400000000002,0.42496043468068884,0.39,0.15
sPU5uaXjUVQ,-0.03440199999999999,0.48364484427728577,0.28,0.31
zTUbEHZRd1k,0.30428200000000005,0.42961216192747614,0.53,0.09
5o9bGoaIBww,0.04404193548387097,0.2413426593231232,0.0967741935483871,0.06451612903225806
VEsMopVuVDk,0.39277100000000004,0.42092138156548903,0.66,0.06
-FvpAe3MacM,0.132389,0.4266056169098105,0.34,0.14
dT9Vqbmf3z0,0.02747291666666667,0.4601396870061957,0.3333333333333333,0.3125
Yq8tORjSCQU,0.302575,0.4252677443387871,0.53125,0.078125
RG9N4ZP5MQA,0.20084799999999997,0.47750324155548934,0.41,0.15
5InlBdjpj9w,0.0876714285714286,0.2633321298517234,0.14285714285714285,0.14285714285714285
qF7SRQFd49E,0.3225640000000001,0.5943732173508494,0.59,0.2
DctTvvOXkUY,0.14785060240963854,0.41997440322846696,0.37349397590361444,0.13253012048192772
65s-tHESZZY,0.077671,0.30348011213092696,0.21,0.09
5fDy0P4BR74,0.04678,0.44569396705213177,0.29333333333333333,0.2
OOhLRXWLHS0,0.19192900000000002,0.4397721765403082,0.44,0.12
msL5jCuau9c,0.13763599999999998,0.44561059379687107,0.4,0.19
H6rFm3jhrVU,0.373155,0.40796407473575413,0.68,0.1
8GtQqDW6-EU,0.0,0.0,0.0,0.0
w7UqYD_owgY,0.444325,0.4954403930595486,0.71,0.12
8Srgbg9YEvM,0.2514727272727273,0.33876546886092446,0.5454545454545454,0.045454545454545456
s7QFNzaesxY,0.058068999999999996,0.39472578372713385,0.23,0.18
g4wYHydcDhY,0.137136,0.4748939236334784,0.38,0.2
uE5xZKszXMQ,0.15299600000000002,0.4878846716018038,0.42,0.21
XCxVf2l8OLk,0.14318400000000003,0.4202425429963035,0.46,0.17
bC1JZlsPxlg,0.22383199999999998,0.42997465829511394,0.46,0.09
AC2xbVWVKTc,0.3099866666666667,0.3797182619902405,0.6,0.06666666666666667
9JRayYnqWVk,0.362892,0.35973919877600213,0.59,0.06
8jDwWSDGDME,0.128878,0.44573650884350946,0.33,0.17
SlIBScFH02Q,0.37867407407407405,0.4027905241746426,0.6666666666666666,0.07407407407407407
z6ZNrr_Qs7o,0.188334,0.4710049244371018,0.42,0.19
TCm7B-inSOg,0.256315,0.4736302391898135,0.51,0.13
qDmOLMkfmgE,0.09479400000000002,0.4990995569663431,0.4,0.21
DGABqdbtQnA,0.268948,0.45450131539523625,0.51,0.14
tjFqmidggN8,0.306495,0.5326411344188505,0.59,0.17
2noOfgkRKs0,0.130532,0.44552269344669754,0.35,0.17
GAZB-6ZyO9w,0.167184,0.47265581700006615,0.32,0.16
aO7yzmc3ykw,0.25309299999999996,0.4597491601417016,0.5,0.13
A7afwIxo5lE,0.25067700000000004,0.4051035699311967,0.48,0.11
aoinZO4xQtQ,0.571001,0.390094473299738,0.81,0.04
JBbTZJSEZ4I,-0.098113,0.5020413265170508,0.27,0.37
sQv5JtjgxnQ,0.04296299999999999,0.4939119714392434,0.32,0.3
H1z7YY7AHRI,0.282629,0.4320683777586598,0.56,0.11
o_haqn8fvnk,0.35233478260869566,0.5065621654701645,0.6086956521739131,0.13043478260869565
S0xi_qxZaaU,-0.066833,0.4605764609823216,0.23,0.33
dAFnYJ2xgzo,0.20235100000000003,0.4637794056434589,0.43,0.16
nKvVPK--dPo,0.04910200000000001,0.4458529569218982,0.34,0.24
FCdkOL6OUf4,0.378467,0.4106757487495457,0.59,0.04
wWMnbruqf7o,0.3868722891566266,0.398683298628878,0.6144578313253012,0.04819277108433735
RZIf0BBO7to,0.10431568627450981,0.4733904500360282,0.37254901960784315,0.21568627450980393
EblEjwnk3Cw,0.11164285714285715,0.3837364429055634,0.2967032967032967,0.15384615384615385
uh1ehyDBtKg,0.097342,0.5217586846771216,0.4,0.25
7HpM3SXokU8,0.27823099999999995,0.4071402217160569,0.39,0.03
p7kgQ24yfhk,0.122654,0.4127207400700866,0.29,0.12
EnRtSBpFUFc,0.30748299999999995,0.47358394378504853,0.58,0.14
3i2wjQeqhHY,0.027365624999999994,0.41322580964390326,0.2604166666666667,0.19791666666666666
MFkXpeK5H44,0.11048699999999999,0.4357576557342395,0.37,0.15
M48tvsfpIew,0.430803,0.4882654721470688,0.63,0.09
FaLTWW_yEG4,0.25640699999999994,0.4853174114443042,0.47,0.12
8u_gSd9eIO8,0.218403,0.5055372028753176,0.43,0.16
cgDkUnc1VGI,0.22381399999999999,0.4481011441672516,0.5,0.14
QjLRwDo33hk,0.148415,0.503971362356037,0.39,0.2
t3P1p6vF_CY,0.102954,0.38562923681173344,0.26,0.12
-XNDM4eAn1U,0.24556899999999998,0.3982290003741566,0.49,0.08
2tM1LFFxeKg,0.20968400000000004,0.44571605506645146,0.49,0.14
VeMNvRYstxQ,0.042612000000000004,0.2674471425459618,0.16,0.08
EOjWDMoxf1U,0.125786,0.4769316955330186,0.35,0.16
U17yQrEAmEk,0.254409,0.4711175683616564,0.53,0.15
6UXtFqIMxqg,0.36208700000000005,0.3923537917887376,0.59,0.05
Q-1DoJMehQM,0.4190339999999999,0.43686964948826557,0.68,0.07
ZXC_X_pfYyM,0.11310416666666667,0.44146821561614785,0.375,0.125
dh-agoAnKe8,0.132459,0.4803968032980652,0.38,0.21
UCZVSr2Xt2k,0.16429300000000002,0.39806519799022877,0.39,0.12
XNGNu20Upuw,0.5634890000000001,0.34997757468015,0.81,0.02
Ou1pomxPViU,0.30614300000000005,0.4407418376453499,0.58,0.1
C5CujmIbouI,0.12743666666666667,0.49891109460726796,0.4,0.2
qJHRb-zA1b8,0.13070800000000002,0.4679001211113329,0.39,0.19
_35-AfOZsPM,-0.01912235294117646,0.4469739796023058,0.24705882352941178,0.2823529411764706
ok8x3xDWVy8,0.16293500000000002,0.4224252057761232,0.41,0.12
ftB5YEjt3Sk,0.19823700000000002,0.4184492326806204,0.43,0.13
2vjbW5EiWyY,-0.013934615384615372,0.5233234320867028,0.2692307692307692,0.38461538461538464
i3jA40arq9Y,0.18407200000000004,0.3661424217650831,0.4,0.11
k5WQZzDRVtw,-0.042574999999999995,0.5869325326432332,0.31,0.35
Kgudt4PXs28,0.224594,0.43568903149379373,0.47,0.09
CPxa4ieMVRc,0.158676,0.30096666065197325,0.31,0.04
_9hI98BzyA4,0.21430666666666667,0.4493759205337504,0.4,0.06666666666666667
7uiv6tKtoKg,0.032777,0.3843033351026244,0.26,0.18
PVb8KkLdDok,0.027439,0.5036833769135131,0.37,0.29
HoGa9HOdczQ,0.234119,0.408132717555209,0.49,0.11
PMjSsPMfoqM,0.24216500000000005,0.42188134335971766,0.5,0.11
orlC31eFTc0,0.030111999999999993,0.4700887599762411,0.32,0.28
ncID321zXCM,0.071608,0.4363668327634445,0.33,0.25
d8TM8UA6JwA,0.311106,0.38249511992181023,0.52,0.03
SUHOWVgiBVw,0.16301875,0.2278501075782882,0.3125,0.0
pkhE14Rou-E,0.12204100000000001,0.43277812354484835,0.38,0.15
-29IWc-zrv8,0.40070199999999984,0.38442020055663045,0.67,0.06
fp2iBZ924B0,0.035627,0.44047799941767807,0.28,0.26
3hitExLs_Ys,0.13098700000000002,0.4860736404404172,0.38,0.26
Wp4XdmfD_eQ,0.17758500000000002,0.37344685656060894,0.38,0.09
jFICRFKtAc4,-0.07226700000000001,0.4674264166807434,0.24,0.31
oSP8uoWHZGg,0.26376600000000006,0.47463596349623566,0.52,0.14
MvHCknDNgqY,0.061052,0.4082649706942784,0.3,0.16
XnbCSboujF4,0.29570300000000005,0.3947505246240972,0.53,0.06
BnoLPlOJXjM,0.481213,0.37509689512311345,0.72,0.03
v1d7UvKWh6M,0.129821,0.45906059846059544,0.42,0.19
d3zTfXvYZ9s,0.15220699999999998,0.4053827786808413,0.37,0.13
ChDBLlluoII,0.09246700000000002,0.4293570851994875,0.36,0.19
udLPTJDDB-Q,0.17820625,0.35722146574070474,0.375,0.0625
ozqCzV6NMmM,0.35695899999999997,0.4494207618913484,0.6,0.1
S9Sl2HMzhNQ,0.07655300000000001,0.49766550884203337,0.39,0.23
Ryl0yQMF02I,0.003982999999999999,0.491614406431504,0.3,0.29
QWPwbQc2uJw,0.330582,0.3568519399919244,0.51,0.02
m2pFKH4gK6Y,-0.29436,0.2814834886809527,0.0,0.4
ZPr7k6yOmMY,0.35467,0.4536114525670621,0.62,0.09
Z4KEyrnJhU8,0.11920299999999999,0.389048995231963,0.31,0.13
Vb1pdvvoVoQ,0.233097,0.37840245835750064,0.42,0.06
IePmkne_VhQ,0.268186,0.5172710461682541,0.52,0.17
P5T2xZ3s2L0,-0.038023,0.48577063761717826,0.32,0.34
Z8if0xxXFGo,0.31211428571428573,0.3594905380378954,0.2857142857142857,0.0
PJXx8bdrw0A,0.187809,0.42892028702195945,0.43,0.14
RMSbkBWIO0s,0.1822875,0.2951512385095987,0.25,0.0
A7SydxYq69E,0.07691600000000001,0.4548743790806425,0.31,0.18
iHS_LkYaUVE,0.289592,0.4168143919492224,0.54,0.08
ANTd2lIb4pA,0.343629,0.4325848430758988,0.58,0.08
kes9AxxcdfA,0.280734,0.47816606847830595,0.5,0.12
aKYeekQpjUA,0.13990394736842107,0.4416748272323589,0.39473684210526316,0.15789473684210525
3iim3CCygU0,0.140921,0.43336785397511896,0.37,0.17
Fmxai0y5jjk,-0.011804109589041094,0.386890149514472,0.1917808219178082,0.2054794520547945
nAT-ahYN28U,0.20772100000000002,0.45369384772002364,0.42,0.12
Xuk5VM3sy-U,0.30923300000000004,0.43131044644316235,0.49,0.08
xb-sPv_aF1k,-0.024903773584905666,0.443442083586114,0.24528301886792453,0.2830188679245283
F5GbNRH6JOw,0.17520499999999994,0.5021457223505942,0.46,0.19
xpo8SdY1JSw,0.23421100000000003,0.4148701562886875,0.5,0.1
kJoAcEI2PXQ,0.24331599999999998,0.39638761855537313,0.5,0.07
fITP0H3OVA0,0.24710099999999996,0.46209571724806103,0.5,0.12
avsLRW7n-R8,0.08014199999999999,0.4244104021298252,0.3,0.2
LWDoj6TzF8Q,0.232544,0.399975492579233,0.45,0.09
RycjL_fYH14,-0.04340799999999999,0.4391985475112594,0.26,0.29
L7JQ6tr_izE,0.083517,0.3977683396287341,0.28,0.14
5txZx1DP3HU,-0.084152,0.41315606699648016,0.18,0.33
fZEwjx9kFNU,0.1677206349206349,0.37266698745992255,0.31746031746031744,0.07936507936507936
tFQWbzRe62c,0.3194030000000001,0.43824415009330125,0.57,0.11
-B_a7VOeKuI,0.29948,0.42697234524029776,0.49,0.1
psf5sHvqVFg,0.423673,0.5661175017352846,0.65,0.16
4cdU17WVqN4,-0.020961999999999995,0.41606986883935726,0.22,0.25
2gl4i7K6gpQ,0.4408029999999999,0.4525550354277366,0.71,0.08
1hNK7JpwcBc,0.4837391304347825,0.3221492993590157,0.7391304347826086,0.0
yH-CcuD-PSg,0.03486666666666667,0.33579155902302116,0.1111111111111111,0.1111111111111111
H9i6VzWfh0E,0.4606269999999999,0.35778925776356113,0.74,0.04
_4fZ5AP74bU,0.32475899999999996,0.4241448981409537,0.59,0.09
1VIx_DT-O7s,0.08372199999999999,0.4349297969971705,0.33,0.19
86ltPV7Ku0A,0.18032499999999999,0.36736749675903557,0.38,0.09
9QJvdMoovGY,0.053692000000000004,0.3658212579060982,0.26,0.16
cI_WIcpcvDA,0.05753225806451613,0.42586147292365817,0.27419354838709675,0.16129032258064516
vqJGS81V54Q,0.21032700000000001,0.389282908141367,0.4,0.08
EvAJt3VM0uk,0.295397,0.45912159096583555,0.54,0.11
f1yaj00AnUU,0.36654142857142863,0.500810755102694,0.6285714285714286,0.14285714285714285
U9Yf8-N0-Gc,0.2975455882352941,0.37634181679527934,0.4264705882352941,0.014705882352941176
BocH2c4mYcc,0.5735879999999999,0.366984435986051,0.82,0.03
8NprutQu5nM,0.05672800000000001,0.5053670612693313,0.36,0.28
r56jqb-fWVM,0.16437199999999996,0.4130316644229592,0.36,0.11
FOk0tkGEWmA,0.525159,0.3704290639501711,0.83,0.04
8W56AheQRkE,0.18027300000000002,0.616277421759876,0.51,0.28
SrU9YDoXE88,0.07896299999999999,0.3637270398678108,0.24,0.17
m2Ht0KUoq2I,0.210908,0.5035660800093668,0.45,0.19
RRk3VqE9Zoc,0.07394899999999999,0.4625676729939091,0.33,0.2
w7Z8W6ChEAE,0.4833883720930232,0.42288264808435716,0.7209302325581395,0.06976744186046512
KXF7_mXqEQU,-0.013772000000000001,0.4884483786604271,0.28,0.28
Cd-yAIIfzmU,0.33990299999999996,0.45785452546742406,0.55,0.1
up3tXTvIBHI,0.040822222222222225,0.4304242416037241,0.25396825396825395,0.20634920634920634
-dlAm9Fffsk,0.12264800000000001,0.35187137976254906,0.3,0.11
4I5Q3UXkGd0,0.074973,0.37790274538695795,0.33,0.16
3_ObBF7HMAE,0.31745699999999993,0.4557184870630113,0.56,0.1
lItjp8VSyEU,0.11222247191011236,0.4180922334542804,0.34831460674157305,0.16853932584269662
mP5p4QbvPtc,0.33282700000000004,0.4467574990652088,0.62,0.1
pGlqVeBzMt4,0.185179,0.4633424967116657,0.43,0.15
6re9XAwo4b4,0.22850899999999996,0.46899371767540765,0.47,0.18
1csFTDXXULY,0.205569,0.46813312544510244,0.39,0.15
wphCxNUpLwg,0.26261600000000007,0.3773887835429135,0.45,0.05
DsU7BEee8CY,0.166341,0.41588942042206367,0.43,0.15
-EaO2S4Lyvk,0.147062,0.5442061776165353,0.45,0.23
rWiudqY640Q,0.10698125,0.3416064653200192,0.1875,0.09375
AZxaHvwPwNo,0.2760238095238095,0.3978716063598813,0.42857142857142855,0.047619047619047616
Y_uU7qiYexU,0.11470909090909091,0.45689329160905323,0.36363636363636365,0.18181818181818182
imzGkrg4fSI,0.171983,0.5546600789772057,0.41,0.23
3sq2-7Eccl4,0.030647999999999998,0.44728755481904486,0.3,0.24
MrdVshDh1Ns,0.06436599999999999,0.5288836605946529,0.35,0.26
xonn3UFaqgU,0.15927800000000003,0.3888882802502539,0.34,0.11
EjynxZ5P76k,0.16852372881355931,0.4138053281513361,0.3389830508474576,0.11864406779661017
UD7hOq_nuUY,0.460057,0.41568529785283487,0.67,0.05
DSnLWP20UiU,0.10410699999999999,0.450966017179787,0.4,0.22
dCxkcDuW7AY,0.5168282608695651,0.3771951620690273,0.7391304347826086,0.021739130434782608
ThKlHVmBpzg,0.07808899999999999,0.3846998996347672,0.29,0.15
f7l5I6ZPt_Y,0.221396,0.35891894625945836,0.41,0.08
tNla9nyRMmQ,-0.00264299999999999,0.5025570636763551,0.29,0.24
_iTw4EL_gAc,0.255978,0.362915427773469,0.47,0.04
5FOcqRA2Wgc,0.16608799999999999,0.5010514902243082,0.42,0.19
iJtzDAp-MrU,0.2768735294117647,0.3876353716550277,0.4264705882352941,0.029411764705882353
XEDIYo-8jCE,0.18263800000000002,0.4629025115032322,0.46,0.17
Kmo4IwV1DOU,0.04041111111111111,0.36230583901954205,0.4444444444444444,0.1111111111111111
oU7siLAXVbA,0.036323,0.4194085427968772,0.26,0.2
d0WianeD0Co,0.7196,0.41592578664949353,0.75,0.0
LDk9sqUMTPg,0.0034909999999999954,0.49199257658932216,0.31,0.33
SIK9XIzCuhs,0.248051,0.41815529232451426,0.48,0.1
6Z9f8CiJG7Y,0.4856399999999999,0.4671737261447822,0.8,0.2
OMGO51u4ou4,0.42192300000000005,0.41874995733850523,0.65,0.03
QyViuXFyIE4,0.190081,0.45365922313891077,0.45,0.13
pf-BpvfTSKQ,0.539163,0.4122415875806322,0.76,0.04
XnH179J8eKE,0.016506000000000007,0.530424862128464,0.38,0.29
VVxQ9HC2aeY,0.41430799999999995,0.37911476459774024,0.62,0.03
V6MQC4YwA8s,0.155773,0.5176408453464622,0.45,0.22
E8z63t21UQg,0.19010599999999997,0.44018334993954505,0.49,0.15
KwkCPF_wSEk,0.261991,0.4182164748297227,0.52,0.09
PInj7PB63-I,0.2504157894736842,0.47200360754994897,0.42105263157894735,0.21052631578947367
Oiu_OfCPy4U,0.25041499999999994,0.381891336475443,0.49,0.08
doxW1qRFtuU,0.063534,0.4418634699135016,0.31,0.22
wN39H1Eb-6I,0.282957,0.4042560914210199,0.52,0.08
HHxRBljtoqU,0.091738,0.49479407671879017,0.36,0.25
FhbEUKHsGi4,0.19947899999999996,0.4292998703225986,0.45,0.14
eybUWtvErG0,0.20918200000000006,0.45700397621464967,0.49,0.16
yB4lHAEsSyo,0.5136029999999999,0.40036173804573283,0.76,0.05
b2M9TE7ZJCI,0.029853846153846144,0.5416804786465409,0.3076923076923077,0.38461538461538464
sGaD6VbUk-E,-0.01984199999999999,0.5258058788526427,0.27,0.29
QzfnWcHhdyQ,0.28925900000000004,0.5040800111281938,0.54,0.16
t67Hvc-ftc0,0.153636,0.4219756558191479,0.37,0.13
K_U_oSHRZRU,0.38899545454545453,0.4173165887936509,0.6363636363636364,0.06060606060606061
OO0zMHDktAc,0.006152999999999994,0.4344926002718573,0.25,0.25
AdQBBlfNlc4,0.0012319999999999976,0.43798662944889083,0.33,0.27
Wpr2WvQn-kg,0.302029,0.4337047948305391,0.54,0.09
zxAqZv6TMb4,0.18322100000000002,0.4362525157050673,0.46,0.15
0CJYMiPcUZI,0.01809100000000001,0.44492043021084116,0.3,0.26
SFILzbSO0oQ,0.299345,0.44350148193100775,0.51,0.09
lO5l9G5Q8g8,0.14565799999999998,0.4697423440951432,0.39,0.2
9tta2ndTDtk,0.16316299999999997,0.3926144038761187,0.37,0.12
Oz3b0Qp2Ong,-0.03065679012345679,0.430244183593018,0.2222222222222222,0.24691358024691357
qO9g1_BTz0o,0.132721,0.40085814356078636,0.36,0.14
mrdIADWtqZU,0.12199166666666666,0.35326021678627906,0.2916666666666667,0.08333333333333333
sZ_-yb-TN9M,0.267611,0.417353933704955,0.45,0.09
E3mjY7RsbA8,0.056290999999999994,0.4547091738892014,0.32,0.25
yCEz19DPg3A,0.198385,0.5198230801676663,0.5,0.2
QXvTVYazOlg,0.3291048780487805,0.41861692596921113,0.5853658536585366,0.0975609756097561
eCHpB2fyfJo,0.36888999999999994,0.4175674559876524,0.65,0.09
tauNqKD8aMg,0.01603,0.45113451885219336,0.3,0.24
xHIykZgE7HY,0.034649000000000006,0.4152810880584378,0.26,0.23
YrsaL33woys,0.10375899999999999,0.5308912694883954,0.44,0.27
TJl8hYTQIc0,-0.09348000000000001,0.5449731802575243,0.25,0.39
yf0s4Q8cLW8,0.0297111111111111,0.5471854857381262,0.3333333333333333,0.25925925925925924
lsiYeumI43o,0.33713461538461537,0.3142947917313735,0.6538461538461539,0.038461538461538464
lepQoU4oek4,0.36015100000000005,0.4605785588789387,0.59,0.11
Dxx70iDJOOo,0.42482699999999995,0.4288213473825668,0.66,0.08
x3GvCQJVQfs,0.31860000000000005,0.49059425292190284,0.54,0.15
Wgxo1Ux8x_0,0.074376,0.5275752147552044,0.35,0.28
5IvTyXrUyQU,0.109862,0.40688217748630867,0.31,0.15
cnTF3guz7EQ,0.17046200000000003,0.4204292539250808,0.43,0.13
CNfJj6L9BH4,0.197301,0.3824299367191329,0.45,0.09
a-2XOCNyKDo,0.22550400000000004,0.34170439298317484,0.32,0.0
qLra6OjJJXk,0.24252600000000002,0.4241221360928948,0.45,0.1
nBnRvmhly9U,0.136961,0.4964921237834494,0.4,0.15
g-uc5_QEmuM,0.24358000000000002,0.46243749545208807,0.5,0.16
ST0RV75_jhE,0.1770015873015873,0.3678918355928726,0.42857142857142855,0.1111111111111111
YMPKTNYSke4,0.2575076923076923,0.44911658493525414,0.46153846153846156,0.15384615384615385
WmI1WcFo56M,0.043037,0.4652522564491224,0.32,0.26
-6BsMzc9mMs,0.27704799999999996,0.447481403743217,0.54,0.13
EEfEPHRyd74,0.17854599999999998,0.4379752633243115,0.41,0.15
XDzpzYzp9HE,0.273309,0.4502667027651501,0.54,0.12
Gy0yuOSUSEs,0.05214299999999998,0.49366962905469486,0.32,0.26
QvB2IO8zmDo,0.081184,0.4156153497454106,0.29,0.21
rlqafKgRmXU,0.382759,0.4718095940302613,0.65,0.11
ashL0BWkOe8,0.17486923076923075,0.4343364878688873,0.4358974358974359,0.1282051282051282
TbgM9EgKpTE,0.0,0.0,0.0,0.0
QsxmZPRhlsc,0.09808444444444445,0.39458339828541844,0.3333333333333333,0.13333333333333333
GLbiPMGC7E0,0.30531500000000006,0.4159017957102374,0.51,0.06
gBEvvW4DI78,0.30571999999999994,0.4630585194119637,0.47,0.1
JdLCEwEFCMU,0.07144999999999999,0.41042199612106556,0.3,0.21
9rfXgT4oE2A,0.496137,0.45323024450162197,0.77,0.06
fw-S89PZV2g,0.38575699999999996,0.4386323333396661,0.59,0.08
lDcEk5bcdMM,0.581612,0.31947731727933365,0.83,0.01
B1wp2MQCsfQ,0.312346,0.4553878488541388,0.56,0.11
ncW-E1GDg5E,0.5751490000000001,0.38062760685347036,0.79,0.03
zViYpS3BIqY,0.06159399999999999,0.4363961557621699,0.33,0.19
Bp5c6JfSUmY,0.08519499999999999,0.38740101145324857,0.29,0.15
yCn9H4A7ZVY,0.396364,0.3969127426828219,0.64,0.05
70zhjbMiSno,0.121709,0.41974350813204964,0.37,0.17
z3n_TXQjIpo,0.032593000000000004,0.5197946991370728,0.38,0.28
nUhq9Mw68B0,0.31137,0.4369094900548625,0.52,0.1
hP5AfBKORJE,-0.045482999999999996,0.3971597509957423,0.17,0.24
lWIrT8tN-a8,0.43867100000000003,0.39933791162247545,0.67,0.05
miIzijoyV-4,0.5088428571428572,0.38981108192538183,0.7142857142857143,0.0
2aivgyABflk,0.3736758241758242,0.433113239092351,0.5934065934065934,0.054945054945054944
Wq_Nfw2DJgo,0.161199,0.4174707746645267,0.35,0.13
hV4vq2XYRZQ,0.0957875,0.36848701278844276,0.25,0.125
_922HDRXCnU,0.292825,0.4355014965244092,0.53,0.1
q5m0WVhYMX4,0.066609,0.3906957553122378,0.27,0.19
xjZJhUureKc,0.15999500000000003,0.2765101308722702,0.4,0.05
XsXPQt9a8Rk,0.045259,0.38355134652220946,0.24,0.15
ND2wihZiR_Q,0.49681200000000003,0.36153649311791475,0.76,0.03
cqylLiMzk54,0.23704199999999997,0.40448426846541263,0.39,0.04
16Y15eImbmY,0.5285,0.30233429463804745,0.8571428571428571,0.0
FcpYPu9M3bw,0.161078,0.5215210242320054,0.45,0.2
XwEWVOkN2z0,0.03585100000000001,0.3395113516496908,0.24,0.16
4x1XSYMpSq0,0.262814,0.404690837805849,0.5,0.06
GUWE1MxtcoI,0.006337999999999999,0.4064169646508374,0.23,0.21
cjyqWsrpQAA,0.26599,0.42219967918036133,0.46,0.07
3V-QR7DyahU,-0.15052400000000002,0.6017927587002024,0.29,0.46
LrhHkQhglig,-0.102408,0.5166358475135074,0.26,0.38
HzSnL3J3_PY,0.342398,0.3607477512001981,0.57,0.04
4wW-0nWWA-M,0.198826,0.36706003095406614,0.36,0.06
jMXziu6GHCw,0.20665300000000003,0.44410264049091175,0.47,0.14
6BzxdeIGE9o,0.200284,0.41714444853551624,0.39,0.11
IfYRzxeMdGs,-0.304142,0.510163236460645,0.17,0.56
3mP1enywJMI,0.22443999999999995,0.5389270299400467,0.47,0.18
Ep9fPTMgofg,-0.07412600000000003,0.5193551743498855,0.27,0.32
QDCqBWV5hW0,0.601242,0.3652426870397271,0.79,0.01
nNR9Jjw0xpI,0.338294,0.43487943221541303,0.62,0.09
7RSGu9GpnF8,0.15075000000000002,0.35859097269730594,0.36,0.07
sD0kuL7rv1w,0.355101,0.4251976292255168,0.63,0.09
5c6C3rHOdf8,-0.13168600000000003,0.5567961402560186,0.29,0.43
wHf01y69Ae4,0.33447300000000013,0.49800034354506223,0.57,0.13
qeUM1WDoOGY,0.14321800000000004,0.36423450835416465,0.31,0.06
Ww3fe7_uU3o,0.3024777777777778,0.3056621002122652,0.4444444444444444,0.0
8X0URbZn9hQ,0.33121,0.38371624815741123,0.55,0.05
GNZMKTrR5Uc,0.150145,0.4125908102163692,0.41,0.16
hDcWfBq5bxM,0.1343048387096774,0.3834853487664455,0.3548387096774194,0.0967741935483871
Nsu-UBhWYmk,0.18017171717171718,0.4041667240338363,0.32323232323232326,0.1111111111111111
iYAjQyOW-Ak,0.264898,0.41551862942111273,0.53,0.12
a-ut2iUrIqo,0.110936,0.4580531315295202,0.35,0.19
Eb0VCVyOOco,0.1217855421686747,0.39456802523514123,0.30120481927710846,0.12048192771084337
GGs_NT4iL2c,0.24704300000000007,0.4583023899686756,0.48,0.14
6vTR8DbC5Qk,0.19716774193548386,0.4586941108696667,0.41935483870967744,0.12903225806451613
nv2wQvn6Wxc,-0.019875,0.4077533122796184,0.24,0.28
KCnW6139C40,0.498545,0.4321035423078594,0.75,0.07
y1C1HrD_QRs,0.27077599999999996,0.4862538750735052,0.54,0.13
hOUqXWk-nCI,0.170929,0.4261326108842176,0.36,0.13
0uSOiu_WUDw,0.252023,0.4578463230943326,0.48,0.12
MtOiRhapfFE,0.41016600000000003,0.4729684899060402,0.6,0.1
5UGFnQuVyGI,0.29781100000000005,0.46164677187109193,0.58,0.13
QXjv7mh9awU,0.3302210000000001,0.5453391222523835,0.61,0.18
vTucLv_7FWs,0.08077200000000001,0.42573598111505684,0.33,0.17
cIxnbmTaEkg,0.12409722222222223,0.5385964447246767,0.4166666666666667,0.25
v1-2K_pCWmI,0.024081,0.5278835577464029,0.37,0.28
NOuGHlQSQig,-0.048191,0.4905756834770758,0.27,0.36
Yq2sP2Lh5K8,0.3790579999999999,0.4622861679046865,0.63,0.1
VvSJlsF-nCw,0.058561999999999996,0.39943110514330255,0.29,0.2
EkCifM0kDd0,0.10153000000000001,0.48684292220386655,0.42,0.25
fWyzrjTOyVc,-0.06062800000000001,0.5173484114366255,0.31,0.41
cHIW9Ic24bs,0.2968599999999999,0.39315709633682056,0.4666666666666667,0.06666666666666667
93vjY9RY4-k,0.014830000000000005,0.41549821239085977,0.28,0.23
AzbMb9zxtG8,0.20603333333333332,0.3546772119074817,0.42424242424242425,0.09090909090909091
VUMQqx6vFzQ,0.26089999999999997,0.18611937029766676,0.6666666666666666,0.0
rCWeVmiLF7A,0.2624270000000001,0.45725444707624224,0.51,0.13
TaVT64pZ8As,0.1418257142857143,0.41351843789803694,0.2571428571428571,0.11428571428571428
lyjel1xoto8,0.04732727272727274,0.4734928627491445,0.3939393939393939,0.2727272727272727
ber4OFqbJ90,0.787547,0.2482463266415034,0.94,0.0
ZtiYlGeV4Fk,0.05742400000000004,0.44053849709645126,0.34,0.23
AN4KifV12DA,0.27322399999999997,0.47411183535533047,0.56,0.15
tdqTp8F7OQ4,-0.013138999999999998,0.3503107251840857,0.15,0.17
CWXes4XqTN4,0.10496666666666667,0.3851572824473428,0.23333333333333334,0.1
tvtWIlA8QrI,0.4652083333333333,0.37287204397830037,0.6875,0.020833333333333332
PBbTkzakiM8,0.313077,0.47118813585552,0.59,0.13
Ed9aNq07qMw,0.143055,0.5210039269285789,0.43,0.25
a_SbGwxWWGs,0.27194,0.4302151643073498,0.53,0.13
Ftbl5xIi0_4,0.06441444444444444,0.3289339797186972,0.2222222222222222,0.08888888888888889
RG6EOci0suI,0.13807,0.4967241702393794,0.41,0.22
E91bGT9BjYk,0.09069,0.454512636017966,0.36,0.21
ajO5MvL9pVE,0.06486399999999999,0.49602676087485437,0.39,0.25
GEtIhxm_NP0,0.2669125,0.39769754584200034,0.53125,0.09375
RuwK1QipDDg,0.183584,0.482828612598715,0.44,0.21
SPQNsHuR9D0,0.268965,0.323681782426815,0.4,0.0
d1omBONP5p8,-0.038756,0.5283148041310218,0.3,0.34
q1XkekFx5Xs,0.23129800000000006,0.3538915590911995,0.36,0.03
R-XH7ylO5ls,-0.253606,0.4740291465342611,0.12,0.53
qTmX9omTTGY,0.251006,0.5006316823414195,0.52,0.15
tOHARIf3gpw,0.135723,0.45586486020639927,0.36,0.16
UegxgfMXl20,0.31242045454545453,0.4298606849262304,0.5681818181818182,0.09090909090909091
ilwnYbT5REk,0.07153599999999999,0.48727131056937883,0.38,0.25
5XzKvEnk1FY,0.55609,0.38488102850101613,0.8,0.04
iHIW0_SyIP4,0.019036,0.3389171319128026,0.14,0.08
1cyPyEQ4OHI,0.25454699999999997,0.4051210351129647,0.47,0.08
mIY0pXMXKm4,0.044976,0.4232537303131539,0.28,0.23
s5y-4EpmfRQ,0.24607100000000004,0.38384075612029533,0.45,0.08
MAgfgxsBTI4,-0.04710500000000001,0.4573751299261909,0.28,0.33
xYOmJ0f0uKU,-0.08516226415094338,0.4288716653830823,0.22641509433962265,0.33962264150943394
oEZTgRvL7kA,0.17575600000000002,0.46064487717112407,0.46,0.16
iNKzdbaCjxY,-0.014733000000000005,0.5609540068588511,0.37,0.35
o7P5BuarD-s,0.320835,0.38024768884899224,0.58,0.06
lB8IXYwOAT4,0.204864,0.36489737420814633,0.43,0.07
lbO33OhC9sA,0.5807785714285715,0.5442724175822401,0.8571428571428571,0.14285714285714285
-B1NGZwSWx4,0.36612,0.3789480539599062,0.5,0.0
UhVhC9gk8wU,0.520212,0.38752196977203757,0.76,0.04
d0biznIXFXs,0.130552,0.4561716221949805,0.37,0.16
JWI5-vWqcGc,0.23309800000000003,0.4065718733459067,0.46,0.09
A1gemG9rdaE,0.25963200000000003,0.4492084473560131,0.57,0.14
0g1QzISOTpY,0.0,0.0,0.0,0.0
WGKIfiLwl3U,0.3189890625,0.38790786724958426,0.5625,0.046875
wx-M8sxcOp8,0.24924,0.4825734874607182,0.49,0.15
dbU_zFsyxvQ,0.140993,0.5293805954613372,0.46,0.25
KW5G72a4e9U,0.330757,0.4129984494535059,0.56,0.08
Csk7aXiFMtM,0.115739,0.4592518875072807,0.35,0.21
kMqeoW3XRa0,0.419359,0.45211211222328473,0.66,0.11
v0ujtrHvOTk,0.137726,0.3759076638271691,0.35,0.11
wVZz948krxY,0.26074516129032266,0.5314299910428585,0.6129032258064516,0.1935483870967742
NEOunA3tfqg,0.047210999999999996,0.5091508208566494,0.4,0.33
6nfHuM3DsNw,0.14785299999999998,0.45464218622010866,0.37,0.17
IygtUhGmsBc,0.257317,0.43634799049726364,0.49,0.09
AaALLWQmCdI,0.32037299999999996,0.4620276718671729,0.56,0.12
U7gjzTGOs-Y,0.157897,0.3788060233034845,0.36,0.11
-LikU99ut4w,0.6417480000000001,0.41335084987937304,0.85,0.05
30slMeUblXU,0.36364,0.3094507754070104,0.6,0.0
1VIlNmnjrAE,0.091592,0.4929491587740058,0.36,0.23
zhkEwfrCNR0,0.23129200000000005,0.42049519299987254,0.49,0.12
ebsnDYC7udk,-0.028712,0.5228411436143869,0.28,0.33
K5R-j_oytyg,0.07729166666666666,0.39374307639415496,0.2916666666666667,0.18055555555555555
CtQdDIsRdZc,0.024496999999999994,0.5557736727220893,0.39,0.3
_rJhVZU5Xqo,-0.06584399999999999,0.4642467258516747,0.25,0.38
rP27yWxuY9s,-0.12931111111111113,0.38417476475758167,0.2222222222222222,0.4444444444444444
5YuGHBmv9wk,0.09156500000000001,0.3493260970425771,0.27,0.11
JtC_6HV977A,0.10656421052631579,0.3871798434063507,0.25263157894736843,0.10526315789473684
NmrE9xrzt2A,0.4843949999999999,0.4366760466009099,0.75,0.09
u8iVUJr52ow,0.190385,0.4231775732183831,0.42,0.14
tHxTZbCiCHI,0.12837272727272728,0.3376295161346075,0.3181818181818182,0.09090909090909091
F-0vAm6YwlM,0.4750539999999999,0.37581962972149285,0.74,0.03
ZBYVJbUmZAQ,0.18431604938271604,0.494552570813228,0.4444444444444444,0.14814814814814814
KmziR25Csvg,0.12724400000000002,0.41467335731151095,0.32,0.16
JGwWNGJdvx8,0.414777,0.4270244039525142,0.59,0.04
uVZYgPMxjHw,0.8306,0.0,1.0,0.0
dM9V9Od1xHc,-0.031687,0.4352722234774464,0.21,0.25
Q4LzhgExvrc,0.19557299999999997,0.45098466822165917,0.43,0.15
hW0K_8AgJmg,0.248763,0.46796974766644905,0.5,0.13
GXMHIkzfIp4,0.40002299999999996,0.4368289078930102,0.65,0.08
rBFwxaVYPF4,0.017393000000000013,0.5414338368175746,0.39,0.37
E_K8IuJ0YJc,0.162059,0.430249389795035,0.41,0.13
vjkqHRRSy_U,0.07419400000000001,0.46798460697334904,0.35,0.24
KCVSx_4V0wo,0.4544329999999999,0.41678797416792146,0.72,0.05
fYWfqBa65HE,0.34184545454545456,0.4839183596878457,0.5454545454545454,0.18181818181818182
DYcld8iDoEc,0.36038000000000003,0.47776878152512225,0.63,0.13
me_IFF37gR8,0.11568899999999999,0.44717819935569303,0.39,0.2
KFB_jTxEECA,0.140481,0.4550490970642619,0.35,0.18
VcLEEADb334,0.07626499999999999,0.5257253964523684,0.32,0.25
T83lRJk6hHg,0.229074,0.4831970485464496,0.45,0.14
JrbnTZPjg0k,0.3776259999999999,0.538045498934802,0.63,0.13
gxKyPrkmYDc,0.374546,0.48604790184096053,0.59,0.07
UJrrNAkvOdM,0.309288,0.4509708707400069,0.54,0.09
cC6sIO4Ls88,-0.042388,0.4430417064521127,0.24,0.32
x5aL5UtKrHg,0.213577,0.5889510237456083,0.54,0.26
m4_Z4Sob_rU,0.31693888888888894,0.44504537613707174,0.5555555555555556,0.09259259259259259
AX2uz2XYkbo,0.19494399999999998,0.49483794202142584,0.42,0.15
I2terj2CfQ0,-0.2742,0.2025,0.0,0.5
Vmvk1LC3bbI,0.639,0.27779999999999994,1.0,0.0
fcn5XSIT0kM,0.174068,0.49139749630619817,0.47,0.19
O7ugu8MTEH8,0.270167,0.46731756783904455,0.54,0.13
Tj7hRjl3sAY,0.334615,0.39138101087686916,0.56,0.05
VNu4ZsrqCMc,0.055448000000000004,0.4771987938962126,0.33,0.21
DnQ1tVIr8vk,0.050971999999999996,0.45225015513098493,0.3,0.18
q7kJdvlK85Q,0.23957699999999998,0.492289875348864,0.51,0.16
ohG5C6AMwAU,0.07368200000000001,0.4025016674201487,0.28,0.15
aGHBXGSNqc8,-0.16569299999999998,0.49015018887173756,0.17,0.39
lJvx6dAtOWE,0.283291,0.4702898295934115,0.54,0.16
fpV7DKwcqbk,0.139507,0.4441258675769742,0.39,0.17
LfQ03oj9fO0,0.043581,0.3489492990951551,0.25,0.14
RBC4t1uxJ2k,0.24622699999999997,0.4243083333744459,0.44,0.1
UmVWGvO8Yhk,0.029464999999999998,0.5045957093307473,0.37,0.32
CCze9AMPRLc,-0.09329000000000001,0.48279874326679856,0.23,0.32
GbPeFs7uDLM,0.216243,0.47799738184534024,0.5,0.14
CbR9XF0whE4,0.21780199999999997,0.34613374033168165,0.42,0.06
RtWbpyjJqrU,0.069823,0.4119856667057727,0.31,0.21
a4UxBrJ2yIQ,0.09293599999999998,0.40265665188097916,0.29,0.15
qTMdH9-kmDk,0.444118,0.3609390110198675,0.66,0.02
p9jWxwpXMPM,0.37981100000000007,0.4032886864009453,0.65,0.06
l5VgOdgptRg,0.206016,0.39754530678150385,0.45,0.1
5S7uCR2qUnI,0.20575000000000002,0.5214387888333586,0.51,0.19
