video_id,sbert_similarity
St8vFW9Kg-c,0.5074716806411743
aVHDjmvrXfc,0.5942074060440063
-XjXTVJhFLM,0.43874064087867737
JI1kq6CA_38,0.3102339208126068
7s5DoGy1Bfo,0.5977415442466736
E2kUsRIj4tM,0.630930483341217
Bi6pcwUbTB4,0.6040796041488647
W1_mXRfrNbQ,0.3623694181442261
dsyyq62uJ60,0.7217478156089783
yDtSgSZVxLs,0.5539518594741821
BIAyb-1uwTg,0.7830430865287781
-_wfFCLaFWk,0.591014564037323
3sXczWhu6wg,0.5667697191238403
qMPTitxLhKo,0.372400164604187
sZG20Mq3Mew,0.432263046503067
Z5CigvO3MOw,0.5075107216835022
OdJnRxYjOmI,0.6177047491073608
iyQxa9MHJdA,0.29277926683425903
uI8hzNEHku8,0.2909834682941437
HlKFVcuIHg8,0.39812934398651123
hAeTOUCmK_8,0.589130699634552
C9u2rNVnZWQ,0.6777065396308899
T1zzyGhA4-g,0.606778621673584
tnazs2t5Brg,0.07654070854187012
MSx_rMsPy08,0.03897324204444885
JkDS7bRO7TQ,0.4660099446773529
n1NvtUwfRJc,0.4441371262073517
tft1sD5NX_k,0.574177622795105
OttRV5ykP7A,0.39914578199386597
spkfIpPmPgs,0.2925950884819031
Sl7mO6Z5vWg,0.5093470215797424
WRmhToZfoHs,0.2775891423225403
VxhPCJZXhfk,0.5452315211296082
WlWEpRdcVCY,0.5735782980918884
YgVBG8uuxx0,0.4758162498474121
VSrEEDQgFc8,0.4354628324508667
YVp6q68lvYI,0.5687819719314575
JzR0MiObqzw,0.43955501914024353
1RWOpQXTltA,0.5232119560241699
S9d2QkCncuE,0.41364094614982605
tg803wPzFEE,0.5614826679229736
iDJjq0Pd0RM,0.3729139566421509
s3jjdHuOUFI,0.3690164089202881
WdT4DPFXIkM,0.39309364557266235
iCRyq-UAOBY,0.537284255027771
SDaWVYXBxZg,0.257936954498291
ShjRCYXU-xM,0.43861520290374756
3ib6ST5S_Ok,0.08839456737041473
qTQaIbIu8q8,0.01606031134724617
JRrl7SjUjD8,0.1780746430158615
C6X3qkWoXv8,0.3896830379962921
N24EfTHdJX8,0.6313081979751587
qNUmCtCV_so,0.12394089996814728
vgA2gxUwEfg,0.5803926587104797
kR-BPVSqZqk,0.19919297099113464
XdXWpEFGEUE,0.5306348204612732
omcQ4Cb0Hx8,0.6989582777023315
i5temwLLRy8,0.13449209928512573
a7efEqgpIrE,0.6950328350067139
sD3FOFZKKiY,0.37336069345474243
wLHd91tAI5s,0.07883936166763306
0RDtwoAt1do,0.6596508622169495
Tck3jgaZlhE,0.30540797114372253
rT1nGjGM2p8,0.49707773327827454
WS9MgI6Jv9Q,0.512119710445404
48--pjS2sLU,0.5872558951377869
0dC_4IqXgTs,0.4816240072250366
6KSjznyrAo8,0.5089408755302429
H-EtOKn6qXs,0.550505518913269
oqU_pqD6OCA,0.3741758167743683
apmDI1iZUm4,0.6484371423721313
H6i9PiKyuas,0.408860445022583
Fq6bluwMCLs,0.4372085928916931
9nuT_ZxWwb0,0.30680444836616516
jGISQHZWvlI,0.3478323221206665
fjIbLTaLaoA,0.5438368320465088
1kly25zVbco,0.1800684630870819
oA53ZanVNgc,0.4811704158782959
eQvdOLxkGc0,0.5210464596748352
doUdRCrK80E,0.4136933982372284
m7mP1qyBQiw,0.5688122510910034
SJLENbI12-A,0.11234475672245026
tT3cPwV4uTk,0.42793193459510803
Vg7dWjieF2Y,0.09949520230293274
-RNI9o06vqo,0.10420199483633041
qk7ChII_Up0,0.020539339631795883
kArC6ZlwetQ,0.6701555848121643
SNYpl1hCu3w,0.6324488520622253
HVyUkKthTuA,0.4411022663116455
_cVlSAD2mRU,0.10093384981155396
EwzD8U4u76k,0.3604277968406677
hI46Wvjgo_0,0.5302637219429016
5P2jzgIDrPo,0.6501113772392273
heWJYtdZcPY,0.22456948459148407
N7hlIbJkvUQ,0.3379320502281189
KDHuWxy53uM,0.4448353946208954
Nm7U_ZZaOAc,0.37047773599624634
BFGEGksIm28,0.2160671055316925
JdKV1L1DJHc,0.611667811870575
SJMlzIwzyQE,0.4900466799736023
PBwS7svfqkI,0.5010008811950684
yJ6qaml8U9w,0.5530905723571777
YzA-HMq0rUA,0.6608620285987854
PU06GuQ7svA,0.5641975998878479
GsUSEwafFIE,0.02144906297326088
OAaLyhs9kQw,0.2703460156917572
N5gG8eUm3gQ,0.045384038239717484
cgTE_09hEDU,0.7224835157394409
URqSPBaxV7Y,0.5115569829940796
-JuqoWtI2Wg,0.6039760708808899
NTuu2Gx_4H4,0.38943493366241455
0mccdi3V5HE,0.18724572658538818
xIbyQ92vijE,0.5464344024658203
pz6WcZlwX_o,0.46059590578079224
EgZI5ZY3dmU,0.31471771001815796
N05FSw-va0M,0.5710328817367554
6XZeIovgjIQ,0.5216110348701477
QDkLaDDJhG8,0.3674585819244385
rxICmJthL4Y,0.0106806680560112
flY7yG9me0w,0.3941991329193115
8nz2dtv--ok,0.22131693363189697
9ezzpuOqkX4,0.4606298506259918
vp12ENCwrbQ,0.19632919132709503
hoKc0z_YkiI,0.4989759027957916
axI5Luw0Eos,0.7562539577484131
yAXeLLddRkc,0.5757962465286255
POEjtktj-1k,0.3676433265209198
jE2HOuhEwIg,0.33588308095932007
GlBYewv-VIo,0.07206670939922333
BmFEoCFDi-w,0.436810165643692
NaILbbTdilk,0.2741474509239197
MzaBSb7DBD0,0.5187052488327026
HjlmIREzkm0,0.6170135736465454
Y_TF9N2XlAs,0.47046512365341187
LBINn20LUes,0.5625090003013611
ey6H4fRjAKg,0.49239104986190796
YdVamEfoHkU,0.5697373151779175
Usgp1mgwOio,0.39831066131591797
Y2OLRrocn3s,0.16451984643936157
1TxzkOEaSA8,0.48554760217666626
3Ka7B3hCg08,0.5320422649383545
QUMmXFB-QOk,0.45585933327674866
M2Jxs7lR8ZI,0.6110126376152039
8XJHEe1hhPY,0.45793548226356506
mOcVhNaPQTA,0.14436876773834229
JvHU-UOPrGs,0.3986738920211792
LMyyu1bydFI,0.5593217611312866
acNfwJE0bU8,0.6035880446434021
gLv6tsTdpgM,0.39447951316833496
iHi2OermTEc,0.3642508387565613
JWECaawgzi0,0.4351480007171631
eGoT_VqIVKY,0.5464061498641968
ssTdkqVW8xQ,0.6625497937202454
cNI-LIVs-to,0.4293380081653595
edamnPJRCpA,0.39004385471343994
gOngJUc5ZtE,0.43645262718200684
cpk_c7WsyPg,0.219972625374794
_K0Ka7Mkqus,0.06586144864559174
ySwgm9MMJco,0.11861302703619003
Rh1pXkFczSg,0.2546892762184143
YzyeAh8Y7Xc,0.10787878930568695
cVKoHSdhA1o,0.49868452548980713
Ot75SS-c4Ic,0.5673510432243347
7HfD4cvY3ww,0.24843963980674744
vQJ8_ftaHi0,0.3869065046310425
4CyLWOWz5uc,0.31505224108695984
e01GIoFak2s,0.36782875657081604
UPku0k7w6rQ,0.6015762686729431
A0YSmiV_KCs,0.40052422881126404
h62tcdxa4Ag,0.5627288818359375
e2cMS2SuWm0,0.6990785002708435
T5c6O3efej0,0.4766688644886017
cIgVjbcKRM0,0.44548720121383667
JIYuOQscL6A,0.5460557341575623
wmv0UwkbsZY,0.642741858959198
ACplPj5CC-k,0.5062657594680786
szsITKAs5B0,0.6378499865531921
fRaX2jbxUjw,0.44670581817626953
Q1yRQ2A078g,0.08705264329910278
BN2II_ZH--c,0.6508282423019409
TXvBkHlwDgA,0.7300545573234558
yLpAZJXFrEo,0.40146365761756897
00mdcc9o28A,0.22808720171451569
tugFFhML7VY,0.6613171696662903
-y44hPaZqUM,0.5417414903640747
UYMIgnw2FPU,0.5865031480789185
mww5BL096CQ,0.5708081126213074
ST0c3xuWx0Q,0.47263145446777344
-7WGI3JoxAg,0.4453619718551636
yeuBPPhx4K0,0.23800179362297058
-CAmTENXSok,0.29900693893432617
lhTQgIwKhoo,0.5400092601776123
RnsEf5URYf0,0.6953162550926208
wDOvjrlym3E,0.4517577588558197
Hn44wy93smw,0.43725717067718506
Xz6yBbBRr8Y,0.6139652729034424
-xe5zuhc7a4,0.5631641745567322
YkiR1KjIw7k,0.5217642188072205
orr8JffO7a0,0.605638861656189
DtJ28qOEG1g,0.5598119497299194
IGyx5UEwgtA,0.5956630110740662
JGEShR6-Uao,0.4495833218097687
m72SF3G4RA4,0.5537494421005249
zAuWt3DFbv0,0.41087475419044495
3AVmLf3jSsQ,0.4185909628868103
-fjXflOeRP8,0.24454709887504578
TUmyygCMMGA,0.4198437035083771
SKV6h_5XFbk,0.1563010811805725
OgMj7upTTMg,0.6696760058403015
xlnud-AsrnE,0.584270179271698
NKmGVE85GUU,0.6772031784057617
rGlsxVfCSyQ,0.1553671956062317
kWplTlAWdU0,0.6232258677482605
xs3_hNYAVRw,0.14404381811618805
EpUab4NG7rc,0.3715260624885559
vqwKWN_CdcY,0.4637674391269684
tQzti9knx_Y,0.4020213484764099
Saip_BCBW3o,0.40426090359687805
cw7W4f2dIw0,0.20221573114395142
7E5cQwhCuWM,0.4112050533294678
CRioIAZ6TmI,0.36735790967941284
6rjYXEYpuDo,0.6074830889701843
0t2VPBF6Kp4,0.7450951933860779
oKc1n8viMD4,0.531982421875
DYetyYSJ05k,0.5295262336730957
ixZY53z4i1Y,0.46461936831474304
IRlf3OGCJXU,0.5307169556617737
Fx-KrvuiafE,0.5502543449401855
CTuts6Ns_SU,0.20227135717868805
2FM_8Q7EIiI,0.7021658420562744
Gg60lml6o7k,0.3718709945678711
HGEMscZE5dY,0.6004053950309753
cgg9byUy-V4,0.22646568715572357
TImO_RquoW8,0.5228044986724854
sgIbXwoSv-s,0.26939329504966736
WolVEMFbUcs,0.23939980566501617
VFOIVrL66UY,0.3447146415710449
l7A9q0gKElQ,0.5010049939155579
fgzPeVe5P0Q,0.6058419942855835
Wd7NJWlKii4,0.5587739944458008
NwXVKKCGnlw,0.4750707745552063
EWe6ER1_UEk,0.6544675230979919
mt2z3fvyIGU,0.5228705406188965
2HjOAuDDvlc,0.5425942540168762
nGXP4ot1OdE,0.08839690685272217
q_7KUC6CY6Q,0.5206852555274963
MO5Fd54Ap_k,0.7394826412200928
80T1gkb_iaE,0.226190447807312
cOTK8-s30No,0.5081379413604736
dgC1wMSAQ9Q,0.575150728225708
0YQJftzuCaw,-0.004371435847133398
XIz26m-5N3s,0.46313005685806274
gqskRfwr95g,0.4518084228038788
N2z5dSRkv_I,0.03085874393582344
APi-5QcLQHU,0.3652966320514679
9iOXBfcDYv4,0.20046545565128326
3bi0qfFwKRQ,0.5801050066947937
Wcp5-6vWpAU,-0.011593318544328213
0hHFLBKR3y4,0.5277359485626221
TYTirwx3FkU,0.3639068007469177
LT6xUAmG5z8,0.451985239982605
E7HwKKyUecs,0.6372102499008179
E6_KUdKj4WQ,0.27924659848213196
aQaCY7wlQEc,0.5074509382247925
R5P6O0pDyMU,0.681969940662384
cfZ5lExKMQs,0.5103591680526733
RWQ-PuHbM3w,0.3527599573135376
pP-C_B8nSmw,0.6374663710594177
-_7Dqs5unqs,0.6883336305618286
A60kWg9IRSA,0.5176311731338501
VYuwhwdzM3A,0.4360617399215698
u9C8Pp1sS9E,0.5429399609565735
hz-iqA2wKgI,0.6150482296943665
hzAWq6btY2w,0.49057695269584656
nb0YoRMXIY0,0.29885920882225037
uRVhYrl-iYA,0.28749167919158936
DXt2RmwW9sI,0.1428123265504837
ANbgKuGrgGo,0.6901537179946899
SIzEJfDcZpQ,0.5440440773963928
wIt7JYJgt4c,0.42648884654045105
rjfST1fGMOs,0.5655970573425293
ZNyiEnKBocs,0.4449482858181
cBQiLh9N6kg,0.19850751757621765
Mvuj5fCmLVU,0.6413884162902832
leQaHImtVrA,-0.06157766282558441
0_aIJRnX_9c,0.6468713283538818
ZcDneXm1ZMM,0.4617190361022949
U5SxvTFZ6lY,0.503214418888092
M5pfng5S8tQ,0.498050719499588
g7Xn2JqH5ng,0.14111687242984772
aXj-ZjxUIDw,0.546205997467041
mjpaPLnpzlo,0.6238263845443726
EeWjx98A0Yg,0.407135933637619
Kd1CGQ36tTU,0.5751083493232727
-t0jPT9c-qI,0.6023017764091492
vKCXetiCYn0,0.47107428312301636
QrbE-2M-aNE,0.008182745426893234
w5LICH9PiIU,0.07114280760288239
WUnDsNL_5nk,0.596126914024353
GCUrSA-KTas,0.3653516471385956
z4VT4gik54w,0.3519810140132904
1wkPMUZ9vX4,0.6817500591278076
_8Nb_zgWZZ4,0.19835002720355988
RyCqbivfz08,0.6300933957099915
Lk1uBMZOaXc,0.47042369842529297
LD0x7ho_IYc,0.1781676560640335
z_qQaMc4HTI,0.2881418764591217
n5XDBHDK9bU,0.2969402074813843
Li4LAxoHVoM,0.6388100385665894
qI7MsmJlinY,0.4549514055252075
JR9QBiyRRgA,0.5178199410438538
LpcDFmfmRkU,0.5609784126281738
Ko-27mN7Z2Y,0.5545862317085266
khVJLkvx60k,0.6327818632125854
DdFKKZe73Pk,0.6572728157043457
QiwtLBQrjG0,0.6842669248580933
jLw4Eq90wNk,0.6275618076324463
EgQ7uLt-DwI,0.3973881006240845
Mx7KM-k2MMo,0.5110228657722473
k3ofpyDTVzY,0.44814109802246094
ZGCcs_5vdbM,0.46245983242988586
wP0G3Vwe1bw,0.5658887624740601
WdC1sq8h4Cg,0.36742961406707764
gHJ6gZ7Q554,0.4866095781326294
lwZzRtxFdvY,0.48948580026626587
GA5cmKI6_A4,0.5655128955841064
xwi_uXHZkEw,0.6787338256835938
7NnvE0n0NSc,0.01316893007606268
roRGPI1PwNQ,0.684069812297821
cMiXSBkDZ7k,0.38414230942726135
2cLMgClppLM,0.23194216191768646
iUNi6NQPi3Y,0.26094821095466614
c8erpQwQLpI,0.5768558382987976
nkmx_k9wVs0,0.5778638124465942
4BMd8XVqusY,0.4483849108219147
BN_Uwo4qQTM,0.42922744154930115
nATapY005XY,0.35919708013534546
nJMHHKrAAtM,0.56833815574646
98I3cGOwkwE,0.23150187730789185
nt6ab7BTlgE,0.27491146326065063
r7j9cBnpfx8,0.22146736085414886
p3xmqbNsRSk,0.4797765612602234
vI15rtezCB4,0.4300404489040375
A5BnuuqptOk,0.4582597315311432
3x1zcnKtDHg,0.3739473819732666
LomxrQz-E3M,0.7267381548881531
CVXyS5sx_SI,0.5114184617996216
BBdUlJkqILQ,0.6257848739624023
VfsFV7VGBzI,0.24687761068344116
Rz6jHTpi6zw,0.2277410626411438
eDDMSULnTdE,0.5683331489562988
6DogXzVzcQA,0.4379902780056
vJazpys1z6E,0.16920164227485657
V7bkSjaaX00,0.20678135752677917
kI9EtkHy4d8,0.4736863076686859
7p_nPxfqNFo,0.014048421755433083
qnxcKRJJwcA,0.6287664771080017
efiW2K8gASM,0.39535829424858093
jZBAPmDkqd0,0.4473046660423279
QsQV4nDG7u8,0.6004236340522766
iI4e_F7Yy1g,0.4643072783946991
vsEPE3Jh_y0,0.49079880118370056
dtn579DvHa8,0.2001761943101883
0qmYtrqSg-Y,0.18281829357147217
m8HVoN1uTtM,0.41241350769996643
ZnX1IbIFUaI,0.0006659692153334618
c-TLJS8cdTU,0.5434619188308716
j6WX5SR7zxA,0.4028968811035156
ZX6kfY4428w,0.5175554752349854
ch-la5pHwdU,0.31879305839538574
xaz5ftvZCyI,0.43953433632850647
oBSlllgy7-s,0.3341682553291321
tE9aSULUqVY,0.17507585883140564
9sn5iYFKySQ,0.4824671447277069
ZJu8Kh2fzu0,0.15814153850078583
5wosC9QLQTM,0.0923028290271759
UbuvFMvytu4,0.08240693062543869
NWiv_JdjvyY,0.5296643972396851
lDVUBG3PI0w,0.47756892442703247
CUdnMkFXI2I,0.3221242427825928
b37iKMzC1C8,0.3118349313735962
6mNcHDrIMQc,0.4224993884563446
vG-QZOTc5_Q,0.3583775758743286
yiC4w7Erz8I,0.4976872503757477
K45mFsyZxtU,0.3784826099872589
zjzsdvG6Fm0,0.6549534797668457
Hxo4Zo4awmY,0.374860018491745
4oPPkKsskbQ,0.38311058282852173
xtXbnLe64jw,0.6019614338874817
9D0XuUC5bMs,0.43891721963882446
I_7zAlNreH4,0.1752997636795044
Dm09LvHlAmA,0.7423672080039978
sNhhvQGsMEc,0.4085456430912018
Yy60Ttd6ujQ,0.49177366495132446
0eKdNcP4xrM,0.3474275469779968
SRMw1AQRLQc,0.4761565923690796
QtMmgzGYih0,0.46161988377571106
1HWVFfLdTT8,0.3869514465332031
XQLS0UiLOgA,0.35905537009239197
ziq-2JifkjI,0.3640691041946411
pIs_PniE4lQ,0.7120101451873779
Bs8zdytkhZ0,0.5376759767532349
dCFu4H_RD9E,0.12349356710910797
WCiTX32O-Bg,0.4482285976409912
oXCAdGdvh7E,0.05702734738588333
CdzB3dWSv9c,0.4450279474258423
ZJqZ6RUZkpw,0.6950421333312988
sN_b1IEokkI,0.49482423067092896
s9ixts1s6LE,0.5084072351455688
8CZWfo4MGTA,0.36816227436065674
QbpEz3AxnVY,0.6755774021148682
eXTiiz99p9o,0.5924772024154663
W-m4gfVRc9Q,0.5583624839782715
XrJr1HToN2k,0.6137773990631104
MHsxq45a84c,0.07791111618280411
7lukoNrS1ZQ,0.35393214225769043
vbBzXPQ4CFk,0.4410424828529358
8AlvNCEd9wA,0.3703537583351135
y3TAfaKxexY,0.3235374093055725
hTONQA3MePg,0.3617631793022156
U95NoBQ18Qw,0.2622931897640228
V5PzDHbAtO4,0.2562086582183838
-G16EX6b8Xg,0.10021968185901642
Oa1rMuhv2jU,0.7528868317604065
P1m-MThFJ0I,0.0689668357372284
KVtaUf05sn4,0.29902520775794983
iHSKFgPYySM,0.5702947378158569
Hvcps5dFzfc,0.7104405760765076
hkxlU-Kbt0A,0.4093530774116516
x2ZkVPkpjJA,0.00800129771232605
JC82Il2cjqA,0.3992502689361572
wtAN1JH7sos,0.2492242455482483
Yi6yqintlH8,0.3285583555698395
4jXHbh0BKV4,0.5654928088188171
dSeB32NBVUU,0.5460891127586365
TL2p9E1yd4o,0.2708636224269867
yYPuBDP1xdc,0.5041696429252625
xn_aBXN1Jlc,0.19624195992946625
mHC15HYwJ5Q,0.42216503620147705
3PkP5U6giiE,0.4524795413017273
nKdXSRnyTiQ,0.47388696670532227
D342wdr9GQs,0.5099102258682251
dfOVNptkgPA,0.6896267533302307
TCCYCSACA2Y,0.3546920418739319
NdHRAI9VdXI,0.4814490079879761
nR5AIdM23h4,0.43709173798561096
Q1bHT2k0XEw,0.381721556186676
1w8Z0UOXVaY,0.43872690200805664
pJBRQQkT85s,0.6904647946357727
XEdkXabqLM0,0.40039873123168945
xGzVjJrcM20,0.32211869955062866
b102UGOUmeg,0.22604866325855255
NtIhhuPOVDY,0.4801928699016571
vTl6UNMKjLc,0.5216906070709229
6brM44delco,0.4867996275424957
c0UdIUC-Gfg,0.4211001694202423
0w8Va2joeFc,0.3530154228210449
wGWFkvMyWF4,0.5487514138221741
4HQgulh7-T8,0.3317469358444214
9NgfAsg0CsM,0.34527504444122314
hXP1Gv9IMBo,0.44871020317077637
1Se35LYYDJQ,0.4263707399368286
fzxYR8sdAUg,0.0248403362929821
ako96rxKFp0,0.32789644598960876
qRMSvFO7org,0.4555538296699524
Uv6lPaGp7vE,0.3992793560028076
WVB2GSlyrSk,0.5040860772132874
ZnhnmSlFJeI,0.23498108983039856
nUTtPoNUfYg,0.4024132192134857
Vt9ROJ4H82g,0.026669885963201523
v66I6Et38yE,0.43785226345062256
KIDz7Oc1nnw,0.08045763522386551
vJvAW-KDV9w,0.11458127200603485
mHBXRHupdr4,0.5090169906616211
LZvGRxHGhaU,0.49564477801322937
qT22LiVF3CU,0.46887558698654175
eDijKSMoVwg,0.6295510530471802
jsUuHKnOPTI,0.6367987394332886
Insk0blNs3Y,0.01475338451564312
DkZ7BJQupVA,0.6191603541374207
KiW7zE77dz0,0.3938319683074951
8jKB0dRWkQM,0.5402231216430664
5hqaqQ4Mb38,0.5631052255630493
FezkyApo8Ro,0.4425308108329773
g18pXHwRWCQ,0.4981050193309784
wblW_M_HVQ8,0.4706557095050812
SSOnqgsfAlo,0.5223714709281921
l_PTOY_SA-U,0.36895886063575745
oney3Y3RUFs,0.3308614194393158
Z8SQeprQe6M,0.4914860129356384
QXT4OVM4vXI,0.2476005256175995
irqb1Sk7uKU,0.4972878098487854
MmxbY3HVaW4,0.409883975982666
L0TabnDseT4,0.5870899558067322
ePTTUtuD_d4,0.7369425296783447
2Vv2K4bFOqo,0.4531582295894623
COJr7OB23Hw,0.6150299310684204
jM2CD9x9jOM,0.5641120672225952
Z-qDr_IXO38,-0.014403624460101128
G7kiczPFf2w,0.28888893127441406
aCW3Yz_xM3Y,0.6008936166763306
yxdRTaAp5Fw,0.6540419459342957
VdHGqX0nuPQ,0.6857200860977173
DUXvnuR8qAg,0.32800227403640747
RzeESd91lfs,0.48207321763038635
Bk-36FZEtH8,0.6472570896148682
o_W280R_Jt8,0.7141532897949219
j-N7tm8mvZ8,0.43662112951278687
aknKsPD9MKc,0.6012467741966248
wuLzlIjmuEQ,0.6380190849304199
XpXSsJ5oDco,0.6310195326805115
C6gkAQ-CWDg,0.4469025135040283
hVcz93FLVt0,0.3974229097366333
XUrL785fX2U,0.49095451831817627
LWxqsbr3sc4,0.7406836748123169
Rmg5fLRBkZo,0.23139086365699768
55cJ9F9rf08,0.46629399061203003
PCKu-sY5y3U,0.5951567888259888
jT8eRkC6FSY,0.400368869304657
L3kE4199ViY,0.6685300469398499
nDh7xG2_Eio,0.47067907452583313
p0RgVLQYZSQ,0.2134547084569931
ZKAQvRPME0Y,0.6059151291847229
M3OeVz7Imm0,0.2768227756023407
i57sjfsdfBo,0.4092465937137604
MRXxYL2MNQU,0.1864723116159439
ym9E1YG3_QQ,0.34019118547439575
xpc62ygz3HU,0.6374839544296265
UgolB_YLQGs,0.18929241597652435
vvBl3YUBUyY,0.5034100413322449
qK8vKyYy8kc,0.6100648641586304
yBgYPkfpsFY,0.43106094002723694
4JbIMf7Y7tY,0.1304837018251419
jDqFzw4AQa4,0.6663838624954224
O5sBXKS8i2A,0.35258805751800537
aUqLjGB_kyI,0.368978887796402
S0GQaeMSOeY,0.44737833738327026
nxXRObxAiOg,0.07919570058584213
Sf872ObD7Tg,0.3361877202987671
UnHohdIkEQs,0.4340174198150635
4p22E_TBm50,0.4928140938282013
Phbe8mEDMe4,0.6728109121322632
1m9p9iubMLU,0.5127801299095154
EVbdbVhzcM4,0.5142751336097717
ppILwXwsMng,0.4470279812812805
Mr5Pl93L4yY,0.38189324736595154
vX-OOfbnD9w,0.5967203378677368
UtsfUAHkyWQ,0.5053305625915527
JPXyHVukMWE,-0.03204571455717087
AC48ZVFakWE,0.2842591404914856
fXNV3Ad0qQ0,0.45807135105133057
V1neQzgKL38,0.6180341243743896
TlvNMlIMWhw,0.29846861958503723
VKkbjXYzxXA,0.12139607220888138
yGNlGh-bxKY,0.4340592622756958
sovMpY2QH-I,0.09388057887554169
tEbF9Jpp7E0,0.48615193367004395
COrifv5ENLY,0.29818880558013916
8Su0t-0KCw4,0.42013445496559143
N8JD_P2J24g,0.6308512091636658
eJJPC323_f4,0.39071545004844666
JBPD7Xwnbuk,0.027193959802389145
Oqq5tgday_w,0.4847830832004547
-dCh9ynZ6Qc,0.4546625018119812
1nSvuSQH9h4,0.13779601454734802
Ssphf4UcQdo,0.4530875086784363
JKXlkPyQ2HM,-0.04769601300358772
R6gsrO8QWnQ,0.306867390871048
oGh1Yibm0uI,0.5936042666435242
8ri4f41VB28,0.465970903635025
4LJzbmtTtes,0.5375194549560547
QMJY29QMewQ,0.5605833530426025
qGJKjFHzuqo,0.06251665204763412
uxEZiXrTnnQ,0.6014789938926697
BicD0RF_H4g,0.7491051554679871
FNLqPQ3vCt0,0.5774533152580261
ll7nM_e74lU,0.5341919660568237
WnlYITW8Ohw,0.5886577367782593
RVKZ-YW3aLU,0.2613575756549835
w3BhzYI6zXU,0.4568769931793213
WiX_O7hBTGw,0.448988676071167
oN2mXJlgDQI,0.5448218584060669
lX_m_t3cAR0,0.6435149312019348
c8wM6fjPj-0,0.6173306107521057
-FtlH4svqx4,0.3210676312446594
sohXPx_XZ6Y,0.3338789641857147
ktddFSm3nTg,0.6586505770683289
ioGb9wUY1y4,0.5703887939453125
v7TdTk-7KoU,0.34220898151397705
qeZl_b1SDfo,0.5056600570678711
nFpk8jvG9Ww,0.6456407904624939
S4Rgu7WYH0g,0.03547866642475128
ULcqFUa2qGc,0.5171216130256653
FXwix8yKyh8,0.47546282410621643
QsBT5EQt348,0.5698388814926147
c3SXahnwMVk,0.3094061613082886
9zJlI5VzAvQ,0.5332115888595581
gE6MDvvUERA,0.1870720088481903
tECHHXEnC0I,0.3829207420349121
wxRPNLUaK8w,0.4217723608016968
u42COg-qCMI,0.6219765543937683
dmX1W5umC1c,0.41157567501068115
ydnxRLaYphk,0.10248308628797531
jnDyj7Gb8cw,0.5803893208503723
xxv42CCHrhY,0.2979712188243866
P4tNeWmSESA,0.48975515365600586
5ueSUnUL3ek,0.5356186032295227
SD2LTwgBd2Y,0.5316911339759827
E3a88_SjJR0,0.48064330220222473
jNN6FI1Gcr8,0.22426019608974457
Hxsbi2IWlRo,0.7034863233566284
YN1bUAFc7bs,0.38753825426101685
lP2Sm2nOmyM,0.6359549164772034
Dg_h91bC8pY,0.4557246267795563
-KtqpIMGhyc,0.5247365832328796
BWo_tYF0nAc,0.1701575070619583
QK1jlPgn9Ck,0.5991157293319702
oufGY-I7j0k,0.06519503891468048
hnKiPEy4tW0,0.30869555473327637
Twvt-Vhli9Y,0.43452855944633484
rufj8ldbQLg,0.12643788754940033
f-gX0spJpa0,0.45020702481269836
ZO1xRXSTF1A,0.6754128932952881
j71ggLVEsU8,0.7228550314903259
uGqpKSbbMmM,0.641476571559906
-iS_Hg8ygBE,0.4483228027820587
DkzQxw16G9w,0.6182352900505066
__PJO9Xid50,0.6255488395690918
5SVTOBWEqOA,0.6903449892997742
DvCP3Gmxd8Y,0.7536172270774841
bSaFSIh65dI,0.2062266618013382
esgs5XqLW2Q,0.1404908001422882
2Wcwc2h-eKI,0.6316646337509155
wOQe1hWvX_c,0.5026296973228455
umfgvffJ6M0,0.38658812642097473
N2XVVt4ryWY,0.49718034267425537
TbG_SMvslYk,0.40068507194519043
zE0qp3Yje6Q,0.5175231099128723
ZuaseSovWDY,0.23042994737625122
MglmeOowhYo,0.7659769654273987
nCmXFmRkB28,0.4214203357696533
md8PRvrbt6g,0.7068036794662476
RcqEiI9bpCg,0.46605461835861206
UqvXc4q0NyM,0.4094938039779663
vJiUQ80ro5c,0.2980654835700989
a4d5CbK0b3A,0.5811830759048462
SPSz7T1c80I,0.5743241906166077
uE6morUlDHo,0.6848772168159485
-YbxjN53TDM,0.6411289572715759
U-16eckVOZk,0.5922791361808777
vMr1p7w5F9I,0.5531762838363647
vYkwNZJJc4s,0.5495877265930176
MxCRgtdAuBo,0.022412018850445747
hzffWi3Faao,0.5320122241973877
4WcdkItFjbY,0.30794641375541687
feJ7Wj0yYVw,0.5215126276016235
C-7fzHy3aG0,0.5478644967079163
EiUeQOTQSnM,0.6522088646888733
p6TFYR60fqA,0.6105955243110657
D6wmz6HQBWc,0.5664756894111633
ItznKylqptQ,0.14545363187789917
711kXYm5L10,0.5786736607551575
qkc8oAr7pIE,0.31872087717056274
8TDnEs3dqP0,0.4098469018936157
6Nr_xHolP1Q,0.46515953540802
wDJp6ho7fDY,0.36030489206314087
q_aM4KXTYPk,0.6486803293228149
tEq45ul1aEw,0.4305323660373688
myba3XPYlpQ,0.7323776483535767
SDUWutN67f8,0.40570068359375
BMqzm7m4uOk,0.2108914852142334
LsoYmWsAsbI,0.5094671249389648
HDv5bUR_Plo,0.48746639490127563
ABtt5y-maO4,0.7955431342124939
6UCjUdTyr1w,0.4316089451313019
dHfQYGGUS4U,0.3875257968902588
wplX6t4S7p4,0.3936600983142853
yuWtVYxZIzY,0.40776923298835754
NN1d6_h9skc,0.2420642077922821
ydCgf5FILUY,0.6565422415733337
ibVKeM7BbVk,0.2878968417644501
qZxU_sJZqO0,0.5514299273490906
Paf-iSf2Mr4,0.6192380785942078
KnIN5I2tfGI,0.5418211817741394
W0uT01T1hRI,0.40688544511795044
JNnRbYj6Rnc,0.46072912216186523
_o1Gz9pNHc0,0.543140709400177
xD3x_7yNGLM,0.5350884795188904
HLVCubFinpc,0.36190128326416016
fmDz9mF109Y,0.513687252998352
afzHsxXOJGM,0.018209367990493774
X1PsuaqmJjA,0.41038620471954346
Osd16ILchHs,0.22289910912513733
EaBOPZBSNCc,0.493050754070282
Je9fziS354Q,0.3389132022857666
KjAx5VAPOUM,0.49116045236587524
s7gDXtRS0jo,0.6168407201766968
2PD55fyRBxI,0.22868889570236206
qVQQKbbO1EE,0.4524012804031372
0f_xpcMhCNA,0.7316863536834717
09nKFCUpHFs,0.7707394361495972
U6_cSjQo8gE,0.4864806532859802
V_mXR_Kol4Q,0.532633364200592
sEjf0d38JK4,0.3400100767612457
twyoQ8LWatU,0.6226027607917786
x3gq1p_CwCE,0.4307979345321655
7lylpi32ibE,0.704392671585083
MRFCVG85X_s,0.12441285699605942
BwPj6O-afX0,0.43839019536972046
54acHHUqObM,0.6846545934677124
9ry8hyOfEGY,0.4630500078201294
zpnMb5wziVs,0.6512563824653625
c2gKsnRzSHw,0.5098727345466614
bPFnQ_PVKNY,0.7105451822280884
Bg_tJvCA8zw,0.3417545557022095
ZN41d7Txcq0,0.4101613163948059
ZvXgHiS9-zQ,0.5524110794067383
-WOFikAp_Mo,0.20314030349254608
yarsCzySIC4,0.6588623523712158
XMIc4uTAMh0,0.45576193928718567
C7oSFNKIlaM,0.46483325958251953
rbK8z3BhX30,0.40492868423461914
E3f9qWTkrRU,0.5246742963790894
x2l75JEuxcA,0.5475013256072998
dKJlUiGkYtY,0.5579708814620972
xe6fqasFBUY,0.24591416120529175
KRv0gqlXNd8,0.4810861647129059
KBpGxb_unmc,0.5495222210884094
KBgB0VMcRYQ,0.4536236524581909
oUhWx-Pz70s,0.5845813155174255
h5_s6BS2_YY,0.6330040693283081
fnC5VkfBLN8,0.5653322339057922
R4wKm8OiEWw,0.4829818606376648
bEV0MCO18B8,0.7178546786308289
LzefVqRNiqA,0.7469422817230225
wUNLGdqm_-0,0.33595535159111023
tEG1Eo7OexY,0.3430197834968567
5S4dDGr1VYU,0.35522735118865967
L6lq_gm7Zmg,0.36439013481140137
gfME4arLPpk,0.36249375343322754
A3Yj3q0QRLM,0.4982106685638428
hmMlspNoZMs,0.6337975263595581
F815eqx6BMI,0.2707903981208801
kWE2_-jiDS8,0.044478945434093475
lfJvhI9j1tI,0.342073917388916
bYXAnHUm8TY,0.5046265125274658
yxXjPy9m20Q,0.524986207485199
HaKX_pz3C-w,0.5101013779640198
r61vQDbCBLM,0.4429064095020294
lVU8Hd2P8Ao,0.409460186958313
x01l_jMhjVM,0.3526897132396698
iK0-76FChfk,0.24026261270046234
l6iX_nozv2M,0.23160606622695923
Xo8KqrV8v6U,0.4839839041233063
Q-jDzZYMn6w,0.6575587391853333
PXTAhwqqAmY,0.04752455651760101
48WdyjnaSp8,0.44658759236335754
TymTs09IvB0,0.6043042540550232
-93Ij5WIcok,0.32980239391326904
nM9Uy4j4ePk,0.5962848663330078
fRfPupikHT4,0.4441484212875366
zN007md9h8Q,0.6367223858833313
N4vf8N6GpdM,0.2179286926984787
BRUvbiWLwFI,0.284963458776474
_QKdnGgnerg,0.25494784116744995
L161lrzksHA,0.6775516271591187
spPMvChCFWQ,0.3620882034301758
uMN0cGnzgNk,0.5507076978683472
yy0XNyOsikE,0.5577880144119263
DolduIxtx5U,0.4101099371910095
eXJFbsQBvLw,0.3964202404022217
ggR_SPwP6cw,0.2979300320148468
JYnaNvXZhoY,0.4610302150249481
rAhtREmnjzI,0.3135070502758026
5-idSP5Ztaw,0.43304795026779175
WgKC4NozEpk,0.5473085641860962
0azEQxM1chg,0.03571115434169769
s8qnYmUarNE,0.45928841829299927
eCQLWGs0qQA,0.8209226131439209
bvYUq6Ox0Hc,0.6398199200630188
IUKEzK64kug,0.30974578857421875
A5DcOEzW1wA,0.6701027750968933
K25fl-kvr1A,0.1693735420703888
JmST4vGXPX0,0.44841304421424866
Kk3w7dr8KCg,0.5893539786338806
hx5RM9LUD6A,0.32719892263412476
riJ7Ry9ikdo,0.5764431953430176
gm091w0sSKk,0.6203877329826355
0YwlBl8WLb0,0.4092639982700348
VZ3NPWUB_5A,0.6408874988555908
fjFjv8iXio8,0.5800833702087402
YN10zSFennw,0.6065914034843445
9jBXGmWIj34,0.521776556968689
L3GJiAprbRQ,0.7025330662727356
Pmw9f9eY6LI,0.1555248647928238
ekqp90s2F7Y,0.4161134958267212
LxNlxrQXoQw,0.6425931453704834
yZb3qsnr1Bw,0.10315939784049988
vKCFkFaIwU0,0.1817229837179184
kmvAdRntWH8,0.4991599917411804
JeiFgGZL4rY,0.32041609287261963
OWVTtuxW6Fg,0.678695797920227
BjObSaEAg-8,0.5244289636611938
b_yyRHdbIJ4,0.36653566360473633
voNsus-FOSg,0.0851174145936966
xqpNZQTi0Ls,0.2253265231847763
JGXi_9A__Vc,0.4273150563240051
-mqMDOJGnnM,0.591063916683197
-dAtfh79ZkQ,0.5442550182342529
VtF6Lis1ML4,0.09092928469181061
IBbQByoFa2M,0.6180594563484192
h8xuGS-vPA8,0.5413353443145752
u1bpI-49BzY,0.5553606152534485
-SWZjpAgfJg,0.6025660037994385
YzmNsWHvV2c,0.47757524251937866
Hh0wW41a4WE,0.38776785135269165
e2E_N8uBlyE,0.39152413606643677
uVxSZnJv2gs,0.2773205041885376
NcUchJEPd6k,0.6441057920455933
6x9g4JzrRpo,0.4720302224159241
7rhDHSoxV_4,0.5245141983032227
6muw6pqzk_c,0.5078117251396179
EFQZxxAql64,0.49531736969947815
63hcuBJU924,0.17067795991897583
e1ksqQQ51h0,0.42572858929634094
dmYEOZq8aZc,0.39093250036239624
BlLFR5LlfnQ,0.5271070599555969
rbeoFRnYQzI,0.7020261287689209
3zVBoaHOeXo,0.3048340976238251
WfLHhO-bCFE,0.4029425382614136
HOwuFJ_09vA,0.22329270839691162
iC_Pjvu0auU,0.6070702075958252
zZetA8aEigo,0.5640673041343689
aGJLOXqZEmI,0.5680354833602905
VvqbjUtt3mM,0.4808090925216675
znkVb9ch_MA,0.5059805512428284
dQ591CfNbgI,0.484784334897995
AmznnltVlmI,0.28162509202957153
0btbPc21N7g,0.6264349818229675
sPp6gafspTM,0.5061204433441162
Qm2r49yIr3s,0.4727727174758911
XGTDx8aZ8jc,0.4697950482368469
w7yp8sQekrU,0.45093289017677307
9tXEr1cps4Y,0.01004991214722395
prWMXGN1E3E,0.6500845551490784
etifRufySPE,0.6767414212226868
HSQFyNGAA0s,0.4739810526371002
Q8-NgZsUp4Q,0.5928027629852295
joHP5kYVR24,0.57699054479599
a7nMhCOEptg,0.5182746648788452
Fxeb3Pc4PA4,0.5342286825180054
t-O-Qdh7VvQ,0.32178929448127747
pSg_Sd94Y8k,0.5588871240615845
Fiy8c7PWGm8,0.6008431911468506
3kDcjx7J0kI,0.4231685400009155
t3i-CTKQyIo,0.3896334171295166
KV8z3vE59O8,0.4549176096916199
fdbNq-4c6Uk,0.2377956658601761
vobbh2Ah7Es,0.6679424047470093
g1QONg2b2JQ,0.13855195045471191
crytzKqIXOQ,0.35992714762687683
y6Rmpw87QwI,0.4798881411552429
wcDHKnnfZM4,0.6924387216567993
GQNmX0K48i0,0.5062462091445923
qTENT9gQxCE,0.40533313155174255
oQdNqqbmaIk,0.37238216400146484
1t24XAntNCY,-0.027228154242038727
kr5PoOpsnjg,0.6281461119651794
33JzTRfdguk,0.6280517578125
2tmpOjLDcvg,0.4716416001319885
T8fbNsj2dyo,0.3587057888507843
Gz5_9MB0e-0,0.04134899750351906
e3oMDGE8PrU,0.2974822223186493
FgBixSFoi8Y,0.07656495273113251
j6dWirO1WQg,0.5779429078102112
c_efBMq-LqQ,0.7039674520492554
Ogw1EgEdV9g,0.08972373604774475
T2BlqlR4a7A,0.40356847643852234
9CZfG3r5JBE,0.5886836051940918
taNCapxvdbc,0.6974920034408569
-0n2kxkdJgM,0.47189584374427795
EEBt1UQxNyM,0.32522052526474
tmM9a6vNDYo,0.4637211859226227
mjQwedC1WzI,0.6984805464744568
gUajFAl9vDY,0.0441758893430233
qCnwXYuzoco,0.5848242044448853
7Qpwe2cIWFA,0.08358222991228104
y-dqb45bzXA,0.41769975423812866
i9rnOr628qM,0.4969823360443115
QB8OXhvtOMY,0.6284709572792053
2bNEjWsL7Mw,0.17238694429397583
IvdohUPWg-0,0.3269304633140564
kG5I3N99BmM,0.2999058663845062
gasI6cyjkvM,0.5757311582565308
hD_4AYx74L4,0.5100138187408447
-HWUNjO-Lvo,0.08145882934331894
oNH3akWXaV8,0.6410984992980957
VHvBYG5-DDE,0.5480144619941711
UaXjcIl-6q8,0.4058319926261902
cyOrx2o8IC0,0.6219520568847656
rKXhSZjMYIk,0.6714829802513123
XrV5oR-5iLY,0.4608774483203888
gSSffWM2zdc,0.4333670437335968
d4yjrDSvze0,0.4385518729686737
WaUzu-iksi8,0.5359972715377808
m1ewbghHOP0,0.6150723695755005
r9Iwph3aU2U,0.602628767490387
RMMd2mrJnVM,0.5871030688285828
7Vd1dTBVbFg,0.36018404364585876
UmlJbxeLiK4,0.5196416974067688
YxEjb5gQGPs,0.6853390336036682
VTYoxHfXKeE,0.5799763798713684
REs9lYQlN2g,0.4097096025943756
8HHGRq518eE,0.3994262218475342
_q6CPOXJtgU,0.6708149909973145
pSmFd_I6B94,0.5158575773239136
FlXY_w4wZ4E,0.22825247049331665
WZsJ6BtOh60,0.4882117211818695
TALwNlM6gFI,0.6241609454154968
0UFav6JzYY8,0.11571642011404037
0o3ENJLcVh0,0.0011492781341075897
X25OnF3TQys,0.5827836990356445
I8EQAnKntLs,0.6087394952774048
TFlVWf8JX4A,0.3723689913749695
O7wcuzs1A_w,0.4223814904689789
5QyPYq-LNBk,0.44891101121902466
CYh_0QYQ-CE,0.2860682010650635
LX07w8_uNtk,0.4803027808666229
h1plQgwxf9o,0.5150949954986572
6o3suuYv0mw,0.4801628887653351
e7tGkJp2HfU,0.5642887949943542
hiduiTq1ei8,0.5942994952201843
hzEhD198T30,0.35033369064331055
y4x8MRWULt0,0.6069605350494385
bKpQquYRw5E,0.30216777324676514
v4rNOLZgKF4,0.5264506340026855
TtMQVrfGmtk,0.47958260774612427
EXQbKJFmPXo,0.220931738615036
ylWORyToTo4,0.5578546524047852
9HtJkzCIK2k,0.33802512288093567
f17lyOPBQ-I,-0.007147360593080521
V4lOjZvtVO8,0.7616340517997742
x_-x4Dwz-rU,0.41899198293685913
ZRmrSWb_9rY,0.25682392716407776
Ul9ysDvkuLA,0.3546263575553894
DLFWO_Cmrl8,0.47875818610191345
dfnmioamaX0,0.08220182359218597
ODLAF85hI5o,0.3863357901573181
5pIK_oiRVi4,0.49670952558517456
vSa4x57IV7U,-0.022060802206397057
tEYCjJqr21A,0.6260351538658142
Rlth9TUWaQg,0.6192731261253357
qUqSexDQlyk,0.6302968263626099
w7VgmPr8Iu4,0.5022738575935364
d5mFe7GIt9k,0.47520697116851807
xPxkUHdznQM,0.6749139428138733
qqWWHKjyMu4,0.4948321282863617
WKt9EqC_jdw,0.6391503214836121
t5MkOw1gqQ8,0.6696641445159912
OWWUdxYFu2E,0.08710267394781113
cdzUh0AypK8,0.14706705510616302
Ha3JdNofoy8,0.5464696884155273
GGm0FQ6i74U,0.2352115362882614
uhTlvBzjQFY,0.5178782939910889
5UTdqxEktX4,0.04970599710941315
auJ_yTdfJ1U,0.6227572560310364
5NRapD1_jus,0.6293553709983826
xJU3h34DuFg,0.3262042999267578
s_a7AZbJGNM,0.5619582533836365
cp3Jr6HtQDE,0.3745880126953125
NN4PegHL8dc,0.6095471382141113
lzEvGGINE20,0.4306786060333252
754gPbt9SDU,0.12487274408340454
iVbopWyBR5Y,0.610405683517456
hgMNgarvg8Q,0.5704076290130615
5HTzpavCRRY,0.44923025369644165
RBaVeVBhRhI,0.8155888915061951
jEmLaGA94fY,0.6855261921882629
JMrGNOmza64,0.5866693258285522
Z-AE3guPGBE,0.6489495038986206
znebYZMlPOw,0.518750011920929
omTELPJJ3ms,0.0939108356833458
JQVmkDUkZT4,0.14683952927589417
FSu19nz7NlE,0.4808943271636963
FojpfgBg0WE,0.5773196220397949
JlsjRLPAdX4,0.05090311914682388
eoganOAP_rA,0.444352388381958
NPupE49Wxdg,0.46794891357421875
6BacbW7FG4I,0.6302832365036011
JYy3QSWjOio,0.10455501079559326
bYLEUfJtf80,0.5786101818084717
HjQHP95rzrA,0.5114569664001465
0HDZrYdqaQ0,0.4564756155014038
IxI97BS_gS8,0.019367558881640434
FNa1In1D1xQ,0.25415825843811035
DY4PJ55kZJc,0.5549418926239014
0rATAh4kIpo,0.5522071719169617
sn1sJbjZqx8,0.011987905949354172
uv8mfsCZXRw,0.4961693584918976
2rAbXozcDk0,0.673189103603363
KJVuqYkI2jQ,0.2614663541316986
EkZv1DmDXVc,0.13756777346134186
voNBzuI7IJ4,0.4359350800514221
dK9SSu3uZ2Q,0.06968218833208084
u9CtzalboVg,0.5934192538261414
5HOijUtExiM,0.5253872275352478
E-8e0cqUGTw,0.36175069212913513
kz-UV6l_lRc,0.4472064971923828
FSvxuekIVuk,0.6873624324798584
Z2ttpo7c95s,0.6402187943458557
cuIsNp6UFFU,0.564930260181427
4juWQC8rGUk,0.5127564668655396
1kgvd7Sz2iw,0.30189448595046997
cw41l3SyiEE,0.51201993227005
Z4M_ARhvODE,0.5098534226417542
zRxtE6ovkfA,0.4034416675567627
OEjuZwVVEpk,0.444743812084198
2daR-0XU8-o,0.5865142345428467
MlAlOZIkm2M,0.5120429396629333
RuPiETBbRoE,0.49483412504196167
3XxLV2TAXeM,0.06798034906387329
8fxbUQhx0Hk,0.44446223974227905
UlgbwGHF8GQ,0.5154644846916199
sH4bi60alZU,0.7627248167991638
p8to55HOxas,0.3552722632884979
JaS7n6qKQe4,0.35731303691864014
XXhmblzSAeU,0.5053309202194214
Bc9bhLk_AhI,0.47360172867774963
WtVQLkkDNio,0.29700201749801636
dLqOGq9tQKQ,0.12334626913070679
YUefSKCjP8w,0.47736647725105286
qwIU2MdXZJM,0.3027326464653015
5CVryVEBmjU,0.4904690384864807
qZ2B6P_lEI4,0.218898206949234
rpMxOjUjweA,0.2922864556312561
ktT1mclBPn0,0.19513024389743805
gLflhddUiu8,0.5155304670333862
RrSP2KsU7Kc,0.6032207012176514
s94suB5uLWw,0.44417399168014526
ullt3Ziqcgc,0.45762521028518677
916J0I2yrlQ,0.19274918735027313
6XV71wBqfB0,0.41975072026252747
tWf0SOPXWIk,0.4512796103954315
hFMFDCAEM9w,0.07663629204034805
2jG-sH6p_pQ,0.5577636361122131
zf8UU9Us5KU,0.5352373719215393
IxndOd3kmSs,0.3644482493400574
JL9TOipHrIA,0.6365578174591064
RRCW1acFsxs,0.4526832401752472
Pq_lmSRcBSY,0.45362773537635803
Nfh2870B3Gs,0.19910959899425507
TTHLdNxbIEE,0.09875082224607468
RpWyfSNtg5I,0.01945575699210167
RkwbEYMiMx0,0.37340930104255676
epAmqhvKQ08,0.2019304782152176
eQ9eY0_DoEk,0.5096980333328247
aFlJhW6SmXM,0.5142567157745361
HlUIS77Q_7A,0.5802975296974182
zXmdYaxHO78,0.46701356768608093
bt90VCye6Vk,0.47562167048454285
wESuMyTv8sQ,0.4479955732822418
B9FO77vlqto,0.5216873288154602
26aMc-bAsa4,0.6451049447059631
vin2CjR7viI,0.4877254366874695
PZ-q0BIfvbA,0.2581520676612854
Ytbneh1gPh0,0.021246422082185745
Es4q6NOtuhc,0.5582733154296875
E3WSlN6O1KQ,0.3552975058555603
SToObKgr4cI,0.4082285761833191
o-e5eWVCzx8,0.02239542081952095
o63Tz0UPwjQ,0.5382415652275085
AORABZEP3V0,0.5872634649276733
XpMNW5aUIbI,0.5339378714561462
8pK5FuptsSQ,0.3627883493900299
XQ1_u-z2UWI,0.5434231758117676
8dLAaZa9JJY,0.33446598052978516
TdrHYPeWxwc,0.3798852562904358
5n38XDmdm_A,0.5864512920379639
26UfiKtOtrE,0.5607159733772278
wGYf8J3m0dQ,0.4107483923435211
03Ge6L0Bbis,0.16192355751991272
poq6AoHn4HM,0.4499945640563965
pnDZsXK1X9Y,0.6142139434814453
jlZlewNcWp0,0.44726499915122986
JrzenOfcmBo,0.4311272203922272
WLFCYdgtzUU,0.43677401542663574
JZKyqt_RKOE,0.6640302538871765
tXdIVk77PL8,0.2767542898654938
noF0OvsJugg,0.3026459813117981
iMNOLFPU1L4,0.16551262140274048
3FYRwfKNHxw,0.5346131920814514
kvlCFyufaJ8,0.3670526444911957
-MIW5I7TlPQ,0.3039838671684265
_TT_q9lW2n8,0.3378871977329254
XOCgs_nMxDc,0.4329696297645569
vVQTdoHgsVc,0.45646893978118896
0feDvVEz3Qc,0.4874730408191681
gODZzSOelss,0.5433312654495239
F4gJsKZvqE4,0.3610350787639618
wZ0Z18M5G50,0.5113764405250549
i7gHuDT1-xU,0.4767821133136749
PCxtsYfEtLc,0.32996490597724915
EUvq3iwJGTM,0.27789637446403503
fNgHZ7IIGv4,0.6302708983421326
RlmbBuMl1KU,0.6651488542556763
M1EGPPhGfZk,0.5238959193229675
juGNz1DJ4xw,0.5370361804962158
4vm92JSfkOM,0.615680992603302
OUNq6xVBnI4,0.48429521918296814
Fn2TGi57XNs,0.2659563422203064
GR-vYp6pXLg,0.5382843017578125
xWoTAEcQi7k,0.659186840057373
qejzWssRjA8,0.22633250057697296
hdpqABS9_Ko,0.37062543630599976
rhMfYKzaY4U,0.38080504536628723
mtfuo7yl3gg,0.2173863649368286
PimSVfMgplQ,0.4106631875038147
Ws4Doah0zw8,0.45470792055130005
r2P_1M8ImGo,0.6525569558143616
HIPJrrQlxzY,0.31357067823410034
ds5ddHws3_E,0.8146311640739441
3upCBO27Wqw,0.5023217797279358
E0tiP3GcRF0,0.20028428733348846
G3EeGUn4b7Y,0.521825909614563
LgKfXZ2kARM,0.392244815826416
TkWmK-cplV4,0.5143744349479675
FqsIQk0pT0M,0.5162734985351562
ljiWOrULppk,0.07950437068939209
neAFEvNsiqw,0.5601084232330322
HqeRNQo-mh0,0.5073615312576294
6HEUcCj5cLU,0.4469379782676697
-FL9kKqOQxI,0.3513399064540863
-TSX_0rwPNc,0.17081418633460999
e9L9A1IMTQo,0.08651917427778244
uayCJxVy7rU,0.6071943640708923
0JUP9z5qjbg,0.17167337238788605
5NxwD_NhIZ8,0.4997510015964508
shCN0y3119k,0.4082965552806854
h76cs45ZwcU,0.5623741745948792
wSzxKur2b20,0.5722464323043823
tclEFBLGgw0,0.3880988657474518
OuM0XS4Gtes,0.3373588025569916
6f9cFLYW6ZY,0.35525721311569214
9bza8Uzoh9Y,0.6341738700866699
DjUhK8rYJYM,0.5582137703895569
MsRh-PTeXzw,0.27554672956466675
X45VihfG-QE,0.33222323656082153
XUBjho-x2hI,-0.06258879601955414
_pJ3WzHH3Mg,0.3604070246219635
RBftKSN2ey0,0.35162121057510376
y0923ck6JcE,0.4104975461959839
H-qOgfRGQ3k,0.5429761409759521
JeoBUUgh6BA,0.5564871430397034
LTk3YkJd_o8,0.5158915519714355
dY_4ZpDxr0w,0.5766270756721497
AHFMoe9VXMI,0.3093527853488922
M27_S6PpzvY,0.44578027725219727
pvs_QscDsWQ,0.07315811514854431
VjO55pKuBo4,0.32299283146858215
Dk43ntUCX-w,0.6728060841560364
35lhqO_1Alk,0.49367496371269226
e6XeP9gQPmg,0.6207841038703918
jy-tpTD5JuY,0.4666796624660492
eia-k1vxDO8,0.5179508924484253
3pGo-IKX7_0,0.55816251039505
w6aUlX5-ow8,0.3543039560317993
v0EmmxOLjHo,0.5840231776237488
YlzFu6Y_h4Y,0.21747277677059174
JLV9mW1P0m4,0.5643631219863892
K_XDh-GVoPw,0.6501448750495911
7tzaWOdvGMw,0.8143711090087891
a9RZFbn8PXU,0.48666951060295105
1Ds9fVKCEs0,0.30663973093032837
ad759EpRjPM,0.5873197317123413
dxauA6KIYIM,0.7247628569602966
JPXjycw-A0g,0.47462761402130127
JWZoNiwGqFg,0.5717046856880188
ZvpKpUeUk8k,0.30674535036087036
PGbsmsDQxe4,0.5182560682296753
b79FTeeEemk,0.48875531554222107
akGGkTNuZ10,0.6715714335441589
_riIY-v2Ym8,0.5284894108772278
2nMDmCRcuEE,0.5393736362457275
mWENaab1-UI,0.6523522734642029
2CzHFhZFk3g,0.5975633859634399
j9ZPMlVHJVs,0.449937641620636
Rc711jTrKL8,0.11793091893196106
2z3wUD3AZg4,0.48043352365493774
_Ik4hwi1cJo,0.13145700097084045
UkCAvIDYZUo,0.4980359673500061
WA8qkFtrpUg,0.6323621869087219
chcun4_DdGQ,0.5211264491081238
2Gpa_uJh5DU,0.48332542181015015
e7K8oUPs8Qc,0.4073142111301422
h9QxAdKcDSE,0.43853047490119934
IBO9pdb3q4w,0.5577482581138611
sbh3yMroOb4,0.5525624752044678
x5YB3m1uz74,0.5083062052726746
8c2DVPORDQA,0.5704134106636047
6oPcK9xYSF0,0.48259350657463074
swhftRwwnA4,0.5788342356681824
KmwxpFzEx6g,0.7203194499015808
UytSNlHw8J8,0.60062575340271
3BJU2drrtCM,0.6949851512908936
VX_qI9e95_s,0.5773193836212158
o7xnZb221YU,0.7096091508865356
mnV0BaqBWxo,0.4705665111541748
Sj-VzFlJ14o,0.4289151132106781
IyBFfouLzhI,0.63319993019104
n5BWseBIu80,0.2561744451522827
33qdRXqUCJA,0.6441183686256409
6K9eXRlO_UE,0.5397065877914429
WwaLOSHHUiQ,0.3017033636569977
PZjx5ao7alw,0.09056710451841354
8ZcoI4vt-QI,0.6887567043304443
wPnmqg3HD5s,0.34894266724586487
5Wallpu_h-c,0.32766175270080566
jffVm6tNBDg,0.10325410962104797
TxaAk7kDTiY,0.6397048830986023
WM0XViFp1M0,0.3095054626464844
oKW2WvSUHQI,0.4285971224308014
SDIsHJxEvjw,0.578332781791687
JT9yYXKY-i0,0.18586619198322296
DmkVmEb5TwQ,0.6605934500694275
NtFe5PM87BU,0.3570879101753235
-e3T3VHmEkg,0.3467770516872406
R7WPEYGr1Vs,0.48619914054870605
dFd7FBp97gc,0.2554830312728882
Wc5zUK2MKNY,0.5317901968955994
A3SyKtmr7bs,0.6068272590637207
n9PqH0sH69I,0.5977035760879517
kO6SUiUbdOc,0.4107712507247925
33zPlnhymCU,0.40737077593803406
--mc5lTTIQk,0.11807510256767273
BLMKNIateO0,0.42473486065864563
XgY-seKGm3U,0.7390040755271912
yNLdblFQqsw,0.004136992618441582
yjYm78K6aNI,0.585467517375946
O2DgcoiD1mo,0.476418673992157
UIxRrkNFiN4,0.4477561116218567
ygiDcofmxjc,0.3048228919506073
mh9Z3Cd0Aq8,0.47420817613601685
f5uU0igHmyw,0.32972487807273865
dAB7r3DA0w4,0.7078059911727905
tC90kKbPuEU,0.06722525507211685
UXl8F-eIoiM,0.47297239303588867
NaA9Mwo9fyg,0.08819028735160828
CSoP-ezfRfk,0.22000554203987122
lcawK3l7cew,0.29975634813308716
8pR0o2fGyHg,0.4930294454097748
0UdarIjbq88,0.4214940071105957
ZbEdcNAOicU,0.5656818151473999
vADCp9L7uJ4,0.2951810657978058
NAJ1Z4kOyHA,0.23915019631385803
oThh3_Srxtc,0.44921693205833435
bAkEd8r7Nnw,0.5392227172851562
9g23BtPMcrw,0.6767249703407288
ik158i0SpX8,0.5406402349472046
K9PkToULL1c,0.1410229653120041
ND_5FiL0Btc,0.07360819727182388
m6dCxo7t_aE,0.33282557129859924
63PWdao1TOg,0.4544755816459656
Gpu_st4ynLc,0.36504316329956055
ES6BGxpBD-4,0.5337956547737122
oUsIMpm3SxI,0.5486913919448853
SAhB93qLDXU,0.6058390140533447
V4Ei7rSsqLU,0.3112702965736389
xJWLxxD0Hp8,0.5024161338806152
3UfNg5-046A,0.5207036733627319
MRS68CDu7VQ,0.3865937888622284
JU-dODmBYqY,0.3225577771663666
ddOGCYRK_ok,0.280392050743103
IoZseQRJpAs,0.310354083776474
oIoXdKwrt8w,0.36988958716392517
6BsXLnLn9ok,0.609298586845398
A7oSwX-mi60,0.3630320131778717
csrYDgBF2nI,0.48779159784317017
J-ek8drxFJA,0.566065788269043
Q_49iWYE37c,0.31173720955848694
RWpYVOsdaho,0.02189381793141365
DGfQaU_pgY0,0.576223611831665
LD2LGkUycQg,0.7232279777526855
yezGH6Q-0fQ,0.08480306714773178
Vk7StnSNEJI,0.07240889966487885
bPvnwkqOZ_M,-0.03433343768119812
GAsdj-YaZaA,0.48410069942474365
E7CwqNHn_Ns,0.6631035804748535
x_uWxkFRPII,0.5981255769729614
thz6RC4VdCg,0.4943603277206421
PNG75B-EwDE,0.529900074005127
gbaz9_b4skU,0.6198828220367432
LUb_mBBBNgc,0.4509311318397522
CAUO3YGvqnU,0.5013310313224792
bwQR4WnTYdQ,0.05883964151144028
DnuXHj_zRbM,0.6448671817779541
Ib5ClFrYaXo,0.220844566822052
YGBzEN6_t6c,0.1023503914475441
fKnAJCSGSdk,0.45805349946022034
7p6DMevgbyw,0.5446031093597412
3312poOhXUc,0.537376880645752
sXT6uHVeAfU,0.5546422004699707
um_4I5OtSRQ,0.45401471853256226
1E5nu50n8Dc,0.7151261568069458
RHhXZ3DUED8,0.10880319029092789
sfk4Zul_Gd0,0.537394106388092
jEYMh_IUdVA,0.7223330736160278
1rodyk_PvbE,-0.0025991741567850113
6RlxySFrkIM,0.23069550096988678
YXQ11lY6v7E,0.02646295726299286
REuNRW5bTjY,0.5592784285545349
g0fP7QLRr5k,0.4710979759693146
N-f_dRIFPqc,0.2824862003326416
7tKZB2k14iY,0.5569801926612854
95OWfZ1pXIc,0.36818569898605347
MjV2kd3wRJo,0.5280580520629883
FOYMXjfqUos,0.1619728058576584
hPaMZKI5DA8,0.5366458892822266
hd7aujL0XC0,0.27684664726257324
w-A-4ckmFJo,0.38384297490119934
p_xCQUwIfXU,0.03895361348986626
kQxTHQdAYaA,0.43052563071250916
6PU2DjCwuOo,0.3875090777873993
mwoUnNnH6L4,0.4951225221157074
JDB49WvRbKM,0.6128004789352417
0Oq8LEzXkjA,0.3649834990501404
MqdpfgjMiXI,-0.0037877317517995834
RVyIMGru-Ow,0.6931911110877991
ZK4lXJDevYQ,0.5914627909660339
xtcXJX7LfqY,0.4768160283565521
3NlaOS3Vxrg,0.5231555104255676
oqvghou5m3U,0.65175461769104
XLjAHJaLJKk,0.16695569455623627
gDJZmiX5GU4,0.392076313495636
poga7b3M8V4,0.42960038781166077
a-apdGwBPz4,0.2514161169528961
UXb_C-3bdCc,0.2055509388446808
YyY3bZ1W6qA,0.524280846118927
1nZ5p7lUsyg,0.5975441932678223
5idaQec5hoA,0.36167991161346436
2bha4Dhiprk,0.5955776572227478
tG7FiTjn9eQ,0.08492765575647354
-eEe_NJQOfI,0.26115450263023376
gSJL8tEpQ28,0.05914770066738129
pBUW-jKfY7E,0.5027412176132202
Kp8u_BX3gUA,0.7498553991317749
2iVgPEZHx1o,0.41812899708747864
LxK_MAjzs40,0.5094398260116577
eCtb_ylVDvU,0.21676847338676453
FcJE04mh39s,0.5674664974212646
amBbZ7PcJGk,0.5104759931564331
Df1M5mJR0Qg,0.6224288940429688
VTkoOGcvFZ8,0.5723791122436523
0otAdagZVz8,0.039128195494413376
gsAKFIbpC1A,0.44866570830345154
RKMtbcw9ZwE,0.5477562546730042
NiSVs7kyqko,0.576440155506134
QJ3WV8N92Hs,0.571406364440918
1t0A_tZGrYw,0.1616479903459549
PxhJZcrh74I,0.4451679587364197
d_1REHxLoqM,0.5524473190307617
HepWgbh4GhY,0.40118780732154846
9ZAr3zwTIh8,0.5253672003746033
nQqRMBaohbc,0.4879125654697418
vJ4SVSm1ARQ,0.36399418115615845
fzw11U3JnN0,0.30479565262794495
lbzTfDfljoU,0.6822009682655334
AdzXFri-Kbk,0.09481237828731537
rmRouEds_2A,0.43909382820129395
eMomTUf4VXM,0.463149756193161
Fvi9A_tEmXQ,0.2955208718776703
rD8XRjYBwrA,0.5409002900123596
8hsm2QIEBkY,0.5528035163879395
NOdULCFV1ZM,0.44374707341194153
p0xyhCn0Eow,0.2981940805912018
x4vYfzrYB7o,0.5258541703224182
3PF5NLTjUGc,0.5179614424705505
LYa9VPVAJI8,0.5659117102622986
gqsNHdfSERQ,0.5958370566368103
U60obmWODLQ,0.6484558582305908
QRoWiTcO7dk,0.19529113173484802
5eLQkh-4wXM,0.6145670413970947
PcAhCwwrFhc,0.44022902846336365
904dG5l5AB8,0.7516511678695679
doSR9Mq_taw,0.5741373300552368
VOoeQE4H2F0,0.6293299198150635
q_5n7URd2Gk,0.7322492003440857
V2JbfugMGP4,0.05543471872806549
F8UFGu2M2gM,0.26592862606048584
VdjYl1j9Re8,0.5102018117904663
Kt8RupLIkBQ,0.5823518633842468
9rqIJcY9hMc,0.48893794417381287
eO1Jm4N4rlA,0.3872922360897064
U4PL_1h2jDk,0.3000335693359375
SaP18QTNdyo,0.7616615891456604
5CtnrK3qx_Y,0.4311794936656952
4zudc0WAQQw,0.07978315651416779
pbJdS0hGoEQ,0.22063139081001282
k9muFAEq_-c,0.5049754977226257
J59sVVadk-4,0.38108566403388977
KyD8jt6tSCc,0.5659600496292114
JopNqvzMIqE,0.16220997273921967
pwIiREBs2O8,0.4472959637641907
6vVla7hO8Mg,0.5189718008041382
cFy0aIGSGTM,0.014963503926992416
tBS2vZ9fwao,0.6449331641197205
V_DtccNhLTs,0.37089237570762634
5a_Qron1EFE,0.1850050836801529
95-uiTX1qWU,-0.012231603264808655
NyQcxZTMisw,0.446246474981308
Iz_yM8-fvxA,0.5480204224586487
N8TzqrRbPlY,0.6648818850517273
ziUMJB3id8I,0.31364259123802185
lRfri5r1lCE,0.6215851902961731
6blHNJwEP1I,-0.008513165637850761
ms1AzNr0wVc,0.6862419843673706
roNmeOOJCDY,0.509343683719635
xRAqq1reiqc,0.08245762437582016
8wvwOKT3h7I,0.6706209182739258
fN2AQkaZGzk,0.4593018591403961
rMWXg14gpV8,0.4683820903301239
xtAOmpnSwvg,0.09245680272579193
OKGX7gQnxpc,0.49088388681411743
icFMdguQQWg,0.10255192220211029
-64U7WoBrqM,0.4231102466583252
gP-Ztcujztw,0.6365575194358826
HsxBw6ls7Z0,0.4123503863811493
4MvyKBXw9KA,0.23575064539909363
0o81YZrNiqs,0.5260784029960632
wQvoXaysyd8,0.1630370020866394
8raaT7SRx18,0.43288514018058777
3uR7Me4s_rY,0.42718076705932617
BhtgINeaJWg,0.4790014624595642
pnQMdt91X18,0.13765794038772583
hw0W6XX5NUA,0.4639245569705963
HA1LCLBLZ-w,0.403170108795166
kqhoLNUTS8I,0.5866148471832275
zSt722U7tzk,0.630200982093811
nnfMwwoLAKg,0.074692003428936
DDTlhnBeR7Y,0.1840263456106186
Xy2qVIhTtG8,0.5989968776702881
irstMfbm7Xs,0.537712574005127
ZdJ6m63twio,0.22060295939445496
W3Vz25q_a9w,0.12018393725156784
qPhVZExcGXg,0.2548573315143585
kKXHcySbawo,0.13309116661548615
znud7Vh5N84,0.6035070419311523
eGqabNGrOCU,0.4330124855041504
0XrH2WO1Mzs,0.5378459095954895
mU43MoVuz-k,0.11749347299337387
f1qvvD8N17c,0.5466772317886353
ub9byY2pgyI,0.38737159967422485
I-UHy7RBJFU,0.4788840413093567
a9swmbESgwM,0.32712265849113464
2WBgxCktEIs,0.10773323476314545
IElQwOB32XE,0.43970200419425964
mJsvmscPY9w,0.22349166870117188
4IlBNJbCzfk,0.5600748062133789
YslQz6wH_Wo,0.4692055881023407
bRJefohqsP0,0.21787577867507935
LzyLw8EtKtU,0.4949166178703308
B1atY5yr7NE,0.6629030108451843
zmJEKmg6zFA,0.06757130473852158
NilGrhbmhtE,0.6253328323364258
AmEEYTtIfMU,0.5861721038818359
oz-XiYNCo7o,0.1428648680448532
dtglJ5kqr6A,0.35826900601387024
mT1aQlwB8Zg,0.6102241277694702
Ie2LChcpToI,0.6600300669670105
AmLwO8u0TVY,0.03315219655632973
w6prPFcFEbE,0.5064482092857361
HlX6abSrZaI,0.34425467252731323
Ho39QqK_7-o,0.3887082040309906
W6dy7xQ8NeE,0.13596706092357635
8ywolhltzVA,0.628181517124176
KtT_cgMzHx8,0.682445228099823
SwTSvzn9yHQ,0.5026411414146423
tjnhu2UFHWg,0.4315184950828552
hJz-J5yU0w4,0.5276460647583008
8Qou-MDcYKA,0.6652880907058716
VvFsMe8_NIM,0.1940268576145172
a8XLsqmeMUE,0.12205423414707184
qgxJkU33DhU,0.27798107266426086
5BAKzzV8Pw4,0.5559210777282715
J4mExd_0CQw,0.6263589262962341
Bbwls8imO5Y,0.030641991645097733
w_01MdECgfw,0.4462181329727173
h2BNLiuh_F0,0.1734892725944519
GTV8-5U7yxE,0.21021030843257904
9-uwrtTzYOU,0.6135509610176086
XhSd2JntwuM,0.40079906582832336
jPnua-wFYuE,0.4769180715084076
YvNxgHTWIlo,0.014552699401974678
oCEKMEeZXug,0.7482707500457764
gj7BRMuB-n4,0.5386062860488892
YLZV3hbSLos,0.5830821394920349
-1GPvt7FRt4,0.6118966341018677
pPXxhgdtcXs,0.253670334815979
hBkCrBlDHus,0.4943915903568268
Ukg3gemPPUc,0.6277170181274414
8aMJzV8dNeY,0.5352118611335754
dgT66qE-CfE,0.6182115077972412
tuAQC7w5nmc,0.06363832950592041
Ch-r17n3J14,0.3523883819580078
XQj44QzV1lI,0.4447305202484131
TIiVB3WI8uM,0.25022315979003906
ReXeEKQyCKE,0.22922365367412567
4ugGcBTUXrY,0.47010868787765503
MUKJTbOD-pc,0.6066680550575256
UtYwGZqOH7w,0.09849029779434204
1-CfD0iBjKA,0.40274688601493835
7nOWBS1WoS0,0.3687356412410736
QYBxGRgyDUc,0.6518926620483398
N3jL1GxZh5g,0.497417688369751
3t7o0mHRt2A,0.538665771484375
ltTBH5driHw,0.5130587816238403
VTAoTeUpKnI,0.09832283854484558
OFqkX8p4xEg,0.24889372289180756
N9BpfLqe0ws,0.3470994532108307
Tpyyr9e169Q,0.32506000995635986
ecdJuWcZuR0,0.4612979590892792
F8zvYRT8hxg,0.5359076261520386
ukPa8xMWkkE,0.4661979377269745
ZlIs5JIAcog,0.33164411783218384
y5WxSEusgOs,0.48757296800613403
LMJaX6DLgCY,0.5940249562263489
Xwy10b_WJeE,0.03745681047439575
3eYZf4dXSDU,0.2578033208847046
-Zaxgf3D6dA,0.5025910139083862
Uzl0GPU0vLE,0.564498245716095
2u7PIggyVSs,0.371554434299469
Bv9pw85mJEI,0.46574947237968445
-wYHDjU6uuE,0.6658880114555359
ACpxIfa6eEA,0.5045214295387268
khzs6Jp_wTw,0.38529977202415466
_OlOGX5WVw4,0.11255083978176117
vxopfjXkArM,0.3213692605495453
zwxEvRxWT4A,0.5267786979675293
AVAPcIIKrl4,0.45286765694618225
dX72axAvIGc,0.13788391649723053
wnQoxT2iMkQ,0.38502126932144165
IeOxo7o9T8Q,0.11356855183839798
dBDzczSqEk4,0.5275636911392212
3txs0LDQtCo,0.2971254885196686
3XtTRfkkqqQ,0.6139971613883972
Ej59-ljxhoU,0.5082640647888184
PX9O-AkgBRg,0.4116511344909668
YTyQgwVvYyc,0.5242130160331726
1T9JvRXE13M,0.6736701726913452
Xqi4Wcm2OOA,0.553038477897644
3_4v8jni2Ik,0.03126959502696991
dzIPjLwNgmo,0.5940594673156738
b5szk03nhrI,0.5216336846351624
CEpMnzW9mOc,0.33868205547332764
gidVYJsVwdU,0.2656444013118744
4kjjT9-fSIo,0.4931350350379944
LLuLYBmUyW8,0.5446866750717163
t_Sp2MozCiI,0.262340784072876
pm8_qBd1vvY,0.3338841199874878
js3BYcHmBhE,0.12990574538707733
6aU7MV3mRxA,0.2124280035495758
smhnPYNdL2E,0.46281853318214417
_E3SQ7obrdE,0.5250619053840637
jfeFDNGkj2Y,0.3920242488384247
_o-Vd3kqnIQ,0.508396327495575
jRDY5sezLKo,0.378600150346756
1KDkVe0BiaE,0.4290916621685028
kMz44HzHcjw,0.47247886657714844
y_DweTAEYWk,0.5622231960296631
0Z7h6L4vBCU,0.6165342330932617
NC-TF0SPzzM,0.40277373790740967
p47tZLJbdag,0.5164138674736023
dpnuJ7Bo4fg,0.40031564235687256
ye0Xblp_Nb0,0.4850544333457947
0jhkWG7Jnr8,0.6944730281829834
tJDXhik0iYs,0.4913398325443268
ZefgUVg3qx0,0.6920352578163147
MpbSvJLy2wY,0.4878951907157898
2Dtu16Nct6c,0.46027255058288574
aDhOdSjEVPo,0.43746936321258545
-r3SEz2rd4M,0.49761685729026794
UY-u6E_gaNA,0.4562824070453644
UUCEeC4f6ts,0.6961917877197266
H6tgJRRZurk,0.5486682653427124
-Eeklq1IAvQ,0.5955639481544495
tiKQXuZsJxI,0.6161625981330872
nTbsOTHtJGo,0.37263137102127075
PabR3d9LORo,0.5618999600410461
yWIe2bEmpPc,0.4826286733150482
gUmNROSYGjQ,0.4041658043861389
j4vS48NykgY,0.728102445602417
pO3FMPFFg9g,0.5644546151161194
0ZTuQog6Xgc,0.0027382271364331245
CVaMNRDMP0o,0.6637268662452698
QKoXwdwM4Uo,0.5709021687507629
aQKjNSK1eRE,0.07295378297567368
qusyr5O4mlU,0.41994744539260864
s_FHwR_dY04,0.640786349773407
GdiwwEPs--0,0.5620487332344055
Him2AmTLgEU,0.10716891288757324
TlK-pp8p8sw,0.642967164516449
k5MORochIDw,0.6326794624328613
Z52Oj7q0Fvs,0.4723297357559204
zvrTVifZ7ZU,0.47556793689727783
zFH1q6xGSEw,0.269337922334671
-bG_LuUKbMQ,0.5044004321098328
3-Mg75awALA,0.3294121325016022
W8K3jRvOowA,0.5844430327415466
ndIw2X9ilrw,0.09833142161369324
_9-NilOpQUk,0.5051060318946838
GG2ucUo5gR0,0.5364576578140259
fjBr8NUHJtk,0.5374972820281982
3QUK8gN1oSY,0.6894348859786987
EhFPMTWSsso,0.4560522437095642
40f7_93NIgA,0.35276687145233154
WiTgn5QH_HU,0.49123165011405945
MH5x4Om_7so,0.3437384366989136
QIxzvtmF0t4,0.2762014865875244
HJisXI9SS0k,0.2837611436843872
BjXTmh0YFhE,0.36319929361343384
9Y4GaoKIvaY,0.8005063533782959
G7u4xK7_jZs,0.3757408559322357
G1XOA1GqbNE,0.41818052530288696
0Sh6rBEExH8,0.4577513337135315
b8O32J4_ODk,0.5400241613388062
ZOqySJdBGgQ,0.2603877782821655
GqqQ4fXO24E,0.21564538776874542
3DP-MYEMwPs,0.3898428678512573
3KAg0S3jXfQ,0.7685908675193787
lnFxzrhiBVM,0.6460978388786316
-VbbJqg7CH0,0.7719215750694275
weItytharbY,0.6123339533805847
cKe4DhsIcsw,0.27461472153663635
P-EzMyJKALA,0.2854243814945221
pU4RaPC3Rgg,0.4273498058319092
0tfvm5ISrBA,0.44996151328086853
RVMZxH1TIIQ,0.6702278256416321
LU83cvEaMpM,0.6981993317604065
YsVJQz5gosg,0.5082780122756958
InJkqGuAkyQ,-0.0005903877317905426
K_Co_ktxqaM,0.4338451623916626
Pry3-83Pq24,0.5000855326652527
MZm037jPNgc,0.6215124726295471
8-zzgV-kfGw,0.6618859767913818
gZOTWh145Dw,0.22553324699401855
MGtNtCjnGNI,0.29302817583084106
mQ0hS7l9ckY,0.4539619982242584
Jh6QiH9ZVSk,0.49483683705329895
Q5PkEqzQdlw,0.41321679949760437
d88APYIGkjk,0.11802110075950623
pcnzIAObSQY,0.4305533468723297
WwoQfpm9hAE,0.3163730502128601
t9bWXjzedPc,0.5169510841369629
RlJvJSgIFZM,0.4293370246887207
NnBHG1SmI-Q,0.5701026320457458
3WO2MMflNA8,0.6170110106468201
pnjjEaJBF88,0.12220167368650436
VRpBybVl5qY,0.3864087462425232
FU6y1XIADdg,0.3080112934112549
G-6UNE09kW0,0.4713403880596161
--JYHaQbBlc,0.710767924785614
cdLl1GVjOrc,0.12718619406223297
yRUAzGQ3nSY,0.15491870045661926
2ocHBYgQBh8,0.32610031962394714
LU6r78pDLDw,0.4459858536720276
L6S5amkCoyc,0.34244322776794434
5-sM2HqQ_2A,0.1859348863363266
lRfmojPQ0s8,0.5027434229850769
QI1Y9s_Lh-I,0.5813736915588379
job1XCk3PIY,0.7584463953971863
kaKpA_l4WoE,0.5952920913696289
VBYBTY2kFWU,0.24598845839500427
FXWBejTVh-U,0.49053263664245605
j8XvRET1-xE,0.15451392531394958
ve6OexuRAzc,0.43815577030181885
tEuVLpBItZ4,0.6616199612617493
XJNm0PP_WrA,0.49692827463150024
rsda9zcnEZE,0.590449333190918
U28JHwyySYs,0.34753715991973877
UM8_dL1iSyk,0.2577468454837799
0QjF6A3Zwkk,0.5217561721801758
Roq20IV4yP0,0.6597971320152283
sUmFdbfeOkE,0.37047645449638367
So9iCqdfUF4,0.593680202960968
DvYs1HILq1g,0.17666441202163696
ROS6-ZKmdnE,0.1323457658290863
JIJw3OLB9sI,0.6815490126609802
_u86npjGe7w,0.2542344629764557
4mvWuky1g0g,0.1099502220749855
WZmVAfiMdnI,0.5504245758056641
w9_skJ-LopM,0.44420328736305237
bfgV2zHME2Y,0.49144187569618225
4EZBbP6efGM,0.08917298913002014
nx5HEciiKnQ,0.24517329037189484
rXi1vzRIePo,0.24418191611766815
J9p3vMcPVrE,0.20434075593948364
dpFceizsq-w,0.291217565536499
i4Tt_pE1XPM,0.07651708275079727
ZDCL-Dm3EP0,0.5820872783660889
fLoVSKAQjZA,0.364492267370224
VOJTIsGVSpc,0.622834324836731
p_AdAkhQ-e8,0.42634350061416626
3h4uVVFCvVg,0.7051807641983032
sM0flzYWjcs,0.5997476577758789
4kUM3RRW8H4,0.5853897333145142
KYHN8m2d0l8,0.3292236924171448
S-zznFxADUo,0.47708991169929504
jPtcoKswYDk,0.48592624068260193
OT5SWXebDww,-0.037563592195510864
TguamcqrQjI,0.5414034724235535
Qqs8uRBD56A,0.6054061651229858
ejJlSE3psns,0.04608965665102005
e7S8jWh6AEs,0.6244839429855347
vhPHE8j_LWc,0.1694578230381012
NRD60VaEHQU,0.7810142040252686
xPxbrHMHgNE,0.40112319588661194
OgyaEWIHLIA,0.4897843301296234
lUaNo_L7AKU,0.2230936586856842
VUOyEYZDz6M,0.5950741767883301
MA5tWWwWYw8,0.02960314229130745
ugiZVox3Y1k,0.5267190337181091
mCNuhoUvkFc,0.09059816598892212
3vwoWXjB6wg,0.25056371092796326
py9lrUq7cOU,0.17732714116573334
y5KuzI0GeZo,0.4049759805202484
uE1lT8kCVGE,0.3666931390762329
0m1hAfpOzbU,0.48311397433280945
JuKmtYvuDlk,0.5499818325042725
NC2vn6Xg7s4,0.06984854489564896
zswlntbbyWk,0.4948446750640869
GeQqBYX2or4,0.47522884607315063
UpRUdylMl-c,0.5818191170692444
x0ndJqZ8Ags,0.5753169059753418
KAzSEZqrbO0,0.46055716276168823
GHSqIptANXE,0.4015953242778778
zhrmXPxH7E8,0.4959806203842163
k5mF56PO6vE,0.3125417232513428
VHAg_91sqmI,0.4711809754371643
Z1n7PNyxSvE,0.5832394957542419
h0GohGRRmD8,0.1302592009305954
0KP15lwyZYo,0.3876481056213379
NFeK8JLkOCo,0.5954866409301758
DSTONenerUw,0.10160861909389496
SNRZMpA9_mI,0.34382814168930054
uAkwLM0SC50,0.4958455562591553
fUmkNKikPUQ,0.5255085825920105
QHW5QlcZ38o,0.48055005073547363
xZFqU8eymaM,0.6244121789932251
834VIlWRWEE,0.00014198943972587585
iDsITyAJzTo,0.25238582491874695
k29J8rwjBCA,0.10518927872180939
34fAv_buRw4,0.3052627146244049
rlO3HhCBb_U,0.6228266954421997
2tefoNsmgEA,0.4907163083553314
BDqqf5j5cFA,0.0822041854262352
DcwDraePaIU,0.057896025478839874
xafrwqf6VGU,0.6395153999328613
24QTajuS62s,0.4110662341117859
AwDw7j7dEEw,0.12088211625814438
LTurDWdE1dw,0.6765140891075134
j2MtJxiMKUw,0.40356341004371643
6cRV87SyBCs,0.3213023543357849
OW70LTaPH9Q,0.28434860706329346
utK9mhiN56M,0.5466999411582947
h_u1FGxphUc,0.5468828678131104
b1BYE0s_7Xg,0.496427059173584
oTfgfoVb6io,0.601362943649292
JQC65dyEEIs,0.4304256737232208
X8RlqcMZqgU,0.5272200703620911
9Gt_-yO72LI,0.319091796875
zCNX_LEQ2hw,0.5278193354606628
kecGu2X0cbc,0.4909958243370056
G2tLyqfJd54,0.43857479095458984
97g6fGKxbLs,0.3694895803928375
9ncC1R2klvE,0.45051562786102295
EDRZCJxGoIo,0.6078239679336548
3kztpCoQkWc,0.35949358344078064
zsC61g36EqM,0.7178571224212646
fZgvqE89KvQ,0.7225728631019592
iPcx7GLLPWs,0.5221325755119324
V1HyH4dsHMM,0.10122775286436081
NnO4GQbueaE,0.0026615746319293976
sghLvB201Sk,0.24131828546524048
mZSsmxUuMfI,0.5423026084899902
ZJb51E3P5G8,0.5600287318229675
HIEDoaCZ__Q,0.5333986878395081
RSBiXhgBl9E,0.34900951385498047
bSkkE4hpLUI,0.02599864825606346
ZV7wrTbudOs,0.6021182537078857
bArHLo85T2U,0.26085975766181946
TQty849xOBM,0.46210962533950806
LsS-8pSGBjQ,0.5004725456237793
TpIVf1dXrbU,0.001626766286790371
QuheVlfZMpQ,0.1126004010438919
sHLTzzZ38AA,0.5921918749809265
BVQSr8NpjrU,0.29190245270729065
dzDaq0UZNt0,0.5133569240570068
DTGZ6tUh9OU,0.314708411693573
Clw7KrLPmwk,0.5755344033241272
7ziekx7f2xw,0.5230039954185486
pIAYlrsU958,0.5097102522850037
zwoZ-hKSiCs,0.5791223645210266
-bKVA2RMk1g,0.4057838022708893
FfsmLgD2ZFM,0.233303502202034
D1ip387XBPI,0.24781367182731628
hR0PqJ3hp04,0.5039316415786743
wvVYBNCrhrU,0.6842755675315857
b2obQ4kTNcc,0.38257962465286255
CxVIvXDeBNc,0.019924845546483994
E_7EhU5Y59M,0.2815312147140503
vuLjLwEcPkQ,0.3854844272136688
0OsrAUdys3Y,0.5810205936431885
UP1BuHpGTjc,0.04034872725605965
Jjk7GT9GkuY,0.21133244037628174
UqYGOtK4q8M,0.4637855291366577
Zfcx1oSakyk,0.4243517518043518
XOm1bqRxCV8,0.2848436236381531
cUuYu8d0CsU,0.06066804379224777
cK6EnFu3NHc,0.6299216747283936
QrLvpUfO6lk,0.2110852301120758
GfgnsnDfaJw,0.32262852787971497
vWlsNOaj1sQ,0.7449638247489929
2L6bKkAUIfw,0.10462900996208191
sx8xsyLxuBo,0.08677444607019424
-VUgDcoJFjY,0.4773867428302765
JFpanWNgfQY,0.7455936670303345
IJHPrPCAEXA,0.461005300283432
K11IeKCIu6M,0.5767472982406616
TeCkm-BEZ-8,0.6375338435173035
IN333L7RMFI,0.009534075856208801
z_rC0vHl6HE,0.5014182329177856
iwFnhim7SG0,0.6149139404296875
gSTs3Qklmr4,0.5121476650238037
BuW99v6ZwQM,0.5398192405700684
uX207XCIOuw,0.0955568328499794
xBGoJUxxRqU,0.7226617932319641
JXFi82DSMQs,0.05217394232749939
fSN4w3OmS0Q,0.5124784111976624
EzUe_kHw_3c,0.5081433653831482
SCNJiXnYBVI,0.4095137119293213
Rbo96dYm47w,0.3798027038574219
YjZd9VwJ_FY,0.2995123267173767
0g0BSgvKF2o,0.5264715552330017
QOrsGtg9QoE,0.4674288332462311
qFjw6Lc6J2g,0.4757109582424164
3CbQaTrBTIE,0.18028715252876282
4mztdQ_yUEU,0.215486079454422
54fLSvIPTI0,0.3918401002883911
zaK6vYyTW9A,-0.03909476473927498
3_dEsw1Ff1U,0.5847883224487305
YnzQCSUisqA,0.3864975869655609
pVrLURF7Spk,0.6317921280860901
X_MU85-Yzjc,0.24831828474998474
5PZfFyWcYEM,0.29867488145828247
6GhSM3Gu9VU,0.2855282723903656
v8bZBn2dCYU,0.46816205978393555
BFi3Lleh5s4,0.43052414059638977
fx2BsbaYPUE,0.6702076196670532
JvggLw9zmrU,0.21729519963264465
17gCRKvA7dk,0.5445235967636108
uiYdieEIa2s,0.430452436208725
_JMIBCTmOb4,0.4004129469394684
tKdmb7bdw40,0.2820121645927429
Zsfk3CedTTE,0.6357865929603577
xoxuONCg3qc,0.05351311340928078
S9KBrj8JcKk,0.662714958190918
tVoQ8pGWqR8,0.8294063806533813
pfbuDv1371w,0.6012370586395264
vVR0Wf51vuM,0.6060585975646973
1nHwQKT_muc,0.6425245404243469
-sCHKdsRlzQ,0.4447615146636963
eDakJMunNI8,0.5475218296051025
t7oQjE6DBmw,0.6423956155776978
LcZ2AuvxXNA,0.5776077508926392
jhVsrnrNh9Y,0.3294878900051117
bXhDOQhOwjo,0.4335099160671234
XRO5bWp0OY0,0.2871088981628418
KYX2btbXPpI,0.3667072057723999
mrra4A3ARUA,0.029432622715830803
1260vejJyfQ,0.32046782970428467
j_k_k-bHigM,0.4870170056819916
qbCZbP6_j48,0.45388662815093994
DZqOhS2M-DU,0.4621192514896393
APoFRoebzhM,0.4051997661590576
_lDb3MzDZEM,0.2070634663105011
0YxPDmMO_CE,0.2972600758075714
1XM2-pkxJ5c,0.3875187039375305
sONLWHuYo7w,0.7185547351837158
C7qXj4i_Vfk,0.5092493891716003
hYf6av21x5c,0.25934430956840515
fcfQkxwz4Oo,0.45645397901535034
O9E4xb-pxyA,0.187829852104187
OIlveC1Z5ow,0.6726377606391907
_m-b1a6EnX4,0.4212641417980194
2ceo3e-BsYM,0.4790889620780945
RhT-cGWQJbk,0.5479713678359985
1o6eXOEiH3c,0.5453269481658936
939NGDTTNcg,0.3470470905303955
ag1Fk5erUsc,0.39854252338409424
TCJG_7fc3XQ,0.5810644030570984
L3ymBk6Vb04,0.49175649881362915
M7Dp0zLRwQ0,0.539263129234314
-VRnBKfPOvw,0.5398460626602173
TjOdENdBXic,0.7378827929496765
aXl4Bpw30wI,0.017823945730924606
z5qLgL-E7uY,0.7815821766853333
iSJHW17xAkQ,0.32194212079048157
b6xf7zyWSF8,0.578707218170166
mKc08iYhW9A,0.22217337787151337
2iQnom_VSPQ,0.3204241394996643
oDcA9BIB_NQ,0.518157958984375
Z00z6Aq-Jdk,0.03396596014499664
Aj6-U7GVDt8,0.0440056137740612
FRBX9rluO_Y,0.5762298703193665
m7vYAvznp7k,0.3393467366695404
IN_kywkEyhc,0.09596997499465942
wwjtdOqTmrA,0.348446249961853
xn8JSRAScmc,0.4190019369125366
uAfNS34hJqM,0.529562771320343
NPmN0ughilo,0.401834636926651
rQnYi3z56RE,0.3020104169845581
ARH8Yt2fpvI,0.4732852578163147
pR85CgoP7VI,0.13230004906654358
fgSHlqSsGMs,0.33038535714149475
gdvRELkXOfk,0.7002406120300293
VjuYAAGFsvc,0.4707028269767761
aiw3QftXOJc,0.28868576884269714
2Ww6aljZEf8,0.39968618750572205
ZKBz3iGP124,0.3514360785484314
TmORMKTHuOs,0.6987870931625366
FqAFHPeGq2c,0.5975150465965271
4fEzWMtokXU,0.24517954885959625
nNBTLbw1_2Q,0.29982033371925354
T07oFtADeuA,0.4987466335296631
LGsxCSq6Az8,0.4727815091609955
SM8WZ0ztMuc,0.23667438328266144
nd4cLL_MP7M,0.31419384479522705
d7hzcLZ7uRc,0.04966040700674057
UKzfwEyPBIM,0.31317123770713806
AMuhZLrQzjE,0.12472140789031982
UsE-X4Eqtx0,0.5895707011222839
xR3zhlmSrrc,0.6289225816726685
Ht_X02Oc6nc,0.648439884185791
YrY3v1eDmQY,0.2490881383419037
S9zmQC-87_w,0.4937620759010315
6GmgwKGsgtY,0.5776572227478027
ddIz-ydl6Yk,0.2728239893913269
ziwE4WIBjN4,0.2690759003162384
pgtWGSQm15w,0.07169350981712341
kQnNW4576us,0.6974824666976929
yooWRoX4O9s,0.44025272130966187
pXCCBeuMWLo,0.11929716169834137
z1m5aRT_abw,0.31280064582824707
wk4mVzmdGq0,0.5801689624786377
0cZq0obHo6U,0.40425577759742737
mYyaElmd4vc,0.4790244996547699
_nDQSHN5ztk,0.5619666576385498
Lbz9VVfVnhw,0.40948498249053955
SmobkT8IuxM,0.388449102640152
th_9ZR2I0_w,0.7368395328521729
YxSMCOQLSLw,0.36457836627960205
cDQ5_mkYlFM,0.5786387324333191
hz6GiJcH9Lo,0.7109950184822083
amI67JUsbV4,0.6595287919044495
AP1wWGqRAmg,0.4059705436229706
HgWSbChPthg,0.0184573233127594
MKZi1V2WXR8,0.5520595908164978
uRfOsl0nSnc,0.5380261540412903
dHMdXU6goWU,0.2226678878068924
M4h6VESyP3s,0.6195166707038879
zV_FHJ5YMd0,0.14196935296058655
jnl6i-AEkhc,0.525902271270752
2htVMOC8rsA,0.47664251923561096
jmebAjdMrLs,0.608209490776062
wqTlWceqbaI,0.18965837359428406
rj3dp83xKuY,0.5179232358932495
vOwLCI5kqdw,0.5087098479270935
6mJMS2YDMnk,0.19339314103126526
idg6vW3vXtE,0.5312311053276062
X85Uj4d8-hk,0.5009193420410156
tHdv5ZrSgYg,0.5706718564033508
a8QlMD-J0B0,0.25468721985816956
R_hBqcZXF2U,0.41398030519485474
fmrdsRdYZlg,-0.04420625418424606
Z2_f9BO041s,0.28250253200531006
Y2_ZP-APEDo,0.36632484197616577
jCnWPbn-ZKo,0.7058429718017578
WyNGmDO4Ayo,0.5693150758743286
bAOoFGCh1eY,0.3196832835674286
FvhOwpip0K8,0.3608272671699524
bWq7SnKY05M,0.5995304584503174
YFNpff9W-BE,0.48288050293922424
G4BxOhJOmUw,0.4398114085197449
Ll5SRh7ANvk,0.3167994022369385
e6rglsLy1Ys,0.5197353363037109
5cuxPmmrlv4,0.2046692967414856
qV-ztVH9glY,0.33540982007980347
3c1BWmw2ly0,0.5251978635787964
N7HFXgyTya0,0.246241956949234
QfviLG23lUU,0.3895461857318878
MrGgnpmWCOQ,0.5407229065895081
xGnw0PIq36M,0.6831782460212708
wzx96gYA8ek,0.11393775790929794
Z6BI1vnmsdE,0.3377835750579834
az77mUdsRr4,0.5293136239051819
c-UDERlkZ9k,0.5052688121795654
q9L6PzX-NL8,0.5955109596252441
bcJlmhoYNfI,0.5160056352615356
zTSVug_5Iwo,0.47561222314834595
7fgKBJDMO54,0.46923381090164185
9HYHg5TCg-o,0.35631847381591797
ibe-XvERtH4,0.4562279284000397
ihsTONOFVic,0.6923425197601318
85BCi_1DxJ4,0.23728139698505402
gIoQGs8lvxk,0.5242351293563843
eX_iASz1Si8,0.19215890765190125
lrlIhRea8u8,0.6175779700279236
GLvNgmJoTQ0,0.3696979880332947
M-AFo0mjV_E,0.3505637049674988
3W7nXg55mWw,0.24192307889461517
sWyym9bO1fU,0.28030887246131897
sPoJFOn04g8,0.6520659327507019
Ml5AAM_O6lE,0.6270781755447388
9vhMY1u57fk,0.3486921191215515
MQRPS2d9AqU,0.43576639890670776
ILU2aiRaugg,0.3028716444969177
fb3pDrf80E0,0.5390424728393555
1GaKaGwch0U,0.2372010052204132
P6J-rYjG6X4,0.26036161184310913
TCZ8MSg9FrI,0.14997287094593048
FCvAXgnbFeE,0.3415904939174652
TVe5XPU10Zc,0.48527759313583374
bqzUkvHlQ88,0.5706689357757568
4_aOIA-vyBo,0.4592043161392212
S-4rhjO6xYg,0.37229034304618835
pfzjcCzdtCk,0.5635964870452881
rrhj0m5_cgk,0.5481765270233154
2rVvXF3S0S8,0.11070356518030167
QH091zFHdQ0,0.3491702079772949
6vm2CR2W6Iw,0.47887319326400757
JVwYB0PY37k,0.11156168580055237
w5LDRkj_VkE,0.7322893738746643
LlGXq8xjUMY,0.575918436050415
aOwaNtVMQsk,0.6097162961959839
f6mJ7e5YmnE,0.5111109614372253
pxeULtuN23A,0.4323071241378784
2oY4JgIU0XI,0.4696292281150818
NFZY_o0QoJk,0.27386295795440674
GRy43ljtqXE,0.4781470000743866
x11dJ96CINo,0.47427353262901306
Fp8XKeEXEmw,0.6560167670249939
H1FeZBKD7lE,0.35416245460510254
9qdDvFpMg1g,0.5400635004043579
1StzvGFX4_c,0.4989432990550995
BqQAOv7dB3M,0.421824187040329
K7ypLNknbeU,0.5918249487876892
P9YTKb5PgR0,0.3847391903400421
NsRSRPsDGCs,0.4431314468383789
BjFPdBujnvw,0.4937855005264282
RnhuY17O2vU,0.2737005650997162
lhQUxd9et4I,0.5253230333328247
RWmdKFyON5s,0.6406158208847046
0xJ1hJ5XIyE,0.4697948396205902
EgtL5Neb9yU,0.4187615215778351
PKp8FuQ52eA,0.5336908102035522
ovKMWQC8hy8,0.411714106798172
dR_BFmDMRaI,0.4949321746826172
b-KEGTo4yPM,0.5124146938323975
4VWb3ZZ1U3o,0.5017169713973999
KkyXfpebihk,0.10467775911092758
_85oBHflGcU,0.4013529419898987
viDu9SLvF_E,0.4557219445705414
yMnn6_oBu1A,0.49413591623306274
ykv23HpruCo,0.17370930314064026
aPL0p-Uo5bY,0.441508024930954
atuad2GUtIA,0.2462940216064453
a-5uEbrQR3s,0.1468810886144638
NTUaW4pEzN8,0.41835111379623413
AJUiQU8-w8E,0.656762957572937
KB43fM_ozKQ,0.6096404790878296
3pmu-cTT-Ak,0.5650812387466431
pRKYWlXe-gA,0.6352826356887817
-cSk9stRzRg,0.627912163734436
-p6WWRarjNs,0.6314331889152527
Fzz2LPtQs4o,0.5812010765075684
gPduSGytMlA,0.38334447145462036
9LmJ6YBmOKE,0.46748265624046326
B4gVdTr8klc,0.2192656695842743
G3v28unsj0s,0.6286830902099609
UdbOhvjIJxI,0.4922143816947937
flCDCPsMKoM,0.3658241033554077
6FlC9kjDKdU,0.5820609927177429
UU3Zct_Z6Sw,0.25946077704429626
IUPTwbjQJdw,0.49718981981277466
k4kDT82hxF4,0.4246029257774353
-w-VTw0tQlE,0.32336413860321045
UxlJQ2ZLMIs,0.557951033115387
IRs22MbhC1Q,0.24859923124313354
kOimn6K0DG0,0.13053502142429352
oPzQZFI_HIM,0.541127622127533
jWQRDwaHRfQ,0.5293804407119751
b4zUQ33ovUM,0.5615688562393188
uiLnuPcd-aE,0.11948957294225693
OTRmyXX6ipU,0.1428219974040985
rKatNrDfR_I,0.6230545043945312
pwhpLjsWaiw,0.6250559687614441
roU7-JmrSnY,0.4589945375919342
l_nQ9Ug0X-4,-0.0006004390306770802
EO-0qOGOsO8,0.29092371463775635
vvsI2pERsas,0.1423700600862503
Lj57yB-BYQ0,-0.006107517518103123
Xycfr1f9MBA,0.5757371783256531
bK75CblneeQ,0.25196269154548645
4yAyonec3oI,0.5326916575431824
MA6qX_Fa-W0,0.6545277237892151
DDo4CA13LbY,0.3605778217315674
YgEX0Wp76pA,0.22372587025165558
7rR-x6WoKFE,0.46595579385757446
uz9PCsdUjN0,0.22369533777236938
S3DGvtvCdTA,0.03415757045149803
tGX1T4zh2uI,0.6250584125518799
NYuu0NNryS8,0.11998581886291504
Pq08trKEufo,0.4324891269207001
glsOzrSvh2E,0.35752424597740173
jto8n1dBtS4,0.04190220683813095
3Hr6Mxux8T8,0.37554022669792175
64zr0Gia4uA,0.5056393146514893
qxPBrWZY75U,0.42615044116973877
93m-ZGWbXls,0.14519649744033813
KQFpHXJZvZo,0.5620591044425964
CorSPPUHG8w,0.5820196866989136
Zag_tB4fgJw,0.31659549474716187
IlnZKSR73S0,0.45125117897987366
L4hhRZJnOwA,0.3190138638019562
fL_xT1nzBgU,0.5187164545059204
4bIPhtK506w,0.003369579091668129
gykbz5ZXovc,0.1653517782688141
S1L0jpv8hOY,0.5897976160049438
wvY31L_LXqA,0.5689752697944641
k9G_jNf0Xkw,0.4930672347545624
gA8Gru79DcE,0.4903811812400818
7V3FpP_001Q,0.7023974061012268
kACwbzotkAs,0.49393028020858765
tRlBBiCflmU,0.5346468091011047
L1dEtSyn6s8,0.21738369762897491
6ZK2QoCCccs,0.43334805965423584
meWZBNSst0I,0.737091064453125
L5cAnxNVWkw,0.5982986688613892
52Jy0-ImqXw,0.594012439250946
H5IuDl1dUmo,0.4575008749961853
5rrM3zl4J_g,0.43357518315315247
93TRQD-QEDg,0.41757911443710327
5JB1NY2xut8,0.19602586328983307
4P50c_WRWqs,0.3509507179260254
YDRWr87yTlM,0.3306249976158142
pMaKr4VVL2M,0.5500330924987793
_yVIjw_wouU,0.05620332062244415
D06PL6qh6X8,0.41601330041885376
TenEUk4oFDI,0.5532689094543457
MtxJQ3LqM5w,0.34976065158843994
9jbu8nhaL84,0.5431380271911621
aoLVqA1YW1s,0.4770135283470154
VN-cxU95C1A,0.642578125
BKwGi6UtKeE,0.6273781061172485
KB_15Xt5T-M,0.6955883502960205
zjaU5ZHQTrU,0.5365350842475891
eXuT_83QI6g,0.6184902191162109
LbwK_9_dzzA,0.38341543078422546
Cn0pCvp0CPk,0.5474328398704529
STsjV5_ZqWw,0.48994821310043335
425USN9WyrE,0.6012932658195496
CARrs4cMp1k,0.5396565198898315
OFJrow7yaec,0.4247228503227234
gKq2BtgCR0Y,0.06325320154428482
H2UDMCejxxY,0.5853720307350159
3dPFDzxwvDw,0.7029492855072021
27mUWs2wjPs,0.3821250796318054
Vjbqe7agCz0,0.4512324035167694
XjwO9InuFJk,0.47531741857528687
MeDb2nU9jKU,0.08864301443099976
W1aMtOAk4LI,0.5128852128982544
oFadopWxKjw,0.40842917561531067
pMDKpPn8Ftk,0.2695664167404175
2T_jCX8J_I0,0.13961943984031677
pTftzGy3_nc,0.5133510231971741
m7zESelVZzQ,0.5212011933326721
Gb1Oxj8qRkY,0.6052855253219604
f7DqQ5lOlaU,0.3919309377670288
jDy0h9tkrsg,0.6356111168861389
u6ZLrxmHR-U,0.553454577922821
yg-enhH9iqQ,0.5899629592895508
Svg_fIoHij8,0.19263574481010437
4M82H4j7i3Y,0.40921279788017273
jWNebDDmuXc,0.6410157084465027
By-KcYGVTCc,0.46151432394981384
-KMZW_zwRfc,0.48436832427978516
CJ-2NKO5Ixk,0.7244069576263428
TQwDIO097VQ,0.5542645454406738
qtFXCt-7haU,0.3950733542442322
1ZGjZJTPvD0,0.5395492315292358
pz1eY9MSWYM,0.5790022015571594
BagYRDEFvy0,0.10880651324987411
LSMbwzuppWQ,0.23979613184928894
pM7xo_VWJis,0.586936354637146
hojPHhLUuJ4,0.5863379240036011
FywCjNL9rI0,0.5493464469909668
1QDm3eVVSAM,0.5586560368537903
VfOR1XCMf7A,0.5294706225395203
1OhRb3NcJCs,0.4682687222957611
53Gw0DrQ7nw,0.5820425152778625
Zx7RnwitTB4,0.5874996781349182
AmNid7KxUhU,0.40282127261161804
uQyLTdRW21k,0.5253145098686218
z069ldsumxA,0.17893841862678528
06JwbwL3yEk,0.5546092987060547
HGTZzS1bZDE,0.590453028678894
BorZc59aqAg,0.2984997034072876
JMhXXr6gddc,0.556267499923706
H0CTHVCkm90,0.6070206165313721
sfR9fdQJsa4,0.2135838270187378
lAbEtLmGFII,0.4580273926258087
gOG1I0RB26w,0.5268999338150024
3oaycSfG1jw,0.7118963003158569
aboV1HnpqIU,0.10842686146497726
XT8EJTmHbSA,0.48866528272628784
cbnVFvnixKs,0.6636128425598145
aKXLQN1l7mQ,0.7103486061096191
UClamQuy_d8,0.6134170889854431
IHBLbGvwO6I,0.2589871287345886
L0X4dM1ve4g,0.10596524924039841
CI_Y6RLRtis,0.6463897228240967
Z_bL6rq5UGA,0.32200586795806885
wwLH2de3FfM,0.5993537306785583
cjY-afkdMOI,0.5107962489128113
_7I8C1ynVco,0.08788400143384933
9D420SOmL6U,0.6188262701034546
WeSFqheNSYo,0.5247793197631836
VbB33IRYs5c,0.1574142426252365
ahGo8NQ22Xo,0.6289226412773132
iKRpMjVJKZc,0.3407306969165802
_GfrmVnmIwc,0.492044597864151
KXYfxFiM030,0.6579942107200623
johyMpuo1gk,0.6025638580322266
TwJqr5mWUmA,0.4102232754230499
taVvS-dCG2A,0.5524731278419495
tUbwnzNY54w,0.2809998393058777
M5_4kHZsdyc,0.6326252222061157
8kQDAbE7Gx8,0.36238136887550354
_bAnbHsDWa0,0.6372324228286743
S_kq5a-bu4w,0.3087206184864044
4tmEoQ_QDFE,0.5768030881881714
Hja0SLs2kus,0.36871862411499023
0-VLNiEbDRo,0.5620427131652832
dnUTNU9f7CE,0.10732235759496689
rc5dFhhkALI,0.2872669994831085
aTRVfKqG59M,0.29961317777633667
o5fVVdTFp6Q,0.6617528200149536
KuwyR0OW-nc,0.3461493253707886
mHHcyfbxR3s,0.3245451748371124
4YB2jJWw8X4,0.23783425986766815
i65V9mTMgFI,0.5542835593223572
mG8wjnBKBPA,0.38137370347976685
oDvMqM35Hdg,0.45969855785369873
Z3f90BIYU7U,0.556975781917572
5FK9tWT5pA4,0.43922746181488037
QGiku0fmlNM,0.5727706551551819
BAQlFTGXJ-8,0.32564249634742737
D_dGF42MhTM,-0.06911882758140564
FvOM9_tRu2M,0.4763522446155548
uSBnvoWkBdU,0.5799500942230225
ITdWN4O2aMk,0.26227259635925293
diWNqw0ZOA4,0.5215504765510559
yDupmynj8V4,0.29279661178588867
q4LI3I7PIoM,0.33503496646881104
bsNl-Nn077g,0.44729194045066833
dFcI76D_kXc,0.5149048566818237
ns-lKaXx-BU,0.5707730054855347
z9vGoj449s4,0.07493288815021515
EDmK5Y6SnNE,0.49263808131217957
lUzZIOq7u40,0.43421122431755066
bql89QMBCr4,0.3664284944534302
y3cRbMJHc6Q,0.4653435945510864
gH5HfvJWdf8,0.37859249114990234
6jn8Ji0g5Rs,0.26656603813171387
mAQhmUi-ygk,0.44700855016708374
VT0floYMpDc,0.541217565536499
wsEF9ExxzVU,0.5045216083526611
S2eZawMm-go,0.4973468482494354
h2HE1qOLdE0,0.5070965886116028
Owjm9AKn4bg,0.6867938041687012
O2jkV4BsN6U,0.15134882926940918
uM1AObAZATI,0.5957329273223877
UlGeHPncTe0,0.684158980846405
7XsviBxbLvI,0.5361583232879639
LM2iVXAA770,0.6135683655738831
okOsyezoR7s,0.37322452664375305
xOr8drMMD88,0.5824172496795654
c8K7ItJuprw,0.6221052408218384
Y-eez71F18E,0.6652649641036987
SPZFN6VFFow,0.3782934844493866
S1t5_iGN0xE,0.6189344525337219
KTLhU2rI130,0.4773121774196625
UI1t6YaO9JA,0.36390718817710876
6oc8KRNkW_Q,0.3625352382659912
rBVgbxTkEuo,0.39058035612106323
1XhrA5oAoYE,0.30959397554397583
TAVkKfU6q6k,0.26720884442329407
4kGJTWzPABA,0.3031553328037262
k3J1oGzY5Qc,0.5079231262207031
LBf1bxP2Pro,0.6194884777069092
4lvobQDIzBo,0.6364044547080994
GvTAT55dYZE,0.6368520855903625
Pw0IZg7_4mo,0.6939178705215454
r6Fx-tuCdIY,0.5070624351501465
peLH-gAC1PA,0.6089327931404114
DiaDblUd-lw,0.18622881174087524
FqUmnRKw284,0.3356064558029175
Tx2r3U9wFvA,0.6344494819641113
IjvuUUlfrCE,0.4100622236728668
BE18znhORU4,0.6054925918579102
7jE61BzKmgQ,0.3166678845882416
AR160wbv9VM,0.0007715914398431778
7tuvVk3DqK8,0.4619015157222748
LNog172H20Y,0.5424463748931885
RzF7pXAoi4o,0.6312137842178345
iDCegwpnlbM,0.3916298747062683
mSmMu26GN-k,0.3688713610172272
CVVAz1RZtHU,0.5364799499511719
tFMFYQ4Nj4Y,0.6275727152824402
UFGnBgwfXHA,0.4151875078678131
uns8vUQNxpc,0.4274955987930298
fX0SD0NIWM4,0.6292413473129272
dD-yN2G5BY0,0.44767647981643677
JQsOHSA29pY,0.004617113620042801
z3LBshsGJsU,0.5146794319152832
RQOJgEA5e1k,0.41186296939849854
81H5PT7ANjc,0.2146635800600052
CMbx9tW1b7I,0.5155013799667358
xZ2OTrpgv5I,0.4520663022994995
cRQanPU2Fk8,0.6432768702507019
auaRQCcBnr4,0.43042221665382385
dOMCouqr3eA,0.08218301832675934
ZfDCRCPoV3Y,0.6138639450073242
JwtBA6hnbyo,0.26418638229370117
zAwAsGbTcHQ,0.4345215857028961
oJ5f51yZg8I,0.14931505918502808
R5uZQxEUyMc,0.3560487627983093
uisXEJabmZw,0.3435899317264557
7pg8hZkCOzI,0.627433717250824
z4LpBP5pAuQ,0.501089334487915
-XtReMW4jXM,0.5538161396980286
R01dVqnzEV8,0.5079317092895508
I4X0CEdBiTc,0.33532091975212097
RP7VPoxgL4A,0.09856259822845459
Yy6b9BGxxzI,0.39536499977111816
tw7Os-_BJMo,0.5306103229522705
s6omnoqEhMg,0.13107134401798248
zI4dgXTd2ys,0.481013685464859
MWVpKCnRCvY,0.3468553423881531
wOc03MFmy4A,0.4399809241294861
6OFxNu2BXpE,0.02818199247121811
8AnCBDIwHsE,0.4048477113246918
A9Yb5szZOeA,0.08182254433631897
RO05ZgNF2SE,0.12926925718784332
Ts44hYDhsJQ,0.3697633743286133
xDJrSz0b_TQ,0.32054102420806885
OxSZBk7D0hU,0.43583840131759644
jPZ0ofY_2-U,0.6075461506843567
dirfQ6sPaVM,0.46505165100097656
Nkz6fubz4Vs,0.1067882552742958
-99epVQuAKk,0.3098338544368744
8rSjlqBYba4,0.2894589602947235
30_7Q3zLsj0,0.7025126814842224
Lz7S4tCQhvo,0.2215798944234848
kFox5Q1OTf0,0.4215184450149536
Iv6wSneHKB8,0.3471348285675049
HDhAjW6tq9o,0.6356412172317505
34op_kWt9Vc,0.33828121423721313
UlhFEzmmSlM,0.5059055685997009
BJhlqF263GE,0.4809066951274872
IEzjvhdJLaM,-0.01294065173715353
HCByhdrdWcM,0.4354877471923828
qev-xnvFcyE,0.33509182929992676
IA61yjyy5M8,0.21234606206417084
NF4nBCwO7Ng,0.7159510850906372
wi-Zc6NTlDA,0.5430980920791626
TynxxmS44TM,0.37192073464393616
I9LbG3Y0_9M,0.24925938248634338
Z8U-Sya0jZE,0.5161922574043274
SqHL1puhq64,0.36661890149116516
Pr3uI6oami4,0.352016806602478
8tUq2ATGXZc,0.1257987916469574
uFfMvSv4M_c,0.5799583792686462
H174j8HgkYY,0.5825410485267639
q9Oh2OnG51E,0.36828920245170593
Ktv-CaOt6UQ,0.5297114253044128
KnWpHhEU-T8,0.6680801510810852
SeQeYVJZ2gE,0.5100677013397217
a7KCXycNgUw,0.4769003987312317
LVmFU6hwRqU,0.7005947232246399
hSTywVwZCjw,0.3922938108444214
fQyglu53_rE,0.5348215699195862
6phdJWRi_vw,0.49635690450668335
pmtmeXYW2o4,0.36231017112731934
ZMuMIcQx9Qc,0.5032997727394104
fgUqgM3euC8,0.31425240635871887
GmSUU2Xd8lQ,0.3862018585205078
4Y-62Ti5_6s,0.03743632137775421
2nhxvoukBiM,0.49165114760398865
KLjJykkJTJQ,0.11705337464809418
Lpb3Zms1_eM,0.45269232988357544
GhNA-OoQwVo,0.16368341445922852
BKjn2_Ina5o,0.36392709612846375
WlWmwWQaUws,0.4803343415260315
NBEmJbvVIQQ,0.4628913104534149
BgWpMAisUow,0.1455322951078415
thD6TNUoyIk,0.36381739377975464
s4ePynJoHLA,0.10750088095664978
ttgxZMHU7MI,0.010722322389483452
2tg4051fYRs,0.5664699077606201
ttjn1jVACk8,0.5643973350524902
nJTDDJgFFb0,0.5574127435684204
OiVoKKe62qs,0.2317594736814499
KSAy3WE2fHA,0.40996813774108887
XfNOQB2PN-A,0.41298240423202515
_2aWqecTTuE,0.29142552614212036
RnGu3xO2h74,0.6913410425186157
apEK0-7oW7A,0.5239081382751465
ZI8QZ2WN-Xo,0.5907427072525024
ep_mf6ZE9U0,0.41097861528396606
BHvPQu2QczM,0.4118565320968628
i-hIT01Onfw,0.5731949806213379
ABuQruo2BHU,0.23777757585048676
xOlKDKUQsKE,0.08943379670381546
vB4099CsDpU,0.05241347849369049
eTfm03T3VAE,0.5895728468894958
qJabm5GuLgM,0.21187938749790192
WfNiQBXmPw8,0.5496055483818054
Z0m7xhxu4dQ,0.745125949382782
ggDQXlinbME,0.47100648283958435
CCQysh2Ci0c,0.569115161895752
AoPJW6WNFjQ,0.3581060767173767
l16YFF8ORus,0.37152719497680664
KNHrqoUjtzI,0.567836582660675
J0wiUWg38BM,0.6079613566398621
576HwhU6PMM,0.618535041809082
Mve9HbpfjzY,0.5348374247550964
JuNhPaTJFRE,0.26491740345954895
HcvqW7e9CRc,0.44962888956069946
dFiCjh8iHVg,0.46811336278915405
skqCqWkZigo,0.654041051864624
Fisr4YY_2L8,0.43215569853782654
8cKMJ7_pAAg,0.6149502396583557
onJZpbC4KqU,0.18522818386554718
cJipa07DoHs,0.41556432843208313
yb5exLePooU,0.10897301137447357
PT5YY-OtuiE,0.48815006017684937
dacojrlGM7Q,0.32955488562583923
cC7mHyLwvF4,0.5840650200843811
juM2ROSLWfw,0.35641559958457947
_pjzQgq6BzM,0.44147560000419617
INgwKE5xejQ,0.47936925292015076
7n7wDN60iZk,0.3172653019428253
TSSPDwAQLXs,0.602469801902771
OiN0Nm2enpI,0.5184897780418396
xJx85diM3IE,0.6499223709106445
Ly5hFMplfOQ,0.4262092411518097
lnKnxlziPkA,0.3106626570224762
uh8phgFP0Cc,0.1317768543958664
GcS4kdmSAFQ,0.1631445288658142
CRXC7pRNh6g,0.6289131045341492
N4wi58Ge-08,0.7129624485969543
uInTCD-aqeA,0.5158935785293579
MR29wbOnMSc,0.5094848275184631
6I3ALtvCmyE,0.1032719537615776
t4TYLD4IJRQ,0.28916317224502563
lOl-jySoseI,0.14439669251441956
v5Xixm0mmJU,0.5615046620368958
jWIsugPCRNY,0.49268248677253723
ZS5v2XnFbjs,0.36495810747146606
xl_j5vCOR74,0.5358120203018188
LS5fGI2O-PM,0.30492016673088074
GbMLzSMJ12U,0.3751070201396942
UsjdRsrR6cs,0.15386268496513367
Z2VKUMB4JMc,0.5129517316818237
F8Z-ayQkK2A,0.5192720293998718
jl_iAHHfUdw,0.2821841239929199
OlZY1dUbLmI,0.5088368058204651
-3c-V5K2p88,0.590694785118103
wZdYJscU4b0,0.6722574830055237
xFyBgkdwt1E,0.5711005330085754
cCL6tWv_7FM,0.18987123668193817
9Yvec0XYfp0,0.0640711635351181
xwUIgS8Bu04,0.4846089780330658
2ITzU55PzOs,0.47198861837387085
jEfv-iN1j4w,-0.03001202829182148
2KaEZeFPKMI,0.4174380898475647
rdNWP6sBgCk,0.11685577034950256
hY7dQnVnqmQ,0.17548055946826935
U3FirEjT8Hs,0.2593957185745239
qcgtVLNCqAU,0.4196923077106476
UWrSzgkWD_k,0.5512917041778564
IVACjnYXf18,0.5797628164291382
bAxyxlkD_g0,0.4633546471595764
qBdCEygLdRo,0.0318041630089283
KTViaGA1cqA,0.6795262098312378
QQ1Xr4Vzam8,0.5379082560539246
p3p2GrSO6JI,0.1701469123363495
iJXkDDj3P6I,0.4490353763103485
5oQCkcot9K4,0.4203750491142273
Em9EI37Yy9g,0.5399762392044067
tea5OrZOuwk,0.26634663343429565
MAEfOg5r2r4,-0.010536568239331245
i5ZM0-f5_CU,0.10024984925985336
rvLQgngPdEI,0.48262858390808105
2auQ27XuPwY,0.18553829193115234
LDQYzEd1Dns,0.5350823998451233
imDoT5zBvsA,0.42175254225730896
zkIe78RdDsI,0.4776648283004761
E_XVuVqo1fA,0.15105636417865753
mSwUNarKjnM,0.4940375089645386
tqng6HwVgPk,0.415524959564209
FnRHJ_nhgjU,0.6680510640144348
KlWpFLfLFBI,0.474170446395874
Ib9wJOgH5Z0,0.38669708371162415
w7zWGOGjLxs,0.6791211366653442
4umiOnu3wuk,0.4274790585041046
jQEci13iQEo,0.4174846410751343
OwWINnGPa8E,0.32880738377571106
rqASCatJhcQ,0.3494734466075897
YojBpilJB00,0.4073896110057831
NZLvoeyLUTA,0.46729931235313416
YndyFgCJfU4,0.6543688178062439
_kbN9m-GlkM,0.41333040595054626
hm8yNXppPpc,0.41723984479904175
W77uk1ejcpY,0.63751220703125
AdW7C_3HVjA,0.2809462547302246
eT4shwU4Yc4,0.19595371186733246
b5EYU3QsFGo,0.4121261537075043
C8_3jS9wd9w,0.25851231813430786
yKTjM5gmTy0,0.23842909932136536
X_7_ZAf2cLE,0.29059839248657227
kD9_7nRo3XQ,0.41338467597961426
sRv19gkZ4E0,0.7115390300750732
fBo74f49d3w,0.6470714807510376
cMXTVY5VLy4,0.1405218243598938
GJjh1eq5aQA,0.42416781187057495
nltJ0uSlUhs,0.637294352054596
wu36VdRyogE,0.2558354437351227
7iiEGZ2kpFk,0.6459177732467651
uL3cerzKrOQ,0.441929429769516
Cioj_KYMVP8,0.6769778728485107
htOroIbxiFY,0.2830948531627655
eqe8XmbWwZY,0.6183205246925354
0ov9-WKINhc,0.48533833026885986
Rxkz_ygndLU,0.6521958112716675
oF1saSpUTcM,0.6197645664215088
SLSviqKGxSA,0.09952272474765778
mW_t_nKqqaQ,0.6256599426269531
11QSHr4UByY,0.440801739692688
FSXYyNw6rko,0.13146625459194183
6ULGW22gBKM,0.7148545384407043
pt70U8D1OWM,0.7183798551559448
UZifn-n8YKA,0.2794724106788635
Bj23JhwiNfY,0.37750935554504395
v0ylg-sS3aM,0.5545641779899597
O0BjbDNxvt4,0.4253915250301361
5UgL_UIYvI0,0.4982607960700989
Lo8NmoDL9T8,0.547908365726471
-SzoHL7j-SU,0.4261651933193207
ntZ_PHhKllY,0.6204538941383362
RaoSpLcVAlc,0.5096347332000732
lMFLORlboGI,0.5904449224472046
CACAmH4r1fw,0.5122941732406616
o_gACZHOXAk,0.35168135166168213
6M-fXCtrv9A,0.45624834299087524
K5PQz03nuNo,0.6133582592010498
El9y7HWySJg,0.4449523389339447
KZVd-MvFbO8,0.5311289429664612
bokKzyq8QEA,0.19830530881881714
MP4aknbqDac,0.3367239832878113
iifvQHNrgKc,0.5984406471252441
NC0zIJrX4sk,0.49126672744750977
TKDY7mfhq0A,0.5384891629219055
hzNP6Inb24M,0.3361597955226898
uTzEMW9OgBw,0.17999890446662903
XwAjpmBzZJs,0.40401118993759155
LBfU-z1G0fw,0.3892887234687805
J1siZJ3yN8c,0.09072262048721313
zCjJKLyRcAc,0.35658228397369385
pc_U7tQwg8g,0.1989169716835022
gyq6A4-hPcU,0.24423232674598694
BHdSY5oxe5A,0.5689771175384521
b9wDlZw34rI,0.35205239057540894
ADLPNnld_nk,0.5712451934814453
Ks8WH3xUo_E,0.5031166076660156
NGBGN98b70U,0.4772743880748749
XWmv_Ox44WA,0.2794221341609955
4Qq8hzfEmwg,0.08295871317386627
V1Q1FFTga8k,0.40054237842559814
yR5604eIPUY,0.5238327980041504
jc2mU_q6jH8,0.47473058104515076
-sjSwqKavQ8,0.6013823747634888
quxJy4t7_3s,0.714727520942688
oy4f7oVFQwE,0.37809985876083374
eFTEsM5vhjM,0.463845819234848
K8ws82DTJX0,0.5445761680603027
uUMg1eiTvSU,0.1017819419503212
YlFujEBi40E,0.4211861789226532
voPPlUD6R3g,0.6663650870323181
pTZQOspwX7k,0.3294646739959717
6F7quI-MbzY,0.7351716756820679
KZEgUpAnuZE,0.4547452926635742
xbuvcQrAOSk,0.48775625228881836
CeEiq_C6j3c,0.3233232796192169
6BNbo2pomd0,0.5771506428718567
4aS45u_K_T8,0.4331696033477783
Qo0ozW-prcA,0.5150112509727478
dykcSJdpQG8,-0.017480675131082535
dh8r8xvJIDs,0.4943956434726715
DC1S0NZsGbU,0.2870931327342987
3o_kIMzyhUc,0.055201344192028046
za6QuSeiGE8,0.5528343319892883
9sQ9CzwMmk4,0.5992175340652466
fV1o_g6uzuI,0.2696083188056946
Lmfutzd0Y-Y,0.5150235891342163
BfKtlsUU0D0,0.5542700290679932
KnC_qb1RH9k,0.4874247610569
9HCyvFCIgF4,0.5567641258239746
X0zudTQelzI,0.6530953645706177
o90yH5_fMbY,0.421531617641449
fe8C2eMO6ss,0.40407055616378784
STOJftffOqs,0.4804137349128723
OlYDfkfJbhQ,0.5254192352294922
_CACoKwOk3E,0.4983806610107422
8GDPZDxGr18,0.31978049874305725
HkppWEK-xh8,0.42738133668899536
A9_mFX_-wak,0.4894257187843323
aHtjhCxRIa4,0.3484158217906952
RYNUG3-KGIY,0.2674769163131714
2BYirI_dfkA,0.3253592848777771
Z5Zoj6bmf7A,0.16143646836280823
YW6GBciRHLg,0.5147539377212524
CiYnCqMH80s,0.49230659008026123
RddIiS4tSr0,0.5363225936889648
N40uY51s5Z0,0.0727248415350914
aEnghaPCQPU,0.4896562397480011
jEh0_uBmJe8,0.6499252319335938
y18mewmFNOQ,0.3447488248348236
GrXe8YDbzYs,0.07982137054204941
AUjf16JdqyM,0.4319571256637573
UDtlvZGmHYk,0.5159463882446289
WcCs6tRuTCw,0.2803722321987152
C4YNcqNF4hg,0.19394220411777496
36NjBO_jkCw,0.5030620098114014
2Qi54PVRdDg,0.5867812037467957
BejXCSIa9Zs,0.39309829473495483
qtXLBcplNJ0,0.4557371437549591
UddlsDsoIWs,0.5352345705032349
AQa7qn0bxsQ,0.6360423564910889
0NpuyvsUVHo,0.5473573207855225
PIFZQ3nkGio,0.2365933656692505
9UFvlJ-Y9rw,0.4043835401535034
koOhht3ARTc,0.07722730934619904
YWfzYPFKOyY,0.3602706789970398
Pe_MAYfj2AE,0.5333179235458374
NLp3welRSNw,0.6571502089500427
ECDrYfNvj_o,0.3985685408115387
rKdB2HnWBDA,0.48818984627723694
UtlHIgAZejo,0.4938926696777344
dvsHQldA6fs,0.6897170543670654
BYG1qf3XJNM,0.30041563510894775
GAH-mSODLhg,0.409637451171875
y4lmSfA1Xk8,0.6116252541542053
GD3dgiDreGc,0.32035133242607117
ujNBLk2IMLI,0.5498298406600952
LqUmbYcxBS0,0.4928201735019684
z7Sh6yc3FHk,0.2863866984844208
9UJzVLXmBG4,0.7449778914451599
iGOMdo2lC6o,0.58835768699646
993Mg5-a4TQ,0.25808584690093994
r2SNEdn8jbw,0.6076543927192688
NW67c6igkOs,0.03661643713712692
zidH402zXnM,0.5835778117179871
cO90rUcu0w8,0.4698728919029236
w8KqDIPdCOg,0.19932369887828827
822yxGSEK84,0.17954814434051514
5K33YblO8Vo,0.45041605830192566
os1kwb2a4wk,0.4799450933933258
O5nskjZ_GoI,0.61480712890625
XnFgoeekL0s,0.39255350828170776
I5M8_0Z7o1Q,0.62945556640625
zh0WpPx-AwM,0.5403602123260498
NrIfVaWzlnQ,0.4633198380470276
UYWBLX7aexI,0.5280500054359436
5IIuuo7Kp8M,0.4353958070278168
YvKWGjmPKoc,0.5652117133140564
xuXiiM2y3-s,0.7237251996994019
6uIK3o32hig,0.5005753636360168
ipoy0oPMgfQ,0.3405536413192749
0_HqTWe3rIU,0.6134540438652039
rXyScwNPyXg,0.05456147342920303
6giEeB3fMBs,0.5341257452964783
iYLJjDZwtIY,0.540867805480957
ydQo_KGixBw,0.36103400588035583
IdBtRTw_jyw,0.43812716007232666
_k9cZHvJAZM,0.4328731298446655
QP1Z4OWjTuA,0.49865901470184326
0J4u1FD87FM,0.4965013861656189
4ikGvLUbOuU,0.26309528946876526
SVcZiuBsZwU,0.6144420504570007
Su_D_EfHryQ,0.32084572315216064
kMANwvYtx8s,0.42563551664352417
eDOwTXobJ3k,0.5327890515327454
LdIFn98zLcA,0.5743503570556641
RIwl8Jz2KU0,0.06787871569395065
wYxiffT7izY,0.46343541145324707
92ZAQL7JGzk,0.6638160943984985
Nr0xVQ8uDDA,0.3440512716770172
OSdHCRDM9Ec,0.4780428111553192
ILqKdIdDqDI,0.5767954587936401
R3unPcJDbCc,0.48572033643722534
3ksXeqRm3Cc,0.12306506931781769
QK6TNJYpRCo,0.6250371336936951
_wUs_ywD2_Q,0.3610580563545227
jU7rhVub0rU,0.0011408161371946335
u9B0qIuCfrw,0.5633165240287781
0NeuAFz7NFk,0.48885637521743774
rC5Q8jYWN2U,0.6774186491966248
EkVVl_2yo6E,0.580284595489502
DUkO1Znikuw,0.6574195027351379
sDNAnPMX564,0.6350307464599609
AAmqeHCFq_8,0.2280927449464798
2yXNrLTddME,0.7022814750671387
f_Qf2yfFY14,0.6553268432617188
W-AMk57gxqQ,0.5889793038368225
PRDhPJSFlbQ,0.4220350980758667
hglseVMaoq4,0.46431711316108704
5eIj1nDUs9g,0.47588491439819336
PbYa34-7HhU,0.7725957632064819
S-dFb9HQd7I,0.40692687034606934
e735orB3QHc,0.6594884395599365
Zx2YyvbxTkc,0.3272275924682617
5cK0aWxJg3w,0.5836138129234314
NwR6xKkHOyM,0.2562454342842102
W3TiLnePV7g,0.3304904103279114
9m3dQC6IfwY,0.5419462323188782
tx2Ws1n7BMc,0.3934023380279541
LD1RxJvkxIM,0.43201398849487305
D-mAtH4ydQo,0.34537774324417114
mSp1RBZeI4k,0.45434942841529846
eh85Le1tCIY,0.35146838426589966
at_f98qOGY0,0.3739352822303772
YKGSgPSZ-4k,0.38139355182647705
Nl_LrIFMkXg,0.5138624906539917
Ecg7aEpD490,0.6831076741218567
siKyQIWquag,0.39961138367652893
8pkQM_BQVSo,0.36426177620887756
uy8F1Nh83_E,0.45981135964393616
scIizw2asro,0.39688798785209656
q47sFg_WFus,0.4171432554721832
mNiqpBNE9ik,0.39362984895706177
noZAqbn92gM,0.5901032090187073
NbuUW9i-mHs,0.4499287009239197
FaBcKI8syhQ,0.43614405393600464
Xm-X2GEUrOQ,0.09095686674118042
qc4Anl-rN2k,0.27028605341911316
0vF8GvyjMP8,0.6405755877494812
CEZ_zD1cdXQ,0.2578515410423279
56KE9-Tdhok,0.545035183429718
bcxjQTAb6NY,0.6410602927207947
47GyO3DsohA,0.5637064576148987
bQz5RmKFdeE,0.5070445537567139
92ISlO9U-84,0.5194031596183777
tkRSIaf-VJs,0.42905983328819275
XAcUd0FESsI,0.612986147403717
ZNz2qF6r3Kc,0.3553418219089508
Pzhbd0Uu8Yc,0.7473230957984924
DtmwNfcKcRI,0.535454273223877
w-o84C8NwaA,0.19304516911506653
eBlYqjKeL9Y,0.008480607531964779
_5FQ5XDA6zw,0.19960469007492065
8dcBsClRv8k,0.5826659202575684
Hg18-VPZjCc,0.5677616000175476
DPF0zB1hDKY,0.6993399858474731
Uy0TBu-1-38,0.46015265583992004
GdP1NnbtkAc,0.42274171113967896
3HzXjf8s9zs,0.5626336932182312
1yv_MXNYbAo,0.539257287979126
xMQDn0g10ps,0.6229683756828308
zz5lGkDdk78,0.4997020363807678
wR0mnlqlOR0,0.50774085521698
P6NhDB3yXFY,0.5097789764404297
OHwy6cChTR0,0.5331236720085144
QsSRy3ULrBE,0.4331522583961487
fwFxMW5NmiI,0.5792580246925354
jgu4XTvZ0AA,0.43643128871917725
nkFhylZ5ZeY,0.47709035873413086
8JoOpx6VwHk,0.1436769962310791
ft3vTaYbkdE,0.7177726626396179
AEB8fUopN2c,0.5384896993637085
28WfafDEsjU,0.3729400038719177
BWAyNbwiMPU,0.2803944945335388
ofvVORLujuI,0.4693160653114319
sv9X6pNURYc,0.323927640914917
AMeDBH6TccI,0.5734518766403198
h3uxs7GBbt4,0.38023754954338074
IKj8zlhWB_w,0.5134174227714539
i3tiuGVDDkk,0.4787467420101166
a2-6F2zOk30,0.575463593006134
DXBAq5taLs0,0.7922019958496094
-eaoYMqPHdE,0.10160687565803528
IETbROVCYJ4,0.38860881328582764
HHS5Czz29QA,0.205621600151062
nf4EIX8eNlo,0.4568639099597931
BP4M6G8AqXw,0.6361081600189209
3NLUI-OmQKI,0.30778610706329346
i1dAnpSFbyI,0.5646485090255737
t9O4usHigKg,0.5310602188110352
CYD8zRDaE1I,0.05453008413314819
JtRK-BeejsY,0.4907199442386627
hT6lY31kDkE,0.44022905826568604
QZuMJMj7SVU,0.17052049934864044
0L-W_MmgxGU,0.6019318699836731
6a2j9YSlVys,0.0679265484213829
BFNH5rBYwjw,0.27868789434432983
JKcNU6IJmUE,0.5432344675064087
3ubxQ5t0ckA,-0.06947072595357895
-KyIPwJcFZg,0.6952565908432007
CmjeCchGRQo,0.3825533390045166
NwJQ312wc6M,0.3410416543483734
azFsk42kb5E,0.5099884271621704
V9_PjdU3Mpo,0.6673857569694519
N-xwypKbcio,0.5997167825698853
YUMv1-pgs0g,0.5937113761901855
rl0lImsnC7A,0.38066697120666504
WbwWn0m03lM,0.5568992495536804
HHgyRNK1PVc,0.6797528266906738
fPY6Dgj3jcE,0.6790483593940735
8xr-FCxYxz4,-0.057143040001392365
Qm2JaN6zRh4,0.34052392840385437
e57V9FANrAA,0.48147261142730713
IRsFc2gguEg,0.14056864380836487
7TcUMeeBjD4,0.6375640630722046
63TwGcjN6y4,0.450063556432724
YSxiF5_jE3o,0.08940250426530838
FVTMZfTom80,0.48921260237693787
8OCjwBkMJ_E,0.3008623719215393
NpGt9qYEC1c,0.5666959285736084
hcoKr4E3mJ0,0.4689810872077942
Q2ezpExQ_k0,0.37136760354042053
Uw30gWESpTw,0.26997315883636475
Q1XspJW5Z9g,0.4245576858520508
p4sDjT-q7z4,0.32803988456726074
WoGBoHUCeTo,0.5143473148345947
Vht7ngKZrsI,0.5080028176307678
9XdpZ_2i_Wk,0.19938965141773224
dGiQaabX3_o,0.6043680906295776
_a1lp_ygGB4,0.6061378121376038
sBd3LcvQ-Gg,0.3867442309856415
rfKQXaT2ACY,0.4733472466468811
_oXLUqE4Sf0,0.6097694635391235
rOA9mPf7GnY,0.6095404624938965
ULOZHqmShXM,0.6892306804656982
YBWTq9oPO58,0.5616902112960815
LSRwbKp4qb4,0.45195698738098145
bUhuuUfmlt8,0.6029653549194336
HNM6wUfxejo,0.38598769903182983
tODIvUmH6cs,0.32319387793540955
c50NBJ-lLYI,0.5561965703964233
D0ZUDvoJFzY,0.3081784248352051
3i7qlFz4-1Q,0.32814449071884155
aec8zOfKPjA,0.2792785167694092
yKbJKJ_whHY,0.5140820145606995
_JzGB_Dh018,0.38171064853668213
9CwRjQaoTlE,0.5765522122383118
NsBgzwgXjrA,0.6408640146255493
bjYrYEjoWYg,0.5574623942375183
6s5PwEl1Ygs,0.686741054058075
hYirFqEc8Tg,0.46712255477905273
dpOdVgnNkXo,0.19722916185855865
W-6p8BqkPEM,0.5818846225738525
J4LI_EqnJq8,0.421285480260849
ZeLcCEVYCJo,0.4612419009208679
aUlimrFs6hM,0.5332194566726685
SWDY7FKEBQU,0.15915906429290771
VmBDBfBhGII,0.0941750705242157
8lh-UTkiM4k,0.5164142847061157
g7Nuwo0LLGk,0.49007517099380493
07BiGlUW0mY,0.2887622117996216
wDaogBStdZ4,0.27410888671875
WLukCE3vwwA,0.48211485147476196
4JfaXMcnRAM,0.5376472473144531
JHe_GJkiCnE,0.5550267100334167
_9CD2PleHmU,0.4272769093513489
wGSvhaCy3_g,0.4092547297477722
B9gs6Y_lnAQ,0.2461422234773636
1juc7_7gnB0,0.3939933478832245
tyHHTjYxRKA,0.5804833173751831
94kGGQxvDhc,0.24561822414398193
Liom-xUzvK0,0.5049068331718445
Qwd25JV-jnU,0.738510012626648
v0n2wEAiOcg,0.36146456003189087
oC4VXwFibWY,0.5576247572898865
kgFuqgnNZeY,0.5264507532119751
m-jcBqZf5M8,0.5085045695304871
7uITRS50eu0,0.40240710973739624
zSIWjXlBylA,0.5830326080322266
xW8kY6ECAdE,0.30757635831832886
NC8p8ez-tCM,0.4613281786441803
rC17twr50WU,0.15468068420886993
we4maOly4UQ,0.5709409713745117
TJ5CtSxQ0_4,0.21845559775829315
zSwSuvHBxL4,0.4467662274837494
zbb76wxJ1vk,0.39792096614837646
Z_tDyL5w36Y,0.6137279868125916
Cu1tijlB8k0,0.5406596660614014
_KeWSPQ4tcw,0.5684708952903748
vvw0WFw8nO4,0.7108251452445984
3Sjd4BVHdc8,0.3967495560646057
W2ov5tvBD78,0.49336478114128113
fbhz3XcNzGU,0.3623095154762268
aaX3js5sBFo,0.33971017599105835
DQkKJBKGAwA,0.5783081650733948
G-vIuwqUO5M,0.43582022190093994
Hfz1bwK5C4o,0.2728538513183594
0lbseqh9fsg,0.29329609870910645
prb0ZLJwRGs,0.4463843107223511
B1AXbpYndGc,0.5609503388404846
BAkfazw0aAo,0.6095568537712097
f0F-wxDjfIo,0.2927352786064148
GIyuXxs6KMw,0.5159744620323181
2JZu_F2TU2s,0.33101171255111694
9sfeM2oSPY0,0.600676953792572
_IYtTJMVKI8,0.6189940571784973
AApUkE-cv1g,0.3880811929702759
imEZxmxSDvA,0.2647189795970917
zWZrJwyWwTM,0.5980983376502991
v_VTaI7VHdU,0.09545929729938507
IkV5VpEROW0,0.20595064759254456
9hqIy3K5nUg,0.08475097268819809
VzVyf0hTjW8,0.5741077065467834
3ty6GAWj9QY,0.0074569713324308395
wOYpd4X0gwM,0.6480839252471924
3u40KEhfBI8,0.10556671023368835
AhqQr-lJd1U,0.14270302653312683
PMP_M39rpkw,0.4956665337085724
MVplktX88hs,0.555652379989624
eFOi3B_r4qs,0.4044249951839447
o_a_WxPJRN4,0.5708389282226562
lN2YRBTP-aY,0.6514657139778137
UYZ-Xd0-cjY,0.5479243993759155
3L2mijdPoos,0.3303481638431549
DE1ciffkBc0,0.5674700736999512
Wvp6J-re4cM,0.5182535648345947
Q8q5h_0PiRU,0.009909151121973991
2JfClOxmMAc,0.1016683578491211
bM0-Di3Pdik,0.5545844435691833
7h2iXRDXHYo,0.3099752366542816
WGZs-ixh1Vs,0.5075528621673584
27RN00r_Li4,0.5870700478553772
V602GMSSo0Y,0.05802317336201668
GJvWP7wBkFs,0.5507229566574097
F6g7S2W27Kc,0.5173289179801941
mUELAiHbCxc,0.5843765735626221
sfwnXVKdCAo,0.39466992020606995
GL0aHhDuBBs,0.14256134629249573
CmXEScn2A_U,0.1846233308315277
xMDiQZwvZ78,0.7061901092529297
TIs37TiZY-Q,0.6500625610351562
QhUrc4BnPgg,0.4725183844566345
9gHDmXYNJ0c,0.1991775780916214
akO6D_tc0lo,0.4594436287879944
wmut4HiZB24,0.4062218964099884
TkmerqUzExE,0.23810246586799622
vlNBVHWq6Aw,0.3520950675010681
8fD3dCh5-a8,0.5353665351867676
OcLar-n8eig,0.4753745198249817
lUgosf8LufQ,0.6162760853767395
nK5bj8iJsvs,0.23788896203041077
eQzjUISCrQs,0.2117411196231842
xNx0q3Mb9fI,0.6841260194778442
J0yerao7FvE,0.39438149333000183
ANZU0_nm7xI,0.3182287812232971
sZUU7HrLank,0.5642871856689453
RLHVZ2elQqY,0.4176715910434723
7ezElsnQINE,0.2683439254760742
w6JFRi0Qm_s,0.5706643462181091
c0kgOAlwDd8,0.1496354043483734
HxTnqKuNygE,0.4539054334163666
Zce-QT7MGSE,0.00465049222111702
hFTnTPl_9G0,0.680747926235199
1C3oTE0Px90,0.5430185794830322
im7DzMr8Ygs,0.36645397543907166
JRUTSGBX9sg,0.47111666202545166
yro2jLBfyDQ,0.4376271665096283
vBjN1g_siDM,0.4715176820755005
AF-J-e_nZHE,0.21175919473171234
Pfpd2YuSySU,0.47675883769989014
ylAO6Bg3E8w,0.025569792836904526
Dzr7SPXX-54,0.5890530347824097
6SP0DweBVXw,0.6333435773849487
SDzB2cQ2gmY,0.43392786383628845
FnHw-0bUvAQ,0.49367013573646545
CUhN7Qcj_yU,0.3895668387413025
04pAmVYXQBM,0.7100652456283569
7oFtLoXgJd0,0.12762406468391418
nTFuzk3vKlw,0.5871759653091431
5hpuoMilm_4,0.3820456266403198
cA06WONF7lI,0.5755125880241394
mxhxL1LzKww,0.40495872497558594
Yht78LcTycw,0.2511852979660034
BASELWRpRks,0.3819400668144226
GhlZGtcRdUo,0.3686369061470032
4bpqXBbnhms,0.5274297595024109
0jKSQWhzT7E,-0.002832431346178055
ynfmMH2Ph78,0.4457252621650696
BBCYW3tnkzM,0.3832736015319824
lmv-xLyKM4U,0.3994644582271576
1KEe_615yUE,0.3179800808429718
8KDBwyU2kto,0.48729074001312256
DUkICPS0zQE,0.618865430355072
HIr1W601U7w,0.5188327431678772
nvwlPgk8viY,0.4641309082508087
MOOlw0qcUNs,0.5772642493247986
cOL8PJhNUdY,0.4277206063270569
UPxqDm_T2Zo,0.44648614525794983
0Z4JjgGquA4,0.32549458742141724
zgIib_Uj1T4,0.5373514294624329
2Vv-BfVoq4g,0.2158949226140976
8kZVlD-qSYA,0.35614848136901855
eZ2RGKYA3sM,0.1589740663766861
IT4DzZWj78g,0.5705480575561523
bzQ-ciKQEkM,0.6035010814666748
0NPjDGgRXBA,0.4227369725704193
Zskrp5C2kh0,0.5917603373527527
MjUcBWYVF9s,0.7203104496002197
lv1Ut9XqVyg,0.6480052471160889
BUjl4EWjDTA,0.6824802756309509
OlbaYbWuPCU,0.5763327479362488
GMFVQwdS21Q,0.7295382022857666
oRqOohdLrJE,0.5743188858032227
7k85eD_tQZo,0.3837911784648895
xT5YXIiHN40,0.4967275559902191
3HmP-fq6r9M,0.537488579750061
NSxa5cVT3Ok,0.515096127986908
05XOhz67jGA,0.7190000414848328
7DsqljgfxQI,0.6381865739822388
cd1qB5vPSIE,0.5194293856620789
g_FB4Bw99KU,0.256720632314682
lW4Uq_2VPhE,0.47283923625946045
EYpXLjdY8Fw,0.6029548048973083
kjaHhduqS5o,0.2908441424369812
LWDFU-Dd30w,0.6510094404220581
-dLJ4UQhb2w,0.5361561179161072
lymdcMcnH0c,0.39236971735954285
xVr0kB6SqEE,0.4551159739494324
aH5xcqm4ga8,0.3514861464500427
bvM8ToIVSmg,0.55268794298172
nMaMjLT_DdQ,0.16691821813583374
Fggm4ZyCYtE,0.18447203934192657
jQZtk-fCWQ4,0.18058757483959198
PX9reO3QnUA,0.6291753053665161
1Za8BtLgKv8,0.3925299644470215
eXT2F5ps91Q,0.3761117458343506
TfYCnOvNnFU,0.40894442796707153
lKWhEYyqlaI,0.5968520045280457
NOxteh5sPRo,0.5915441513061523
lbQTg107tmE,0.42501574754714966
anoHSL0lXFc,0.42173343896865845
Id0ud_UfIK8,0.531771719455719
3R2uvJqWeVg,0.17672643065452576
2XkV6IpV2Y0,0.3267545998096466
6ObjCzedRs0,0.16843567788600922
uzkc-qNVoOk,0.4550974369049072
WLbhDNBcBQU,0.28415948152542114
OgNehTfe0cc,0.5281016826629639
1l26UFQ06eQ,0.24949204921722412
1pJvs-wpJwc,0.6809980273246765
NJ4HRVxVOvM,0.5040122866630554
13oqcMyGbkU,0.45658600330352783
QR_RN8USCYc,0.605661153793335
7lKB2uaMOto,0.5021008253097534
uldqs2kW25g,0.09920917451381683
3-PZ4gE5o14,0.51168292760849
43n9c-Ui_ds,0.5805851817131042
uq7mztW1knU,0.398665189743042
vxsUr2JMp-Q,0.5303500890731812
CwpdGyIY2fQ,0.5609161257743835
WYhvnyOPhFo,0.4121492803096771
GGeBD8S6UyY,0.5163039565086365
g3IF5MswmVw,-0.043528925627470016
9hdSLiHaJz8,0.5561349391937256
NLQf-Q8zlG0,0.44116851687431335
M6V9h_16lso,0.3402101695537567
ByRHSUVItYg,0.48311129212379456
l2te453brZ0,0.3569442331790924
CKzMDT44d4o,0.19433090090751648
jhH8Q0uAd9g,0.42603906989097595
vG65DqYgTnI,0.28553223609924316
8JM-hdLDmPk,0.3170916736125946
nmDP020rZGQ,0.7014153003692627
brRyO19I_ms,0.31210964918136597
m4gWxp68cMY,0.6160562634468079
BcytdVihY58,0.3042246103286743
wgVssf01vYo,0.6419951915740967
20easSWzGRg,0.6473090052604675
_rt89nW1Wms,0.5131666660308838
TCF_CvvZzio,0.40336447954177856
Y85bS1GWlS4,0.5115456581115723
Ok89QNexM74,0.3998366594314575
ft2WsStwHhE,0.4552341103553772
IL76oS6CdiE,0.3211028575897217
cnYmwc3f9UE,0.5005028247833252
YPFVXrXLH_4,0.4878377318382263
2USVSYTjkus,0.6257113218307495
cJ_boE1nZZ0,0.06733965873718262
CSf8i8bHIns,0.637837290763855
5EOIx3wzH6Q,0.10493268072605133
Qqv4ZFRDB1g,0.7313923239707947
UFsV5NrTnlU,0.4438806474208832
Q6niHFCtO5A,0.6513242721557617
Dxl8pzV_574,0.6907850503921509
RgBDdDdSqNE,0.6381309628486633
VFj8AOqO46Q,0.6698427200317383
c9OhBLe62M4,0.3846026659011841
szyrEMfzSuI,0.49693763256073
d5dCwHje3MY,0.16239039599895477
rYgzL28Bbgs,0.44336193799972534
QPoH78eKqfE,0.03846723213791847
QH9IvVv3RfM,0.574329137802124
8ACSMweq8MU,0.4385751485824585
i2B96fFyOeU,0.44670310616493225
O-H_Ybmtu_U,0.4434093236923218
X1UDuzuuc5k,0.7383651733398438
4wJWB4CqJIE,0.6116272807121277
qHMlm07z8ao,0.10110954940319061
UE-kaxIiNPQ,0.47674524784088135
T_Xev0-h5iE,0.1317872554063797
1S1n3HFlZq8,0.3270111083984375
XBTnrOJKR4o,0.5339033603668213
U6TZzYdcRV4,0.5420716404914856
Hlr6HWPUD-0,0.4516807496547699
uAIdugBsL94,0.5821698904037476
yQR3OCRZqTk,0.5857691764831543
VR0Xc6lYBGY,0.3770763576030731
TPNnU1G8As8,0.5300765037536621
NyGjHiYi3ZI,0.5683411359786987
k7ekwJzQEKc,0.49655982851982117
xHkXjJ2Yff0,0.5604320168495178
ctaHnYUDIqw,0.39117002487182617
7XOMkCCl-TE,0.5085873603820801
m0SFJt_0v28,0.5850545167922974
HuFR5XBYLfU,0.5023504495620728
mrjObiRNel8,0.5678662061691284
CgQfRod_Iv0,0.5639108419418335
ae0DpMRmuhI,0.1329745352268219
jN8A8I8N4R8,0.7131723761558533
f4APKyfYAXk,0.5433709025382996
o1sf9epCGzY,0.5930010676383972
3QQZl1t1VxE,0.08265618979930878
jVTGqTcSUYY,0.3318648338317871
JWY1bpbmyS4,0.5646257400512695
dLaBxTeRHV4,0.16373859345912933
VCzrL7m1WaY,0.40387117862701416
G41OcYF64lo,0.47278887033462524
0_d0SFFYW_U,0.564432680606842
noarixsaobo,0.05685696378350258
Q5On3Qzgu1c,0.20264340937137604
48rlkSRQzSo,0.6031466722488403
K9EQ2-bUMKU,0.3222671151161194
KWt3H_jcr3c,0.5377869009971619
eX2-RCfNpAU,0.639329195022583
Il_KGsw2miI,0.7893021702766418
nt59JjtWFSU,0.26755040884017944
UHREmBqFe5M,0.24319982528686523
RbA19h4wtX4,0.5225430727005005
Im9Pj6FnhlM,0.5363273024559021
XKroMZN9gEo,0.3323040306568146
UCgERDCYii8,0.732692301273346
Q2DcVRpyA-A,0.509626030921936
s8VOM8ET1WU,0.6237245202064514
aEP346zFHLM,0.6346631050109863
8l_hFYzJpQI,0.3143042027950287
oqqWdaaTq7A,0.6685068607330322
kA6axtIEzs0,0.5917164087295532
d5i1bumC2Zc,0.38875484466552734
_fNNQfGGYr4,0.22410842776298523
s7_L1HGXaSA,0.37275248765945435
oVQVzCln9yY,0.15245187282562256
Va7S-Zry5Js,0.427308589220047
fn6D-Yjo6DA,0.6381466388702393
e-c6S6SdkPo,0.33893218636512756
rVrq92m12lA,0.5002740025520325
UU-pFYZcs_M,0.4534203112125397
sf-HOTnKiT8,0.2665097713470459
N7r_PZP6T3s,0.2652256190776825
8Zf3zzh1-Qw,0.043638333678245544
TekvqXzKmtg,0.1474759578704834
_cz7bE1771c,0.20688050985336304
nc0g00zqIFs,0.5011205077171326
7TmcXYp8xu4,0.5944904088973999
Qskq9WmETGg,0.1612883359193802
JzD0xJ-pa2M,0.2932831346988678
RARuzPDMUX0,0.08604675531387329
9TWoHUO6Ek0,0.21344003081321716
K-RGVLwvdSg,0.4831957519054413
gEy6XOR8ejI,0.4649887681007385
Wg2lFtVc2Yc,0.3878112733364105
dy41gdo9Jvg,0.3141821026802063
om9iq4mo9fI,0.733031153678894
FaOE_Uwoca4,0.41323691606521606
kNDapxeu_9Q,0.3377447724342346
ePK0FbOxY3s,0.33629465103149414
s3Ehmi4xHe4,0.3588968813419342
9YUtFpLpGfk,0.4384014308452606
HWMii3GX18Q,0.47461116313934326
KbvfsIVYcUM,0.08306781202554703
ZBrlK_MIfe8,0.6121765375137329
2H6ejhcBdVA,0.5182971954345703
s7KnAd9AM1o,0.34636229276657104
cfWM1kdTuMk,0.6385906934738159
YHS9g72npqA,0.5188319683074951
jULJDM0HNAo,0.4317512512207031
aETKLVBjZkM,0.592670202255249
YIfirBuaV_c,0.3158230185508728
fyNpBZ0F7M0,0.46215903759002686
Wp9NUrNssv8,0.23502516746520996
nU2BTwLYXjo,0.31955790519714355
7cYgPMGDgbk,0.2955646812915802
-E4OqN9tJnw,0.6586543321609497
01egdlDn3_g,0.05565059557557106
CZZHPBqiSjA,0.6198211312294006
asw97DWtrgE,0.606145441532135
7KYTJ8tBoZ8,0.45507386326789856
szTkeGcrz3c,0.4463876187801361
0oBodJHX1Vg,0.42720428109169006
8jfTdH5I4y0,0.6659864187240601
lGawSo_OQGQ,0.6255330443382263
_9ywYptCKlg,0.2575332820415497
JXN5xwMI00I,0.6067682504653931
-M7TqetHzmE,0.6244146227836609
CoiAQj1I-nk,0.45295462012290955
oofo4_-7-lw,0.27925336360931396
Zt9rvaijpPY,0.6410581469535828
R9OdAkH165w,0.5265748500823975
pZqzj1pBfjk,0.47263288497924805
kE-gd2_IJpU,0.48284944891929626
Pr11DyYT1s8,0.638066828250885
CF3xIHpI8QA,0.42409443855285645
VFv9O1GK4CE,0.3225491940975189
-65nRNFagR8,0.5452089309692383
m7SGKb3TOas,0.26736634969711304
TEiDNaxMrj4,0.37383100390434265
YDIVGAStilA,0.4544905424118042
ujSxEEBNQss,0.7218618988990784
NHjnAOD0rx8,0.5834646821022034
k-n_RDM3tns,0.17703434824943542
rY9zHNOjGrs,0.5947665572166443
wNK-9CGQ9eM,0.39524853229522705
IbrYfkajMUE,0.7037530541419983
W8CsEqYCg68,0.34688836336135864
DE1cAWlHLhU,0.5630518198013306
3cy2cEowIrM,0.6946722865104675
fCRX8yB_tNM,0.1986977607011795
HPf9JPH4iVg,0.49042797088623047
HApacB0i7C0,0.42992740869522095
HclrKUmO4V0,0.6349040865898132
94x_0wkHSXg,0.3768079876899719
C06gNJwyUwc,0.08965254575014114
eUg9E41ImzY,0.5688948631286621
P3RG_q0N5e0,0.6918503642082214
sYxeaVeeWvc,0.4403510093688965
iWZmdoY1aTE,0.2786197066307068
uH_rIT0juiM,0.6729179620742798
ZvAw659U1nw,0.38100460171699524
j4laeNtDyBw,0.32008206844329834
JE1pJJWwF7Q,0.5777194499969482
OqFI6pk6fHM,0.6378530263900757
NrzMnD8_3Ug,0.38444116711616516
lZ7SKUuZA6g,0.48437973856925964
ls77_u1ItuY,0.2618483603000641
_nws2egRR1w,0.3298700749874115
TvHJXw88d70,0.1511261761188507
bgiPTUy2RqI,0.4825826585292816
PIsIE0oHGgo,0.5912835001945496
8SRFhVksTvc,0.5884959697723389
wgsYH21Gh0Y,0.2306337058544159
OLxDnnTpgA0,0.27911829948425293
wn2jKp37uHg,0.644303023815155
3PfJhoeWjYE,0.523963212966919
DItNtEGqoYc,0.5352188348770142
yOP0R4GaoeY,0.7172404527664185
pY8Qw5Qaves,0.6337270736694336
PZ6j_VPJ8Ac,0.35679784417152405
2FbL_KBfe2o,0.13723695278167725
MQyxG4vTyZ8,0.6301447153091431
Theih2v9Tc8,0.36385485529899597
GHzqlw54KqM,0.2422531545162201
-nSrJwWvGV8,0.3561822474002838
3OLOn8Uk2Eg,0.5246244072914124
iMNa3UitnSw,0.1951880007982254
WJfhB3Vj_G8,0.22483716905117035
xe-f4gokRBs,0.3989729583263397
KyrLpnxH8lk,0.46220701932907104
lOEqzt36JEM,0.5582523941993713
GxZguda0TAY,0.17013679444789886
CUI4OeddmEg,0.20851603150367737
lHLQTB7Byqg,0.2559300661087036
OdKgMjJL3KA,0.5713396668434143
jiMUoVjQ5uI,0.48384273052215576
4YGKYqr6smU,0.24394850432872772
sENK_HIk12Q,0.5167767405509949
KINyi6XmPvU,0.5896923542022705
mV-0nMPpshM,0.5116322040557861
GhZ3naSgJg4,0.38306623697280884
fCsSLb11RUQ,0.5492446422576904
k2eBDhSWF58,-0.012536352500319481
Kwa6Bx1a6rw,0.5413976311683655
5KmJd02D-6c,0.5582758784294128
YRfUR9iVPHc,0.43017715215682983
4GqxfvyIKTo,0.5031052827835083
z2zywBq15v4,0.6856918334960938
H19txh2F6II,-0.044282954186201096
KbsnY--LFh0,0.565215528011322
9Q0JfdP36kI,0.7488210201263428
z3RXQi5WU4s,0.4477073550224304
-I5l64ZmEWY,0.38781213760375977
ctHL3iuIFRY,0.4931488037109375
_2xJy8CNsVQ,0.6175035834312439
tuv0E0zgRY0,0.47984009981155396
1tEokVJzNIc,0.4459705352783203
tnqIyZIvqNM,0.6212332844734192
eN8t0jA5QUQ,0.10170842707157135
_7B7yVKMTJ0,0.3748878836631775
Nw_t4b1Z5lU,0.388776034116745
Qoo7_9uRDbM,0.15407828986644745
RdyfuHKb-4Y,0.23206374049186707
hHv3mHwg6y0,0.22237659990787506
ygKJxBea6ig,0.4309861660003662
fu-fjcRCGXo,0.42115116119384766
05PpTqtGhGU,0.7457827925682068
OgW7L2uq2VM,0.33951425552368164
wup4f7XQSxY,0.7890380620956421
J7Cc4F7Ayno,0.3675330877304077
t8aPNtKYABk,0.1870879977941513
dIgGZA4qQoc,0.27806398272514343
6sfHv-oN8p0,0.4419862627983093
iEMJ2DVQzrw,0.39462465047836304
Cu7pi-B2U9E,0.5591073036193848
sCiJj2H9szk,0.06799127906560898
T7JLXg7yGx0,0.3315102159976959
wUvlgMheXTI,0.3576616644859314
O3Tfgjs4CyA,0.20334744453430176
4Z-NIwntoWY,0.34693071246147156
0WW1HN0iG0M,0.5516168475151062
6SmN-hz_LNo,0.251723051071167
7zqp1szDWyA,0.728487491607666
lr3au-ZdIOE,0.18351709842681885
Hbj56TsD2ZA,0.41244998574256897
gIUPw6xWKJ4,0.46307995915412903
eageMVdW8RM,0.540668785572052
yiElOt9cI8k,0.42903587222099304
j1VEbGsnr90,0.4630456566810608
tSom9dr7gX4,0.4213017225265503
EAGhzuitLXU,0.3671278655529022
ceMuqu2XAGg,0.5485448837280273
TrYc0-NSZZg,0.623163104057312
kTw05gC2T9Y,0.6596955060958862
jwu5atqoHFE,0.06817226856946945
tjrvKA4w9-Y,0.4457553029060364
ESYVh7_VGew,0.23038867115974426
0MDHl845tgQ,0.5516996383666992
5cmAbkMTeZY,0.3589192032814026
J86Hx7RTnIQ,0.7110159397125244
R5MoaO_56Go,0.5553518533706665
gNie7TOut2k,0.5846731662750244
1wK1Ixr-UmM,0.40567952394485474
RkBEEiG-wd4,0.3330320119857788
kSfcj-SrzNI,0.27091535925865173
NVCmX1YRNyo,0.32376912236213684
61_cdC5J22I,0.34979337453842163
qln3csFlSTQ,0.5662423372268677
atLL2Yzi3bg,0.3856433629989624
sTExU8XsvOw,0.1691698282957077
dm3Na4XU3us,0.5541752576828003
E8KEF-Ilao0,0.3348802328109741
9SbxPWJH8tU,0.4247627258300781
yZDaganYSrM,0.39175236225128174
p4a0F-7LWt4,0.59771728515625
kB1ziaDbim8,0.23758432269096375
1g-a2iB_jyw,0.4971826672554016
rSBAryA1KMo,0.5376889705657959
IWQH7MfWTIw,0.6668093800544739
j9M1mc_L56k,0.2366907000541687
Ya2D1ao_n2s,0.19724974036216736
mZt1Gn0R22Q,0.6308138370513916
Ucx0gv8G_VA,0.4429868459701538
4M98x-FLp7E,0.24156992137432098
0OCrs_KEEX4,0.097198486328125
SJRAj1Rnu-w,0.11012768745422363
HHuTrcXNxOk,0.6685001850128174
xtNsjtgIMI8,0.25161004066467285
-vIY-bzdcXA,0.46115145087242126
kWSIFh8ICaA,0.38516372442245483
WOfud6Wk8VM,0.3944377303123474
DtYDAcM4Rjs,0.6184003353118896
Hjg2iUrDkH0,0.5165773630142212
xKxFkQpUh-Q,0.4629920721054077
9bZVTxokbrg,0.5850467681884766
OQl_hVW7lc0,0.4575008749961853
qvu5Tfo_HTc,0.5319070816040039
YhSPDqqgO3Y,0.5543912053108215
bmMWAanb4gY,0.5596699714660645
Qu3sup928DQ,0.3567502498626709
WtUKE5HdTms,0.37585288286209106
-Ib0yGGFcpA,0.5878587365150452
plyug4_Kabg,0.634788453578949
NsUeszNr58c,0.4574930667877197
n_BCVGGDpnU,0.3550645112991333
5vhaQIp5PBs,0.20262998342514038
XCXM1jqX3gI,0.5366929173469543
ee8kNG64n0A,0.10768631100654602
2WkDLVu6suA,0.02682989463210106
qXA4x_uve3g,0.64432692527771
rOpU4iuzj4A,0.3061864376068115
YzunI-n23ec,0.6896941065788269
4Z0rC1CI7sw,0.3528543710708618
DwXvLGPaj1k,0.12805017828941345
YqWZ-k-G1RQ,0.3965965807437897
n2C2--coChA,0.18068081140518188
K1GkmsedvAM,0.4459201693534851
CltOThAhuXI,0.3360292911529541
X4TsY6KnXD0,0.07065697014331818
YmooBeT4Ep0,0.47968894243240356
ciSxJdSpBVI,0.3730323910713196
BhKemHXgArg,0.45969730615615845
qtaCIGNhEsE,0.33079802989959717
TvEpYnAo0Tc,0.3049899935722351
IKBWFoz_g2Y,0.3110751509666443
-aUVcej5Dyg,0.7922921180725098
mvjyzT_tX6M,0.0994136780500412
XInj3WyRerI,0.19347770512104034
IrgE_c8XgEM,0.38697564601898193
vFhoNykgQtc,0.5593446493148804
YsYuzxj5dLY,0.4022235870361328
wpPBGKsNjbs,0.5012293457984924
1ZOzgK0D4Cc,0.736014723777771
kSU-wnNzk-I,0.309261679649353
A79mQ3AKW9I,0.25414884090423584
ZUbXnW3ImJU,0.4400789141654968
RPdgj6yYrGs,0.3747957944869995
MhBi8_2Lnzs,0.6676896810531616
AGLWZPQH66Y,0.5820021033287048
wiKG-bWKl70,0.6663730144500732
XLVSD9K5kp0,0.5537600517272949
1-s8hDXFRj8,0.3621090054512024
yYOIuUdawBc,0.423740029335022
QjuWqBzO7qY,0.7221068143844604
2yHDeKFW8j8,0.38638800382614136
JJM7nP87jEM,0.48619821667671204
4B8wvxOdpg4,0.6657129526138306
E_eL6bmjr_w,0.1593000292778015
9kWV2XsxzHk,0.5168896317481995
p1nR5AQ-CRU,0.5816019177436829
jDHN0AeiUEY,0.37867438793182373
vjZXcapkFEU,0.3109845519065857
IirUMcqKEMU,0.565322995185852
24UKEXHlbcw,0.16602782905101776
6_8MGi4Vq5I,-0.054760921746492386
YqnyJcvIMH0,0.4084220826625824
Ji3VcobCbr0,0.11504141986370087
COBICZWwkc8,0.653378427028656
bbomiNd_EuI,0.6666874885559082
79rYbkTi4fs,0.4298686981201172
xmV6TjVNZGM,0.5859688520431519
E5pljUJ6b1k,0.5627974271774292
LxHC7JXZaW4,0.37567365169525146
ZrXrZ5iiR0o,0.08218760788440704
NVZogi7lSjg,0.5468280911445618
O9GOecJDiEg,0.6769722104072571
8bIys6JoEDw,0.5483973622322083
8kHvE91rH3Q,0.41260915994644165
8NvzzqduQOE,0.2954866886138916
Yae1KxRSq0g,0.2710511088371277
FZNrVYsw4Oc,0.22917777299880981
7ujVwGjoT2U,0.48784828186035156
RgxCfrG5hmE,0.2661280035972595
ckSoDW2-wrc,0.5715164542198181
f99BP3Td1_M,0.3545818328857422
QVQEXubPHBQ,0.5987518429756165
z9gRMUjeMNg,0.5635077357292175
SvTv-Y8FdIU,0.3543394207954407
NOUba82PWzM,0.6173403263092041
qFBSj8xOhU0,0.39856740832328796
Cn_Mlwouwng,0.46744504570961
S0W6WopK6Yo,-0.004491897765547037
HPypBiQz_OM,0.2675955295562744
XAVqkN1WqzE,0.3131793737411499
mbGO6WoRFrk,0.07271382957696915
7ZIBul5CHJE,0.29533541202545166
EP0rH8IR22c,0.6378973126411438
-eakj3ZfDLU,0.6048952341079712
61muWPtLsEs,0.3545052409172058
HB0-jTeR2Vg,0.6254410743713379
Giu4UkGbOew,0.07737069576978683
3kgx2snn30M,0.45177218317985535
ZL4yYHdDSWs,0.46519073843955994
r2joQySslZo,0.37816181778907776
F2-_OQL9fBk,0.27044057846069336
imFdiy9OyJ4,0.2836458086967468
7kaGsSsvFlw,0.3969063460826874
pMPV6PxXpcE,0.41073837876319885
CZ9WES_6RFw,0.4763510823249817
K2H8B-sDcAE,0.5480824112892151
dmo5-S9PPDk,0.22296185791492462
Ec1-3Fjxy0c,0.19908949732780457
RLK-IBGfFBE,0.6632909774780273
zHLju_nwPJc,0.5856065154075623
L0EPQsOVwQQ,0.5597946643829346
PS5p9caXS4U,0.48031550645828247
5ZlOn9V_MmE,0.665947437286377
ASixQ1g0M5Q,0.47976088523864746
bRa8kp_1zvI,0.3428782522678375
Pa0SY6RYJIo,0.5947950482368469
mOSrtH9n0sE,0.243148535490036
l9Jblh5ssrw,0.40268516540527344
AUunRtEL5K0,0.3724609315395355
pZ9BslFqgU0,0.5856283903121948
YQnaUw5gWsI,0.5779537558555603
0kx16qo7pl0,0.3816986083984375
u2nuFRmtBIo,0.15025916695594788
D8JKXlTY70g,0.5572308301925659
e6LQq_Qz73k,0.3127712309360504
sOyMlOba6yA,0.06203208863735199
dpc_5-TTFNY,0.6181416511535645
9N4RpohW-hU,0.5264424681663513
r9wV8FUbbVA,0.4440588355064392
0UV7niMk8KU,0.47527065873146057
_gYAPmUf08Y,0.4302581548690796
0iuRGYB9QLQ,0.49429795145988464
jbgmHmrsI6c,0.15864968299865723
bL4YokWfb2w,0.25675174593925476
HV6iJhz1QKE,0.4448101818561554
HMyYp9faGvU,0.15801963210105896
PCJJvR5Jt5Q,0.20525892078876495
OXiy-JphmV4,0.5751140117645264
8sWGoNXXyrE,0.4985458254814148
zP4rgvu4xDE,0.41611820459365845
_8P5tzURxek,0.4952649772167206
HN0jNA-RcUI,0.6532704830169678
LTubr6nCYo8,0.18376760184764862
A_af256mnTE,0.31663933396339417
yLxobXeKViM,0.16185398399829865
Uq_ePJ3taLc,0.6910980939865112
tWEBbYoDaU8,0.15770654380321503
eRqOJnOZGV0,0.6404112577438354
pqMma9h5rn0,0.4720705449581146
fSYxEAtXnpw,0.3595767319202423
HbUdCDoK85s,0.7009373903274536
oG0oxRgOfeI,0.44629746675491333
iMGdIPA7T64,0.6290474534034729
hWbZZslsKqc,0.47418591380119324
XkkJuMGQ37I,0.38740766048431396
RpnON6Ohx28,0.3906252682209015
QoI64ZLgqEE,0.38920217752456665
snCCPwtUFK8,0.37115347385406494
66NjRlfxr8I,0.35269445180892944
Ytb62SuXpZY,0.4096575975418091
F1sd4CRcaE0,0.07204179465770721
4GfjgRhPmaM,0.4954681992530823
qxcHWa50WLw,0.5119282007217407
ccJBwI-jCII,0.2596323490142822
s-lzZy26q-g,0.5737689733505249
XEebyt6G5kM,0.544424295425415
baPCtCNisas,0.6824356317520142
fqXfefq9VcQ,0.6023772954940796
UTJU8snYxMA,0.6216156482696533
15m-p0gVNE4,0.47027522325515747
p_8wosB8w_A,0.4804621934890747
WOBsNIMnVDE,0.6026546359062195
fuRVAERmE1s,0.5651504993438721
rs8k01Q1iII,0.631514847278595
4Xc3HxLlkqE,0.5455465316772461
LAWo9_V2qOg,0.09550473839044571
c4I13WL_ttg,0.3704499900341034
d16LNHIEJzs,0.6416246891021729
31pmEibQpFI,0.531197190284729
2KJzyB57n7w,0.24541595578193665
P8vFRGD5g4k,0.4307667016983032
fz__skGcC8w,0.5889061093330383
UloIw7dhnlQ,0.2570531666278839
F981CD-8YEg,0.3792513608932495
C2bmHCDd-mc,0.15921136736869812
bu-udH1QRbY,0.5365205407142639
K8MwhIaQcEQ,0.4598206579685211
ZZhclrlQ2Eo,0.4952296316623688
RZllika67LI,0.5945998430252075
y4V_3w0rKYQ,0.5566205978393555
RjJR0dVeXR8,0.04641615226864815
uDP7Pty8Qnw,0.5715360641479492
weOKOzVi2jE,0.5510230660438538
itsAKqAdl0Y,0.1349927932024002
4BLzNbqbgrc,0.4839363396167755
cm0oxOL1-Ps,0.5682581663131714
-ygu57NhhQ0,0.6160699725151062
ZbHVNauutSk,0.3133285343647003
DLWd1eVVdac,0.5591094493865967
2MibKZFFRIY,0.2897510230541229
SETNqySnmgE,0.00609574094414711
POtV24aOI5s,0.5044244527816772
OK40bsMztMM,0.3168981373310089
CTVzdg7B9os,0.5621377229690552
ugWuTk-A5Fw,0.7127291560173035
BnEAn6rgOw4,0.5513561367988586
aXuk41q9WG4,0.5791555643081665
bre0moeCMFU,0.40735581517219543
Hb3zbnU8ylw,0.3181443214416504
54a-NPz0sHY,0.1634889841079712
d7VvIlen-6g,0.6687405109405518
geCIXy7nvFY,0.2609460949897766
QvfR5tDOxyg,0.6059613823890686
wI3ddzi7JGo,0.6301155090332031
d4ARyi9Y6dM,0.5604402422904968
yO-zc3iRNtE,0.3915445804595947
oPrc8z4VW4w,0.181610569357872
zDzIf4G8jkc,0.6591998934745789
s95OpWV4mt0,0.30477458238601685
vHbLRf3C9KI,0.27543145418167114
UsmgoIVDG98,0.3659222424030304
cVayU1d1u-A,0.21786336600780487
whV5oQDvVWE,0.4684383273124695
rqZe-36JCWQ,0.5854920148849487
-Qv6p6pTz5I,0.29080015420913696
QjMqiymtY-8,0.44975337386131287
PjhX22BWET8,0.1995970457792282
8tjMM67-aao,0.37542375922203064
lLn30znyaOk,0.5555285811424255
8vMonR9gfbE,0.576687753200531
WhhtTTStsIY,0.6692672967910767
pN02QeTzdcE,0.11934401094913483
1vcaPiX6Aw4,0.6503283977508545
ntGTUIJ3JLg,0.3033343255519867
6eN6vHRwi3s,0.5062009692192078
eKL045fZ5A0,0.38294360041618347
XH1uZXcjRrE,0.4257691204547882
igN4H58WTl8,0.038329701870679855
4zJ9LhUgy18,0.05062945559620857
7ofma5684ds,0.20495451986789703
6QT0zKjvRfE,-0.04238664358854294
FNeHfj1k0ks,0.3873680531978607
uKJzojYBeiY,0.3002956509590149
mVJEi-PkkaY,0.5389278531074524
EVGaOGNzyx8,0.15975742042064667
y1OhC9h3flY,0.08347287774085999
PMerSm2ToFY,0.6722773909568787
xYSEiSwI5pk,0.6200669407844543
EB9wnw5SvXs,0.11043372750282288
dxa0GGJNWtI,0.5606374144554138
BemsLUldVAo,0.7070639133453369
2MpEdfGERo0,0.654434859752655
q-dwr8nCATI,0.4781354069709778
hqzHf48CqJg,0.3508138656616211
s0MmvxvOomU,0.20211602747440338
LVNr5NsLFoY,0.575413167476654
vtDbsogi4F8,0.6546970009803772
mknStAMia0Q,0.6653644442558289
t_QK4byQQZs,0.5834531188011169
GPOv72Awo68,0.7054322957992554
QNkk-0rgX-E,0.3532867431640625
eA6uLMsl9w0,0.4290614724159241
P3d9XxDTIHA,0.5609839558601379
fdibwIkjVZE,0.5943251252174377
x5oSzh00ZhY,0.44934511184692383
tZaOmAuS-eA,0.05597453564405441
y6abL0JbEI4,0.658758282661438
u-LfKbCR0MI,0.5147278308868408
kw_jK472Y2k,0.5592985153198242
a-4jHl1MjZ8,0.48486584424972534
mjMdwlHh2SQ,0.5864729285240173
qbwFuLTDx14,0.06478505581617355
qs6rcYnaKvk,0.34808358550071716
KmqMUJb-E4M,0.6930857300758362
FyxkIcN-OGs,0.41099077463150024
COrIjqky6dA,0.6123817563056946
XtCEe8ssRVc,0.12846119701862335
Xjilq1MFgCg,0.5247384905815125
JmdwhSvSlbE,0.5099343061447144
8ZqHUBkLv4E,0.2682287096977234
52ZlXsFJULI,0.5698994994163513
NoaR_ih9Q0M,0.35215091705322266
pGHshidi0sQ,0.18226222693920135
IMRBHTkS0M0,0.16927793622016907
FGXq_OgdHHU,0.4190898835659027
Fw8dfZJ6thA,0.3048586845397949
OelHPDBSiJg,0.43727999925613403
oULkYytYPgs,0.5371825098991394
duj1cO8J5DQ,0.4018847942352295
OtYcw1QXKYs,0.5218378305435181
TnzcwTyr6cE,0.6902609467506409
xa_vbbWao70,0.684912383556366
ASJG1ItPiro,0.30372777581214905
Pk4z8VHUuwk,0.051034096628427505
UpyAHLKyVE8,0.030698399990797043
bziY6o0ipI8,0.4834139943122864
pbGlmdJ2oXo,0.4612446427345276
2WRqD9F7G_A,0.6728568077087402
SALJnjbC3N8,0.3581337034702301
AKzUxkUAIPQ,0.4461195468902588
J-m8krIpbm8,0.5804758667945862
ZG93cyyRWbg,0.7061067223548889
6jqiR-VBo8g,0.430136114358902
nHL3lq7wskU,0.5401861071586609
Y66mqSOV9js,0.26697027683258057
d_yLDDRt21o,0.5507951974868774
x3_dJaZjwHo,0.4885544180870056
EUN9gTfofsM,0.4678322970867157
8_fk6ni-0eI,0.0888691321015358
b-C4xJI5qXs,0.37120598554611206
s65g3I98b6I,0.5802316665649414
fTT8Lxjh0Cg,0.37001675367355347
uetK2ZGhM3k,0.3607296347618103
hhXeUQOuRaw,0.5283699035644531
YuJm55F9m2Q,0.3986101746559143
dC1k4_VU2b4,0.4959121346473694
otmgFQHbaDo,0.46199822425842285
TbDy1JheDhg,0.07063651084899902
X8AJpqp6kks,0.1618904024362564
9bdsH-TMXE8,0.3757528066635132
PtF_OylW-PI,0.6753875017166138
Og5xAdC8EUI,0.6052125692367554
aDorTBEhEtk,0.7182071805000305
UMtOEvLQMBM,0.27077093720436096
fB8ikaj3jR0,0.6040315628051758
HLgrlcThayI,0.6160975694656372
LqVgVAnAxPs,0.4752069115638733
KyJouhIp7os,0.5294082760810852
M6lfiu9RIBY,0.268777459859848
-QwZqbLpVlM,0.39271190762519836
2-na0vSS5Vs,0.5313183665275574
BJOBsISlivY,0.4192734956741333
YFNJ1jMqcbA,0.13961204886436462
NaXE_LPdiCc,0.32362863421440125
Vw9healWTcQ,0.4110656678676605
gr5EwZo_CHQ,0.38595467805862427
QbLMom6Qt0c,0.4697425663471222
KssJzGx6JAA,0.1840432584285736
tO8Kk0wIsrI,0.40687325596809387
aqV1SkXWTIs,0.29105982184410095
0Jon60rx7A4,0.40468594431877136
lm7ROD7CLHw,0.5123573541641235
zuLLetnvugI,0.5668471455574036
wbDXmduVR4Y,0.4473058879375458
8ccFYRuUFJg,0.5836787223815918
jEzwndXO5Q0,0.1533006876707077
fHC8DfI13Tw,0.4096481502056122
uZgttCbLYvQ,0.46716198325157166
t_SEr0i2awI,0.5611597299575806
TsW2sSliFng,0.601643979549408
gpanyYCXHj0,0.07144009321928024
wZIfM2kIyp0,0.3274293541908264
p0Dch1B4c04,0.40442803502082825
flyW41U7XPw,0.19557102024555206
jJE_WWpiutg,0.6125175952911377
7sMPtWzkr9g,0.574552059173584
XvYWgdS2QU0,0.48649609088897705
xiJFp20S0QI,0.31722545623779297
fR_TvmwNmJc,0.5348475575447083
AC-hU6-dfzQ,0.1943666934967041
DM91100gT4c,0.35361695289611816
Bm5Pc8nJ5Sc,0.40530169010162354
eg5LZhMPdsA,0.7011251449584961
9_bgRzQhO8w,0.3516668975353241
xSYVSREhgqE,0.43877798318862915
zg7j8W4pQqc,0.6283872127532959
DcL8gP1w338,0.01845993660390377
Cb6Wl1GcEts,0.4973515272140503
yMTtZUTveGM,0.3976195454597473
4Euc9JAL2sI,0.38057878613471985
LuBhDsQqQ3M,0.5501968264579773
ytRtbCQJzXM,0.3855820298194885
4MUOdUvtf8o,0.31110501289367676
oMEI5TWbPMA,0.15695038437843323
T2TqAHkBv2A,0.47331807017326355
qsTK4CUzPb8,0.3323442339897156
ORpcyU6f9cs,0.5340568423271179
_3ZY3T8gE8s,0.4203404486179352
e4ReKdhb_Gk,0.2993389964103699
bteF5cPHNUE,0.47299817204475403
Ui-FGdf932U,0.4384414851665497
g-hiZ4PDEyg,0.44300442934036255
T3CIpGQWQNo,0.04461422562599182
-2TsCVVVbyI,0.43080389499664307
aqsVgNr84nA,0.3303791880607605
-elPeLiuEys,0.062409818172454834
-xqb4H0q_1U,0.5946002006530762
5f_RJpenvAI,0.5708127021789551
CemrH5y1zCs,0.5606689453125
JyW7hKZWjzQ,0.49786490201950073
JhHMJCUmq28,0.7406209707260132
WdEWzqsfeHM,0.5291575193405151
a2hAhsSRLkg,0.13749566674232483
gMyKNFqRyQk,0.6508862972259521
PEVaGVIMRFg,0.34418749809265137
p_o4aY7xkXg,0.4754136800765991
PjP1XJxHc08,0.4217410385608673
9PN3JOGzVJM,0.20399686694145203
I-7JzVEByMI,0.6224867701530457
C-h4kjTjV9w,0.354266494512558
1hfx6AVDoLY,0.0548725426197052
4z1s64JVaIA,0.41023948788642883
wTVQN6D7xd0,0.1179535761475563
TMQpiigRKTM,0.2788175940513611
AtXkxsEgrG8,0.5183078050613403
7GT16s87M-k,0.7205374836921692
vfIUYDjo8WM,0.20549511909484863
B_SR_5Kl9NY,0.2880040109157562
ZTRV5GXWpo0,0.4389455020427704
bjMEIxuaDUA,0.5716564059257507
mZ2QT08STRE,0.5192592740058899
xRF7WIZV4lA,0.5473591089248657
-yFZGF8FHSg,0.472017765045166
iTMmYX7MPGM,0.4888549745082855
ar7K50LdDfg,0.5493030548095703
LXDAu8DnALw,0.2655213475227356
0jBg49dckXU,0.20425577461719513
2ea_Wg1ZzoQ,0.08314191550016403
QNDTWU1XH3Q,-0.011073942296206951
8HlkCfYC6f4,0.4840397536754608
LBVkBJPNsow,0.6344603300094604
P6_m4h0w4N0,0.0896533951163292
pZOF9q5fzfs,0.33246713876724243
wyRqWAQnHBI,0.5775396823883057
tbTBIV5Dsjc,0.30759724974632263
jNhXXSGY-6s,0.6079801321029663
pjagqAGyoS0,0.4679431915283203
yrLutFhQLgE,0.32633844017982483
7kvEMyd15Ac,0.5986360907554626
2-zbRsyyAKM,0.2845458984375
FRndydYo9Lo,0.7469721436500549
qhxcgqUi2jE,0.43486982583999634
jqkYEe5ffYE,0.4053540527820587
aq-phmpUJ_E,0.5361747741699219
BtW7s1WcIjI,0.6294913291931152
33-0OTJ3h5o,0.5241572856903076
8qve776r0fE,0.5340633392333984
gd5yB9Vmd6I,0.22561106085777283
YJAGNad7FLI,0.4265492856502533
Uq8CVA_DQow,0.5874943733215332
9MgctssX5vY,0.23365652561187744
MOT1dX8eQ6s,0.583081841468811
yPoPmdvlyS0,0.5884878039360046
Yrgh_kXNKxM,0.6447427272796631
dwa28LEObew,0.144731342792511
YdfCucsar9s,0.35679498314857483
tdxHSX9RPUs,0.6167086362838745
yJNwJ3qjLBs,0.5618577003479004
PEMk1WWO3gg,0.6264586448669434
d2Vyyal_zDY,0.4736745357513428
Y6U739ndi-M,0.7064288854598999
eR7yRKBromQ,0.16760267317295074
nPkannJ4Hpw,0.5307005047798157
qz4kh996StQ,-0.0015826849266886711
mIvxvCPVQyc,0.5383588671684265
y4V4-50U3As,0.5121262073516846
lHaX9asEXIo,0.24432441592216492
JXmHYsyY8bk,0.5269581079483032
PxEYGXF4kqA,0.312975138425827
OH1X8o3QUOQ,0.5442698001861572
d853h-8rsPQ,0.19222547113895416
rYWcL76WMRg,0.45078837871551514
qZQZCMN3D1E,0.5451317429542542
ZjCXuA3t8kI,0.4119136929512024
YhINec4cH38,0.25369277596473694
hyk9dRXKKbg,0.07782632112503052
ClFQQ0uzst4,0.5446709394454956
2HfUoWr4KBQ,0.5063849091529846
mXfahVh7MCs,0.2454133927822113
SeyxdiFkj64,0.6130597591400146
DQ7tkcozmjA,0.5567278265953064
NY43w15joPE,0.39483049511909485
odzKGZNmmcc,0.2952752709388733
fe4JKBEr82U,0.09468276798725128
5B_hr45FtZY,0.39060717821121216
oKKdCiiF0N8,0.22957448661327362
mE-yOzL76qQ,0.32350850105285645
YaesWY1dZoE,0.7638697624206543
uvMiz0-nPxs,0.431905061006546
wrY93yYFhSw,0.5817505717277527
1VhGa9Tc7QI,0.5456278920173645
RBDkx_qgxFw,0.5293643474578857
P-u3o2hvdUg,0.605033278465271
KBK8S_ENq5Y,0.26432299613952637
QC6gsVTlvRo,0.6793569922447205
Xl1nqcRuuCU,0.6434418559074402
jOcUFieyoe8,0.47414636611938477
mH31FYFPy7I,0.42130202054977417
awR_iel7BEM,0.4330916404724121
Rjw5R7Sl0mg,0.5180928707122803
ObHJJYvu3RE,0.19913968443870544
kE0BbuBKJ7g,0.5121659636497498
weYuuIZBOss,0.19163453578948975
5B2dfZnxTk8,0.23138050734996796
g693z6yy1rw,0.5467314720153809
PUTQQSxLpEU,0.461140900850296
8iHpZHOESf8,0.49743548035621643
UvQ0tTS8CTo,0.115147665143013
p1TpSJ9nLjI,0.4519992172718048
S5jdwIzkbkU,0.26652100682258606
jxPsh86cTn0,0.004779281094670296
dVpF2Wg6Fh8,0.586730420589447
NzNrgRtOtnk,0.10165382921695709
-TyJlHVGeJ0,0.5813924670219421
U3f1tmYOqpk,0.31367623805999756
_6xlNyWPpB8,0.5220186114311218
-3eSDPZxOD8,0.49197572469711304
kxjwb5cXTI0,0.36557647585868835
F3QpgXBtDeo,0.5954596996307373
GHAOPzN-Fpg,0.41219469904899597
7800MEmZYpI,0.4465688467025757
IfmSKHpk3tA,0.6292479038238525
weIbm3m-Xbo,0.3073326051235199
YVpsDCSqg4c,0.14183467626571655
7Odakip90YU,0.38442403078079224
ibko62c47qI,0.6878278255462646
Q490iOW_-Lg,0.5341878533363342
EUAVH2od-A0,0.3249719738960266
QS8sOzo9Ztw,0.6164489984512329
gErOFu61v-A,0.32024478912353516
nTOG6eeJzNg,0.16915836930274963
0O6ivAXdSho,0.4529793858528137
AZGPf2cQVyg,0.46967947483062744
eQKkkGEuTJ8,0.421817809343338
ivUNXD-lclI,-0.017926353961229324
2AYWcxyNyQI,0.6710144877433777
wcKcZgRQPbQ,0.448178768157959
Fzs8iR3Nyes,0.4807720482349396
91ak84i7bmE,0.36613601446151733
UL-mgPq8cAc,0.04673042893409729
KgU-agclBps,0.012745179235935211
v9wNVW9Atzw,0.41523516178131104
eJi7p5GcLxg,0.5072508454322815
cR6N3g2qJJQ,0.3213195502758026
AQPlREDW-Ro,0.6236468553543091
gndDVuExTnM,0.4445185959339142
zZeyu6ftCmI,0.5173394680023193
guKf_NDSKqw,0.35350343585014343
jUfQar9sKoo,0.661426842212677
yimOlr65GA8,0.38203588128089905
RRhjqqe750A,0.4289373457431793
HfJpaRLJ0VI,0.4070563316345215
8bqypohrl_4,0.10413099080324173
ieMF_mjow48,0.19962520897388458
li5fmOV33hE,0.48781922459602356
hbURFbm1jlE,0.18441402912139893
YKKDbFH2TPw,0.3712148666381836
aPtrc_FtO0Y,0.6265400052070618
wfLpGcfFO0U,0.47384732961654663
ckh9ehBQewA,0.529400646686554
DiiPka-VkUM,0.6301868557929993
oWahg8OWtlU,0.473020076751709
Qhva041iOFM,0.5972837805747986
LctF35WM2sk,0.5061547756195068
LMZLBx-pwRQ,0.2677331566810608
UKc271fj2ok,0.5541231632232666
5zL3YJKygd4,0.06623278558254242
SgjtEx98UII,0.6238555312156677
VNKo1hoI3po,0.11821255087852478
EkJ7oSVsYfM,0.3684355318546295
8CjeXP7BzW4,0.630118191242218
KfjRMWgDWok,0.47166332602500916
L-FuNNZ_mxc,0.44182538986206055
zl0IhCr8Ya4,0.2697279751300812
zt9bJtUpEpU,0.03365769609808922
GInbdM29BAI,0.41047972440719604
N-SPhta4pr4,0.4985171854496002
ke1YKF3tNCE,0.3821924328804016
Wn_eBrIDUuc,0.367262065410614
MZNhF0fGu8o,0.5789498090744019
txdYBo-7M0Y,0.3593194782733917
XhyWuenuEeY,0.23141202330589294
5s-Q708g-fE,0.3701011836528778
pZbdz5uzGms,0.06217271834611893
VbjC4uKXbvE,0.20942458510398865
L4eOhuLDfeU,0.5861966013908386
Q2_AUsjrdSw,0.6895740032196045
0f6VCgnQ6LU,0.5685936808586121
oc_t_c8neC4,0.5547982454299927
cOTemOlvTI0,0.42809540033340454
izLw-GmkCto,0.6403869390487671
bSTKQr3xyv8,0.6493446826934814
DW1CAO5APuo,0.570655107498169
NyieotGNX0Y,0.17649531364440918
q-RzbVL8In0,0.6563428640365601
g0AwzYIRdMI,0.29394859075546265
Hq0daN8LVyQ,0.5983443260192871
F3rp-zuUo8I,0.14580141007900238
i-igmAff4ZI,0.5623937845230103
BKNHFIRO9Qs,0.2576020359992981
BYg74IYVELk,0.5280259847640991
4i1MUWJoI0U,0.34280917048454285
tcQ37OfknJA,0.5666377544403076
VyL6WzvIhUU,0.43244534730911255
C_pbRK2XtCg,0.06012217700481415
7BGFmtEROOE,0.4960504174232483
lKxbgy3n4cA,0.6056110858917236
GmHGUTNoL-I,0.6701976656913757
VHWu6JvzrJs,0.617999792098999
jREwKDkCC-w,0.42326411604881287
LNNfxIbbJfE,0.35011667013168335
hGTq39ZGHy8,0.38209226727485657
9o7KPoS0HGs,0.2834668457508087
L4aBqvbP_MM,0.27868226170539856
rESzyhPOJ7I,0.26933032274246216
psh_iNG3Csw,0.3986278474330902
2tIgpBKWRHg,0.643117368221283
ucQe-3XLEDE,0.33990806341171265
qMzt3yQFT-Q,0.24298249185085297
3g6P0lRXotI,0.2113562375307083
4O9VweDzThg,0.5584038496017456
WKWhdahMYrU,0.10898885875940323
wd_JwfXgFHk,0.3017106056213379
RdM-iEwNcpM,0.4788610339164734
TOPoY7jV4f4,0.07102341949939728
3dORV_XDoYY,0.4966086745262146
WfhqlWkG3Mg,0.5960286259651184
2RstiSCRE08,0.5058353543281555
tOyMPGtWbkc,0.386358380317688
YAI_IbIUG3k,0.47439032793045044
2LQyh_QwwX0,0.4552302658557892
6_AnYabucKo,0.532371997833252
NOX3oF_FJkA,0.2396497130393982
L9ssq0KufmE,0.44111737608909607
u70lZSMP9Bo,0.5518524050712585
9SeINAEJyIA,0.37756529450416565
TWUfOQp0FQk,0.47140881419181824
tU1hnE6klVw,0.6014435887336731
M1AiUxS2kRU,0.5571826696395874
Wi5OU2R_96s,0.45329952239990234
G73C-kC1IfM,0.16613203287124634
o0yzktFZp3g,0.18608376383781433
8O9JPYsxefI,0.3089500069618225
A5ughsPP2S4,0.4523122012615204
A-QoutHCu4o,0.44603651762008667
8pza2wj7nr4,0.41499555110931396
yavmYFuAOPE,0.5417788624763489
uxtWn2lsfYU,0.3958389461040497
1NhID0fY0C4,0.3459828794002533
coOo0G7ACYE,0.5789306163787842
TunbuB_bBb8,0.15106791257858276
FhhlMSpvCQE,0.35342031717300415
De_HuG7_F7w,0.31040138006210327
lBVYJcyCnmg,0.615646481513977
jbbNai2HHzI,0.5862538814544678
GAPqEAWW9lc,0.11925405263900757
W2DLNkp2IBo,0.2412872165441513
Ln5JqpP1Ccg,0.3674238920211792
WQjO1mMCPg4,0.40796002745628357
OTkBi5wX1QM,0.1413741111755371
ES5jQYZYE1c,0.5871797800064087
A4ciJkxxc98,0.340313196182251
RpdM7_N50jA,0.5879459381103516
wb9u2f_pbD0,0.6887557506561279
S3VZxB_iNoA,0.6250760555267334
yD8_zH3PUfw,0.7071175575256348
dnRxQ3dcaQk,0.18724581599235535
8jF-PnEe8so,0.5347257852554321
Fz829ayvlKQ,0.6678886413574219
wfxdOjIvBiI,0.4436214566230774
W0GpIMNTPYg,0.6118228435516357
KtA3Wp8eNgA,0.5268163084983826
Ji_slRovrmk,0.3806563913822174
1W-mVDuE6Ig,0.3994237780570984
aRyLYDs3cFk,0.4161791503429413
yhc0kS0ipJE,0.46653616428375244
mkJKjdbIuRg,0.3824566602706909
7JoVjhRFnGk,0.6996870636940002
7IX3zfnXOkM,0.6705365180969238
JIfKt49u-tg,0.5570921897888184
U9Vj_GQFGHQ,0.5614134073257446
rfrSLD2Q4QU,0.7548348903656006
Fzz-Pblbvqw,0.4618527889251709
0n5lrZU_fKg,0.3833746314048767
DtFhl98XsO8,0.457335889339447
v61hfc6u6ew,0.6548194289207458
a4HCULGOxN8,0.1314152032136917
FDEZalVUJRc,0.5296928882598877
7_uvEuNwUj4,0.2178630530834198
vWWuidYlf84,0.6900522112846375
KA4Zgy04N4w,0.6665012240409851
mfZcc1OCXTg,0.4786633551120758
gi6tZ-6D_fI,0.19275915622711182
GAa2yh1ZkNc,0.3750028908252716
qkj2UqvBnzQ,0.19145426154136658
NRI1rnf46eo,0.3935762345790863
NipDOZ-7BRQ,0.5129086971282959
LgKB1vUQZiM,0.36876845359802246
et4f2xo2-RQ,0.5722337365150452
ZGl8vrceu1E,0.34455400705337524
m8RMv0tkwVk,0.6870409846305847
C2_jMlNyVa8,0.5297428369522095
UYOQERY8STc,0.5234835147857666
nANGQ_9wD-0,0.369658499956131
cWxBE9V4hS0,0.3851233124732971
9xeO_o1nmo8,0.63728266954422
CGN_xByxGMw,0.6488914489746094
pHAI4t-G22U,0.331460177898407
uWLB23NCJHs,0.3493867814540863
E9Ij-HaqErk,0.590722918510437
-X94qpzUYao,0.6515251398086548
VEIJnNZX8Dw,0.494607150554657
-fsoLs94JIQ,0.5699906945228577
LhMUR5Y_rIU,0.5117344856262207
wUsZce2kKgw,0.3467257618904114
Ly7ToPxy0bM,0.28435686230659485
gg5PYU2CznY,0.1560964286327362
I8ktbz585t4,0.2754959762096405
plUboQZgkng,0.2293480783700943
YzlNIZyN3TU,0.38096359372138977
AXcpHtZ1cbo,0.34894227981567383
zfTd85XtJTQ,0.3736494779586792
TLS837FaO4Y,0.4714827835559845
i-lqILYtfoI,0.026209477335214615
YTjIwtb1oN4,0.241068497300148
dxU2HFe7tmY,0.40198853611946106
82RIfy-gRa4,0.5092759132385254
9hX4r0yOAb8,0.6062940359115601
hFV71QPvX2I,0.26115739345550537
qWgOxp9v_kE,0.5442818403244019
KbO6-C2Yajg,0.40910980105400085
PINttscIAEo,0.45754969120025635
o-A2dc_2daU,0.668580174446106
0DKaD_htPPk,0.6731948852539062
aF5k2V0G2Ig,0.012225141748785973
OZbWtUe5B3Q,0.5714977979660034
7rm1iP5CzuE,0.5441762208938599
AxforGyezHc,0.5696884989738464
a4YqNoLkmxE,0.5522973537445068
wPzUAIX_IVE,0.6210823059082031
xjgAtojvIJ4,0.5149088501930237
_8sq0BQ3Sc4,0.5063715577125549
Mq0yEI_xpb8,0.32571619749069214
cjJgUKwmX3A,0.4238359034061432
5BEbJKtSLs0,0.5503320097923279
JSJ_h3eZagU,0.29811179637908936
SwW5hwX47MY,0.3736635744571686
5n1YmpM2DZ4,0.47285979986190796
KRxBLwN4PI0,0.4458039402961731
G6l_Wby46Xo,0.2374957948923111
pP1Yg43FREU,0.06082911416888237
e2QuVrT9V4g,0.24251234531402588
l8f4moBLpEU,0.521611750125885
7yTt9N8_5LY,0.19814752042293549
-_hbPLsZvvo,0.5611493587493896
2ssz3YWFOdU,0.567773163318634
WpHtn8uay7I,0.5584293603897095
nsmoGov8bTI,0.4194992780685425
Ew-b0KTPSy8,0.44545188546180725
CjHlcRjfB9E,0.3451943099498749
P4d8QrRJvsE,0.30961066484451294
5y6v5qcYwHo,0.5712571144104004
kKgLIZpjnPQ,0.34159955382347107
kmXrN79zsa0,0.25737354159355164
q_6r6qnUVfk,0.7424508333206177
onXrz29hBGk,0.45156484842300415
Sjr_DuMjioQ,0.2932806611061096
JxpZwgE9TuA,0.04790402948856354
zvduo1w8ZiA,0.1740850955247879
yKeOPsptTwE,0.4800941050052643
4WsU4417o9U,0.6126841306686401
ZHrkb5vxIgk,0.25858548283576965
TYrZ8grFNIE,0.4962613880634308
bPumdHnW7f4,0.7362604737281799
nc0R3HQ1axs,0.5246437191963196
8M4-mBGLPeE,0.39614659547805786
fmADvG3x7D8,0.38566702604293823
1XALOZptyyg,0.3342941999435425
0S3aH-BNf6I,0.18225325644016266
pZYC6i9AEck,0.2936367392539978
VxFjio-xfM0,0.08951759338378906
MMs9FLn0Orc,0.6442912220954895
mdulzEfQXDE,0.3316243886947632
Buc-2L29Uig,0.6513040065765381
Vjl5xGzkNvI,0.5449197888374329
ey_L_VzPwEI,0.46964001655578613
s4n6WGRHezA,0.29450809955596924
PmxevAwOGM0,0.27019402384757996
aAVVff2U_Ko,0.49343162775039673
2gDB8r3mBrM,0.5104487538337708
mTw88PnXfNM,0.03851364180445671
lpM0aqIjzIQ,0.556099534034729
oxgnlSbYLSc,0.6096172332763672
85gf1oN2uvo,0.4285374879837036
qf_PtaIdx-M,0.49306046962738037
8TrW_KUBExg,0.6163533329963684
ZtlI2Yhiivg,0.4545641243457794
9gD0K7oH92U,0.3561071753501892
AMT81RBJihc,0.38461625576019287
fJF9sT_kL-c,0.662939190864563
jeNTCi2ntdE,0.338434100151062
J4DCp1w6kPY,0.3461843430995941
J3D0NvIINVM,0.14328521490097046
IfFfevlkWCE,0.40166980028152466
hf156IK8y_I,0.4628848135471344
4o0cU2-IlCE,0.46003368496894836
qGtxQ7ZaBrM,0.38469547033309937
IdcZNFVp-bY,0.531558632850647
Ga6PDPR8gsE,0.6098653674125671
Mw-x-7tbq20,0.5694433450698853
fblKtKAAF2c,0.1755029857158661
x92mfhWERew,0.29435259103775024
jVZiPRYrbZo,0.6621242761611938
ryol9sVk704,0.7481207251548767
lPBTdSfLBg8,0.7172658443450928
6HyIEYZOPMs,0.21296659111976624
FiR2iiV9E68,0.6747786402702332
CoV1K6Yd79A,0.5251426696777344
TnWLNENup1M,-0.03915367275476456
Dj4cP4PMPPM,0.4717373251914978
EwnDa434KaI,0.7104535102844238
lXv_Sd3nmAk,0.44989708065986633
iNr9xdc6cVA,0.610870361328125
NqK1M7w5UQ8,0.4757981598377228
8s_PCzJfIio,0.28269654512405396
5NQjJ7vRRzw,0.49156105518341064
GmsrMUnTBzE,0.3506419062614441
Ic5DdDauuh8,0.48275572061538696
rJnrkMSDBls,0.19837886095046997
onavYjbyuAU,0.5535771250724792
wcWNl-Q9P0w,0.5918477773666382
M9gFRXw5-kI,0.20515863597393036
2AM6v3PQea8,0.4393378496170044
62bVn7E8gyk,0.6076674461364746
oGDvnKLtXvU,0.6393202543258667
kcioA68GkyY,0.5663384795188904
0f4sUNWkq60,0.45588693022727966
ZS9tdp6ThFA,0.49082186818122864
XJPA6EIb7h8,0.2561919093132019
_gBnmKOixDM,0.5065858364105225
3b-3CnkcVpM,0.4402671158313751
_-vZ_g7K6P0,0.5618408918380737
MW0WoSPJ22o,0.28829389810562134
fyiyPRN4dqE,-0.014559478498995304
JaigxZk_JyA,0.11912902444601059
U_2gNhjAkjo,0.07105794548988342
iFUOt5wfXHU,0.589687168598175
pVKEsiNMPNc,0.6445213556289673
VWbd1vxUxds,0.6675980091094971
ewu_7Dmj_18,0.6633153557777405
fbiC1mBGBb8,0.5828863978385925
JJTmwWMIhJ0,0.6233010292053223
cOi2nyiWFmY,0.1564609855413437
VnzRFyOMD4U,0.1664164513349533
5YJCKT90km8,0.3455430567264557
5mBXyXR9aXA,0.23239430785179138
6ue1z_JzWtU,0.5428685545921326
RYUf6XLxa5I,0.2564314305782318
KkEeOrhjaYc,0.5745707154273987
OKkBkowoG2s,0.5890107750892639
qzxSaUmGXnQ,0.451754629611969
3oStcXtuDp4,0.0867438018321991
qERHIFVlZR0,0.6628828048706055
6dNGF9PRkBY,0.6134060025215149
dfeqKsgTjPo,0.16570508480072021
W7WMs9xddeU,0.596602201461792
XCWxKwU_Qd8,0.5782535672187805
0k7cHz-iQ4s,0.026017555966973305
a15jXgmTBbU,0.4512321949005127
vK6a6uYJBhY,0.2744501829147339
gKfJ-S59iN0,0.5270498991012573
4wY4NNGW8LM,0.4095257520675659
bBFSETVZzvk,0.5765830874443054
JsYNgHbhwaI,0.48813533782958984
Oym7mRkW-pU,0.23881669342517853
hZLahqMZ1Z4,0.4159403145313263
mkBO1AThsvQ,0.2890535891056061
zvn7Zaq03VU,0.02303474210202694
wzhUYwx34gM,0.48695552349090576
LCiWNRi3dq0,0.5654401779174805
hXYoduN0kWs,0.5737001895904541
yRicasJ4i3U,0.4742199182510376
w83RVp7QlF4,0.24404262006282806
xvNgan6ghU4,0.35580071806907654
sStxk4mv_DY,0.6939762830734253
S7S5FKCRnPo,0.5089865922927856
wEDpOuJJllw,0.47874900698661804
HrW63XRYJGw,0.0712311789393425
tAkXfdFGd5o,0.40514177083969116
0xTSWW7a0ak,0.38758641481399536
YWwqkKdv23g,0.3194417357444763
D-sgJyjH_XQ,0.6783192157745361
zGtDz_rGgs8,0.5478928089141846
jdlglBMoEqg,0.7409510016441345
mN47CXTHOY8,0.5431132316589355
F6knNBAJOyU,0.45294734835624695
wj0qx56cwOw,0.4937816560268402
G7KK_-i8eac,0.45302578806877136
9ddSq5mQhTw,0.2092539370059967
Ff5WfuepdcE,0.4999072253704071
WKunHXtQYuo,0.6137468218803406
67Aeyxs9-Lc,0.5640150308609009
b-eCsGN_gxw,0.5030704736709595
tBd1Am7N13Y,0.2929999828338623
36jPIdNntcw,0.3507481813430786
OKK49JXNeC8,0.6276530027389526
6nytBvacyzQ,0.4970798194408417
LZ8yTs5_T0M,0.5638537406921387
sbuKpLABBtI,0.5067060589790344
TRuPqaFWWpI,0.4303107261657715
ZuefN1LCMiU,0.43799957633018494
ISGnoc_cXA4,0.662747323513031
zwcVmX_9jFM,0.46830320358276367
f9somyEzpaY,0.49695396423339844
cQdn1kbBVcg,0.21243564784526825
1OfL1jke76E,0.4528312087059021
VcMIeyjggbM,0.48577409982681274
LoGzbn_HVsA,0.14853927493095398
1wAZqipDQ8Y,0.509871780872345
r161cLYzuDI,0.45925652980804443
aPr4gQc7AyM,0.3948823809623718
qO_yAs6dPmI,0.5191205143928528
EKsBSKOA3hQ,0.38440626859664917
ZiZx1HKE3UE,0.4058651328086853
ZgJeXyUPwLI,0.29359710216522217
6gUY5NoX1Lk,0.31491053104400635
wv3X5uHGKKs,0.4414133131504059
Qq7pkSUGMpg,0.506855845451355
zEdQoEW9rWA,0.7013710141181946
JsNt2_KHVYU,0.7256255149841309
w9x9cpt3MV0,0.6179401278495789
MxxhKeXOp_M,0.4641856253147125
8crpSnfl6Hs,0.5985203981399536
ddV6jyDeCKA,0.6619554758071899
RMjJG0hGkxY,0.3236978054046631
smTm7ESzc4k,0.521084725856781
Jr706UDEPEw,0.40656089782714844
Gx6hjtMxNVQ,0.7172940969467163
9EN5YFY_GZM,0.06760254502296448
2ONT6-8B94Y,0.24521712958812714
eVgmI-YF16g,0.6670254468917847
v6LJ8kWEcOM,0.4152487516403198
TPMmm3cy8Sw,0.6057552695274353
EZhgaXXQ9z8,0.3074376583099365
f9IMkhcZXn0,0.3387644588947296
YHtpXNYxk9Y,0.5672597885131836
LPL2jUURD1I,0.5173525810241699
qBm7SZ_WjYY,0.34446442127227783
26IjVMqoTIs,0.4943842589855194
Im0Tz_GENao,0.5511141419410706
aqNR429SuAk,0.3566228747367859
95Tc0Rk2cNg,0.6974838972091675
Jn5CvDgaZSc,0.6408013105392456
F8pLebqfGVg,0.5332350730895996
7WdRyXluk9g,0.30300173163414
k1MdKI8kiXU,0.2039235532283783
aI0brXWE_Cs,0.45605647563934326
85t40mxxzEI,0.2681983411312103
Xnk1HTGHAjw,0.4431498646736145
WJOBZb4_kCA,0.41876423358917236
t699W5_NJF0,0.568636417388916
iq6XepAVUiQ,0.25762689113616943
tHrE6BKIXrg,0.38453418016433716
jKoxgxaNXEk,0.32240617275238037
U33FFnEoc4g,0.29890793561935425
5erSZj4x0WQ,0.344692587852478
xlS1OfYvurI,0.5963419079780579
_unAfYphJjY,0.6304612159729004
lYo8y-HHHXg,0.2567034065723419
DmQgcHjJuKo,0.5307812690734863
ONjVIeJ0HZg,0.5213066339492798
Y2Vc4ruT9ys,0.2775351405143738
EAflrU4BKvc,0.5516140460968018
JCmWp4KB5zw,0.6874740719795227
wEJMsezPgH8,0.5824849009513855
5c3QSOoRDE0,0.37036898732185364
kxULeLzgqxI,0.24525445699691772
Aw576b3vubA,0.719012975692749
SGVbdo2CkgI,0.5019781589508057
-eVBSWATkJY,0.5948590040206909
OMqTZhgvfGw,0.20335300266742706
TmMMwuqvCu4,0.5496031641960144
lJPgOG1UgZw,0.5854441523551941
A5IozaDvlG8,0.48921871185302734
n9IFaBH2vdk,0.30421796441078186
96LawfHPh6s,0.3205088973045349
3Ia2kEaq1d0,0.6348206400871277
EAzXjhZu-VM,0.42173898220062256
GdlSsrvn1vs,0.3072482645511627
6hCIN6Gctes,0.2919512689113617
qxTMiJH-lcI,0.5716756582260132
VBTAcACmcgo,0.666942834854126
4QFINtHGivM,0.19025540351867676
rSlCVtsx3-I,0.48872217535972595
VNNLwdBI7Gk,0.663262128829956
vKbyfdJXoDg,0.3672129213809967
pfD3AsJjt98,0.5217817425727844
ZscMZOBOM-E,0.6029825806617737
6FVlTmo4d60,0.6468560099601746
LWw8Xw--Qpk,0.630564272403717
O4GH2czFGvw,0.4480801522731781
HctL2ySCyT8,0.5383144021034241
5IZrYeUX3MI,0.43258997797966003
86z_1VpOHok,0.3944753408432007
XHOc716NRXQ,0.10097812116146088
QnMs5Pq7tjc,-0.027144916355609894
zFN9EU4Zinc,0.36618006229400635
KO_OatBerX0,0.2516680359840393
AmrbqzSQHsg,0.07203987240791321
eGHF9UIVHKA,0.27858638763427734
_KuGizBjDXo,0.4966474771499634
Nv3sYb8BY_c,0.46641236543655396
1IKjNrgDeIs,0.3180987536907196
3zwpDi6Gt_8,0.4053163230419159
cbBKoyjFLUY,0.6664447784423828
DWVB_5IzmrM,0.36570024490356445
Jizr6LR83Kk,0.6679720282554626
wtJDy3WuUQM,0.5546229481697083
hsPbUR1Dj3s,0.4362488090991974
mWwXmH-n5Bo,0.3172087073326111
WhyCm4aKHOg,0.7047152519226074
XTqeVMnhmKE,0.3198528587818146
CVhNbGc1bYc,0.6090623736381531
qbi_wVdlb-Q,0.47470518946647644
Fckf8lO2eJ0,0.5064668655395508
4zDZ3clucMI,0.505990207195282
qmKLH9f-vJ8,0.577458381652832
p0nqexbrs9U,0.5361975431442261
Vy_Dj_YSEsE,0.25558826327323914
37OPB4f9gzE,0.6368400454521179
LnOcGSpB2lA,0.09444420039653778
1VjvfMmpvfA,0.29419371485710144
mWeGfoWB9ZY,0.6478703618049622
AjMhJlrro_k,0.1709972321987152
hSDpAnvmOww,0.46433156728744507
4_7AwPAXzKk,0.34234464168548584
W5K6YymPe_M,0.47226518392562866
hdTtqIqxdEY,0.09624988585710526
1AxLzMJIgxM,0.4973715543746948
Fiu0AS9b1so,0.4335780739784241
b80PUuWeCjA,0.5425058603286743
U-oqM6NHyX4,0.5921923518180847
QZfqhOD6RgQ,0.5194153189659119
_J6hGcU1j5Q,0.6789888739585876
FTKtfUMqMP4,0.6138524413108826
FekZTMQ9ovM,0.6020750999450684
PNdwFftpndM,0.6137747168540955
Z_GWBW_GVGA,0.42052000761032104
lZ9Zpb7oWUk,0.6406662464141846
cngxhYvzVJ4,0.6460758447647095
_38JDGnr0vA,0.5567975640296936
QLCOF6rImxw,0.5285858511924744
DeYzL9kJ2PU,0.16382138431072235
K46Ez-Igc9E,0.4735623896121979
KwCWP-FCy1M,0.16458117961883545
ZLNarQehTwM,0.42894813418388367
YAk_SNu1QNk,0.2427409291267395
uqOmD7vEDHE,0.4606841206550598
FflcA85zcOM,0.6380171775817871
Zii22W5Z1jY,0.4706076383590698
tjVC1C7dkOs,0.39517199993133545
aDmvXdhhfu8,0.37996727228164673
wglDXHRqVY0,0.3965628147125244
bMqw5RPqppg,0.48160219192504883
BGlCdSP2I3A,0.592031717300415
Z8wLQ3NCBgg,0.34637537598609924
kO2pP0nF6Fc,0.3754633963108063
rxFZkRTlydI,0.6534721255302429
Mqkx1mYRG4o,0.5207999348640442
MAaKSHB22vU,0.7007730007171631
8lBvC7aFB40,0.7423049211502075
ortDyBY9y74,0.45433998107910156
odSqFsCR9ag,0.46606096625328064
QQvuf7V5WB8,-0.010360063053667545
5SoZnymBSC8,0.5775706171989441
FplmvpBrfco,0.5514459609985352
odF4GSX1y3c,0.7395808696746826
_H9TyXiXM2k,0.2611550986766815
fnortnOBv8M,0.43796151876449585
ueFDOAgzrRU,0.5944777727127075
s02LBpkqAvA,0.4984867572784424
C5Lbjbyr1t4,0.5333207845687866
ihNZlp7iUHE,0.6447349190711975
S_ifRtdkstI,0.5986027121543884
C9hDdSZq8Qs,0.7141135334968567
rGWmONHipVo,0.6259588599205017
rjfWjgO3FOE,0.6123124361038208
UfOgf9rT-Og,0.4254223704338074
EmqJMixThzw,0.1945498138666153
jZKIHe2LDP8,0.5799567699432373
SXV2lc0qqnM,0.4296938180923462
5A_o-nU5s2U,0.6232180595397949
zwAM5UnGd2s,0.3453122079372406
mZq-n3iFr3o,0.26412925124168396
3G31Ag55ZJo,0.5463045239448547
PzPW5msevJ0,0.4815797805786133
41Q20KkhOug,0.4806240499019623
zbVtiPg3St4,0.42325493693351746
Yaou-qomTrg,0.23006753623485565
hCUUPg3tMzY,0.30469977855682373
E9oZh_DKGQY,0.7526712417602539
cEOzkvtsTPs,0.5564621090888977
XvvYApgB4AA,0.03140266239643097
G71uslvFzOM,0.36818727850914
0CqErSY8MgQ,0.2650051712989807
I6rVZ94Od8A,0.4303593039512634
eVcoivuImXQ,0.47501322627067566
x7uqMF1xPR8,0.6249697208404541
rh8wgqXtnII,0.5002409219741821
39KUEJCbB2Q,0.5749812126159668
cqJnIeaaAhQ,0.42159730195999146
2BRsuKIr7lg,0.20690949261188507
L93bcUoLT_E,0.3138695955276489
yjnyFkt2Go8,0.28801628947257996
PPdOB3gPnQI,0.48656874895095825
QTCHPglmCGI,0.490480899810791
p1cAGhppM24,0.017980175092816353
kiuDR02UAZA,0.48245400190353394
4ZLGy8VkWM4,0.03826649487018585
szzUfDkoYuM,0.5177491307258606
RWc8V-iKJ7s,0.24768295884132385
yihoIvUBDM4,0.7507821321487427
s_jCDVN23fI,0.4169687330722809
GBDB0ZdYJQg,-0.08358697593212128
bvOstFxpX7A,0.465300589799881
ENpULQ54PSY,0.30124565958976746
-VFEZLsd5RQ,0.44811779260635376
waZII8dRI90,0.4601045846939087
5hgJOzmXtWw,0.357297420501709
vvDwAOcFn18,0.4406948983669281
SdbOrNLcC0I,0.584412157535553
75nPBgUINMA,0.5417734384536743
iRIvZ8x8sfw,0.33948269486427307
oL1ZOLo3s7s,0.18693602085113525
WShss20bz4U,0.4345749616622925
3vP8b5w7_YE,0.5524566173553467
MLKrmw906TM,0.41267815232276917
UjaAxUO6-Uw,0.6711390018463135
LNOAC1HYSKY,0.5477685332298279
nEoSBL25RO4,0.5441371202468872
m3KYyk5NnC8,0.4384757876396179
FRDGlIJTVt8,0.6389498114585876
BqcXEb93-4A,0.3650953471660614
-qKMK9LGI1w,0.3965443968772888
_M7OO9NrEzI,0.7198315262794495
fpnE6UAfbtU,0.528093695640564
cF8QjYwEpFo,0.516949474811554
Dm0uU6SIxZ0,0.5244806408882141
0yQsgt0MZLg,0.4492145776748657
5cjWNwnQDsg,0.7218198776245117
1MAqvbASIXo,0.4691216051578522
kAYYwfKlr3I,0.2867966890335083
IAikFyk986g,0.5334250926971436
iMkVwr-K4WA,0.4386938810348511
8SWKMMMvp-g,0.6870883107185364
Xg6wzrc0aNA,0.6798748970031738
mqZVcHikifU,0.6942517757415771
e3UqLAtdZ04,0.5734238028526306
ATZFjJA2izc,0.5541399717330933
GC_ztQ-3Puk,0.40608304738998413
LdoiBdNeCbM,0.2856083810329437
gRpxpxGfjhQ,0.5926051139831543
5CVJsVnXd6c,0.08858757466077805
NL9lQ-DiL80,0.37312066555023193
TjeI6iyPOoc,0.7126920223236084
468Xn6KwIvw,0.313118040561676
WkiqqE1GfS8,0.4004404842853546
zyxjs_-xe8Y,0.44754651188850403
QU3gS5mKMbQ,0.6866074204444885
JbK8uKuq4Ac,0.41337040066719055
zqWdmP94a5E,0.300523579120636
cehUkHrYS3w,0.5412089824676514
6xDLqHRzhL0,0.24087980389595032
UHiGHyuU-Os,0.6453017592430115
v3BCYSTsyTg,0.4801781475543976
AMW0WmElX6M,0.6261180639266968
xLOi_bvWXEo,0.5148677229881287
fhF2XRWpZQQ,0.25648990273475647
ThiRef4jp9M,0.47218602895736694
lCWriPrlz10,0.20013228058815002
TkObLEgXnIU,0.09565821290016174
DkWWnXArezQ,0.5316738486289978
VOOMjaLU9Hs,0.4617118239402771
0qYlSa7qdRc,0.30904412269592285
XZQcBJ_8BQE,0.5236445665359497
d6t_wE6yMbg,0.7795895934104919
K8rI0KCIQBE,0.4315306842327118
JVN5IoY_Ov8,0.2979580760002136
xHZ9SwTk2UE,0.48861706256866455
U68G8up1-qo,0.35087352991104126
50ugLvQbpRk,0.459111750125885
s1z4HL1Hu10,0.5041823983192444
U6NUxYibbJk,0.6489027142524719
a2YeK3NyqMc,0.17991456389427185
s6KlF0fSeSg,0.40678882598876953
DgwYFFkE8gc,0.3815162777900696
HRfA33ibr80,0.19383181631565094
7exevL4PBgY,0.44941067695617676
12dAbyZc14I,0.27548280358314514
Ok8rMT2KCy0,0.5411006808280945
DUifCq_mWXQ,0.5239783525466919
44eikamC9hw,0.34619176387786865
yYB-syEBUp0,0.27654731273651123
GTmhwHRQ1ow,0.36937806010246277
-xGC8KlYcRA,0.435149222612381
0AzSZP2FrV0,0.26767632365226746
t7-BAJEnO78,0.6032314896583557
DHBalZTdim0,0.2544434666633606
GeCrvPe3FjU,0.6031894683837891
lYrqvYewUIQ,0.6723504066467285
cT4FFpW_My4,0.2845700979232788
BVNWZBXV8WM,0.6512778997421265
Evl1fc4MikY,0.3789949119091034
vIu4gzg5i4Y,0.1583823561668396
DeB3ZleOnKM,0.22729671001434326
0EPY1CKFecs,0.571053147315979
VJufKeKV6t4,0.20387372374534607
lSXNqsOoURg,0.6491891741752625
H39qprY-UZk,0.5486856698989868
wDGZLo4YKSg,0.636018693447113
V9kvCJ758fw,0.456196129322052
npk5FUSxFos,0.13304662704467773
rYwaX_Z0r6w,0.621574878692627
YCjCZJdim-E,0.0839468240737915
nKalnuB7OgE,0.2839081585407257
Bck2lp38DOQ,0.6214853525161743
84BfX8sBnrI,0.4382919669151306
s_rCF-ja6Q8,0.45164114236831665
sx4dnUWh9Vs,0.6872808337211609
2J3h4khMLXg,0.33870136737823486
kFNgsE2670s,0.6669265627861023
rA6hx707x8Y,0.532011091709137
fdtwK01ak4s,0.41964641213417053
8JYP_wU1JTU,0.28919628262519836
LMf7gAzh7qs,0.6386556625366211
1jxYcPSJ7sg,0.42623937129974365
LvBODTFs28A,0.7039681077003479
Nd6FU6hT3t4,0.5101668834686279
UfKmSfgFxi8,0.25708645582199097
QGgZmu-FjxM,0.4458022713661194
yulvmU0BLiI,0.5115757584571838
o1MK-zkM3qk,0.6174474358558655
_J0bLR4vYrU,0.07253213226795197
EiWdTTRVX-Y,0.34969234466552734
oUVbZ1uK05M,0.18959346413612366
nhLiN_d2gfA,0.6630863547325134
yLZINRgTz4o,0.01298734825104475
wkl93BqYJnQ,0.2671186625957489
M91oUw8Hd6c,0.4543507993221283
-eWWG1Lc9_Y,0.35028111934661865
_qkaRSiGUY4,0.5408267974853516
MRI8ffYKA8c,0.5598595142364502
-XxhX9rIZjM,0.3997724950313568
UC5Is8gcndM,-0.06345892697572708
PvJxxQ79pIA,0.5938510298728943
DtvpgLQ4KMw,0.6133002042770386
pnx97u-caCY,0.6365630626678467
eQA5BaLMHFs,0.675724446773529
y8w297regSM,0.24138382077217102
0r1M-JXGn-k,0.30300602316856384
NY209Le027I,0.5582468509674072
SseHHn90bxs,0.3883722126483917
lSVLpzGseXw,0.4431953430175781
zDgBUwhUAVE,0.5655501484870911
6zvspznTdIM,0.29618513584136963
v-dfygYIfLs,0.5048055052757263
wHqQzF4JXdE,0.5986637473106384
PBgSDD4JIhM,0.6779779195785522
TCrzE-bBt88,0.4365890920162201
hu3ZIfNIzuY,0.11069318652153015
RNKyErEjxiE,0.13406328856945038
XxutY7ss1v4,0.8498674035072327
Of3LoqnCYn0,0.37268468737602234
JVULUQKL_Fk,0.32185646891593933
7187SoBl6d0,0.26318955421447754
2wQQh5tbSPw,0.18580828607082367
-X6hR6-dwoY,0.6185680627822876
Looyvy7QsiI,0.39935970306396484
xjDqITi_rjA,0.49026280641555786
JYaIP8v2HZA,0.28608188033103943
y3SBSbsdiYg,0.6288804411888123
RJlEH5Jz80w,0.5727986693382263
o3bTiWl3YS0,0.5627361536026001
USuY93sovuM,0.36305758357048035
P_hBp1sEwfs,0.5856230854988098
mU38QDKmiTk,0.39124175906181335
OBlYIHuyXVs,0.5910422801971436
LddOP6N5cE0,0.4960648715496063
L4PKj9UNyGM,0.4823782742023468
wBhhlE92mIQ,0.6488192081451416
JKHH-xbbTRg,0.5742301940917969
qyty7PL8Xf0,0.42067277431488037
Xa_t8n8AalE,0.46416547894477844
jdp-Wyh20Tc,0.6777339577674866
xdIjYBtnvZU,0.21150223910808563
ZGSVobnGUCE,0.5301917791366577
H0-WkpmTPrM,0.3101294934749603
HVhli9AtJZ0,0.07922805845737457
1GwtKtCQnYc,0.29768580198287964
HusZbDM2fkk,0.2543972432613373
HSHcBxGQVrQ,0.8183728456497192
JgEkxi9H1vg,0.42963647842407227
ynE4p3wV3AI,0.2670479714870453
Dm8UgpWvxjY,0.33249080181121826
AaSisDI_kv4,0.3486841320991516
bZ9QzDLBG7I,0.18908318877220154
sP5wyJGLih0,0.2781851589679718
KlrWjq0UhbE,0.6278129816055298
4w188beHMto,0.5821335315704346
1BlAah7q_Qw,0.252129465341568
Ie4oeMp12CA,0.3385636806488037
5mZovjRlkWs,0.4828728437423706
aNx-1qiST3k,0.5073729157447815
aeT8-BqNDws,0.4439743757247925
6D5APuZtY9A,0.35981065034866333
-0_lveHgGTU,0.2504018545150757
cbOti79_w58,0.5478571653366089
9gFW47rBoyg,0.6020281910896301
6Ng4Tb7On88,0.5963263511657715
beZFLT0Ixag,0.23253192007541656
F6IVGNtdrdw,0.31537696719169617
vcn2GOuZCKI,0.17231494188308716
-wa-qgApGQw,0.6848048567771912
ODRIEOFw-lE,0.27645376324653625
cHEIue7P26A,-0.05536874756217003
m0ABOrxSKsE,0.47778773307800293
k-Hw_5kaYk4,0.5218024253845215
NsPpqn4rWuo,0.13147225975990295
olQw2CWY7yQ,0.5140377283096313
OSLyf8i-yWY,0.44311821460723877
zVuuooZqVaU,0.1521645188331604
JQ-1Ts3BChM,0.5054025650024414
ZXUcCwxdZxY,0.4184498190879822
gUqkD4qIWY0,0.5665135383605957
_fHoAjOmHDU,0.6323896646499634
JKQXdCcfqQI,0.29013293981552124
unAk_WU4h8o,0.2770386338233948
b9kObWBkHDw,0.6004669070243835
7QwlT5f7H1c,0.6282554864883423
nfWKsp3uT7Q,0.5227429270744324
buAzVkcH4YI,0.3390050232410431
tCJSEGqN_e8,0.5121488571166992
R2Cz8l-QKts,0.6236419081687927
7yNDXjIiqQ0,0.43683135509490967
ZMSxwX8TWbQ,0.4839943051338196
xkhUJta0rcs,0.4461880922317505
53Jb7Y6eUUU,0.6282569766044617
gvMHs3B0GqU,0.6211294531822205
7_HezXbLxa8,0.41417786478996277
J3FJgWVswFk,0.10637844353914261
75UQLg_x-P4,0.5392394661903381
nc0lNWf8ujo,0.44335025548934937
IGrVg-ZOGig,0.6303280591964722
mHdy1xS59xA,0.6512029767036438
_1DTzRjQuME,0.43654173612594604
dwa01hHvRHs,0.5069361925125122
WRhLXNKJZpA,0.19422321021556854
IesIsKMjB4Y,0.7897287011146545
r3rUslJBmbM,0.47065266966819763
F8OrmGAIqI4,0.5888264775276184
-vSYJckIfi8,0.12234583497047424
LKA7oSeoNLU,0.44470643997192383
9hPIobthvHg,0.36112427711486816
idKjGrcMCt0,0.6414119005203247
EfqVnj-sgcc,0.6874728202819824
ZI3iEeja4_M,0.4749610424041748
eXR1olg_I0w,0.639831006526947
qTW9Q7KE2iI,0.45720043778419495
-LuqLb7c6s4,0.5128542184829712
tOyTjXFeHDo,0.6410001516342163
JbAPSJq2A_k,0.4429522752761841
7t-NZRA61_s,0.5406736135482788
zkbPXIxrTgI,0.3725728988647461
4lm75v4Ndlg,0.27949073910713196
EyTfByRrWSI,0.15789316594600677
kOLpSPEA72U,0.4192540943622589
hMcMxn69F-k,0.003495285287499428
7BOy5nLL2Ow,0.6207017302513123
sbiCTHpnDM8,0.3845849633216858
yV5AfuGSdU4,0.08440695703029633
RFOqs7v34ak,0.5258636474609375
TCr7Qbo2Fag,0.5662589073181152
LEvS9RXN43Q,0.5650368928909302
ijLc52LmFQg,0.6422519087791443
iwyGbbLSsMI,0.16433405876159668
Mswr5cic_I4,0.6031002998352051
216fJQOwjAE,0.72503662109375
EjZNK7V5lR0,0.5648897886276245
lK23-zm-qQQ,0.32990533113479614
kyBZlNKr10c,0.32926052808761597
9b6Hp9bWdu8,0.6184754967689514
bjwYJ11RDcA,0.04882395640015602
0HefV4XQFcc,0.3761719763278961
-Z4ukxWFNuc,0.37692949175834656
0U8zD3RL2zQ,0.6051762104034424
Ul2W7IRanHA,0.15032613277435303
nwecjd336Po,0.5242095589637756
iY5sUfKgWsU,0.3288916349411011
7UVeXaV4mgc,0.5350388288497925
aD3pUDIAoBY,0.515978991985321
PBou1uIhLYs,0.4543585777282715
RhNbHQwxsX4,0.5192826986312866
Q5LArSl6UkY,0.5595292448997498
sOpuSRj7IN4,0.4939083456993103
7QZ4RboU6_E,0.5578178763389587
hfB27ctlAJs,0.4952371120452881
XZdAfqxfQ0Y,0.18368878960609436
mKBLfwVEKP8,0.311805784702301
U3M9hidlihY,0.3177877962589264
XPGUjA2lykI,0.3497205972671509
c3Pqt771hqQ,-0.05535735562443733
Ofctn7Ulh_o,0.5027538537979126
_m9_HVdIeQM,0.3708842098712921
cRVwUVRPvm8,0.459261953830719
WbPwf9STNBg,0.535801351070404
s6IJKwEs-RU,0.708723783493042
uFtt_zGKMok,0.48805123567581177
YzGZPTxqlms,0.2619549632072449
xtOv_jPk1B0,0.5231851935386658
snniTFCvvpo,0.4621172547340393
rx_B-hmWUbE,0.44575539231300354
-yli5nAfiyY,0.39689305424690247
-a9UtkHkDec,0.5562773942947388
JmrpfzId6i8,0.2905956208705902
qx5KOKjwoWA,0.2254955768585205
i5llRygr-0E,0.6546248197555542
Sk8nvfbjo4M,0.2805425226688385
EcMC_3B3mf4,0.5046366453170776
Eobtp2G7d7o,0.3776891827583313
pH5qhadzPbU,0.4309523403644562
YiJoN3DU4cU,0.2399393916130066
OK9udPK5a4Q,0.0071250274777412415
oOtqbAxRkyM,0.3691655099391937
KuHL7hiFTnc,0.6477644443511963
NaNkgtEnrW0,0.330395370721817
1T4XMNN4bNM,0.39405566453933716
iR4nF18vyTk,0.3071877062320709
Qja4z1HGDQo,0.26560038328170776
4JiVJxkHaU0,0.4669743478298187
51HzOxJhVgk,0.43922701478004456
qHrGehGbMCs,0.481077641248703
zrzxFlXuIRM,0.47637099027633667
EHyXQMl5t3o,0.35942748188972473
2NromoWOzn0,0.08189760148525238
X4xL702nB0w,0.46426695585250854
nAyKEJUc6gM,0.24927324056625366
KKoOIyhJwA4,0.3370935618877411
JDUEjjK2YRA,0.49131476879119873
E_1JYNANuew,0.11947644501924515
ValBetFbshY,0.21361246705055237
Z7eR1e0WE4k,0.13843758404254913
Jtgg0Mhe2o4,0.15935292840003967
W-j0kFE82jk,0.7269116044044495
U4Td3OJw1lg,0.5287898778915405
nUzbZI_0p5g,0.4784211218357086
CAiUHJoaDvw,0.638527512550354
g46T19sztLU,0.5396500825881958
Xc6EsA9wFdU,0.46131402254104614
UKAHm94d80o,0.6445122957229614
yN1xldL7lAE,0.6147674918174744
RNMrrsOCzd8,0.47046154737472534
XfU3QiMz9mw,0.4504258334636688
X0-TbUUXDtM,0.045662447810173035
zKSdnj2A7w0,0.5611338019371033
KELLaFv-aAU,0.03644648566842079
73PW56YHvXs,0.6195471286773682
dpuWsgv-JrI,0.5457605123519897
Oci9sFH721I,0.5471009612083435
flJu1ZojguU,0.5077397227287292
Br63rn92hPw,0.3223840892314911
hAHK7oXsut4,0.41511571407318115
yHftrMKYgmA,0.5692372918128967
MHB6viOnEf8,0.600371778011322
Gg0TXNXgz-w,0.5942299962043762
_Cv5ldhxpLA,0.5109967589378357
_zCDvOsdL9Q,0.43173208832740784
U3re0A_Piec,0.5042284727096558
pyzm1G5si5k,0.49349573254585266
5ghJwOZSbIw,0.31425052881240845
EMTLNCyU_Cc,0.6954815983772278
WaEKF2eFbG4,0.42735111713409424
Q6TMUrYPr4s,0.28860539197921753
YZ07dhBmuds,0.6079720854759216
ufGlBv8Z3NU,0.22249482572078705
3ih9QXqYi28,0.408927857875824
tdFLruEV__U,0.16024532914161682
4akFLFq3b-g,0.4728708267211914
dw_z6HF9heM,0.5888187289237976
S60aGfOuyA0,0.36636844277381897
WkD9QX1BBvQ,0.197618305683136
34b8Et5QrCU,0.3065013587474823
jPp7eaJDhzQ,0.6314750909805298
TA_0UljHMSw,0.5044277310371399
nVOb3RzS5t4,0.5113860964775085
SQ44aQWnH4I,0.5781386494636536
MBPgXjkfBXM,0.6319948434829712
Tg2nJPJekNM,0.6883499622344971
funJHw0wIOs,0.36597487330436707
CvjOJcU0LjE,0.5668305158615112
aGl-1nwahCA,0.30602285265922546
qW1xbhW2PEE,0.4638305604457855
MEmAGJac7Is,0.44094014167785645
FeQFEXbwTOI,0.16605421900749207
oXGm9Vlfx4w,0.2111467570066452
A78MHl_-RlM,0.21847429871559143
qDjr1PieZ0Q,0.2187349796295166
C2Wfj5Req60,0.34059521555900574
5JMaSb8jKtY,0.5308084487915039
mamzeZaUqRk,0.5940834283828735
kGZvE_gO0GA,0.4832731783390045
gBVRvVMWIA8,0.21516922116279602
Knuh4m2P5nA,0.46405380964279175
Z_A9i0-Xn7c,0.39452144503593445
fS3wGCxZ10M,0.1317351758480072
k_tQk25pR60,0.4988476634025574
eEUvRrhmcxM,0.4119250476360321
W0PDdRUzKwI,0.4290699064731598
Q62WHDEqhAs,0.25633662939071655
yXVuP1cvcJ8,0.3707799017429352
tH_varhTH6M,0.03146040439605713
agM5DqZIvFE,0.4596128761768341
A2MSJaLMO98,0.4082483947277069
30eJArMHjoY,0.5771960020065308
kIzFz9T5rhI,0.30028802156448364
jQdHJHPoJ00,0.631052553653717
8li-3pRrA5Y,0.34982800483703613
CcpRfsLlI2M,0.6324641704559326
t-osG0F2MZM,0.756617546081543
eVBWF55tW_o,0.5179617404937744
j_OyHUqIIOU,0.4988413155078888
nKte92jc8L8,0.6331052780151367
mvPHcLA-Bl8,0.5262860655784607
8DyXMBUiIgE,0.6321890950202942
ooliYcbPypo,0.45906898379325867
lX-1CexeTUc,0.5526049733161926
ypZ1ke4P810,0.22937120497226715
aVtxj1kbHXc,0.43436944484710693
N_GERHIyyy0,0.1719723641872406
8pLStI_zJh4,0.39043623208999634
Fhb89V43KWc,0.6785092353820801
WwU9DupgA_E,0.31014931201934814
lHNInYOip4c,0.5785850286483765
1ogOQVQKbP8,0.5444391965866089
9nvK-Hw_vUI,0.1039644181728363
Gc4ZgKuAfiY,0.15617665648460388
uuN1EiM7NkE,-0.00904905330389738
Xw38YDxv6vA,0.5398880243301392
OxMrufFJQMk,0.5641982555389404
lQHwkN_VQQM,0.5736275911331177
FkBmAOwkVIE,0.33409661054611206
sAMlGyaUz4M,0.45105108618736267
D2m8b9eY_TU,0.08330614119768143
EmMOSk_Dbuo,0.33163759112358093
BLnfG6_Vjt0,0.46346184611320496
CFygKiTB-4A,0.44631853699684143
HLCnkidJoRE,0.4376470744609833
SVmDWS2rfjY,0.5826950669288635
ubMMonHPDdY,0.4058681130409241
CmSDpSCgk7g,0.6989054083824158
DI9ZLawGE4g,0.35638463497161865
XhaglZnAgnE,0.646535336971283
U9t-slLl30E,0.28628337383270264
BagY2Mnz-TU,0.20712652802467346
f_ql-ZBJ8uI,0.4586362838745117
qXZy2NDGaVU,0.6216685175895691
GaRw1TsS72M,0.6322120428085327
v5Gbb7ySa0I,0.6449131965637207
iR497t1v1N0,0.47055375576019287
HMtSxYaP5Go,0.5602806210517883
N-byJvHAXQA,0.4713857173919678
n1yVlV7L1A8,0.5847431421279907
GnYGcx4EmN8,0.04889453202486038
RAZPjHblJ64,0.34738558530807495
ESF4HK-nlKE,0.5141319632530212
aFaJKX5zIqY,0.5209546089172363
RoMlxVimwiU,0.6044488549232483
-YM4dTvc9vA,0.6120907068252563
lAAmAbJvvJg,0.6152676939964294
RrWBhVlD1H8,0.5905130505561829
ZFNstNKgEDI,0.5964106917381287
-Isy7e6txIs,0.44885700941085815
nVThCKvIUF4,0.11123279482126236
vBPmy6rIi4o,0.30646824836730957
XuvqgPa62xE,0.5617308616638184
FOY7KYzJBrI,0.531932532787323
Zj5J8KWkNRs,0.5586800575256348
dOYBoQ7LkCU,0.5385295748710632
5VqhIzigk1s,0.7076732516288757
FugDYi79DAA,0.004917350597679615
din7ogl1Ewg,0.5293927788734436
J51ncHP_BrY,0.5340879559516907
Y_NiP_bqlns,0.09332744777202606
XNPnwr_f6Pg,0.2775581181049347
EVe6zujlnvI,0.28076934814453125
JlI0rpWRpU4,-0.018230095505714417
iIe82dC35rs,0.05292171239852905
U_Jdvnj5s90,0.1704932451248169
47O_rpIa_vs,0.6222363114356995
1KxSWKBIoQQ,0.10622072219848633
9EvbqxBUG_c,0.36173030734062195
jop6Cgihhvs,0.46450361609458923
oso0u74NZ98,0.39420652389526367
wrP2vA_vK7Q,0.42332762479782104
Tq3shfCkmSE,0.5837010145187378
bT774hw8YxU,0.5994061827659607
naleynXS7yo,0.16229070723056793
V-x90C-ug4c,0.6293984055519104
zmO4-zZrYrg,0.24677704274654388
0ZZgiSUyPDY,0.8074350357055664
4iLJo9d51v0,0.32543832063674927
brOWALdRC5U,0.4895020127296448
0Pn97VXdKFc,0.46058085560798645
0Yhaei1S5oQ,0.4194764494895935
UTxfvBQcTMQ,0.1222911924123764
4TjoPCOWRI0,0.4074303209781647
FRCdfaR_IlU,0.2601812779903412
PZN0u_SNFpk,0.04252089932560921
Xjkr-8lrK2w,0.6359546184539795
Wj_gpE-aa-Y,0.4937446117401123
1Hpnp_0Ijv0,0.2710951268672943
QOEEvvq808A,0.3462809920310974
nqKYrVE1d1E,0.524506688117981
s-ffIj8BzG8,0.6942514181137085
_fTC_Ud_k3U,0.4170689582824707
_Ku2DIDMuOk,0.655838668346405
wOn8xawC-HQ,0.0690973699092865
Yb3UUwc-TBc,0.4546439051628113
9JmCVLUMkAA,0.22957202792167664
Ck7yqX_ZIMk,0.3809916377067566
Ksrk3YpvZX0,0.49774089455604553
xQHUOHHoOz8,0.5346538424491882
XJfN_PQMvUc,0.6403937339782715
UC5hfl24lpg,0.6195827126502991
1qLJwXJE3yo,0.6157364845275879
5TpY7ZjmFro,0.42863452434539795
FZGZaM8HuTs,0.3106088638305664
eqN3tlR4k38,0.06328174471855164
VO9I4DOduw0,0.5106325149536133
iuZDylVFbhs,0.44716283679008484
ALBdMATJQ7k,0.4548661708831787
iWfmmwdCHTg,0.08969422429800034
HTrT6QSqnGs,0.2641833424568176
uD-BMoEOpig,0.30902305245399475
ahzxUEoJBKE,0.5002012252807617
Rr-X8YGuE-A,0.3863416016101837
dvFqBMLkwkc,0.42342808842658997
mJ05s4W8jPk,0.37088003754615784
SQ4EDwcfjt8,0.466627299785614
00fgAG6VrRQ,0.4263090491294861
E-dPJF5AiF0,0.09908317774534225
2PjZAeiU7uM,0.0971580445766449
YzEntbfjbrk,0.4124046862125397
1ooOPOL6JgE,0.5510159134864807
vUMwuZbE7x4,0.6040418744087219
NLxMGMQeLsw,0.44178199768066406
Edr9DPU7vk8,0.6797921657562256
xknu4tpgz9U,0.38781046867370605
9Hdj_mluBOo,0.5187965631484985
qTHDgfnXdxo,0.7143481969833374
xpMEMztf89w,0.23688824474811554
DLqV5_aD-ps,0.06597393751144409
1ZVdXgrjU74,0.34831973910331726
HrSnBVIjPr4,0.39121437072753906
cK2YzUONFVw,0.3999100923538208
ScHuEYxcG7E,0.0995803028345108
ypF037wlYZg,0.5446683168411255
gpe4kNlRcmE,0.37158942222595215
CuVB8YpQlYQ,0.4291572570800781
GHCMs0w0dYY,0.6320451498031616
aXvcy6gp6mU,0.26200151443481445
pVErEqpqIKo,-0.04197319969534874
3_7KYoO5qHk,0.6431958675384521
72__Mdioty8,0.5563308000564575
4PqInJzMoHk,0.4018350839614868
IK_L3Qpi6d0,0.4820615351200104
YRJEI8NsGio,0.4683029055595398
C5-I0bAuEUE,0.49544334411621094
zdWvL1kqjvs,0.528010904788971
1vSJJbC_SgE,0.04217742383480072
QiQXKdDR1S4,0.6013364195823669
QQNZ3olVBls,0.6828089952468872
9OITF6aY-48,0.5289322137832642
XXe5ZEqHABo,0.5484833121299744
wq0toVR5QtM,0.6581478118896484
xTgLTbXJrfM,0.46661192178726196
q_aqaxtAMbs,0.3256482481956482
9fIcosEjdn0,0.6382877826690674
Ov2Pbirf70U,0.40476194024086
1wwq1Vlk4Wg,0.6575438380241394
TJ2sU3vUQMU,0.32846561074256897
p0ZFqRar9Vk,0.5047460794448853
ZPFkmwo8DQU,0.46739763021469116
2gpNGHLpZKk,0.6627371311187744
KePTJYQZwiw,0.5369540452957153
Auf4rACzir4,0.6322407126426697
xGPoHQVQHEA,0.12457443028688431
df_QflYT96Y,0.3452022969722748
UcoS9aQItgA,0.34917503595352173
eQ13oeUK0_g,0.44211524724960327
QwEZu3KrwhI,0.6054746508598328
6dlcgvBP86Y,0.3300837576389313
mGkPQNczvRU,0.6774731874465942
eGB7s5hYkKQ,0.6269633173942566
u5SyBLMtNXY,0.4300250709056854
_cwWZ9QC2tU,0.5585930347442627
gr2qi2Fdi7U,0.09453537315130234
NcKuK7mrsNw,0.5388275384902954
S4EWNJv0cDk,0.3596498668193817
z0oWukialA8,0.5618360638618469
-XdEgIfxT-c,0.10741203278303146
Gfv5d6dEuwE,0.15636102855205536
w9F0Q4pRhK0,0.2411891222000122
J7N25qyU-48,0.6217795610427856
OIi2zLAYHPU,0.1573246270418167
B9j9tet7-24,0.37392956018447876
GKW4M-AvNSA,0.5584889650344849
8lPvJeq_wF0,0.322844535112381
2vKhZfM8nbg,0.5056508779525757
ulOaexhJfm4,0.42920881509780884
TziuG5LtEWY,0.12622623145580292
KeKHtIAYAeU,0.6356555819511414
ASAsHdwFAa4,0.5178779363632202
iptx3-AEW5E,0.6236227750778198
vWmPObduQPQ,0.1418369710445404
Jmh-qcziOII,0.04487190023064613
7EL_Qdc9lFo,0.31342095136642456
AU-9Zh0w49E,0.3282496929168701
9UMPmEG24QE,0.4585851728916168
LH17Lp3aQLg,0.5929569005966187
NWDeye-vDLE,0.12823781371116638
B-ZSw6JaD5I,0.4983882009983063
JTG4cMRavDU,0.2175801694393158
W9XTGWuVXMg,0.47009530663490295
gtuFNW9DGvs,0.4417918026447296
JexO-N39Nzg,0.18025925755500793
Gg7DgPUS6yE,0.5142174959182739
FFFaXFSePc4,0.41206246614456177
yuf7rq6iBso,0.4534628987312317
er8-Vq__cRE,0.37397706508636475
MLvwn2xOPJM,0.5262516140937805
Bq5ebnoqqE4,0.448169469833374
IrEPRl809Os,0.5931254625320435
HHeYxzJFVKM,0.5360316634178162
VyJAWuLlkBc,0.555773913860321
DlQ1rz69csY,0.592646062374115
ZORzsubQA_M,0.5699422359466553
35Bvr09ucZg,0.6206594705581665
-Of_yz-4iXs,0.6735196709632874
o50h51729Yc,0.6693398356437683
mmoQcL99Vng,0.6255021691322327
WYOj0qIYNTM,0.5129734873771667
COOtiPl-ngg,0.345612108707428
s8gyiAiijKQ,0.445545494556427
RNwt6xLdZ4I,0.37847453355789185
S0IZJPtoX8E,0.03031361848115921
DgyfRj7g77s,0.20613139867782593
fIj0urpT6Cg,0.4423411786556244
A_aPgPq6hMM,0.5027867555618286
0rTFk-8_8NQ,0.2419627606868744
RryJjTC3S6Q,0.3911961019039154
6Y0H4VTITcg,0.47594907879829407
eEY_QA-DWIw,0.4432837665081024
4zSYy6ZWfKU,0.439484566450119
iK_OHRZX4-o,0.30895525217056274
qglX6R20gJU,0.5261868238449097
UZU6NTaZ2Ig,0.5597156882286072
5xQH8NSGRzI,0.5733455419540405
MktN0B2oGnM,0.4703153967857361
y6CnQvZh9KM,0.4691232740879059
HGVpgRGHD8s,0.6727951765060425
_UyyKkKvqpI,0.5429418683052063
UFtOkGB0efc,0.45229682326316833
IptvSQY9Qa8,0.10566556453704834
csoP8Didoi0,0.5336124897003174
5uURGmP__kE,0.29984524846076965
gz_0Nh7oimU,0.10456676781177521
XsvSl6vE47c,0.24721278250217438
FKKPHYJgPhU,0.3628349006175995
Cz8ENFKYXe0,0.5544613003730774
wkXSFzYghuE,0.39741677045822144
LV7PAuSMYwk,0.47064265608787537
Gd9bPiJ93Hs,0.48876386880874634
kp-yC5gaVvQ,0.4839119017124176
JBDWIGpKnwM,0.22988508641719818
CtCDFtHBOEw,0.4455738067626953
61wBfoWxlsU,0.5504995584487915
Q0FyNyRS1CE,0.6819328665733337
MtRY2VFyIyg,0.37483692169189453
hK-jmsd7fpM,0.44271987676620483
Lb5aiZl-Ryw,0.27874621748924255
eHkpKXm4nvw,0.38187408447265625
pFWmYhkMB5Y,0.4428703784942627
G4PS7WHlgi0,0.6470643281936646
w0ouM2vmtBE,0.44991976022720337
8rnrqqci-nM,0.49406787753105164
lhk1tV3BVVg,0.5454185605049133
tMk4t7aTg1g,0.13122424483299255
GPUgjy-Pn-4,0.22518621385097504
tVaRA1veYWM,0.5226362347602844
N35IugBYH04,0.5270229578018188
04sYtsb9lHs,0.26157525181770325
pAPCgZCDkHQ,-0.008120404556393623
XnIQIZSLi3Y,0.3076821565628052
1gtnHRUM3Ec,0.27675601840019226
WxIM4UbN_8o,0.6030319333076477
sc1YLWuOGJI,0.29671329259872437
d9tNcboMwTE,0.6202995181083679
ESusD8HRLBI,0.628139317035675
HeLIPap9y00,0.24023447930812836
66Xe2X8b5OM,0.14840029180049896
Hfzg8Hy7tuY,0.6543499231338501
_qADYyrn5zA,0.6050946712493896
v6F0TuV3JMg,0.7879558205604553
cZu2KhyE0NY,0.45521092414855957
B5V356k-9a8,0.24760836362838745
C9x4Icbx2Ek,0.5242353677749634
FX5oIAOC1aE,0.6310791969299316
tHCEc6AxK3g,0.23140127956867218
R-sVnmmw6WY,0.450816810131073
I7FDx4DPapw,0.46978384256362915
NRk_kiaOoE8,0.48671776056289673
DyTFn_lsR9E,0.5501704812049866
X0mUYKLbz1U,0.6906723380088806
MCv4yddgiPQ,0.3409934937953949
2BCRmhO_-KU,0.20259420573711395
fcN7RP723eM,0.32649660110473633
RKseZzSL2jM,0.6501933336257935
E4HGfagANiQ,0.6759928464889526
fZISwn6Lgj4,0.001360233873128891
RoAt1sWJqSo,0.5866559743881226
MKCkAR0pRuI,0.6125883460044861
gOsEVZIfCmo,0.49242690205574036
PVvij8G85t0,0.3289065361022949
hCm2PX5Iz00,0.2531106770038605
c18GjbnZXMw,0.4649003744125366
tfBgtQs8l6M,0.5592836141586304
kArUp77T1Mc,0.5700666308403015
fJrmbhGSH3k,0.6213480234146118
wGB1aLDR2Es,0.39624670147895813
ZR2GpiDE4FI,0.5980360507965088
cAGXocVGShM,0.5384653210639954
_5jnn1AIt7Q,0.6067630052566528
GyyW5GssEJ8,0.35232752561569214
o67RUr11MAk,0.42040249705314636
EuN2m9IcCTg,0.40525272488594055
2NS1umhAAeg,0.4035232961177826
Rfo233Q6aOg,0.5974776148796082
ARFu2I2s1Z0,0.5066461563110352
7D2YHoZNegA,0.6835212111473083
baG767jr8c8,0.5088374614715576
_n8KpD5ztNs,0.43643271923065186
u7ZBOBZUyiU,0.46073877811431885
D9s5Brovelc,0.25270920991897583
pv-7dgPoBn8,0.738265335559845
YqPywTj6Lo8,0.22143666446208954
4Rz8BPRFeiA,0.5144058465957642
sPU5uaXjUVQ,0.5160372257232666
zTUbEHZRd1k,0.5520467758178711
5o9bGoaIBww,-0.02027943544089794
VEsMopVuVDk,-0.06047499179840088
-FvpAe3MacM,0.5673884153366089
dT9Vqbmf3z0,0.11829555034637451
Yq8tORjSCQU,0.4405966103076935
RG9N4ZP5MQA,0.6482061743736267
5InlBdjpj9w,0.5561500191688538
qF7SRQFd49E,-0.03146589174866676
DctTvvOXkUY,0.1762361377477646
65s-tHESZZY,0.3643834888935089
5fDy0P4BR74,0.722810685634613
OOhLRXWLHS0,0.698286771774292
msL5jCuau9c,0.3600783944129944
H6rFm3jhrVU,0.4790668487548828
8GtQqDW6-EU,0.10937517136335373
w7UqYD_owgY,0.37949711084365845
8Srgbg9YEvM,0.06770630925893784
s7QFNzaesxY,0.4755716919898987
g4wYHydcDhY,0.4413262605667114
uE5xZKszXMQ,0.2114584594964981
XCxVf2l8OLk,0.20153209567070007
bC1JZlsPxlg,0.456531286239624
AC2xbVWVKTc,0.5400036573410034
9JRayYnqWVk,0.4847555458545685
8jDwWSDGDME,0.6063992381095886
SlIBScFH02Q,0.539021372795105
z6ZNrr_Qs7o,0.4043053090572357
TCm7B-inSOg,0.4312100112438202
qDmOLMkfmgE,0.12584789097309113
DGABqdbtQnA,0.10270002484321594
tjFqmidggN8,0.39538973569869995
2noOfgkRKs0,0.627939760684967
GAZB-6ZyO9w,0.6480016112327576
aO7yzmc3ykw,0.67357337474823
A7afwIxo5lE,0.4891672432422638
aoinZO4xQtQ,0.531194269657135
JBbTZJSEZ4I,0.7780720591545105
sQv5JtjgxnQ,0.6263898611068726
H1z7YY7AHRI,0.43948715925216675
o_haqn8fvnk,0.6221964359283447
S0xi_qxZaaU,0.09906874597072601
dAFnYJ2xgzo,0.5315219759941101
nKvVPK--dPo,0.5963189601898193
FCdkOL6OUf4,-0.014812104403972626
wWMnbruqf7o,0.5920747518539429
RZIf0BBO7to,0.5241045355796814
EblEjwnk3Cw,0.3772828280925751
uh1ehyDBtKg,0.3613308072090149
7HpM3SXokU8,0.5997337102890015
p7kgQ24yfhk,0.36614349484443665
EnRtSBpFUFc,0.6344748139381409
3i2wjQeqhHY,0.7492384314537048
MFkXpeK5H44,0.46172863245010376
M48tvsfpIew,0.4168846607208252
FaLTWW_yEG4,0.16229146718978882
8u_gSd9eIO8,0.023586571216583252
cgDkUnc1VGI,0.7442712783813477
QjLRwDo33hk,0.6336877942085266
t3P1p6vF_CY,0.6047503352165222
-XNDM4eAn1U,0.38762396574020386
2tM1LFFxeKg,0.3601539731025696
VeMNvRYstxQ,0.27832651138305664
EOjWDMoxf1U,0.38981953263282776
U17yQrEAmEk,0.17226943373680115
6UXtFqIMxqg,0.6182754635810852
Q-1DoJMehQM,0.5402036905288696
ZXC_X_pfYyM,0.11327510327100754
dh-agoAnKe8,0.1496313363313675
UCZVSr2Xt2k,0.465295672416687
XNGNu20Upuw,0.6148877143859863
Ou1pomxPViU,0.28478726744651794
C5CujmIbouI,0.5280044078826904
qJHRb-zA1b8,0.5142902731895447
_35-AfOZsPM,0.13484959304332733
ok8x3xDWVy8,0.5748451352119446
ftB5YEjt3Sk,0.6242609620094299
2vjbW5EiWyY,0.42258480191230774
i3jA40arq9Y,0.5541665554046631
k5WQZzDRVtw,0.37807005643844604
Kgudt4PXs28,0.4735982120037079
CPxa4ieMVRc,0.5354824662208557
_9hI98BzyA4,0.46825236082077026
7uiv6tKtoKg,0.3610588312149048
PVb8KkLdDok,0.4475632607936859
HoGa9HOdczQ,0.45484602451324463
PMjSsPMfoqM,0.11293210834264755
orlC31eFTc0,0.5812270641326904
ncID321zXCM,0.5695935487747192
d8TM8UA6JwA,-0.014350625686347485
SUHOWVgiBVw,0.5164242386817932
pkhE14Rou-E,0.6345664262771606
-29IWc-zrv8,0.6416361331939697
fp2iBZ924B0,0.3331446647644043
3hitExLs_Ys,0.573517918586731
Wp4XdmfD_eQ,0.6629045605659485
jFICRFKtAc4,0.5619439482688904
oSP8uoWHZGg,0.6855913400650024
MvHCknDNgqY,0.5792243480682373
XnbCSboujF4,0.3012988865375519
BnoLPlOJXjM,0.3752739727497101
v1d7UvKWh6M,0.6362000703811646
d3zTfXvYZ9s,0.6012839078903198
ChDBLlluoII,0.5548466444015503
udLPTJDDB-Q,0.5199304223060608
ozqCzV6NMmM,0.06541057676076889
S9Sl2HMzhNQ,0.4538382291793823
Ryl0yQMF02I,0.5090627074241638
QWPwbQc2uJw,0.5444222688674927
m2pFKH4gK6Y,0.19888238608837128
ZPr7k6yOmMY,0.583570122718811
Z4KEyrnJhU8,0.619889497756958
Vb1pdvvoVoQ,0.39352136850357056
IePmkne_VhQ,0.7356199026107788
P5T2xZ3s2L0,0.45824480056762695
Z8if0xxXFGo,0.3251683712005615
PJXx8bdrw0A,0.6549054980278015
RMSbkBWIO0s,0.3871084451675415
A7SydxYq69E,0.33244621753692627
iHS_LkYaUVE,0.4168282151222229
ANTd2lIb4pA,0.694275975227356
kes9AxxcdfA,0.6948538422584534
aKYeekQpjUA,0.6803351640701294
3iim3CCygU0,0.29734885692596436
Fmxai0y5jjk,0.5989312529563904
nAT-ahYN28U,0.2316439300775528
Xuk5VM3sy-U,0.13845393061637878
xb-sPv_aF1k,0.5158289670944214
F5GbNRH6JOw,0.5772518515586853
xpo8SdY1JSw,0.5171435475349426
kJoAcEI2PXQ,0.7330169081687927
fITP0H3OVA0,0.1502528339624405
avsLRW7n-R8,0.6386037468910217
LWDoj6TzF8Q,0.5447972416877747
RycjL_fYH14,0.44556859135627747
L7JQ6tr_izE,0.5386573672294617
5txZx1DP3HU,0.4088316261768341
fZEwjx9kFNU,0.4154224693775177
tFQWbzRe62c,0.554808497428894
-B_a7VOeKuI,0.48902538418769836
psf5sHvqVFg,0.38615718483924866
4cdU17WVqN4,0.6082628965377808
2gl4i7K6gpQ,0.1208796575665474
1hNK7JpwcBc,0.21321864426136017
yH-CcuD-PSg,0.45368844270706177
H9i6VzWfh0E,0.4705312252044678
_4fZ5AP74bU,0.45425087213516235
1VIx_DT-O7s,0.6319013833999634
86ltPV7Ku0A,0.21542543172836304
9QJvdMoovGY,0.1836683601140976
cI_WIcpcvDA,0.6574932932853699
vqJGS81V54Q,0.6228694319725037
EvAJt3VM0uk,0.302665650844574
f1yaj00AnUU,0.6763440370559692
U9Yf8-N0-Gc,0.2853332757949829
BocH2c4mYcc,0.6306984424591064
8NprutQu5nM,0.4754672348499298
r56jqb-fWVM,0.5459315776824951
FOk0tkGEWmA,0.38341209292411804
8W56AheQRkE,0.6157817840576172
SrU9YDoXE88,0.41749435663223267
m2Ht0KUoq2I,0.5887615084648132
RRk3VqE9Zoc,0.6054571866989136
w7Z8W6ChEAE,0.6735549569129944
KXF7_mXqEQU,0.08572044223546982
Cd-yAIIfzmU,0.5517339706420898
up3tXTvIBHI,0.5273185968399048
-dlAm9Fffsk,0.22157463431358337
4I5Q3UXkGd0,0.5162834525108337
3_ObBF7HMAE,0.4296663999557495
lItjp8VSyEU,0.6213706731796265
mP5p4QbvPtc,0.5075656175613403
pGlqVeBzMt4,0.4878996014595032
6re9XAwo4b4,0.5586260557174683
1csFTDXXULY,0.22004346549510956
wphCxNUpLwg,0.13065312802791595
DsU7BEee8CY,0.47889745235443115
-EaO2S4Lyvk,0.5305784940719604
rWiudqY640Q,0.3146781027317047
AZxaHvwPwNo,0.39467453956604004
Y_uU7qiYexU,0.4514724314212799
imzGkrg4fSI,0.5186387300491333
3sq2-7Eccl4,0.5692083239555359
MrdVshDh1Ns,0.4731150269508362
xonn3UFaqgU,-0.04861494526267052
EjynxZ5P76k,0.41296687722206116
UD7hOq_nuUY,0.6185914874076843
DSnLWP20UiU,0.49130985140800476
dCxkcDuW7AY,0.3129875063896179
ThKlHVmBpzg,0.4080537259578705
f7l5I6ZPt_Y,0.3092246651649475
tNla9nyRMmQ,0.6123940944671631
_iTw4EL_gAc,0.47756779193878174
5FOcqRA2Wgc,0.6267558932304382
iJtzDAp-MrU,0.26896482706069946
XEDIYo-8jCE,0.07391579449176788
Kmo4IwV1DOU,0.5034670233726501
oU7siLAXVbA,0.42652636766433716
d0WianeD0Co,0.37073585391044617
LDk9sqUMTPg,0.21928444504737854
SIK9XIzCuhs,0.33187857270240784
6Z9f8CiJG7Y,0.49443483352661133
OMGO51u4ou4,0.209616556763649
QyViuXFyIE4,0.37690797448158264
pf-BpvfTSKQ,0.23803697526454926
XnH179J8eKE,0.5131029486656189
VVxQ9HC2aeY,0.35808709263801575
V6MQC4YwA8s,0.18680228292942047
E8z63t21UQg,0.36001312732696533
KwkCPF_wSEk,0.4537365734577179
PInj7PB63-I,0.5765087008476257
Oiu_OfCPy4U,0.3804139494895935
doxW1qRFtuU,0.5920971632003784
wN39H1Eb-6I,0.33352023363113403
HHxRBljtoqU,0.3625578284263611
FhbEUKHsGi4,0.41274145245552063
eybUWtvErG0,-0.12038086354732513
yB4lHAEsSyo,0.57930988073349
b2M9TE7ZJCI,0.3365372121334076
sGaD6VbUk-E,0.622124195098877
QzfnWcHhdyQ,0.48738837242126465
t67Hvc-ftc0,0.6668606996536255
K_U_oSHRZRU,0.6563721895217896
OO0zMHDktAc,0.24558958411216736
AdQBBlfNlc4,0.5344557762145996
Wpr2WvQn-kg,0.3761715590953827
zxAqZv6TMb4,0.022624095901846886
0CJYMiPcUZI,0.5276458263397217
SFILzbSO0oQ,0.5276018381118774
lO5l9G5Q8g8,0.24672861397266388
9tta2ndTDtk,0.6522457599639893
Oz3b0Qp2Ong,0.4607700705528259
qO9g1_BTz0o,0.33698952198028564
mrdIADWtqZU,0.6513221263885498
sZ_-yb-TN9M,0.4461296796798706
E3mjY7RsbA8,0.48939248919487
yCEz19DPg3A,0.17308586835861206
QXvTVYazOlg,0.41712087392807007
eCHpB2fyfJo,0.4688016474246979
tauNqKD8aMg,0.18099747598171234
xHIykZgE7HY,0.01802566461265087
YrsaL33woys,0.36844193935394287
TJl8hYTQIc0,0.5994236469268799
yf0s4Q8cLW8,0.4139002561569214
lsiYeumI43o,0.08665292710065842
lepQoU4oek4,0.3427809476852417
Dxx70iDJOOo,0.21242918074131012
x3GvCQJVQfs,0.7038573026657104
Wgxo1Ux8x_0,0.2181629240512848
5IvTyXrUyQU,0.1871880292892456
cnTF3guz7EQ,-0.046237774193286896
CNfJj6L9BH4,0.6729834079742432
a-2XOCNyKDo,0.6324229836463928
qLra6OjJJXk,0.4307700991630554
nBnRvmhly9U,0.615370512008667
g-uc5_QEmuM,0.34242117404937744
ST0RV75_jhE,0.47934433817863464
YMPKTNYSke4,0.46570563316345215
WmI1WcFo56M,0.11568235605955124
-6BsMzc9mMs,0.23044076561927795
EEfEPHRyd74,0.49058157205581665
XDzpzYzp9HE,0.3327506482601166
Gy0yuOSUSEs,0.4723033010959625
QvB2IO8zmDo,0.3608546257019043
rlqafKgRmXU,0.7133229374885559
ashL0BWkOe8,0.3650776445865631
TbgM9EgKpTE,0.41904303431510925
QsxmZPRhlsc,0.47576361894607544
GLbiPMGC7E0,0.5551276803016663
gBEvvW4DI78,0.6761752367019653
JdLCEwEFCMU,0.630338728427887
9rfXgT4oE2A,0.5083560347557068
fw-S89PZV2g,0.5073747038841248
lDcEk5bcdMM,0.5141313076019287
B1wp2MQCsfQ,0.07188823819160461
ncW-E1GDg5E,0.2441016584634781
zViYpS3BIqY,0.21378695964813232
Bp5c6JfSUmY,0.5095647573471069
yCn9H4A7ZVY,0.6201840043067932
70zhjbMiSno,0.40458256006240845
z3n_TXQjIpo,0.5690851211547852
nUhq9Mw68B0,0.11270264536142349
hP5AfBKORJE,0.33577048778533936
lWIrT8tN-a8,0.6441946625709534
miIzijoyV-4,0.5276892781257629
2aivgyABflk,0.588590145111084
Wq_Nfw2DJgo,0.5992119908332825
hV4vq2XYRZQ,0.3064843416213989
_922HDRXCnU,0.5185278058052063
q5m0WVhYMX4,0.34332475066185
xjZJhUureKc,0.6538359522819519
XsXPQt9a8Rk,0.008525378070771694
ND2wihZiR_Q,0.5981802344322205
cqylLiMzk54,0.5192193388938904
16Y15eImbmY,0.5999525189399719
FcpYPu9M3bw,0.07386364787817001
XwEWVOkN2z0,0.20920199155807495
4x1XSYMpSq0,0.6977651119232178
GUWE1MxtcoI,0.7165795564651489
cjyqWsrpQAA,0.12136248499155045
3V-QR7DyahU,0.6439029574394226
LrhHkQhglig,0.45808058977127075
HzSnL3J3_PY,0.5539206266403198
4wW-0nWWA-M,0.04265807941555977
jMXziu6GHCw,0.49446508288383484
6BzxdeIGE9o,0.42715445160865784
IfYRzxeMdGs,0.5042346715927124
3mP1enywJMI,0.5318102240562439
Ep9fPTMgofg,0.465522438287735
QDCqBWV5hW0,0.6189284920692444
nNR9Jjw0xpI,0.5157341361045837
7RSGu9GpnF8,0.535638689994812
sD0kuL7rv1w,0.7359546422958374
5c6C3rHOdf8,0.2891325354576111
wHf01y69Ae4,0.47246086597442627
qeUM1WDoOGY,0.539202868938446
Ww3fe7_uU3o,-0.05013469606637955
8X0URbZn9hQ,0.1439392864704132
GNZMKTrR5Uc,0.31112080812454224
hDcWfBq5bxM,0.5708348155021667
Nsu-UBhWYmk,0.4600238502025604
iYAjQyOW-Ak,0.36082878708839417
a-ut2iUrIqo,0.5058478116989136
Eb0VCVyOOco,0.6713683009147644
GGs_NT4iL2c,0.27361947298049927
6vTR8DbC5Qk,0.513380765914917
nv2wQvn6Wxc,0.606147825717926
KCnW6139C40,0.5812155604362488
y1C1HrD_QRs,0.2988763153553009
hOUqXWk-nCI,0.5901646614074707
0uSOiu_WUDw,0.33672648668289185
MtOiRhapfFE,0.17864517867565155
5UGFnQuVyGI,0.47989895939826965
QXjv7mh9awU,0.5438730120658875
vTucLv_7FWs,0.578227162361145
cIxnbmTaEkg,0.5254385471343994
v1-2K_pCWmI,0.5877785682678223
NOuGHlQSQig,0.4256070554256439
Yq2sP2Lh5K8,0.659710705280304
VvSJlsF-nCw,0.6870607733726501
EkCifM0kDd0,0.19447389245033264
fWyzrjTOyVc,0.5897680521011353
cHIW9Ic24bs,0.016811521723866463
93vjY9RY4-k,0.49800118803977966
AzbMb9zxtG8,0.6457808017730713
VUMQqx6vFzQ,0.5845422148704529
rCWeVmiLF7A,0.4615250825881958
TaVT64pZ8As,0.3079161047935486
lyjel1xoto8,0.5778002142906189
ber4OFqbJ90,0.4281740188598633
ZtiYlGeV4Fk,0.3257350027561188
AN4KifV12DA,0.4838687479496002
tdqTp8F7OQ4,0.4107323884963989
CWXes4XqTN4,0.02976379171013832
tvtWIlA8QrI,0.27737024426460266
PBbTkzakiM8,0.4584156274795532
Ed9aNq07qMw,0.4654696583747864
a_SbGwxWWGs,0.45577967166900635
Ftbl5xIi0_4,0.3794245719909668
RG6EOci0suI,0.33721357583999634
E91bGT9BjYk,0.45665526390075684
ajO5MvL9pVE,0.41928455233573914
GEtIhxm_NP0,0.6482704281806946
RuwK1QipDDg,0.21943822503089905
SPQNsHuR9D0,0.4453319013118744
d1omBONP5p8,0.5493408441543579
q1XkekFx5Xs,0.34286877512931824
R-XH7ylO5ls,0.5620127320289612
qTmX9omTTGY,0.22695079445838928
tOHARIf3gpw,0.11110131442546844
UegxgfMXl20,0.5565420389175415
ilwnYbT5REk,0.4038253128528595
5XzKvEnk1FY,0.5844176411628723
iHIW0_SyIP4,0.4690041244029999
1cyPyEQ4OHI,0.6789683103561401
mIY0pXMXKm4,0.17773599922657013
s5y-4EpmfRQ,0.5215778350830078
MAgfgxsBTI4,0.4761243164539337
xYOmJ0f0uKU,0.5338735580444336
oEZTgRvL7kA,0.5735397338867188
iNKzdbaCjxY,0.24999377131462097
o7P5BuarD-s,0.5724021196365356
lB8IXYwOAT4,0.34814512729644775
lbO33OhC9sA,0.4816172122955322
-B1NGZwSWx4,0.07319371402263641
UhVhC9gk8wU,0.4312235116958618
d0biznIXFXs,0.6608402729034424
JWI5-vWqcGc,0.5819957852363586
A1gemG9rdaE,0.5349316596984863
0g1QzISOTpY,0.01806541159749031
WGKIfiLwl3U,0.6111805438995361
wx-M8sxcOp8,0.5891018509864807
dbU_zFsyxvQ,0.1980741173028946
KW5G72a4e9U,0.4500911831855774
Csk7aXiFMtM,0.31622955203056335
kMqeoW3XRa0,0.20971675217151642
v0ujtrHvOTk,0.5678814053535461
wVZz948krxY,0.5105636715888977
NEOunA3tfqg,0.5604897737503052
6nfHuM3DsNw,0.31586340069770813
IygtUhGmsBc,0.6162373423576355
AaALLWQmCdI,0.5154596567153931
U7gjzTGOs-Y,0.6304386854171753
-LikU99ut4w,0.568949282169342
30slMeUblXU,0.28901657462120056
1VIlNmnjrAE,-0.02049078978598118
zhkEwfrCNR0,0.36532795429229736
ebsnDYC7udk,0.12230946868658066
K5R-j_oytyg,0.5861799716949463
CtQdDIsRdZc,0.4583084285259247
_rJhVZU5Xqo,0.5935018062591553
rP27yWxuY9s,0.46984636783599854
5YuGHBmv9wk,0.6078797578811646
JtC_6HV977A,0.6510971188545227
NmrE9xrzt2A,0.4716322124004364
u8iVUJr52ow,0.6127257347106934
tHxTZbCiCHI,0.4684118628501892
F-0vAm6YwlM,0.5190080404281616
ZBYVJbUmZAQ,0.49250370264053345
KmziR25Csvg,0.5492633581161499
JGwWNGJdvx8,0.2720603942871094
uVZYgPMxjHw,0.3940030634403229
dM9V9Od1xHc,0.5091502070426941
Q4LzhgExvrc,0.13265587389469147
hW0K_8AgJmg,0.2534923255443573
GXMHIkzfIp4,0.0349220372736454
rBFwxaVYPF4,0.436653196811676
E_K8IuJ0YJc,0.4086752235889435
vjkqHRRSy_U,0.18491393327713013
KCVSx_4V0wo,0.18572372198104858
fYWfqBa65HE,0.3748500347137451
DYcld8iDoEc,0.07116637378931046
me_IFF37gR8,0.618494987487793
KFB_jTxEECA,0.6107272505760193
VcLEEADb334,0.47532302141189575
T83lRJk6hHg,0.6029893755912781
JrbnTZPjg0k,0.67573481798172
gxKyPrkmYDc,0.4211864173412323
UJrrNAkvOdM,0.728684663772583
cC6sIO4Ls88,0.5468941926956177
x5aL5UtKrHg,0.09314767271280289
m4_Z4Sob_rU,0.37157493829727173
AX2uz2XYkbo,0.20792923867702484
I2terj2CfQ0,0.20926715433597565
Vmvk1LC3bbI,0.27007031440734863
fcn5XSIT0kM,0.39863166213035583
O7ugu8MTEH8,0.47659870982170105
Tj7hRjl3sAY,0.06936752796173096
VNu4ZsrqCMc,0.18860167264938354
DnQ1tVIr8vk,0.6594535708427429
q7kJdvlK85Q,0.39631134271621704
ohG5C6AMwAU,0.34424543380737305
aGHBXGSNqc8,0.4817465543746948
lJvx6dAtOWE,0.7584956884384155
fpV7DKwcqbk,0.4272330403327942
LfQ03oj9fO0,0.6062600612640381
RBC4t1uxJ2k,0.3950381875038147
UmVWGvO8Yhk,0.5895677208900452
CCze9AMPRLc,0.37130269408226013
GbPeFs7uDLM,0.16155949234962463
CbR9XF0whE4,0.13950923085212708
RtWbpyjJqrU,0.589301586151123
a4UxBrJ2yIQ,0.20430783927440643
qTMdH9-kmDk,0.7249991297721863
p9jWxwpXMPM,0.5398755073547363
l5VgOdgptRg,0.57499098777771
5S7uCR2qUnI,0.2854853868484497
